CustomerID,FirstName,LastName,Email,Phone,Gender,Age,City,Region,Segment,JoinDate
1,Dakshesh,Pillay,cust1_yahoo.com,+91 751366502,Female,22,Chennai,South,Occasional,2023-02-28
2,Gautam,Tripathi,cust2_yahoo.com,+91 993787624,Female,40,Kolkata,East,Regular,2023-04-30
3,Benjamin,Sengupta,cust3_hotmail.com,+91 736304877,Female,51,New Delhi,North,Occasional,2024-12-19
4,Raghav,Nagy,cust4_hotmail.com,+91 856574155,Other,56,Pune,West,Occasional,2025-10-09
5,Yachana,Dora,cust5_gmail.com,+91 913417112,Male,28,Nagpur,Central,Occasional,2025-01-08
6,Harshil,Oza,cust6_hotmail.com,+91 959837435,Female,44,Pune,West,New,2024-11-30
7,Yamini,Gera,cust7_gmail.com,+91 881711392,Female,57,Bhopal,Central,New,2023-05-12
8,Raksha,Sarna,cust8_hotmail.com,+91 710973131,Other,54,Bangalore,South,VIP,2024-01-20
9,Nathan,Patla,cust9_yahoo.com,+91 866490846,Male,51,Lucknow,North,New,2025-03-23
10,Lila,Rege,cust10_yahoo.com,+91 792295533,Female,38,New Delhi,North,VIP,2024-03-15
11,Charles,Natt,cust11_gmail.com,+91 725409245,Female,31,Kolkata,East,Regular,2025-11-20
12,Girindra,Raju,cust12_yahoo.com,+91 997911131,Other,45,Bangalore,South,Regular,2024-05-27
13,Mason,Nath,cust13_gmail.com,+91 768990693,Other,59,New Delhi,North,Occasional,2024-01-27
14,Lohit,Palla,cust14_yahoo.com,+91 971164848,Other,59,Mumbai,West,Regular,2025-06-24
15,Manya,Dayal,cust15_hotmail.com,+91 813138609,Other,42,Chandigarh,North,Occasional,2025-10-16
16,Frado,Mukherjee,cust16_hotmail.com,+91 915772164,Male,32,Patna,East,Occasional,2026-01-06
17,Falguni,Datta,cust17_hotmail.com,+91 795378992,Female,27,Patna,East,Regular,2024-08-08
18,Girik,Sampath,cust18_hotmail.com,+91 782955977,Other,42,Kolkata,East,Occasional,2025-12-27
19,Andrew,Patil,cust19_yahoo.com,+91 916393472,Other,20,Patna,East,Occasional,2024-07-16
20,Tanish,Om,cust20_yahoo.com,+91 757774480,Other,50,Guwahati,East,Occasional,2023-10-08
21,Upkaar,Devan,cust21_gmail.com,+91 784511481,Female,44,Ahmedabad,West,New,2023-10-26
22,Chakrika,Chaudhuri,cust22_hotmail.com,+91 896655517,Other,38,Pune,West,New,2023-04-30
23,Baljiwan,Nayar,cust23_hotmail.com,+91 855760577,Male,43,Lucknow,North,Occasional,2026-04-12
24,Krisha,Dube,cust24_gmail.com,+91 990248713,Female,36,Bangalore,South,Occasional,2023-07-23
25,Noah,Sarma,cust25_gmail.com,+91 960183943,Male,41,Hyderabad,South,New,2023-10-08
26,Janya,Khanna,cust26_yahoo.com,+91 783104360,Other,50,Indore,Central,Occasional,2024-09-30
27,Bhavani,Sen,cust27_gmail.com,+91 952600219,Other,35,Hyderabad,South,Occasional,2025-08-06
28,William,More,cust28_yahoo.com,+91 960324690,Other,37,Surat,West,Occasional,2025-04-09
29,Jhalak,Sastry,cust29_yahoo.com,+91 968259954,Other,59,Jaipur,North,New,2023-10-29
30,Baghyawati,Raja,cust30_hotmail.com,+91 773247173,Other,59,Bangalore,South,New,2026-04-10
31,Omya,Edwin,cust31_gmail.com,+91 779753198,Female,27,Kochi,South,VIP,2025-03-30
32,Lakshit,Krishna,cust32_gmail.com,+91 733947894,Male,58,Lucknow,North,VIP,2026-05-29
33,Vasana,Prabhu,cust33_hotmail.com,+91 855777512,Male,15,Surat,West,Occasional,2025-09-23
34,Zaitra,Dash,cust34_yahoo.com,+91 836411538,Female,54,Ahmedabad,West,Occasional,2023-06-09
35,Naveen,Mahajan,cust35_yahoo.com,+91 814611427,Other,37,Kolkata,East,VIP,2023-05-11
36,Manan,Sarkar,cust36_gmail.com,+91 764805701,Other,54,Guwahati,East,New,2025-03-08
37,Shravya,Palla,cust37_gmail.com,+91 772877188,Female,45,Kolkata,East,Regular,2023-12-11
38,Chatresh,Randhawa,cust38_hotmail.com,+91 990196565,Male,39,New Delhi,North,Occasional,2024-10-06
39,Warinder,Raju,cust39_gmail.com,+91 849665895,Male,60,Kochi,South,New,2024-08-03
40,Udarsh,Bala,cust40_yahoo.com,+91 797231707,Male,58,Kochi,South,Occasional,2024-08-05
41,Gautami,Dhingra,cust41_gmail.com,+91 933574381,Male,59,Raipur,Central,Occasional,2023-06-03
42,Bhavini,Sodhi,cust42_hotmail.com,+91 925814629,Female,46,Indore,Central,Regular,2023-03-01
43,Upasna,Sen,cust43_hotmail.com,+91 747715439,Male,42,Bhubaneswar,East,Regular,2023-08-04
44,Fariq,Bahl,cust44_yahoo.com,+91 872355105,Male,39,Bangalore,South,Occasional,2023-01-09
45,Mason,Wable,cust45_yahoo.com,+91 833328448,Male,58,Kochi,South,Occasional,2023-12-02
46,Bhavya,Khanna,cust46_yahoo.com,+91 899218203,Other,25,Patna,East,Regular,2023-06-22
47,Champak,Khare,cust47_yahoo.com,+91 856913815,Female,42,Indore,Central,VIP,2023-07-09
48,Tanvi,Bhatnagar,cust48_gmail.com,+91 923528585,Other,17,Nagpur,Central,Regular,2025-09-19
49,Amol,Varma,cust49_hotmail.com,+91 721369998,Male,57,Raipur,Central,Regular,2025-02-15
50,Maanas,Manne,cust50_yahoo.com,+91 713265188,Male,51,Patna,East,Regular,2024-01-11
51,Ira,Khosla,cust51_hotmail.com,+91 957670369,Other,45,Kochi,South,VIP,2023-01-03
52,Rachit,Chada,cust52_hotmail.com,+91 915337307,Male,24,Kochi,South,Regular,2024-10-09
53,Ekansh,Vora,cust53_hotmail.com,+91 775907112,Female,22,Kolkata,East,Occasional,2024-07-14
54,Yashica,Bahri,cust54_yahoo.com,+91 750349981,Female,45,Mumbai,West,Occasional,2025-02-27
55,Caleb,Ram,cust55_yahoo.com,+91 837201276,Female,39,Kochi,South,Occasional,2024-12-31
56,Amol,Parikh,cust56_gmail.com,+91 926978622,Male,24,Indore,Central,New,2024-01-30
57,Wridesh,Chawla,cust57_hotmail.com,+91 782268352,Other,55,Chandigarh,North,Occasional,2024-06-19
58,Gaurangi,Deol,cust58_gmail.com,+91 817870542,Female,17,Pune,West,New,2026-02-16
59,Hamsini,Gill,cust59_hotmail.com,+91 957500560,Male,53,Kolkata,East,Occasional,2024-07-01
60,Varenya,Gopal,cust60_gmail.com,+91 975516761,Female,55,Hyderabad,South,Regular,2024-12-22
61,Tanvi,Bansal,cust61_yahoo.com,+91 765714131,Female,41,Nagpur,Central,VIP,2023-04-09
62,Caleb,Iyengar,cust62_gmail.com,+91 757384502,Other,32,Jaipur,North,Regular,2023-11-10
63,Dayita,Varma,cust63_yahoo.com,+91 951415975,Other,45,Ahmedabad,West,Occasional,2024-05-05
64,Urvashi,Kulkarni,cust64_gmail.com,+91 821808601,Female,36,Patna,East,Occasional,2025-04-23
65,Rayaan,Mangal,cust65_yahoo.com,+91 944377995,Female,33,Indore,Central,Occasional,2026-03-16
66,Champak,Narula,cust66_yahoo.com,+91 782295456,Female,34,Chennai,South,Regular,2026-04-27
67,Jhalak,Sarkar,cust67_yahoo.com,+91 886534785,Female,57,Surat,West,Regular,2023-07-13
68,Ria,Raju,cust68_yahoo.com,+91 834803802,Other,38,Bhopal,Central,Occasional,2026-02-28
69,Watika,Tank,cust69_yahoo.com,+91 884632277,Male,22,Nagpur,Central,Occasional,2023-10-18
70,Zilmil,Loke,cust70_gmail.com,+91 991950445,Male,26,Pune,West,New,2026-05-23
71,Panini,Brar,cust71_yahoo.com,+91 871834377,Male,51,Bhubaneswar,East,Regular,2026-02-03
72,Pranit,Memon,cust72_yahoo.com,+91 919358227,Female,39,Pune,West,Occasional,2025-07-24
73,Fariq,Narang,cust73_hotmail.com,+91 742606565,Male,50,Kolkata,East,Occasional,2023-06-09
74,Damini,Sehgal,cust74_hotmail.com,+91 816537743,Male,46,Surat,West,Occasional,2024-04-04
75,Pooja,Ganesan,cust75_hotmail.com,+91 825243285,Female,22,Guwahati,East,Regular,2026-01-19
76,Indali,Sekhon,cust76_gmail.com,+91 823661648,Male,32,New Delhi,North,Regular,2024-11-20
77,Ira,Saran,cust77_yahoo.com,+91 794680161,Male,15,Chandigarh,North,Regular,2026-02-03
78,Dakshesh,Borde,cust78_hotmail.com,+91 840336325,Female,54,Nagpur,Central,Occasional,2025-09-20
79,Nidra,Patla,cust79_hotmail.com,+91 712666698,Male,35,Ahmedabad,West,Occasional,2025-09-17
80,Nathaniel,Balasubramanian,cust80_gmail.com,+91 988117264,Male,20,Kochi,South,Occasional,2026-05-29
81,Raksha,Banerjee,cust81_gmail.com,+91 722352965,Female,41,Nagpur,Central,Regular,2025-08-01
82,Warinder,Peri,cust82_yahoo.com,+91 745209103,Male,30,Patna,East,Occasional,2023-04-15
83,Bachittar,Dube,cust83_hotmail.com,+91 739202967,Female,20,Guwahati,East,Regular,2024-08-17
84,Kamala,Prabhu,cust84_yahoo.com,+91 959971729,Male,39,Guwahati,East,VIP,2024-11-29
85,Faraj,Devan,cust85_hotmail.com,+91 865908996,Other,48,Pune,West,Regular,2026-03-31
86,Mitali,Murthy,cust86_hotmail.com,+91 959958552,Other,53,Chandigarh,North,Regular,2024-07-24
87,Zaid,Comar,cust87_gmail.com,+91 997486272,Other,40,Bangalore,South,Regular,2024-03-08
88,Quincy,Tata,cust88_hotmail.com,+91 841832397,Female,29,Ahmedabad,West,Regular,2026-02-16
89,Jacob,Lala,cust89_yahoo.com,+91 941760814,Other,19,Kolkata,East,Regular,2024-08-24
90,Sanaya,Kala,cust90_hotmail.com,+91 856490120,Other,46,Chandigarh,North,Regular,2025-12-29
91,Vritti,Iyengar,cust91_gmail.com,+91 842456334,Male,32,Guwahati,East,Regular,2024-03-19
92,Ethan,Seth,cust92_gmail.com,+91 738974699,Male,56,Surat,West,Occasional,2023-07-30
93,Sai,Chahal,cust93_hotmail.com,+91 856149878,Male,29,Bhopal,Central,Regular,2026-01-13
94,Idika,Bhattacharyya,cust94_hotmail.com,+91 980151356,Other,20,Bangalore,South,Occasional,2024-05-11
95,Bina,Mital,cust95_gmail.com,+91 828979546,Male,32,Surat,West,New,2025-04-22
96,Owen,Pathak,cust96_hotmail.com,+91 831633168,Female,29,Hyderabad,South,New,2026-01-10
97,Jairaj,Iyer,cust97_gmail.com,+91 932395661,Other,45,Indore,Central,New,2023-12-15
98,Wakeeta,Bal,cust98_yahoo.com,+91 787829178,Male,19,Hyderabad,South,Occasional,2024-01-03
99,Jyoti,Sibal,cust99_hotmail.com,+91 769666879,Other,38,Pune,West,Occasional,2025-05-10
100,Gabriel,Bhatti,cust100_yahoo.com,+91 751975275,Male,32,Hyderabad,South,Occasional,2023-07-21
101,Varenya,Vora,cust101_yahoo.com,+91 731149580,Female,24,New Delhi,North,Occasional,2024-09-10
102,Nimrat,Borah,cust102_gmail.com,+91 869351565,Other,26,Chennai,South,Occasional,2026-04-09
103,Ethan,Sengupta,cust103_yahoo.com,+91 915168486,Other,23,Hyderabad,South,VIP,2024-05-07
104,Zansi,Padmanabhan,cust104_gmail.com,+91 880654843,Other,40,Guwahati,East,New,2025-11-22
105,Qabil,Dayal,cust105_yahoo.com,+91 961869357,Other,48,Bhubaneswar,East,New,2026-04-27
106,Christopher,Dash,cust106_hotmail.com,+91 736175714,Male,38,Kochi,South,Occasional,2025-02-20
107,Daksha,Gala,cust107_gmail.com,+91 848482124,Female,35,Chandigarh,North,Regular,2023-08-26
108,Umang,Pal,cust108_hotmail.com,+91 928560985,Female,52,Jaipur,North,Occasional,2024-05-16
109,Farhan,Krishna,cust109_gmail.com,+91 728116332,Female,43,Chennai,South,Regular,2024-03-17
110,Anvi,Dass,cust110_hotmail.com,+91 857309574,Other,23,Guwahati,East,Regular,2025-09-13
111,Girik,Thakkar,cust111_hotmail.com,+91 922402483,Male,18,Jaipur,North,Regular,2024-04-15
112,Mitesh,Garg,cust112_hotmail.com,+91 947463940,Male,47,Guwahati,East,Occasional,2023-09-19
113,Geetika,Barman,cust113_gmail.com,+91 852298417,Male,47,Chandigarh,North,Regular,2025-08-28
114,Chakradev,Lanka,cust114_hotmail.com,+91 981376161,Other,16,Jaipur,North,Occasional,2023-05-07
115,Omaja,Balasubramanian,cust115_yahoo.com,+91 861442917,Male,54,Nagpur,Central,Regular,2023-11-24
116,Bimala,Mittal,cust116_yahoo.com,+91 816920629,Female,52,Nagpur,Central,Regular,2025-09-01
117,Nidra,Mishra,cust117_yahoo.com,+91 914782898,Female,50,Guwahati,East,Occasional,2024-01-16
118,Darpan,Dugar,cust118_yahoo.com,+91 852776831,Male,43,Indore,Central,Occasional,2023-04-24
119,Veda,Shetty,cust119_gmail.com,+91 721731493,Male,32,Pune,West,Regular,2024-10-07
120,Maanas,Munshi,cust120_hotmail.com,+91 727299528,Female,51,New Delhi,North,Regular,2024-06-12
121,Hemani,Rastogi,cust121_gmail.com,+91 942315100,Other,19,Kochi,South,Regular,2024-05-11
122,Kamala,Varma,cust122_hotmail.com,+91 818324579,Other,25,Lucknow,North,New,2026-03-27
123,Eiravati,Khurana,cust123_yahoo.com,+91 968931450,Male,54,Kolkata,East,Occasional,2023-06-14
124,Amara,Sengupta,cust124_gmail.com,+91 981661933,Female,36,Surat,West,Occasional,2023-07-10
125,Gunbir,Bedi,cust125_yahoo.com,+91 985632798,Other,32,Pune,West,Occasional,2023-08-07
126,Omya,Kothari,cust126_gmail.com,+91 871378436,Male,47,Hyderabad,South,Regular,2024-08-19
127,Dhriti,Gupta,cust127_gmail.com,+91 842209943,Other,24,Kolkata,East,Occasional,2024-05-23
128,Yutika,Sibal,cust128_yahoo.com,+91 722814655,Female,47,Hyderabad,South,Regular,2025-02-13
129,Widisha,Bajaj,cust129_gmail.com,+91 848183348,Other,25,Guwahati,East,Occasional,2024-04-24
130,Yashasvi,Shankar,cust130_gmail.com,+91 861934542,Male,24,Lucknow,North,Regular,2024-09-02
131,Ira,Bava,cust131_gmail.com,+91 749341598,Female,46,Lucknow,North,New,2023-12-01
132,Warda,Singhal,cust132_yahoo.com,+91 840393349,Female,54,Patna,East,Occasional,2024-03-13
133,Abhiram,Chokshi,cust133_yahoo.com,+91 885485973,Other,20,Pune,West,Regular,2025-04-13
134,Aishani,Pau,cust134_yahoo.com,+91 964604194,Male,59,New Delhi,North,Occasional,2023-07-28
135,Chakradev,Rattan,cust135_gmail.com,+91 714236398,Female,38,New Delhi,North,Occasional,2024-07-22
136,Robert,Patil,cust136_hotmail.com,+91 749438202,Male,17,Mumbai,West,New,2025-06-04
137,Ethan,Raju,cust137_hotmail.com,+91 734908274,Other,40,New Delhi,North,Occasional,2024-03-24
138,Ati,Dani,cust138_gmail.com,+91 947730956,Female,48,Kolkata,East,VIP,2024-11-30
139,Meera,Prakash,cust139_yahoo.com,+91 769720972,Male,31,Nagpur,Central,Regular,2023-05-31
140,Jasmit,Dhawan,cust140_gmail.com,+91 938805390,Female,17,Indore,Central,Regular,2025-05-16
141,Yashodhara,Ratti,cust141_hotmail.com,+91 867467621,Other,34,Pune,West,Regular,2025-07-24
142,Chakradev,Barad,cust142_gmail.com,+91 895434315,Male,30,Guwahati,East,Regular,2023-03-04
143,Gauri,Som,cust143_hotmail.com,+91 785996220,Male,24,Bangalore,South,Regular,2026-01-13
144,Manthan,Varma,cust144_gmail.com,+91 919389888,Male,36,Patna,East,Occasional,2024-12-10
145,Eiravati,Gaba,cust145_yahoo.com,+91 865519225,Other,56,Bhopal,Central,Occasional,2024-05-24
146,Chandani,Nayar,cust146_hotmail.com,+91 770771134,Other,38,Nagpur,Central,Regular,2025-08-15
147,Vrishti,Mistry,cust147_yahoo.com,+91 714961973,Male,31,Chennai,South,Regular,2025-03-02
148,Jyoti,Narula,cust148_hotmail.com,+91 851560236,Other,35,Guwahati,East,Occasional,2023-01-26
149,Omaja,Morar,cust149_hotmail.com,+91 933107990,Other,25,Bhubaneswar,East,New,2023-06-20
150,Avi,Som,cust150_yahoo.com,+91 828143243,Female,30,Kolkata,East,Occasional,2025-12-04
151,Vedant,Behl,cust151_hotmail.com,+91 933527139,Male,15,Bhubaneswar,East,Occasional,2025-10-15
152,Onkar,Viswanathan,cust152_hotmail.com,+91 723594890,Female,47,Ahmedabad,West,Regular,2025-01-16
153,Lajita,Divan,cust153_hotmail.com,+91 974380643,Other,40,Chennai,South,New,2026-01-25
154,Azad,Choudhary,cust154_gmail.com,+91 915565836,Female,52,Bhopal,Central,Occasional,2024-01-12
155,Ridhi,Murthy,cust155_yahoo.com,+91 852118517,Male,52,Raipur,Central,Occasional,2023-01-30
156,Nitara,Jani,cust156_yahoo.com,+91 887685336,Female,35,Chandigarh,North,Occasional,2023-08-24
157,Urishilla,Bhatia,cust157_hotmail.com,+91 893972139,Female,29,Kochi,South,Occasional,2025-02-18
158,Zilmil,Johal,cust158_hotmail.com,+91 810643334,Female,17,Nagpur,Central,Regular,2023-08-03
159,Vanya,Vora,cust159_yahoo.com,+91 765148177,Female,32,Patna,East,Occasional,2024-05-19
160,Oscar,Sharaf,cust160_hotmail.com,+91 991906413,Male,53,Raipur,Central,Occasional,2024-05-02
161,Irya,Lalla,cust161_hotmail.com,+91 980394898,Other,22,Patna,East,New,2024-06-15
162,Rehaan,Koshy,cust162_yahoo.com,+91 993305114,Male,58,Bhubaneswar,East,Regular,2025-01-22
163,Chanchal,Kar,cust163_yahoo.com,+91 722232867,Female,31,Pune,West,Regular,2025-05-16
164,Bhavya,Johal,cust164_hotmail.com,+91 764308846,Female,25,Ahmedabad,West,Regular,2026-04-12
165,Vrinda,Nadig,cust165_yahoo.com,+91 980754170,Other,19,Ahmedabad,West,New,2025-12-31
166,Anusha,Mani,cust166_gmail.com,+91 744283216,Male,43,New Delhi,North,Regular,2024-06-25
167,Ladli,Rana,cust167_yahoo.com,+91 771784729,Other,32,Raipur,Central,Occasional,2025-06-09
168,Madhav,Mannan,cust168_gmail.com,+91 759925293,Female,49,Mumbai,West,New,2026-04-15
169,Farhan,Pal,cust169_yahoo.com,+91 728450264,Male,48,New Delhi,North,Occasional,2024-03-22
170,Aahana,Srinivas,cust170_gmail.com,+91 954130448,Female,39,Bhopal,Central,Occasional,2025-10-16
171,Anika,Magar,cust171_gmail.com,+91 837271294,Other,54,Kolkata,East,Occasional,2023-11-10
172,Wriddhish,Kibe,cust172_gmail.com,+91 794899606,Other,50,Indore,Central,Occasional,2023-06-19
173,Upkaar,Kaul,cust173_gmail.com,+91 835142137,Other,43,Bhubaneswar,East,Regular,2025-11-06
174,Odika,Narayanan,cust174_hotmail.com,+91 957764446,Male,41,Nagpur,Central,Occasional,2023-06-05
175,Harish,Devan,cust175_gmail.com,+91 727963198,Female,53,Lucknow,North,Occasional,2025-01-03
176,Nakul,Ray,cust176_hotmail.com,+91 880664843,Female,36,Jaipur,North,Regular,2025-05-04
177,Vansha,Iyengar,cust177_yahoo.com,+91 878941535,Male,33,Lucknow,North,VIP,2025-01-08
178,Bhavika,Bhargava,cust178_gmail.com,+91 927812364,Female,39,New Delhi,North,New,2024-05-13
179,Vincent,Warrior,cust179_hotmail.com,+91 777472176,Female,46,Ahmedabad,West,Regular,2025-10-10
180,Baljiwan,Gill,cust180_yahoo.com,+91 746435289,Male,60,Surat,West,Regular,2026-01-28
181,Balhaar,Ranganathan,cust181_yahoo.com,+91 722370886,Female,36,Bangalore,South,Regular,2023-10-01
182,Bimala,Barad,cust182_gmail.com,+91 784919180,Other,29,Jaipur,North,VIP,2023-10-17
183,Hredhaan,Nayak,cust183_yahoo.com,+91 983991807,Other,49,Mumbai,West,Regular,2024-04-08
184,Wakeeta,Desai,cust184_hotmail.com,+91 815419999,Male,41,Nagpur,Central,Regular,2024-12-06
185,Anjali,Hans,cust185_gmail.com,+91 727170196,Other,52,Ahmedabad,West,VIP,2024-12-28
186,Nicholas,Shanker,cust186_hotmail.com,+91 861654209,Female,31,Kolkata,East,Regular,2024-05-28
187,Quincy,Atwal,cust187_hotmail.com,+91 831289764,Male,51,Bhopal,Central,Occasional,2024-02-04
188,Chakrika,Hans,cust188_gmail.com,+91 726273855,Female,58,New Delhi,North,Occasional,2024-06-07
189,Nidra,Sane,cust189_hotmail.com,+91 944690913,Other,27,Kolkata,East,Regular,2025-08-07
190,Gabriel,Rattan,cust190_hotmail.com,+91 788782497,Female,27,Bangalore,South,Occasional,2024-05-24
191,Qasim,Dey,cust191_yahoo.com,+91 885521692,Male,33,Ahmedabad,West,Regular,2023-05-29
192,Yuvraj,Ahuja,cust192_yahoo.com,+91 842763719,Other,46,Indore,Central,VIP,2024-05-17
193,Warinder,Sekhon,cust193_yahoo.com,+91 742807231,Other,51,Chandigarh,North,Regular,2024-08-18
194,Chasmum,Apte,cust194_yahoo.com,+91 726828141,Other,29,Indore,Central,New,2024-05-27
195,Jagvi,Keer,cust195_gmail.com,+91 827323383,Other,22,New Delhi,North,Occasional,2025-10-12
196,Jagat,Shroff,cust196_yahoo.com,+91 762209449,Other,28,Bangalore,South,Regular,2025-11-03
197,Nidra,Thakkar,cust197_hotmail.com,+91 862487775,Female,48,Bangalore,South,Occasional,2023-09-06
198,Deepa,Dalal,cust198_hotmail.com,+91 736498461,Other,27,Patna,East,New,2026-04-10
199,Jhalak,Kant,cust199_gmail.com,+91 865150358,Female,15,Kochi,South,Regular,2024-04-03
200,Vanya,Dua,cust200_yahoo.com,+91 968636396,Male,28,Bangalore,South,Regular,2023-07-27
201,Kashvi,Sagar,cust201_hotmail.com,+91 832536887,Female,15,Pune,West,Regular,2026-03-07
202,Urishilla,Yogi,cust202_hotmail.com,+91 854410759,Other,29,Indore,Central,Regular,2025-05-03
203,Yug,Bumb,cust203_hotmail.com,+91 830591325,Female,43,Surat,West,New,2023-12-06
204,Janaki,Brahmbhatt,cust204_hotmail.com,+91 859324664,Other,47,Jaipur,North,Occasional,2024-11-24
205,David,Tiwari,cust205_gmail.com,+91 957634360,Female,59,Bangalore,South,Regular,2023-06-24
206,Mason,Gala,cust206_yahoo.com,+91 812164680,Other,21,Nagpur,Central,Regular,2025-06-08
207,Riya,Dada,cust207_hotmail.com,+91 981976728,Male,51,Ahmedabad,West,Occasional,2025-03-19
208,Vrinda,Chand,cust208_hotmail.com,+91 877103252,Other,16,Bhopal,Central,Regular,2023-11-16
209,Christopher,Setty,cust209_gmail.com,+91 810592298,Other,26,Raipur,Central,Regular,2024-11-23
210,Ojasvi,Shan,cust210_hotmail.com,+91 944700304,Female,55,Surat,West,Regular,2025-03-08
211,Turvi,Morar,cust211_hotmail.com,+91 870739300,Male,30,Nagpur,Central,Regular,2023-03-31
212,Meghana,Kumar,cust212_gmail.com,+91 778441604,Female,29,Ahmedabad,West,Regular,2023-02-03
213,Tejas,Bora,cust213_gmail.com,+91 723678240,Other,29,Indore,Central,Regular,2026-03-04
214,Hemangini,Bhatt,cust214_hotmail.com,+91 878856174,Female,21,Jaipur,North,Occasional,2024-10-20
215,Ekapad,Sodhi,cust215_gmail.com,+91 738855319,Other,28,Raipur,Central,Regular,2023-04-04
216,Nilima,Gole,cust216_gmail.com,+91 962223387,Male,56,Lucknow,North,Occasional,2024-03-21
217,Osha,Prasad,cust217_yahoo.com,+91 840726221,Male,20,Patna,East,Occasional,2026-04-04
218,Krishna,Prashad,cust218_gmail.com,+91 898383654,Male,25,Bhopal,Central,Occasional,2024-11-27
219,Kiaan,Pall,cust219_gmail.com,+91 852202190,Male,47,Chandigarh,North,Occasional,2025-11-26
220,Maya,Wadhwa,cust220_gmail.com,+91 899457465,Male,43,Nagpur,Central,Occasional,2023-10-05
221,Udant,Aggarwal,cust221_gmail.com,+91 790685121,Other,57,Bangalore,South,Regular,2026-02-04
222,Ubika,Samra,cust222_hotmail.com,+91 915850283,Male,27,Hyderabad,South,Occasional,2024-04-08
223,Victor,Kota,cust223_yahoo.com,+91 817777560,Female,29,Hyderabad,South,Occasional,2024-08-12
224,Mohammed,Majumdar,cust224_gmail.com,+91 936475742,Other,34,New Delhi,North,Occasional,2024-06-21
225,Isaiah,Balay,cust225_hotmail.com,+91 730585487,Other,15,Patna,East,Regular,2026-01-31
226,Amol,Khosla,cust226_gmail.com,+91 823186882,Other,25,Jaipur,North,Regular,2024-10-13
227,Harrison,Bandi,cust227_yahoo.com,+91 839816932,Male,25,Kochi,South,Regular,2023-04-15
228,Chanakya,Konda,cust228_hotmail.com,+91 786645776,Female,51,Nagpur,Central,Regular,2025-07-17
229,Neelima,Sarna,cust229_gmail.com,+91 966385423,Male,31,Guwahati,East,Occasional,2023-03-10
230,Teerth,Bhalla,cust230_gmail.com,+91 858891648,Female,44,Jaipur,North,New,2025-04-18
231,Bimala,Kaur,cust231_hotmail.com,+91 716335854,Other,59,Indore,Central,Occasional,2025-02-21
232,Eiravati,Nagi,cust232_gmail.com,+91 984829855,Female,23,Chandigarh,North,VIP,2025-06-13
233,Luke,Verma,cust233_gmail.com,+91 716620978,Male,53,Hyderabad,South,Occasional,2024-04-13
234,Charita,Maharaj,cust234_gmail.com,+91 920447637,Other,49,Jaipur,North,Regular,2024-10-04
235,Parth,Sane,cust235_hotmail.com,+91 732145537,Other,46,Ahmedabad,West,New,2025-05-14
236,Champak,Padmanabhan,cust236_hotmail.com,+91 991191630,Male,24,Hyderabad,South,Occasional,2025-02-08
237,Lakshmi,Vohra,cust237_yahoo.com,+91 979182855,Other,35,Chandigarh,North,Regular,2025-11-08
238,Omaja,Rege,cust238_gmail.com,+91 711898127,Male,57,Ahmedabad,West,Occasional,2025-12-17
239,Krisha,Gour,cust239_hotmail.com,+91 791699183,Female,20,New Delhi,North,Occasional,2024-04-10
240,Wridesh,Kar,cust240_yahoo.com,+91 992480158,Female,55,Kolkata,East,Occasional,2025-01-05
241,Maanas,Sheth,cust241_gmail.com,+91 755420488,Other,58,Indore,Central,Regular,2026-01-04
242,Nitara,Saha,cust242_hotmail.com,+91 830187658,Female,24,Nagpur,Central,Occasional,2025-05-23
243,Krish,Rama,cust243_gmail.com,+91 876886178,Female,24,Raipur,Central,Regular,2025-04-03
244,Samar,Narayanan,cust244_hotmail.com,+91 870141619,Female,42,Mumbai,West,Regular,2024-02-01
245,Shivani,Prabhakar,cust245_gmail.com,+91 943351486,Male,37,New Delhi,North,Occasional,2023-05-03
246,Rayaan,Behl,cust246_yahoo.com,+91 945642253,Other,40,Lucknow,North,Regular,2025-04-12
247,Balveer,Bora,cust247_gmail.com,+91 744623333,Female,35,Jaipur,North,Regular,2024-08-08
248,Teerth,Srinivas,cust248_gmail.com,+91 783484847,Female,17,Lucknow,North,Occasional,2026-03-29
249,Chavvi,Aurora,cust249_gmail.com,+91 836346520,Male,53,Chandigarh,North,New,2024-06-01
250,Jacob,Srinivas,cust250_gmail.com,+91 812890739,Other,55,Raipur,Central,New,2023-10-23
251,Samarth,Ranganathan,cust251_gmail.com,+91 717374921,Male,18,Bhopal,Central,New,2025-12-16
252,Ekanta,Mandal,cust252_yahoo.com,+91 781641856,Other,15,Bhubaneswar,East,Regular,2025-05-07
253,Jagrati,Morar,cust253_yahoo.com,+91 873354628,Other,27,Pune,West,Regular,2024-12-25
254,Yochana,Tank,cust254_yahoo.com,+91 841258789,Female,19,Bangalore,South,Regular,2024-07-12
255,Upasna,Nagarajan,cust255_gmail.com,+91 776685760,Other,57,Bhubaneswar,East,Occasional,2023-06-03
256,Dhriti,Sachdev,cust256_gmail.com,+91 712348529,Female,60,Surat,West,Regular,2024-07-29
257,Timothy,Dhingra,cust257_gmail.com,+91 749896357,Male,20,Raipur,Central,Regular,2025-05-23
258,Omisha,Merchant,cust258_gmail.com,+91 959260463,Female,38,Chandigarh,North,Occasional,2024-02-10
259,Forum,Karpe,cust259_yahoo.com,+91 796477448,Female,49,Jaipur,North,Occasional,2023-11-01
260,Yatan,Tata,cust260_hotmail.com,+91 795186581,Other,39,Pune,West,Regular,2025-06-04
261,Geetika,Kurian,cust261_yahoo.com,+91 977617123,Other,29,Ahmedabad,West,Occasional,2025-10-13
262,Vritti,Sharma,cust262_gmail.com,+91 974631282,Other,32,Pune,West,Regular,2026-01-29
263,Indira,Gara,cust263_gmail.com,+91 917789804,Other,36,Kochi,South,VIP,2026-02-12
264,Vrinda,Gour,cust264_hotmail.com,+91 737313883,Male,37,Lucknow,North,Regular,2026-01-23
265,Daniel,Viswanathan,cust265_gmail.com,+91 825504845,Other,29,Nagpur,Central,Occasional,2025-09-24
266,Chanakya,Ahuja,cust266_yahoo.com,+91 986565638,Male,44,New Delhi,North,Occasional,2023-04-26
267,Vihaan,Bir,cust267_hotmail.com,+91 740707193,Other,55,New Delhi,North,Occasional,2023-08-02
268,Aditya,Kamdar,cust268_hotmail.com,+91 892430331,Male,17,Patna,East,New,2023-08-23
269,Kashvi,Bhasin,cust269_hotmail.com,+91 974608876,Male,35,New Delhi,North,New,2024-12-09
270,Vasudha,Sura,cust270_gmail.com,+91 880837984,Other,48,Chandigarh,North,New,2025-09-17
271,Nisha,Arora,cust271_gmail.com,+91 713700209,Male,36,Jaipur,North,Occasional,2023-01-11
272,Anvi,Wason,cust272_yahoo.com,+91 911350804,Other,39,Jaipur,North,Regular,2025-04-02
273,Yadavi,Sani,cust273_gmail.com,+91 886222842,Other,41,Bhubaneswar,East,New,2023-01-27
274,Gopal,Viswanathan,cust274_gmail.com,+91 888911454,Female,23,Bhopal,Central,New,2023-06-16
275,Rehaan,Vyas,cust275_yahoo.com,+91 725991638,Other,55,Lucknow,North,Occasional,2024-01-10
276,Amara,Ranganathan,cust276_gmail.com,+91 838336506,Other,48,Mumbai,West,Regular,2024-07-04
277,Nidra,Sharaf,cust277_hotmail.com,+91 731934840,Female,25,Jaipur,North,New,2024-08-02
278,Upkaar,Mital,cust278_hotmail.com,+91 767381443,Male,36,Bhopal,Central,Regular,2024-01-13
279,Azad,Chander,cust279_yahoo.com,+91 947233632,Male,49,Lucknow,North,Regular,2023-05-06
280,Krishna,Soni,cust280_gmail.com,+91 753343604,Other,40,Lucknow,North,Regular,2024-08-12
281,Aditya,Garg,cust281_gmail.com,+91 926536899,Male,16,New Delhi,North,New,2025-09-16
282,Radha,Narula,cust282_hotmail.com,+91 756499507,Other,53,Bangalore,South,Regular,2025-02-15
283,Brijesh,Karpe,cust283_gmail.com,+91 968174428,Male,28,Chandigarh,North,Regular,2023-05-29
284,Vaishnavi,Madan,cust284_gmail.com,+91 855153937,Female,42,Hyderabad,South,Occasional,2025-12-11
285,Avni,Bali,cust285_gmail.com,+91 772741967,Other,46,Kochi,South,Regular,2023-04-26
286,Amol,Johal,cust286_hotmail.com,+91 777951370,Other,33,Bhopal,Central,Occasional,2024-05-03
287,Mitali,Bose,cust287_yahoo.com,+91 880105912,Male,48,New Delhi,North,New,2023-08-12
288,Wridesh,Ramachandran,cust288_hotmail.com,+91 771983783,Female,50,Chennai,South,Occasional,2023-09-10
289,Garima,Rajagopalan,cust289_hotmail.com,+91 737339760,Female,38,Bhopal,Central,Occasional,2025-04-19
290,Farhan,Tella,cust290_hotmail.com,+91 957562807,Male,59,New Delhi,North,VIP,2023-08-06
291,Chatresh,Chaudhari,cust291_yahoo.com,+91 918922396,Other,33,Lucknow,North,Occasional,2024-06-21
292,Faqid,Oak,cust292_hotmail.com,+91 931512874,Female,53,Chandigarh,North,Occasional,2023-12-27
293,Mekhala,Narain,cust293_gmail.com,+91 958990899,Other,57,Raipur,Central,Regular,2026-04-09
294,Anjali,Seshadri,cust294_yahoo.com,+91 947248648,Male,38,Raipur,Central,Occasional,2025-09-12
295,Ishani,Prashad,cust295_yahoo.com,+91 882205401,Male,16,Bhopal,Central,Occasional,2023-12-21
296,Lajita,Chada,cust296_hotmail.com,+91 723289959,Male,29,Pune,West,Regular,2023-10-16
297,Yatin,Borah,cust297_gmail.com,+91 981156517,Female,54,Kochi,South,Occasional,2024-04-03
298,Mitesh,Rai,cust298_hotmail.com,+91 891220568,Male,41,Raipur,Central,New,2024-02-21
299,Mitesh,Ramachandran,cust299_yahoo.com,+91 937416675,Male,29,Chandigarh,North,Occasional,2026-05-02
300,Hredhaan,Chand,cust300_gmail.com,+91 987470765,Other,30,Chennai,South,New,2024-07-14
301,Sai,Parsa,cust301_yahoo.com,+91 912956938,Other,33,Bhopal,Central,Occasional,2024-04-23
302,Kevin,Chahal,cust302_gmail.com,+91 728811679,Other,54,Surat,West,Regular,2023-06-08
303,Saumya,Vala,cust303_yahoo.com,+91 955657792,Female,24,Jaipur,North,Regular,2024-10-31
304,Atharv,Chakraborty,cust304_yahoo.com,+91 883487452,Other,41,Mumbai,West,Occasional,2023-06-10
305,Girik,Nair,cust305_yahoo.com,+91 864200788,Other,58,Bangalore,South,New,2025-05-10
306,Bishakha,Sachdev,cust306_yahoo.com,+91 825357963,Other,27,Chennai,South,Occasional,2023-01-20
307,Frado,Kibe,cust307_hotmail.com,+91 949970621,Male,32,Patna,East,Occasional,2026-04-25
308,Omkaar,Rai,cust308_gmail.com,+91 838101106,Male,57,New Delhi,North,New,2025-03-20
309,Amruta,Mitra,cust309_yahoo.com,+91 717219953,Female,39,Guwahati,East,Occasional,2023-08-04
310,Madhav,Bhatnagar,cust310_gmail.com,+91 788442943,Other,16,New Delhi,North,VIP,2025-02-05
311,Anya,Sama,cust311_yahoo.com,+91 788763385,Other,20,Chandigarh,North,Regular,2024-11-06
312,Faraj,Patel,cust312_yahoo.com,+91 816564517,Other,26,Indore,Central,New,2025-01-22
313,Warhi,Hayre,cust313_yahoo.com,+91 892521742,Other,24,Bhopal,Central,VIP,2024-01-19
314,Krishna,Modi,cust314_gmail.com,+91 844117607,Other,43,Pune,West,Regular,2023-06-16
315,Gaurangi,Rai,cust315_yahoo.com,+91 767243843,Male,40,Surat,West,Occasional,2024-09-06
316,Gaurika,Sani,cust316_hotmail.com,+91 754119668,Other,20,Patna,East,Occasional,2024-11-14
317,Laban,Mital,cust317_yahoo.com,+91 730678816,Female,53,Guwahati,East,VIP,2025-07-12
318,Sai,Srinivas,cust318_yahoo.com,+91 996646369,Female,19,Mumbai,West,New,2025-07-26
319,Mitali,Nagar,cust319_yahoo.com,+91 721235421,Female,37,Hyderabad,South,Occasional,2023-10-03
320,Vritti,Kibe,cust320_yahoo.com,+91 823578657,Female,20,Hyderabad,South,Regular,2026-02-15
321,Avni,Ramaswamy,cust321_yahoo.com,+91 720717267,Other,15,Hyderabad,South,Regular,2024-08-07
322,Ryan,Gole,cust322_hotmail.com,+91 995425235,Male,44,Kochi,South,Regular,2023-06-26
323,Avi,Shenoy,cust323_hotmail.com,+91 734323558,Female,19,Nagpur,Central,New,2026-04-07
324,Raksha,Manne,cust324_hotmail.com,+91 885150843,Female,25,Nagpur,Central,New,2023-11-22
325,Nilima,Tata,cust325_gmail.com,+91 847622144,Male,21,Mumbai,West,Regular,2023-04-18
326,Chavvi,Khurana,cust326_yahoo.com,+91 836798356,Male,21,Mumbai,West,Regular,2025-09-10
327,Mitesh,Sampath,cust327_yahoo.com,+91 873783625,Male,25,Indore,Central,New,2025-10-20
328,Saumya,Srinivas,cust328_hotmail.com,+91 921999603,Male,52,New Delhi,North,Occasional,2023-04-25
329,Yashawini,Sahota,cust329_hotmail.com,+91 743631529,Other,25,Bangalore,South,Occasional,2024-09-14
330,Jagvi,Yadav,cust330_hotmail.com,+91 987548339,Other,42,Surat,West,New,2023-02-27
331,Frederick,Chopra,cust331_gmail.com,+91 932656797,Male,35,Hyderabad,South,Regular,2025-09-18
332,Isha,Ganesan,cust332_hotmail.com,+91 812604904,Other,59,Pune,West,Occasional,2025-10-18
333,Chaitanya,Ratta,cust333_yahoo.com,+91 768589816,Other,18,Guwahati,East,Regular,2025-08-09
334,Qushi,Cherian,cust334_gmail.com,+91 928980911,Female,15,Patna,East,Regular,2026-05-21
335,Aarna,Kapadia,cust335_hotmail.com,+91 720774960,Other,25,Chandigarh,North,Regular,2023-06-03
336,Zilmil,Kant,cust336_yahoo.com,+91 721502795,Other,57,Ahmedabad,West,Regular,2026-03-06
337,Mahika,Sheth,cust337_hotmail.com,+91 943514683,Male,24,Surat,West,Occasional,2024-08-04
338,Xiti,Dora,cust338_yahoo.com,+91 927435681,Male,40,Bhopal,Central,New,2025-07-03
339,Vasudha,Cheema,cust339_yahoo.com,+91 978891798,Other,32,Indore,Central,Regular,2023-02-08
340,Frederick,D’Alia,cust340_hotmail.com,+91 730229138,Other,36,Nagpur,Central,Occasional,2024-10-08
341,Ijaya,Muni,cust341_yahoo.com,+91 965836712,Other,60,Bhopal,Central,Occasional,2023-08-09
342,Samuel,Verma,cust342_yahoo.com,+91 748720445,Other,54,Nagpur,Central,Occasional,2024-12-08
343,Vamakshi,Chatterjee,cust343_yahoo.com,+91 867741658,Female,47,New Delhi,North,Regular,2024-06-25
344,Sneha,Nagar,cust344_gmail.com,+91 832340657,Male,40,Chandigarh,North,Regular,2026-01-26
345,Chaitanya,Contractor,cust345_gmail.com,+91 933126730,Other,43,Patna,East,Regular,2024-04-11
346,Ikbal,Gala,cust346_hotmail.com,+91 994572606,Other,54,New Delhi,North,Occasional,2024-06-16
347,Zaitra,Ghosh,cust347_hotmail.com,+91 965617609,Other,60,Patna,East,Occasional,2024-01-14
348,Ganga,Sandhu,cust348_yahoo.com,+91 935605867,Other,17,Chennai,South,Occasional,2023-09-06
349,Nidhi,Gour,cust349_gmail.com,+91 910508758,Other,26,Nagpur,Central,Occasional,2023-12-27
350,Rachana,Randhawa,cust350_gmail.com,+91 944130779,Male,38,Chennai,South,Occasional,2025-09-21
351,Rudra,Sengupta,cust351_hotmail.com,+91 952802567,Other,51,Guwahati,East,VIP,2026-02-19
352,Lopa,Agrawal,cust352_hotmail.com,+91 932897864,Female,36,Jaipur,North,New,2024-10-29
353,Samesh,Mallick,cust353_hotmail.com,+91 960571707,Male,40,Ahmedabad,West,Regular,2023-11-30
354,Dev,Chaudry,cust354_hotmail.com,+91 941749236,Male,58,Ahmedabad,West,Occasional,2026-05-21
355,Jasmit,Nanda,cust355_gmail.com,+91 734659686,Female,21,Nagpur,Central,Regular,2023-10-18
356,Ishaan,Lala,cust356_hotmail.com,+91 997435291,Male,49,Chennai,South,Occasional,2024-12-11
357,Dhriti,Rama,cust357_hotmail.com,+91 831689275,Female,40,Patna,East,New,2025-01-30
358,Ishaan,Pall,cust358_yahoo.com,+91 987900802,Female,38,Hyderabad,South,Regular,2024-09-01
359,Orinder,Mishra,cust359_hotmail.com,+91 960478474,Other,16,Indore,Central,New,2024-12-12
360,Frado,Desai,cust360_yahoo.com,+91 951116724,Female,35,Bhubaneswar,East,Occasional,2025-07-05
361,William,Mody,cust361_gmail.com,+91 734413743,Male,54,Ahmedabad,West,Regular,2023-07-03
362,Kashvi,Dhaliwal,cust362_hotmail.com,+91 886595268,Male,18,Indore,Central,Regular,2023-10-12
363,Omya,Devi,cust363_hotmail.com,+91 721958472,Female,28,Pune,West,Regular,2024-08-26
364,Pallavi,Grewal,cust364_yahoo.com,+91 823434947,Female,35,Lucknow,North,Regular,2024-08-19
365,Oscar,Ganesan,cust365_yahoo.com,+91 937937529,Female,45,Hyderabad,South,Occasional,2025-09-14
366,Logan,Grover,cust366_yahoo.com,+91 867971424,Male,17,Indore,Central,VIP,2024-03-24
367,Chatresh,Parmer,cust367_gmail.com,+91 992921211,Male,33,Nagpur,Central,New,2024-12-01
368,Laban,Hayer,cust368_yahoo.com,+91 768492730,Female,48,New Delhi,North,New,2025-01-22
369,Yashasvi,Talwar,cust369_yahoo.com,+91 787850954,Other,23,Chandigarh,North,Occasional,2025-05-22
370,Vyanjana,Sagar,cust370_hotmail.com,+91 740964626,Female,48,Lucknow,North,Occasional,2025-11-29
371,Vrinda,Ganesh,cust371_gmail.com,+91 752670928,Male,42,Surat,West,Regular,2024-11-20
372,Azaan,Kannan,cust372_yahoo.com,+91 966386405,Female,25,Surat,West,Regular,2025-05-28
373,Anvi,Kar,cust373_hotmail.com,+91 945654747,Other,36,Ahmedabad,West,Occasional,2023-02-20
374,Om,Shankar,cust374_hotmail.com,+91 988394282,Female,47,Bhubaneswar,East,Regular,2024-03-24
375,Warhi,Vaidya,cust375_gmail.com,+91 964440126,Male,23,Indore,Central,New,2026-02-27
376,Ishaan,Loyal,cust376_hotmail.com,+91 749481754,Male,29,New Delhi,North,Occasional,2025-06-08
377,Benjamin,Sastry,cust377_hotmail.com,+91 792998945,Male,22,Bangalore,South,Occasional,2024-07-23
378,Pavani,Chaudry,cust378_hotmail.com,+91 751448592,Male,17,Mumbai,West,Occasional,2023-12-06
379,Yug,Mishra,cust379_gmail.com,+91 746410391,Other,48,Patna,East,Occasional,2025-10-12
380,Adya,Pall,cust380_gmail.com,+91 972247611,Other,59,Guwahati,East,New,2024-11-29
381,Jacob,Khalsa,cust381_gmail.com,+91 966836399,Female,56,Kochi,South,Regular,2024-11-13
382,Indali,Sangha,cust382_gmail.com,+91 931477394,Female,28,Jaipur,North,New,2026-02-19
383,Liam,Jhaveri,cust383_gmail.com,+91 979927935,Male,21,Jaipur,North,Occasional,2025-08-15
384,Indali,Walia,cust384_yahoo.com,+91 787246999,Male,56,Bangalore,South,VIP,2023-04-03
385,Om,Naik,cust385_hotmail.com,+91 811192632,Male,30,Mumbai,West,Regular,2025-07-16
386,Bimala,Loke,cust386_hotmail.com,+91 980574453,Male,16,Patna,East,Occasional,2024-03-30
387,Girish,Deshmukh,cust387_yahoo.com,+91 921781566,Other,26,Guwahati,East,Occasional,2025-11-21
388,Aradhana,Date,cust388_hotmail.com,+91 843864471,Female,50,Surat,West,Occasional,2023-04-03
389,Zaid,Dhingra,cust389_hotmail.com,+91 783133433,Female,24,Patna,East,Occasional,2023-07-26
390,Yug,Ramaswamy,cust390_yahoo.com,+91 980346847,Female,21,Raipur,Central,Regular,2024-05-15
391,Amruta,Sachdeva,cust391_yahoo.com,+91 825760580,Other,26,Bhopal,Central,VIP,2023-08-09
392,Faqid,Chander,cust392_yahoo.com,+91 937678771,Female,52,Hyderabad,South,New,2024-12-03
393,Arunima,Pillay,cust393_yahoo.com,+91 729690680,Male,54,Lucknow,North,Regular,2025-03-11
394,Falak,Agate,cust394_hotmail.com,+91 964918434,Male,57,Patna,East,New,2025-01-28
395,Tara,Parmar,cust395_gmail.com,+91 980247342,Male,25,Lucknow,North,Regular,2023-05-25
396,Mitali,Kamdar,cust396_yahoo.com,+91 936427669,Other,34,Pune,West,Regular,2026-05-21
397,Warda,Loyal,cust397_yahoo.com,+91 969854861,Other,46,Chandigarh,North,Regular,2023-11-26
398,Geetika,De,cust398_hotmail.com,+91 783440367,Male,31,Bhubaneswar,East,Occasional,2024-03-16
399,Hemal,Bava,cust399_gmail.com,+91 887944968,Male,52,Kolkata,East,Regular,2025-01-23
400,Tripti,Babu,cust400_gmail.com,+91 730156439,Female,30,Hyderabad,South,Occasional,2023-06-04
401,Ridhi,Shan,cust401_gmail.com,+91 824319602,Other,60,Raipur,Central,New,2023-09-03
402,Samaksh,Deo,cust402_hotmail.com,+91 976348233,Other,24,Pune,West,VIP,2024-10-26
403,Nathan,Mahal,cust403_gmail.com,+91 816661292,Female,26,Jaipur,North,VIP,2024-04-13
404,Jalsa,Krishna,cust404_gmail.com,+91 887930802,Other,44,Lucknow,North,Occasional,2025-10-13
405,Noah,Ben,cust405_yahoo.com,+91 936809857,Female,60,Raipur,Central,New,2024-07-31
406,Dalaja,Kaur,cust406_yahoo.com,+91 791647503,Male,18,Nagpur,Central,Occasional,2025-08-29
407,Gavin,Chandran,cust407_gmail.com,+91 848341497,Male,56,Jaipur,North,Regular,2025-10-15
408,Vansha,Brahmbhatt,cust408_gmail.com,+91 818455955,Male,25,Nagpur,Central,New,2023-11-28
409,Upkaar,Venkataraman,cust409_hotmail.com,+91 792691271,Male,52,Indore,Central,Occasional,2025-07-11
410,Aditya,Anand,cust410_hotmail.com,+91 771383769,Female,47,New Delhi,North,Regular,2024-11-22
411,Jai,Sami,cust411_hotmail.com,+91 963581184,Male,28,Bhopal,Central,Occasional,2024-06-17
412,Vanya,Bobal,cust412_gmail.com,+91 728507149,Other,55,Kolkata,East,Regular,2023-07-25
413,Gaurav,Chaudry,cust413_gmail.com,+91 725987803,Male,59,Bangalore,South,New,2024-08-18
414,Jhalak,Mistry,cust414_gmail.com,+91 716217720,Other,58,Guwahati,East,Regular,2024-05-01
415,Kiaan,Dhar,cust415_gmail.com,+91 726285142,Female,22,Chandigarh,North,Occasional,2024-08-17
416,Abhiram,Gala,cust416_yahoo.com,+91 953777860,Male,48,Chandigarh,North,Occasional,2025-04-04
417,Tanay,Doshi,cust417_yahoo.com,+91 937137400,Other,51,Hyderabad,South,Regular,2024-06-29
418,Saanvi,Kalla,cust418_gmail.com,+91 911776283,Male,44,Bhubaneswar,East,Occasional,2025-08-15
419,Logan,Dasgupta,cust419_hotmail.com,+91 832202192,Male,33,Mumbai,West,VIP,2023-06-06
420,Leena,Panchal,cust420_yahoo.com,+91 927445980,Other,15,Raipur,Central,Occasional,2026-02-08
421,Logan,Kota,cust421_yahoo.com,+91 946484231,Male,16,Pune,West,Occasional,2024-05-03
422,Frado,Kothari,cust422_hotmail.com,+91 854838489,Other,19,Bhopal,Central,Occasional,2025-09-28
423,Bhavani,Bala,cust423_hotmail.com,+91 982710453,Other,23,Jaipur,North,Occasional,2025-07-22
424,Samesh,Vasa,cust424_hotmail.com,+91 739564221,Male,24,Raipur,Central,Regular,2024-04-13
425,Ranbir,Ramanathan,cust425_yahoo.com,+91 879475496,Other,34,Bhubaneswar,East,Occasional,2025-03-02
426,Chatura,Khatri,cust426_yahoo.com,+91 819860897,Male,24,Hyderabad,South,VIP,2025-09-30
427,Isaiah,Khosla,cust427_yahoo.com,+91 756728265,Female,45,Kolkata,East,Regular,2024-08-22
428,Ekavir,Wable,cust428_gmail.com,+91 786734162,Male,43,Bhubaneswar,East,Occasional,2025-09-18
429,Edhitha,Deo,cust429_yahoo.com,+91 912522333,Female,23,Chandigarh,North,Regular,2024-07-14
430,Osha,Pau,cust430_hotmail.com,+91 843984262,Female,58,Mumbai,West,Occasional,2025-06-01
431,Orinder,Sinha,cust431_gmail.com,+91 946133355,Other,18,Jaipur,North,Regular,2025-11-26
432,Ekansh,Atwal,cust432_yahoo.com,+91 882886755,Female,43,Nagpur,Central,Regular,2023-01-26
433,Balveer,Bhasin,cust433_yahoo.com,+91 885793897,Female,37,Mumbai,West,Regular,2023-12-02
434,Bhavini,Thaker,cust434_yahoo.com,+91 871961208,Male,23,Patna,East,Occasional,2025-02-25
435,Neelima,Butala,cust435_hotmail.com,+91 724145668,Female,18,Surat,West,Occasional,2024-10-20
436,Michael,Mall,cust436_gmail.com,+91 713925854,Male,41,Indore,Central,Occasional,2025-04-13
437,Farhan,Vaidya,cust437_gmail.com,+91 821600265,Female,42,Chandigarh,North,Occasional,2024-04-26
438,Eta,Raman,cust438_hotmail.com,+91 795475558,Other,21,Indore,Central,Regular,2023-08-30
439,Dominic,Mukherjee,cust439_hotmail.com,+91 917574186,Female,27,New Delhi,North,Occasional,2025-09-12
440,William,Bhardwaj,cust440_gmail.com,+91 716573829,Male,29,Guwahati,East,Regular,2024-11-10
441,Radha,D’Alia,cust441_yahoo.com,+91 945603407,Female,27,Lucknow,North,Occasional,2023-05-14
442,Christopher,More,cust442_hotmail.com,+91 713117678,Other,42,Bangalore,South,Regular,2025-08-09
443,Parth,Dar,cust443_gmail.com,+91 864710359,Female,46,Nagpur,Central,VIP,2026-02-26
444,Laksh,Apte,cust444_gmail.com,+91 795922993,Female,27,New Delhi,North,Occasional,2026-01-04
445,Idika,Virk,cust445_hotmail.com,+91 860547942,Female,24,Kochi,South,VIP,2025-02-10
446,Aashi,Ganesan,cust446_yahoo.com,+91 727816974,Other,45,Indore,Central,VIP,2026-05-01
447,Amruta,Dalal,cust447_gmail.com,+91 864202418,Female,36,Lucknow,North,Occasional,2023-07-17
448,Pushti,Magar,cust448_hotmail.com,+91 767702597,Male,57,New Delhi,North,Regular,2024-06-04
449,Adya,Bose,cust449_yahoo.com,+91 993368699,Male,30,Mumbai,West,Occasional,2023-04-10
450,Yasti,Parsa,cust450_gmail.com,+91 999978824,Other,55,Indore,Central,Occasional,2024-12-08
451,Ojas,Pillai,cust451_gmail.com,+91 795824167,Female,35,Indore,Central,Occasional,2025-02-15
452,Harshil,D’Alia,cust452_gmail.com,+91 974138927,Other,52,Lucknow,North,Regular,2024-02-01
453,Yashodhara,Agate,cust453_gmail.com,+91 977604754,Female,29,Raipur,Central,Occasional,2026-02-24
454,Yash,Batra,cust454_yahoo.com,+91 897223933,Other,41,Kochi,South,Regular,2023-01-20
455,Leela,Doctor,cust455_gmail.com,+91 858201252,Male,28,Nagpur,Central,Regular,2024-07-19
456,Oni,Kapur,cust456_yahoo.com,+91 944354338,Female,26,Chandigarh,North,Occasional,2023-02-24
457,Omaja,Nagarajan,cust457_yahoo.com,+91 998627785,Male,52,Patna,East,Occasional,2024-01-21
458,Kashish,Dar,cust458_hotmail.com,+91 811168828,Other,31,Indore,Central,Regular,2023-05-01
459,Charles,Gola,cust459_gmail.com,+91 769152627,Male,44,Patna,East,Occasional,2025-11-11
460,Chakradhar,Rattan,cust460_gmail.com,+91 762156961,Male,25,Bhopal,Central,Occasional,2025-03-12
461,Barkha,Mukhopadhyay,cust461_yahoo.com,+91 920340478,Male,58,Lucknow,North,Occasional,2024-12-23
462,Tanmayi,Anand,cust462_yahoo.com,+91 720555122,Male,49,Raipur,Central,Occasional,2023-05-15
463,Bishakha,Modi,cust463_hotmail.com,+91 913934940,Other,19,Nagpur,Central,New,2023-11-08
464,Xavier,Shetty,cust464_yahoo.com,+91 927264876,Female,22,Bhubaneswar,East,Regular,2025-08-25
465,Wakeeta,Hayre,cust465_hotmail.com,+91 874482548,Other,15,Pune,West,Occasional,2025-07-08
466,Yatan,Dora,cust466_gmail.com,+91 915528585,Female,35,New Delhi,North,Regular,2025-04-29
467,Arjun,Kaul,cust467_hotmail.com,+91 882187406,Male,53,Jaipur,North,Regular,2024-09-28
468,Aditya,Nayak,cust468_gmail.com,+91 896936704,Other,32,Jaipur,North,Occasional,2024-06-22
469,Krisha,Mohanty,cust469_gmail.com,+91 929574843,Other,40,Raipur,Central,Occasional,2026-03-24
470,Wazir,Saini,cust470_yahoo.com,+91 785463334,Female,60,Kolkata,East,Regular,2023-11-15
471,Lucky,Mammen,cust471_gmail.com,+91 864145606,Male,50,Chandigarh,North,Occasional,2023-04-04
472,Vincent,Venkatesh,cust472_yahoo.com,+91 998666671,Female,29,Kochi,South,Regular,2023-03-10
473,Kashish,Shanker,cust473_hotmail.com,+91 884917979,Male,57,Bhubaneswar,East,Occasional,2025-12-24
474,Girish,Tiwari,cust474_gmail.com,+91 915719531,Female,59,Patna,East,Occasional,2023-05-12
475,Meera,Borde,cust475_hotmail.com,+91 941837371,Female,54,Raipur,Central,Regular,2025-09-16
476,David,Saran,cust476_hotmail.com,+91 829166554,Other,15,Surat,West,Regular,2025-06-01
477,Warjas,Manne,cust477_yahoo.com,+91 730464693,Female,30,Mumbai,West,Occasional,2023-07-23
478,Maya,Narain,cust478_yahoo.com,+91 926100614,Other,51,Bhubaneswar,East,New,2024-05-04
479,Anita,Kaur,cust479_gmail.com,+91 878813613,Other,29,Chennai,South,Occasional,2024-12-04
480,Laban,Chopra,cust480_gmail.com,+91 871254870,Female,48,Patna,East,Regular,2023-11-11
481,Nitesh,Sengupta,cust481_yahoo.com,+91 789953164,Female,20,Indore,Central,Regular,2023-06-14
482,Niharika,Dara,cust482_hotmail.com,+91 941466777,Other,53,Bangalore,South,Occasional,2024-05-02
483,Sarthak,Seth,cust483_yahoo.com,+91 823338318,Other,45,Hyderabad,South,Occasional,2024-07-10
484,Alka,Dar,cust484_gmail.com,+91 715360428,Male,50,Lucknow,North,Occasional,2024-12-20
485,Daksha,Baria,cust485_gmail.com,+91 731468385,Other,34,Bhubaneswar,East,Regular,2023-09-02
486,Manbir,Chand,cust486_hotmail.com,+91 764425765,Other,17,Mumbai,West,New,2024-05-24
487,Ishani,Randhawa,cust487_hotmail.com,+91 963511965,Male,19,Ahmedabad,West,Regular,2024-01-21
488,Chandani,Lad,cust488_gmail.com,+91 799364708,Other,49,Kolkata,East,Occasional,2023-03-18
489,Nidhi,Sethi,cust489_hotmail.com,+91 910987510,Other,44,Indore,Central,Occasional,2023-02-18
490,Zaid,Chandra,cust490_yahoo.com,+91 766377523,Female,48,Bangalore,South,Occasional,2026-03-08
491,Logan,Dara,cust491_gmail.com,+91 933503741,Female,39,Jaipur,North,New,2023-06-08
492,Tristan,De,cust492_gmail.com,+91 978732924,Other,30,Raipur,Central,Occasional,2023-04-06
493,Kashish,Chad,cust493_hotmail.com,+91 980550419,Other,47,Raipur,Central,Regular,2024-09-14
494,Aashi,Borde,cust494_gmail.com,+91 885367421,Female,57,Mumbai,West,VIP,2025-06-29
495,Rudra,Sawhney,cust495_gmail.com,+91 996284159,Other,58,Jaipur,North,Occasional,2023-04-11
496,Garima,Das,cust496_gmail.com,+91 898145459,Other,22,Pune,West,VIP,2023-05-23
497,Chandresh,Ganguly,cust497_hotmail.com,+91 917332952,Other,53,Chandigarh,North,Occasional,2024-12-17
498,Megha,Taneja,cust498_gmail.com,+91 850354520,Male,60,Raipur,Central,Occasional,2024-11-03
499,Pooja,Gera,cust499_yahoo.com,+91 886157488,Female,46,Lucknow,North,VIP,2024-08-17
500,Rachit,Maharaj,cust500_yahoo.com,+91 877694356,Male,26,Lucknow,North,VIP,2023-11-30
501,Manthan,Banerjee,cust501_hotmail.com,+91 881728545,Other,42,Guwahati,East,Regular,2024-11-23
502,Yatan,Merchant,cust502_yahoo.com,+91 830114939,Female,34,Lucknow,North,Regular,2025-08-19
503,Varenya,Bhat,cust503_gmail.com,+91 878129684,Female,43,Surat,West,Occasional,2024-10-02
504,Leela,Devan,cust504_yahoo.com,+91 774924723,Male,16,Ahmedabad,West,Regular,2024-03-10
505,Zaid,Bahl,cust505_yahoo.com,+91 858902233,Female,55,Chennai,South,Regular,2023-11-06
506,Jagrati,Srinivasan,cust506_hotmail.com,+91 816211506,Other,55,Bhubaneswar,East,Regular,2026-04-29
507,Vedhika,Padmanabhan,cust507_hotmail.com,+91 711811791,Male,42,Nagpur,Central,Regular,2026-04-28
508,Ekanta,Rama,cust508_yahoo.com,+91 747285880,Male,43,Bangalore,South,Regular,2025-02-19
509,Atharv,Nagar,cust509_hotmail.com,+91 827882423,Female,54,Guwahati,East,VIP,2023-10-07
510,Ayushman,Mand,cust510_gmail.com,+91 745826202,Male,20,New Delhi,North,Regular,2023-12-07
511,Ishita,Kaul,cust511_gmail.com,+91 991497161,Other,15,Nagpur,Central,Occasional,2025-01-02
512,Yug,Khosla,cust512_yahoo.com,+91 885628505,Male,45,Indore,Central,Occasional,2023-06-05
513,Daksh,Kanda,cust513_hotmail.com,+91 732691709,Male,37,Bhopal,Central,Regular,2025-04-09
514,Lipika,Pant,cust514_gmail.com,+91 762911369,Female,25,Lucknow,North,Occasional,2026-05-23
515,Warjas,Nadkarni,cust515_hotmail.com,+91 924268154,Male,28,Kolkata,East,Occasional,2023-10-01
516,Jagrati,Bala,cust516_hotmail.com,+91 765454813,Female,52,Kochi,South,Occasional,2025-12-19
517,Indira,Dhar,cust517_hotmail.com,+91 954938750,Female,25,Indore,Central,Regular,2025-12-24
518,Waida,More,cust518_gmail.com,+91 725787670,Female,59,Pune,West,Occasional,2023-10-20
519,Baljiwan,Chana,cust519_gmail.com,+91 844148132,Female,58,Nagpur,Central,New,2025-01-31
520,Theodore,Bahri,cust520_hotmail.com,+91 846767578,Other,36,Ahmedabad,West,Occasional,2023-12-28
521,Aadi,Narula,cust521_hotmail.com,+91 734257830,Male,43,Bangalore,South,Regular,2025-01-12
522,Kalpit,Oak,cust522_hotmail.com,+91 920561548,Other,40,Raipur,Central,Occasional,2023-11-09
523,Ekiya,Bhargava,cust523_gmail.com,+91 996860270,Other,46,Chennai,South,Regular,2023-10-03
524,Lucky,Choudhry,cust524_hotmail.com,+91 719586462,Other,60,Kochi,South,VIP,2023-08-18
525,Elijah,Prakash,cust525_hotmail.com,+91 959352946,Male,17,Indore,Central,Regular,2024-07-20
526,Meghana,Chaudhuri,cust526_yahoo.com,+91 939432836,Female,49,Bangalore,South,Occasional,2025-10-25
527,Ekantika,Deshpande,cust527_gmail.com,+91 752968335,Other,34,Chennai,South,VIP,2024-04-13
528,Rajeshri,Sur,cust528_hotmail.com,+91 866585617,Other,33,New Delhi,North,Occasional,2026-02-11
529,Owen,Parikh,cust529_gmail.com,+91 745360360,Female,57,Chandigarh,North,New,2024-05-07
530,Parth,Radhakrishnan,cust530_yahoo.com,+91 778315939,Female,49,Ahmedabad,West,New,2025-10-30
531,Chaitaly,Datta,cust531_gmail.com,+91 937561821,Other,50,Chandigarh,North,Regular,2026-02-14
532,Aarav,Raman,cust532_hotmail.com,+91 925250649,Other,44,Pune,West,New,2026-02-06
533,Qabil,Nadkarni,cust533_hotmail.com,+91 959923737,Other,51,Nagpur,Central,Occasional,2023-02-20
534,Hemang,Taneja,cust534_gmail.com,+91 917413422,Other,45,Bhopal,Central,Occasional,2023-12-10
535,Faras,Khanna,cust535_yahoo.com,+91 867797240,Male,31,Kochi,South,Regular,2024-05-29
536,Oliver,Chakrabarti,cust536_hotmail.com,+91 979865490,Other,60,New Delhi,North,Regular,2024-05-11
537,Gautami,Sekhon,cust537_gmail.com,+91 993331706,Male,43,Pune,West,Regular,2025-11-06
538,Shaurya,Krish,cust538_hotmail.com,+91 729215761,Other,57,Hyderabad,South,Occasional,2024-02-16
539,Inaya,Kunda,cust539_gmail.com,+91 936276629,Male,47,Chandigarh,North,New,2023-04-16
540,Aarav,Bava,cust540_yahoo.com,+91 725145935,Male,22,Bhopal,Central,VIP,2026-01-24
541,Oni,Ganesan,cust541_yahoo.com,+91 718808634,Male,39,Hyderabad,South,Regular,2024-11-11
542,Kritika,Panchal,cust542_hotmail.com,+91 775961746,Male,53,Kolkata,East,Occasional,2025-02-04
543,Harrison,Srinivas,cust543_hotmail.com,+91 825111660,Other,20,Raipur,Central,Occasional,2024-08-06
544,Umang,Gaba,cust544_yahoo.com,+91 746163841,Female,30,Chennai,South,New,2025-10-08
545,Bahadurjit,Menon,cust545_gmail.com,+91 792187703,Other,47,Ahmedabad,West,Occasional,2023-04-25
546,Advika,Cheema,cust546_gmail.com,+91 992241299,Female,35,Bhubaneswar,East,Regular,2024-05-10
547,Onkar,Prashad,cust547_gmail.com,+91 714103303,Other,16,Nagpur,Central,Regular,2024-06-14
548,Falan,Chander,cust548_yahoo.com,+91 845437860,Male,52,Patna,East,Regular,2026-02-11
549,Vasudha,Balasubramanian,cust549_yahoo.com,+91 915546543,Male,57,Lucknow,North,Regular,2025-07-11
550,Nitesh,Saraf,cust550_gmail.com,+91 792502479,Male,34,Mumbai,West,New,2025-10-12
551,Harrison,Narula,cust551_gmail.com,+91 767654431,Female,21,Jaipur,North,Regular,2023-03-25
552,Nimrat,Zachariah,cust552_yahoo.com,+91 815635729,Other,15,Nagpur,Central,Regular,2023-10-23
553,Baghyawati,Mishra,cust553_gmail.com,+91 880307401,Female,50,Bhopal,Central,Regular,2025-10-23
554,Chandran,Ramaswamy,cust554_hotmail.com,+91 887570903,Male,15,Raipur,Central,Occasional,2023-05-30
555,Vritti,Dube,cust555_gmail.com,+91 976750679,Other,22,Raipur,Central,Regular,2025-05-03
556,Aarush,Sane,cust556_gmail.com,+91 757922705,Female,42,Kolkata,East,Regular,2024-07-14
557,Varsha,Iyengar,cust557_gmail.com,+91 858123809,Other,53,Kolkata,East,Regular,2024-04-02
558,Samuel,Garde,cust558_hotmail.com,+91 899882467,Male,44,New Delhi,North,Occasional,2023-02-09
559,Finn,Solanki,cust559_gmail.com,+91 748180666,Female,15,Bhopal,Central,Occasional,2024-03-29
560,Mitali,Sinha,cust560_yahoo.com,+91 769469443,Male,47,Nagpur,Central,Regular,2024-04-24
561,Alka,Chand,cust561_hotmail.com,+91 847823192,Female,57,Chandigarh,North,Occasional,2025-10-23
562,Lila,Goyal,cust562_yahoo.com,+91 933902176,Female,21,Bhubaneswar,East,Occasional,2025-04-25
563,Kala,Grover,cust563_yahoo.com,+91 787829706,Female,40,Bhopal,Central,New,2024-08-15
564,Adya,Sarraf,cust564_yahoo.com,+91 728717588,Male,36,Bhubaneswar,East,Occasional,2023-03-11
565,Upkaar,Luthra,cust565_hotmail.com,+91 943838848,Male,38,Chandigarh,North,Regular,2024-02-14
566,Matthew,Chatterjee,cust566_gmail.com,+91 897400481,Other,46,Bangalore,South,Occasional,2023-04-06
567,Hemangini,Sachdev,cust567_hotmail.com,+91 926102965,Female,51,Lucknow,North,Regular,2025-11-03
568,Darsh,Ram,cust568_hotmail.com,+91 983118851,Male,18,Surat,West,VIP,2023-12-20
569,Vaishnavi,Keer,cust569_yahoo.com,+91 862381154,Other,44,Patna,East,Regular,2024-10-12
570,Farhan,Rana,cust570_hotmail.com,+91 774266673,Female,54,Chennai,South,Regular,2024-04-09
571,Yadavi,Varughese,cust571_hotmail.com,+91 772632767,Male,48,Mumbai,West,Regular,2023-02-23
572,Manan,Dara,cust572_yahoo.com,+91 727529174,Male,39,Surat,West,New,2025-11-18
573,Oliver,Kakar,cust573_gmail.com,+91 818160905,Male,37,Nagpur,Central,New,2023-09-26
574,Brijesh,Sampath,cust574_gmail.com,+91 957101725,Male,26,New Delhi,North,Occasional,2023-07-16
575,Radhika,Jaggi,cust575_hotmail.com,+91 764182865,Female,17,New Delhi,North,Occasional,2025-11-27
576,Aarna,Nagarajan,cust576_hotmail.com,+91 927304144,Male,17,Kochi,South,Regular,2023-08-18
577,Gagan,Rama,cust577_hotmail.com,+91 710595362,Other,59,Bhubaneswar,East,Occasional,2023-04-15
578,Eshana,Majumdar,cust578_hotmail.com,+91 951815400,Other,29,Lucknow,North,Occasional,2024-09-09
579,Advik,Virk,cust579_yahoo.com,+91 981686318,Female,41,Kochi,South,Regular,2024-12-12
580,Oeshi,Doctor,cust580_gmail.com,+91 824523956,Female,20,Nagpur,Central,New,2023-06-24
581,Harish,Cherian,cust581_hotmail.com,+91 749930651,Female,20,Bhopal,Central,Regular,2025-05-30
582,Harrison,Mangal,cust582_hotmail.com,+91 815257460,Female,50,New Delhi,North,Occasional,2026-04-25
583,Nirja,Lalla,cust583_yahoo.com,+91 718579403,Other,28,Patna,East,New,2024-06-18
584,Vedika,Solanki,cust584_gmail.com,+91 940445992,Female,24,Surat,West,Regular,2025-10-14
585,Anya,Rau,cust585_gmail.com,+91 965139863,Female,42,Chandigarh,North,Regular,2023-09-25
586,Neelima,Barad,cust586_yahoo.com,+91 848654615,Other,27,Bhopal,Central,Occasional,2025-08-18
587,Wazir,Bawa,cust587_hotmail.com,+91 890970405,Male,40,Chennai,South,New,2024-05-29
588,Amruta,Pradhan,cust588_gmail.com,+91 816556935,Female,43,Indore,Central,New,2025-01-08
589,Chavvi,Mukhopadhyay,cust589_yahoo.com,+91 889443460,Female,20,Chandigarh,North,Regular,2024-06-08
590,Guneet,Kari,cust590_gmail.com,+91 933846944,Male,15,Patna,East,Occasional,2025-02-02
591,Saanvi,Nagi,cust591_yahoo.com,+91 715605744,Female,59,Nagpur,Central,Regular,2024-04-11
592,Omaja,Chakraborty,cust592_gmail.com,+91 720202573,Male,47,New Delhi,North,New,2026-02-06
593,Siddharth,Ray,cust593_hotmail.com,+91 847821555,Male,58,New Delhi,North,Regular,2024-11-17
594,Zaitra,Prakash,cust594_gmail.com,+91 761834735,Other,38,Hyderabad,South,New,2025-01-22
595,Nathan,Bhatti,cust595_yahoo.com,+91 797281100,Other,20,Ahmedabad,West,Occasional,2025-03-11
596,Yashawini,Raval,cust596_gmail.com,+91 955992160,Female,15,Kochi,South,Regular,2026-01-07
597,Ayush,Ghose,cust597_gmail.com,+91 824445319,Male,26,Kolkata,East,New,2026-04-27
598,Dalbir,Krish,cust598_gmail.com,+91 989447132,Female,43,Ahmedabad,West,Regular,2023-11-08
599,Chandresh,Patel,cust599_hotmail.com,+91 934964232,Female,44,Kolkata,East,Occasional,2024-12-10
600,Anusha,Pillay,cust600_yahoo.com,+91 985790474,Other,56,Lucknow,North,VIP,2023-11-06
601,Mekhala,Dasgupta,cust601_hotmail.com,+91 760394793,Male,54,Bangalore,South,Regular,2025-02-23
602,Wyatt,Pradhan,cust602_yahoo.com,+91 984221103,Male,32,Mumbai,West,Regular,2023-02-17
603,Sanaya,Goel,cust603_yahoo.com,+91 774726815,Female,33,Jaipur,North,VIP,2025-07-11
604,Inaya,Padmanabhan,cust604_gmail.com,+91 922326769,Other,36,Nagpur,Central,New,2025-06-30
605,Gautam,Mane,cust605_gmail.com,+91 854878868,Other,30,Bhopal,Central,New,2024-02-06
606,Chandran,Gaba,cust606_hotmail.com,+91 756497172,Male,17,Nagpur,Central,VIP,2024-08-23
607,Tanish,Kant,cust607_hotmail.com,+91 760684538,Other,50,Kolkata,East,VIP,2026-04-26
608,Samuel,Luthra,cust608_hotmail.com,+91 871369145,Other,59,Raipur,Central,New,2023-12-16
609,Yochana,Bahri,cust609_hotmail.com,+91 926833323,Other,57,Bhubaneswar,East,Regular,2024-09-28
610,Urvi,Deo,cust610_hotmail.com,+91 957982330,Other,16,Ahmedabad,West,VIP,2023-01-14
611,Abhiram,Kapur,cust611_yahoo.com,+91 752435108,Female,28,Guwahati,East,Regular,2023-09-27
612,Dalaja,Maharaj,cust612_yahoo.com,+91 837488420,Male,31,Mumbai,West,Regular,2025-08-03
613,Ikshita,Sharaf,cust613_yahoo.com,+91 768650360,Female,26,Patna,East,Occasional,2024-08-07
614,Unnati,Mittal,cust614_hotmail.com,+91 749438976,Male,21,Hyderabad,South,VIP,2023-12-05
615,Mekhala,Chaudry,cust615_gmail.com,+91 896147464,Other,30,New Delhi,North,VIP,2025-03-19
616,Kavya,Mandal,cust616_yahoo.com,+91 841114255,Other,22,Raipur,Central,Regular,2025-03-05
617,Hritik,Subramaniam,cust617_gmail.com,+91 788106388,Male,58,Guwahati,East,Regular,2025-11-29
618,Aradhana,Nair,cust618_yahoo.com,+91 979561431,Other,51,Bhubaneswar,East,New,2024-06-06
619,Chanchal,Guha,cust619_gmail.com,+91 985889533,Other,34,Jaipur,North,Regular,2024-02-10
620,Wridesh,Bhandari,cust620_hotmail.com,+91 895923283,Male,15,Jaipur,North,New,2025-03-14
621,Ekaja,Dey,cust621_hotmail.com,+91 876291179,Female,31,Kochi,South,Regular,2024-09-19
622,Widisha,Merchant,cust622_yahoo.com,+91 926101555,Other,22,Kolkata,East,Regular,2023-02-09
623,Nidhi,Rama,cust623_hotmail.com,+91 980106285,Male,27,Pune,West,Regular,2024-10-12
624,Ranveer,Oza,cust624_hotmail.com,+91 994275169,Other,37,Bangalore,South,New,2023-02-24
625,Tristan,Warrior,cust625_hotmail.com,+91 972840104,Other,58,Indore,Central,Regular,2026-01-13
626,Vamakshi,Parmer,cust626_hotmail.com,+91 774547316,Male,49,Chandigarh,North,Regular,2026-05-04
627,Onkar,Golla,cust627_yahoo.com,+91 950682867,Other,44,Indore,Central,Occasional,2024-04-11
628,Urishilla,Dave,cust628_hotmail.com,+91 922490669,Other,48,Patna,East,VIP,2023-06-01
629,Qadim,Nayak,cust629_hotmail.com,+91 878883927,Male,59,Lucknow,North,Occasional,2024-02-06
630,Tristan,Pant,cust630_gmail.com,+91 887258620,Other,52,Bangalore,South,Regular,2023-05-19
631,Damyanti,Salvi,cust631_yahoo.com,+91 816773198,Female,47,Chennai,South,Regular,2026-03-02
632,Abha,Menon,cust632_yahoo.com,+91 732664318,Male,54,Patna,East,Regular,2024-07-31
633,Upma,Bera,cust633_hotmail.com,+91 929160358,Male,20,Hyderabad,South,Regular,2023-07-02
634,Ekavir,Sodhi,cust634_gmail.com,+91 726867980,Other,48,Bhubaneswar,East,Occasional,2025-06-25
635,Jagdish,Raj,cust635_hotmail.com,+91 987827300,Female,59,Chandigarh,North,VIP,2025-02-16
636,Odika,Bhagat,cust636_gmail.com,+91 791312151,Male,32,Bangalore,South,New,2024-04-08
637,Sai,Oommen,cust637_yahoo.com,+91 766609467,Male,23,Hyderabad,South,Occasional,2023-08-02
638,Tanvi,Dhar,cust638_yahoo.com,+91 934142895,Female,23,Jaipur,North,Occasional,2025-06-03
639,Pranit,Buch,cust639_yahoo.com,+91 842505301,Male,15,Bhubaneswar,East,Occasional,2026-01-16
640,Peter,Munshi,cust640_hotmail.com,+91 939948550,Other,44,Lucknow,North,Regular,2024-05-31
641,Aayush,Seth,cust641_yahoo.com,+91 938235886,Other,19,Kolkata,East,Occasional,2023-04-01
642,Om,Dutt,cust642_yahoo.com,+91 997860175,Female,45,Bangalore,South,Regular,2023-11-22
643,Gaurang,Dayal,cust643_hotmail.com,+91 977323222,Male,16,Indore,Central,Regular,2026-05-04
644,Pushti,Raval,cust644_yahoo.com,+91 959501266,Male,24,Nagpur,Central,Occasional,2024-11-04
645,Leela,Agrawal,cust645_gmail.com,+91 811613157,Female,38,Bangalore,South,Regular,2025-01-11
646,Ryan,Prakash,cust646_gmail.com,+91 815492339,Female,59,Surat,West,Regular,2025-04-09
647,Rayaan,Badami,cust647_hotmail.com,+91 960470470,Other,18,Bangalore,South,Regular,2024-05-15
648,Yuvraj,Kara,cust648_hotmail.com,+91 914551541,Female,40,Ahmedabad,West,New,2023-01-07
649,Devika,Dayal,cust649_gmail.com,+91 782526452,Other,15,Pune,West,Regular,2024-06-18
650,Yahvi,Mohan,cust650_gmail.com,+91 834232966,Male,25,Raipur,Central,Regular,2024-08-18
651,Chakradev,Misra,cust651_yahoo.com,+91 828361321,Male,41,Kolkata,East,Occasional,2023-04-12
652,Zinal,Viswanathan,cust652_yahoo.com,+91 929203795,Female,47,Ahmedabad,West,New,2024-12-09
653,Krish,Oommen,cust653_yahoo.com,+91 989200857,Other,54,Chandigarh,North,New,2024-11-04
654,Raghav,Gala,cust654_yahoo.com,+91 820773715,Other,51,Hyderabad,South,Occasional,2024-07-12
655,Vedant,Kapur,cust655_hotmail.com,+91 953924345,Male,23,Pune,West,Occasional,2023-01-30
656,Siddharth,Bains,cust656_hotmail.com,+91 895158473,Male,49,Surat,West,Regular,2023-07-23
657,Omkaar,Dasgupta,cust657_yahoo.com,+91 798346179,Male,20,Chennai,South,Occasional,2025-02-22
658,Baljiwan,Prashad,cust658_hotmail.com,+91 757836373,Female,38,Surat,West,New,2026-01-09
659,Chanakya,Bava,cust659_hotmail.com,+91 868511700,Female,60,Bhubaneswar,East,New,2024-02-02
660,Anmol,Bava,cust660_hotmail.com,+91 840547479,Male,51,Ahmedabad,West,Regular,2023-06-17
661,Omaja,Sawhney,cust661_yahoo.com,+91 986895614,Female,39,Surat,West,New,2023-06-29
662,Zayyan,Som,cust662_hotmail.com,+91 826180281,Male,36,Chandigarh,North,Regular,2023-07-11
663,Samesh,Andra,cust663_yahoo.com,+91 889413620,Other,20,New Delhi,North,Occasional,2023-08-26
664,Harrison,Venkatesh,cust664_yahoo.com,+91 751905480,Other,51,Kochi,South,Regular,2024-10-15
665,Laksh,Sahota,cust665_gmail.com,+91 740113564,Male,32,Surat,West,Regular,2025-08-25
666,Jacob,Mandal,cust666_gmail.com,+91 759225933,Female,33,Mumbai,West,VIP,2025-03-05
667,Hitesh,Tank,cust667_gmail.com,+91 763936219,Male,34,Pune,West,Occasional,2026-05-04
668,Ryan,Lall,cust668_hotmail.com,+91 767680522,Other,29,Pune,West,Occasional,2025-08-04
669,Ishita,Rout,cust669_yahoo.com,+91 912130646,Male,56,Patna,East,Occasional,2023-11-10
670,Balveer,Taneja,cust670_gmail.com,+91 831245223,Other,20,Chandigarh,North,Regular,2023-09-07
671,Vasana,Narayanan,cust671_gmail.com,+91 945425260,Male,28,Raipur,Central,Regular,2025-12-05
672,Agastya,Chakraborty,cust672_gmail.com,+91 968365373,Female,58,Pune,West,Occasional,2023-01-05
673,Wakeeta,Dixit,cust673_gmail.com,+91 834758267,Male,56,Kolkata,East,New,2025-06-10
674,Yasti,Borde,cust674_hotmail.com,+91 928327555,Female,44,Chandigarh,North,Regular,2026-04-25
675,Harrison,Kunda,cust675_hotmail.com,+91 951516292,Female,27,Raipur,Central,Regular,2026-01-29
676,Tanmayi,Minhas,cust676_yahoo.com,+91 915881744,Male,59,Lucknow,North,Regular,2023-12-26
677,Chandresh,Chaudhry,cust677_gmail.com,+91 713476433,Other,56,Kochi,South,Occasional,2024-12-22
678,Bina,Parsa,cust678_hotmail.com,+91 771976798,Male,26,New Delhi,North,Occasional,2023-03-03
679,Pooja,D’Alia,cust679_gmail.com,+91 869778967,Male,27,Lucknow,North,Regular,2024-04-30
680,Chakradev,Andra,cust680_gmail.com,+91 998910226,Male,28,Lucknow,North,Occasional,2026-03-23
681,Onkar,Narasimhan,cust681_yahoo.com,+91 714303224,Female,27,Indore,Central,Regular,2025-10-27
682,Amrita,Chander,cust682_yahoo.com,+91 776894500,Other,26,Ahmedabad,West,New,2024-11-10
683,Qadim,Comar,cust683_yahoo.com,+91 990976596,Other,30,Jaipur,North,Regular,2024-06-16
684,Tanmayi,Magar,cust684_yahoo.com,+91 937340251,Other,25,Ahmedabad,West,Regular,2024-09-13
685,Vanya,Sama,cust685_hotmail.com,+91 934634717,Other,53,Patna,East,Regular,2025-12-07
686,Ojas,Chowdhury,cust686_gmail.com,+91 998948900,Female,29,Ahmedabad,West,Occasional,2026-05-22
687,Daniel,Dutta,cust687_gmail.com,+91 864189619,Male,37,Hyderabad,South,New,2025-12-17
688,Vasudha,Sarma,cust688_gmail.com,+91 780570146,Male,47,Guwahati,East,Regular,2024-10-08
689,Ladli,Parmer,cust689_hotmail.com,+91 930949974,Male,27,Raipur,Central,Regular,2025-08-07
690,Kalpit,Subramanian,cust690_yahoo.com,+91 729505202,Female,37,New Delhi,North,Occasional,2023-02-14
691,Nisha,Sastry,cust691_gmail.com,+91 981747287,Other,60,Bhopal,Central,Regular,2023-06-25
692,Advika,Murthy,cust692_gmail.com,+91 878980364,Other,40,Guwahati,East,Regular,2023-04-09
693,Udarsh,Nigam,cust693_hotmail.com,+91 728314321,Female,59,Surat,West,New,2025-12-30
694,Girish,Sant,cust694_hotmail.com,+91 912749208,Other,53,Hyderabad,South,Regular,2025-03-23
695,Yuvraj,Subramaniam,cust695_yahoo.com,+91 982257834,Other,57,Chennai,South,New,2026-02-02
696,Lekha,Dixit,cust696_hotmail.com,+91 861158486,Other,26,Hyderabad,South,Occasional,2025-10-28
697,Chatura,Apte,cust697_hotmail.com,+91 893150498,Male,30,Nagpur,Central,Occasional,2025-08-10
698,Yashasvi,Singh,cust698_yahoo.com,+91 924644156,Male,32,Patna,East,Regular,2023-09-01
699,Falan,Swamy,cust699_yahoo.com,+91 710597785,Male,35,Bhubaneswar,East,Regular,2023-09-14
700,Ganga,Mall,cust700_gmail.com,+91 981431252,Male,15,Nagpur,Central,New,2024-01-10
701,Udant,Radhakrishnan,cust701_yahoo.com,+91 761776158,Female,47,Jaipur,North,Occasional,2025-02-26
702,Farhan,Sharaf,cust702_yahoo.com,+91 970772474,Other,39,Patna,East,VIP,2024-01-01
703,Sara,Chakrabarti,cust703_yahoo.com,+91 850357682,Male,19,Surat,West,Occasional,2026-05-29
704,Diya,Dani,cust704_yahoo.com,+91 844173179,Male,51,Lucknow,North,Occasional,2024-11-25
705,Andrew,Chauhan,cust705_yahoo.com,+91 812683786,Female,20,Ahmedabad,West,Occasional,2026-03-03
706,Balendra,Acharya,cust706_gmail.com,+91 867660608,Other,37,Patna,East,Occasional,2024-10-02
707,Daksha,Trivedi,cust707_hotmail.com,+91 712359272,Male,42,Chandigarh,North,New,2026-05-14
708,Tanmayi,Om,cust708_yahoo.com,+91 973198239,Other,57,New Delhi,North,Regular,2023-11-18
709,Udant,Sha,cust709_yahoo.com,+91 941869833,Male,42,Mumbai,West,New,2023-03-26
710,Urvashi,Patla,cust710_hotmail.com,+91 982762564,Female,40,Raipur,Central,VIP,2025-05-20
711,Ishaan,Chatterjee,cust711_hotmail.com,+91 731536602,Male,45,Raipur,Central,Regular,2024-12-03
712,Aarnav,Om,cust712_yahoo.com,+91 893498791,Male,16,Bhopal,Central,Regular,2023-12-11
713,Bishakha,Vig,cust713_yahoo.com,+91 963460342,Other,55,Surat,West,New,2025-09-11
714,Hitesh,Bath,cust714_gmail.com,+91 787193745,Male,39,Nagpur,Central,Regular,2025-12-26
715,Logan,Rout,cust715_gmail.com,+91 984752442,Other,26,Bangalore,South,Regular,2025-02-03
716,Rohan,Guha,cust716_gmail.com,+91 785170460,Male,16,Bangalore,South,Occasional,2024-01-31
717,Tanveer,Shankar,cust717_gmail.com,+91 882755567,Female,33,Guwahati,East,Regular,2024-09-02
718,Hamsini,Chokshi,cust718_yahoo.com,+91 881575505,Male,34,New Delhi,North,Regular,2026-01-18
719,Jatin,Seshadri,cust719_yahoo.com,+91 883558707,Female,43,Guwahati,East,New,2023-03-14
720,Yamini,Desai,cust720_yahoo.com,+91 854536807,Male,17,Chandigarh,North,Regular,2025-10-19
721,Chanakya,Sant,cust721_hotmail.com,+91 841461422,Male,59,Mumbai,West,Regular,2023-01-07
722,Yashoda,Goel,cust722_hotmail.com,+91 959378678,Other,42,Bangalore,South,Occasional,2025-01-20
723,Oscar,Dave,cust723_gmail.com,+91 791679765,Male,37,Guwahati,East,Regular,2025-06-17
724,Ekanta,Thaman,cust724_yahoo.com,+91 716811479,Female,52,Patna,East,Regular,2024-08-24
725,Yuvraj,Mahal,cust725_yahoo.com,+91 824265641,Female,25,Jaipur,North,Regular,2024-10-12
726,Chaitaly,Sethi,cust726_gmail.com,+91 720973421,Female,54,Kochi,South,Regular,2024-06-16
727,Nitara,Vala,cust727_yahoo.com,+91 854388523,Other,57,Nagpur,Central,Regular,2023-08-03
728,Dipta,Kalla,cust728_gmail.com,+91 838414826,Female,31,Ahmedabad,West,Occasional,2025-12-25
729,Bina,Pai,cust729_hotmail.com,+91 987703350,Female,53,Mumbai,West,Regular,2023-11-22
730,Pranav,Thakur,cust730_hotmail.com,+91 846331688,Other,32,Ahmedabad,West,New,2023-07-26
731,Ekantika,D’Alia,cust731_yahoo.com,+91 994816674,Other,25,Mumbai,West,Regular,2025-12-14
732,Varsha,Sahni,cust732_hotmail.com,+91 826719840,Other,45,Lucknow,North,Occasional,2025-05-23
733,Bhavika,Sami,cust733_gmail.com,+91 730206108,Male,51,Chennai,South,Regular,2026-03-07
734,Hredhaan,Bakshi,cust734_yahoo.com,+91 815590434,Male,34,Jaipur,North,New,2025-03-23
735,Chatresh,Bhalla,cust735_gmail.com,+91 890826903,Male,41,Nagpur,Central,Regular,2023-08-14
736,Naveen,Mangat,cust736_hotmail.com,+91 741110143,Male,34,Patna,East,Regular,2024-02-19
737,Madhav,Bhatia,cust737_hotmail.com,+91 728840725,Female,29,Bhubaneswar,East,Occasional,2024-01-25
738,Chakrika,Jani,cust738_hotmail.com,+91 823239897,Other,22,Jaipur,North,Regular,2026-05-03
739,Jagrati,Sethi,cust739_gmail.com,+91 877823709,Female,40,Bhubaneswar,East,Regular,2023-02-20
740,Udarsh,Ramachandran,cust740_gmail.com,+91 970102668,Other,42,Nagpur,Central,New,2025-08-15
741,Bhavna,Batta,cust741_yahoo.com,+91 856665405,Male,27,Jaipur,North,Regular,2025-03-04
742,Omaja,Munshi,cust742_hotmail.com,+91 720174328,Female,49,Surat,West,Occasional,2024-08-25
743,Agastya,Krishnamurthy,cust743_gmail.com,+91 734948517,Female,25,Jaipur,North,New,2023-03-25
744,Saanvi,Kar,cust744_hotmail.com,+91 749568399,Male,26,Bangalore,South,Regular,2025-08-22
745,Jhalak,Hegde,cust745_hotmail.com,+91 839779561,Male,60,Bangalore,South,Occasional,2025-12-30
746,Chaitaly,Sen,cust746_gmail.com,+91 714665910,Other,56,Raipur,Central,Regular,2023-10-28
747,Falan,Grover,cust747_gmail.com,+91 916256924,Female,56,Chennai,South,Regular,2025-11-26
748,Yoshita,Dar,cust748_yahoo.com,+91 769369292,Female,17,Guwahati,East,Regular,2026-02-15
749,Priya,Mallick,cust749_hotmail.com,+91 778912910,Male,38,Mumbai,West,New,2023-03-05
750,Kalpit,Dyal,cust750_hotmail.com,+91 945532500,Other,36,Hyderabad,South,Regular,2024-02-15
751,Abdul,Narayanan,cust751_yahoo.com,+91 727632256,Male,54,Pune,West,Occasional,2024-02-01
752,Mohammed,Baral,cust752_gmail.com,+91 752510687,Male,21,Jaipur,North,Regular,2026-01-07
753,Charan,Mitra,cust753_yahoo.com,+91 735359518,Male,44,Jaipur,North,Regular,2024-05-16
754,Ishita,Bora,cust754_hotmail.com,+91 811548976,Female,42,Chandigarh,North,Regular,2026-05-12
755,Thomas,Gour,cust755_hotmail.com,+91 717277384,Female,56,Bhubaneswar,East,Regular,2024-05-08
756,Yashasvi,Dutta,cust756_yahoo.com,+91 784669888,Male,31,New Delhi,North,Occasional,2023-04-16
757,Netra,Chanda,cust757_yahoo.com,+91 744833911,Male,23,Hyderabad,South,VIP,2025-04-23
758,Tanay,Narula,cust758_yahoo.com,+91 784928859,Female,16,Nagpur,Central,Regular,2023-12-10
759,Chaaya,Kamdar,cust759_hotmail.com,+91 747153482,Other,18,Hyderabad,South,Regular,2024-07-14
760,Vaishnavi,Andra,cust760_gmail.com,+91 969847894,Other,21,Bhubaneswar,East,Occasional,2025-04-04
761,Hiral,Sehgal,cust761_gmail.com,+91 862208737,Female,53,Guwahati,East,New,2025-11-05
762,Yagnesh,Baral,cust762_hotmail.com,+91 856755654,Male,29,Chennai,South,Occasional,2025-09-24
763,Lakshmi,Comar,cust763_yahoo.com,+91 890251447,Other,47,Patna,East,New,2024-05-13
764,Barkha,Bakshi,cust764_hotmail.com,+91 886141921,Male,52,Jaipur,North,Occasional,2024-02-03
765,Kavya,Varkey,cust765_hotmail.com,+91 946829360,Female,47,Surat,West,Occasional,2026-04-11
766,Vidhi,Bassi,cust766_yahoo.com,+91 790292562,Female,51,Hyderabad,South,Occasional,2024-11-23
767,Reyansh,Nagi,cust767_hotmail.com,+91 720188148,Male,22,Jaipur,North,Occasional,2025-10-09
768,Gopal,Ganesh,cust768_hotmail.com,+91 954804666,Male,41,Indore,Central,Occasional,2023-05-08
769,Abhimanyu,Bhatti,cust769_gmail.com,+91 768975150,Other,46,Indore,Central,Regular,2025-04-08
770,Tanay,Samra,cust770_gmail.com,+91 755206701,Other,54,Jaipur,North,Occasional,2025-11-07
771,Radhika,Bora,cust771_hotmail.com,+91 824605204,Other,26,Pune,West,Regular,2023-11-16
772,Mitesh,Bajwa,cust772_yahoo.com,+91 841325670,Other,44,Guwahati,East,Regular,2025-12-01
773,Garima,Barad,cust773_gmail.com,+91 728215484,Female,26,Lucknow,North,Regular,2026-01-18
774,Chatura,Gokhale,cust774_yahoo.com,+91 958970296,Other,27,Ahmedabad,West,Occasional,2023-04-24
775,Ekavir,Kari,cust775_yahoo.com,+91 847409553,Male,16,Jaipur,North,Regular,2025-05-16
776,Lipika,Seshadri,cust776_hotmail.com,+91 984438112,Other,32,Raipur,Central,Regular,2024-09-25
777,Rachita,Mutti,cust777_gmail.com,+91 997486884,Female,47,Bangalore,South,Occasional,2024-09-20
778,Jagat,Warrior,cust778_gmail.com,+91 967608363,Male,54,Lucknow,North,Occasional,2024-08-28
779,Dev,Bath,cust779_hotmail.com,+91 994314263,Female,53,Kochi,South,Occasional,2025-09-23
780,Ishita,Thakkar,cust780_gmail.com,+91 767609585,Female,35,Patna,East,Occasional,2023-04-23
781,Charvi,Chadha,cust781_yahoo.com,+91 712528182,Other,40,Chennai,South,Regular,2024-03-26
782,Raksha,Raj,cust782_yahoo.com,+91 713769477,Other,51,Jaipur,North,Occasional,2026-04-03
783,Azaan,Som,cust783_gmail.com,+91 824173430,Other,41,Hyderabad,South,Regular,2025-10-23
784,Thomas,Deshpande,cust784_hotmail.com,+91 999695511,Female,29,Chennai,South,Regular,2025-04-08
785,Chakrika,Dhawan,cust785_yahoo.com,+91 832946737,Other,33,Patna,East,Occasional,2024-08-30
786,Kashvi,Apte,cust786_hotmail.com,+91 819443779,Female,31,Bangalore,South,Occasional,2025-11-18
787,Lohit,Dasgupta,cust787_gmail.com,+91 736841209,Male,29,Lucknow,North,Occasional,2025-05-12
788,Meera,Yogi,cust788_hotmail.com,+91 978972971,Female,29,New Delhi,North,Occasional,2023-01-08
789,Dalaja,Kade,cust789_hotmail.com,+91 732970255,Other,21,Bangalore,South,New,2023-05-13
790,Hemangini,Kakar,cust790_yahoo.com,+91 947623778,Female,22,Bangalore,South,Occasional,2026-02-25
791,Yauvani,Dhar,cust791_gmail.com,+91 963648611,Female,40,Bhopal,Central,Regular,2025-09-30
792,Timothy,Krishnan,cust792_gmail.com,+91 777434368,Other,50,New Delhi,North,Occasional,2023-10-13
793,Pratyush,Bhagat,cust793_hotmail.com,+91 796100143,Female,39,Bhubaneswar,East,Regular,2023-06-28
794,Elijah,Mannan,cust794_hotmail.com,+91 977591350,Female,35,Raipur,Central,Occasional,2024-12-17
795,Zashil,Chaudhari,cust795_gmail.com,+91 849893863,Female,22,Guwahati,East,Occasional,2023-04-15
796,Vidhi,Narayanan,cust796_yahoo.com,+91 933214725,Female,24,Hyderabad,South,Occasional,2026-02-01
797,Wahab,Chaudhry,cust797_yahoo.com,+91 734287117,Male,34,Patna,East,Occasional,2023-07-19
798,Ekaraj,Hari,cust798_yahoo.com,+91 942644322,Male,22,Lucknow,North,Regular,2025-08-20
799,Shravya,Narasimhan,cust799_hotmail.com,+91 888557257,Male,41,Kolkata,East,Occasional,2025-01-24
800,Damini,Dua,cust800_hotmail.com,+91 977198767,Other,25,Nagpur,Central,Occasional,2025-10-21
801,Janya,Mutti,cust801_yahoo.com,+91 912158324,Other,42,Bangalore,South,Regular,2025-05-30
802,Aayush,Munshi,cust802_gmail.com,+91 717105456,Other,27,Jaipur,North,Occasional,2023-09-19
803,Timothy,Sarin,cust803_yahoo.com,+91 960293993,Male,21,Nagpur,Central,VIP,2026-05-05
804,Krish,Narula,cust804_yahoo.com,+91 841642340,Male,50,Lucknow,North,Occasional,2024-07-12
805,Sanaya,Parmer,cust805_yahoo.com,+91 931775897,Female,51,Pune,West,Occasional,2024-12-20
806,Ikbal,Gill,cust806_hotmail.com,+91 878814542,Female,25,New Delhi,North,Occasional,2025-01-26
807,Finn,Mand,cust807_gmail.com,+91 781311993,Male,47,Patna,East,Occasional,2025-07-31
808,Ronith,Lall,cust808_hotmail.com,+91 862864185,Male,47,Patna,East,Regular,2025-04-16
809,Faraj,Borra,cust809_gmail.com,+91 868207353,Male,42,Chandigarh,North,Occasional,2025-08-31
810,Azaan,Ravel,cust810_hotmail.com,+91 729779617,Male,25,New Delhi,North,Regular,2025-02-26
811,Balhaar,Lad,cust811_hotmail.com,+91 979969620,Male,29,Hyderabad,South,Regular,2023-11-27
812,Urmi,Dixit,cust812_yahoo.com,+91 918641588,Other,35,Kochi,South,Occasional,2025-04-18
813,Udant,Mannan,cust813_gmail.com,+91 859197766,Female,17,Chandigarh,North,Regular,2024-09-01
814,Yachana,Uppal,cust814_gmail.com,+91 978635202,Male,56,Pune,West,Occasional,2024-12-22
815,Januja,Thakkar,cust815_gmail.com,+91 769721555,Other,41,Bangalore,South,Regular,2024-09-08
816,William,Gandhi,cust816_hotmail.com,+91 963693973,Female,49,Indore,Central,Occasional,2025-10-26
817,Sanaya,Dutta,cust817_gmail.com,+91 973282852,Female,58,Nagpur,Central,VIP,2023-08-07
818,Madhav,Sule,cust818_yahoo.com,+91 899941508,Female,49,Kochi,South,Regular,2025-05-29
819,Theodore,Sura,cust819_gmail.com,+91 727431558,Other,28,Chennai,South,Regular,2023-03-04
820,Aishani,Pingle,cust820_gmail.com,+91 838716379,Female,57,Bhopal,Central,Regular,2023-04-08
821,Samuel,Vasa,cust821_yahoo.com,+91 827693982,Other,53,Chandigarh,North,VIP,2023-03-08
822,Upasna,Sha,cust822_gmail.com,+91 962533704,Male,34,Surat,West,VIP,2024-08-25
823,Ekiya,Chauhan,cust823_hotmail.com,+91 781103666,Female,53,Guwahati,East,Regular,2023-03-03
824,Anusha,Lall,cust824_hotmail.com,+91 897732971,Other,51,Bhubaneswar,East,Regular,2025-03-20
825,Owen,Puri,cust825_hotmail.com,+91 787921616,Other,34,Mumbai,West,Regular,2025-04-25
826,Jasmit,Brahmbhatt,cust826_hotmail.com,+91 876745451,Female,28,Patna,East,Regular,2024-08-11
827,Krisha,Kapoor,cust827_hotmail.com,+91 884646128,Female,31,Indore,Central,Regular,2024-01-26
828,Ira,Pai,cust828_yahoo.com,+91 975925503,Other,15,Jaipur,North,Regular,2024-09-22
829,Vasatika,Ahuja,cust829_hotmail.com,+91 761242569,Male,17,Bangalore,South,Regular,2026-05-16
830,Ria,Gandhi,cust830_gmail.com,+91 932377647,Male,31,Mumbai,West,Regular,2023-08-04
831,Yoshita,Mand,cust831_gmail.com,+91 979686668,Male,27,Jaipur,North,New,2023-04-30
832,Rachit,Dugar,cust832_yahoo.com,+91 895934653,Female,50,Lucknow,North,Regular,2023-08-22
833,Jagat,Karpe,cust833_yahoo.com,+91 923666455,Female,41,Raipur,Central,New,2025-07-24
834,Ishaan,Subramaniam,cust834_hotmail.com,+91 857113148,Male,15,Bangalore,South,Regular,2024-05-27
835,Varenya,Kade,cust835_hotmail.com,+91 823706990,Other,53,Surat,West,Regular,2025-01-13
836,Nirja,Bains,cust836_gmail.com,+91 847199671,Female,31,Bangalore,South,Occasional,2023-09-08
837,Joshua,Dyal,cust837_gmail.com,+91 947542559,Other,51,Kochi,South,VIP,2023-03-09
838,Yauvani,Baral,cust838_hotmail.com,+91 777583265,Other,41,Kolkata,East,New,2025-09-04
839,Daksh,Ganesan,cust839_yahoo.com,+91 936537481,Male,59,New Delhi,North,Regular,2023-08-17
840,Zansi,Ravi,cust840_hotmail.com,+91 842234715,Female,53,Chennai,South,New,2023-10-07
841,Anirudh,Mander,cust841_gmail.com,+91 953532672,Female,40,Guwahati,East,Occasional,2025-05-25
842,Saumya,Sinha,cust842_yahoo.com,+91 758245906,Female,23,Pune,West,Regular,2023-12-03
843,Theodore,Roy,cust843_hotmail.com,+91 750535886,Female,26,Surat,West,Regular,2023-09-22
844,Qabil,Vaidya,cust844_yahoo.com,+91 752341320,Other,55,Bangalore,South,Occasional,2023-08-10
845,Hema,Setty,cust845_hotmail.com,+91 873414591,Male,39,Surat,West,Regular,2023-09-18
846,Ekapad,Karpe,cust846_yahoo.com,+91 938715547,Female,35,Ahmedabad,West,Regular,2025-07-06
847,Kevin,Chopra,cust847_gmail.com,+91 772950183,Female,23,Hyderabad,South,Regular,2024-08-21
848,Yamini,Saini,cust848_gmail.com,+91 799948982,Male,53,Pune,West,VIP,2023-11-11
849,Gopal,Goel,cust849_yahoo.com,+91 933193989,Male,19,Kochi,South,New,2025-07-29
850,Balvan,Wali,cust850_hotmail.com,+91 791574606,Other,25,Patna,East,Regular,2025-08-12
851,Jacob,Chander,cust851_yahoo.com,+91 881428829,Other,58,Pune,West,Regular,2026-03-14
852,Kalpit,Zacharia,cust852_gmail.com,+91 995412274,Male,58,Pune,West,Occasional,2025-10-21
853,Raagini,Vig,cust853_yahoo.com,+91 824614435,Male,46,Chennai,South,Regular,2026-04-18
854,Caleb,Wagle,cust854_yahoo.com,+91 753153641,Male,55,Chandigarh,North,VIP,2024-07-29
855,Vasatika,Raj,cust855_yahoo.com,+91 868414375,Female,45,Mumbai,West,Regular,2023-12-23
856,Guneet,Sandal,cust856_gmail.com,+91 748548994,Female,48,Pune,West,Occasional,2025-07-04
857,Vansha,Kaul,cust857_gmail.com,+91 755694407,Female,59,Mumbai,West,Occasional,2024-01-31
858,Nilima,Kurian,cust858_gmail.com,+91 847967717,Male,28,Raipur,Central,VIP,2024-03-16
859,Abhimanyu,Virk,cust859_gmail.com,+91 913327299,Other,22,Kochi,South,Occasional,2023-01-09
860,Abhimanyu,Prashad,cust860_hotmail.com,+91 935345945,Male,56,Kolkata,East,Occasional,2025-03-18
861,Diya,Rege,cust861_yahoo.com,+91 775585618,Female,49,Bhopal,Central,New,2023-11-16
862,Mohammed,Sandhu,cust862_hotmail.com,+91 771656586,Female,27,Indore,Central,VIP,2023-06-15
863,Zehaan,Lal,cust863_hotmail.com,+91 897164420,Male,26,Raipur,Central,Regular,2025-06-28
864,Jasmit,Majumdar,cust864_hotmail.com,+91 937435846,Female,29,Surat,West,Regular,2024-10-19
865,Samar,Sachdev,cust865_hotmail.com,+91 982984209,Male,37,Indore,Central,Regular,2024-09-09
866,Vasudha,Gola,cust866_yahoo.com,+91 858608189,Female,45,Patna,East,Regular,2026-05-02
867,Veda,Kulkarni,cust867_yahoo.com,+91 885166417,Other,29,Patna,East,Regular,2025-05-18
868,Hemangini,Rao,cust868_hotmail.com,+91 983363485,Other,55,Patna,East,Occasional,2025-06-16
869,Jagat,Karpe,cust869_yahoo.com,+91 985688699,Male,16,Ahmedabad,West,Occasional,2023-08-03
870,Neel,Chaudhry,cust870_gmail.com,+91 980448591,Other,29,New Delhi,North,Occasional,2026-05-01
871,Nandini,Nigam,cust871_hotmail.com,+91 953267197,Other,60,Bhopal,Central,Regular,2025-02-28
872,Charles,Dyal,cust872_yahoo.com,+91 947394274,Other,56,Raipur,Central,Regular,2025-08-11
873,Abdul,Chand,cust873_gmail.com,+91 988841568,Other,52,Ahmedabad,West,Regular,2025-09-14
874,Radhika,Chakrabarti,cust874_gmail.com,+91 891827684,Female,37,Chennai,South,Occasional,2025-01-02
875,Tristan,Prabhakar,cust875_gmail.com,+91 732246173,Other,43,Bangalore,South,Occasional,2024-02-13
876,Baljiwan,Rajagopalan,cust876_yahoo.com,+91 877653292,Male,55,Kolkata,East,Occasional,2025-08-04
877,Bhavini,Bhandari,cust877_gmail.com,+91 752868694,Female,48,Kolkata,East,Regular,2025-08-11
878,Warda,Sarna,cust878_gmail.com,+91 836535608,Male,25,Ahmedabad,West,Occasional,2025-09-21
879,Zarna,Mangal,cust879_gmail.com,+91 737753130,Male,28,Kolkata,East,Occasional,2023-11-10
880,Yashvi,Varty,cust880_hotmail.com,+91 720691351,Other,54,Surat,West,New,2023-02-22
881,Omkaar,Banik,cust881_yahoo.com,+91 883111940,Female,16,Kolkata,East,Occasional,2023-12-26
882,Aadi,Dugar,cust882_gmail.com,+91 869690148,Male,38,Bhopal,Central,Regular,2024-01-07
883,Mugdha,Pandit,cust883_hotmail.com,+91 936326942,Female,38,Raipur,Central,Regular,2024-03-04
884,Nidra,Iyer,cust884_hotmail.com,+91 811887956,Other,57,Mumbai,West,Regular,2024-09-05
885,Ekapad,Chana,cust885_hotmail.com,+91 925224689,Male,30,Kochi,South,Occasional,2023-01-24
886,Ijaya,Palan,cust886_yahoo.com,+91 926973687,Male,45,New Delhi,North,Regular,2024-03-17
887,Robert,Sha,cust887_yahoo.com,+91 764143687,Male,18,Ahmedabad,West,Occasional,2023-12-18
888,Aayush,Lal,cust888_gmail.com,+91 925143390,Other,35,Mumbai,West,VIP,2025-06-12
889,Yashawini,Chhabra,cust889_hotmail.com,+91 969311510,Male,19,Chennai,South,New,2024-09-24
890,Yahvi,Menon,cust890_yahoo.com,+91 861243550,Male,20,Raipur,Central,Regular,2023-04-23
891,Yochana,Kurian,cust891_hotmail.com,+91 736461347,Other,54,Surat,West,VIP,2023-07-01
892,Zashil,Savant,cust892_yahoo.com,+91 865192475,Other,55,Lucknow,North,New,2026-05-17
893,Veda,Kohli,cust893_yahoo.com,+91 952981495,Male,39,Patna,East,Regular,2025-05-24
894,Tara,Sharma,cust894_hotmail.com,+91 824203488,Female,33,Patna,East,Regular,2026-04-19
895,Vasatika,Dada,cust895_yahoo.com,+91 775345582,Other,46,Indore,Central,Regular,2023-02-12
896,Lavanya,Kannan,cust896_hotmail.com,+91 963884765,Other,39,Jaipur,North,Regular,2023-04-15
897,Victor,Mutti,cust897_yahoo.com,+91 776184486,Female,31,Pune,West,Regular,2025-12-25
898,Zaitra,Wason,cust898_gmail.com,+91 789813572,Male,35,Kolkata,East,Occasional,2024-07-02
899,Adya,Kothari,cust899_yahoo.com,+91 948519948,Other,31,Chennai,South,VIP,2025-12-24
900,Mohini,Oommen,cust900_gmail.com,+91 795673659,Male,15,Mumbai,West,Regular,2023-05-25
901,Pranav,Soni,cust901_yahoo.com,+91 772529313,Female,42,Bangalore,South,Regular,2025-05-11
902,Tejas,Luthra,cust902_gmail.com,+91 943792377,Female,44,Indore,Central,Regular,2024-07-03
903,Ranveer,Tara,cust903_hotmail.com,+91 837122689,Other,41,Bhopal,Central,Occasional,2026-03-05
904,Wahab,Khurana,cust904_yahoo.com,+91 843811874,Female,57,Chandigarh,North,New,2023-11-07
905,Veer,Jain,cust905_gmail.com,+91 978881978,Male,32,Jaipur,North,New,2023-11-18
906,Ishani,Dugal,cust906_gmail.com,+91 854214976,Female,60,Raipur,Central,Regular,2025-08-18
907,Farhan,Tailor,cust907_hotmail.com,+91 825564372,Male,27,Surat,West,VIP,2023-07-06
908,Brijesh,Subramaniam,cust908_yahoo.com,+91 844894838,Male,17,Kolkata,East,Regular,2023-01-11
909,Divya,Tailor,cust909_hotmail.com,+91 836661581,Other,43,Bangalore,South,Occasional,2025-08-22
910,Vritti,Goswami,cust910_hotmail.com,+91 737514390,Other,45,Pune,West,Regular,2024-03-02
911,Mitali,Kapadia,cust911_hotmail.com,+91 911719112,Male,54,Mumbai,West,New,2024-03-11
912,Chatura,Vora,cust912_yahoo.com,+91 963123290,Other,49,Pune,West,Regular,2023-07-19
913,Bachittar,Thakkar,cust913_yahoo.com,+91 715368169,Female,56,Chennai,South,Occasional,2025-01-13
914,Owen,Shankar,cust914_gmail.com,+91 793464561,Other,44,Bangalore,South,Regular,2024-09-03
915,Zarna,Sharma,cust915_yahoo.com,+91 717824806,Male,46,Ahmedabad,West,Occasional,2025-12-20
916,Abhiram,Arora,cust916_hotmail.com,+91 730377480,Other,30,Mumbai,West,Occasional,2025-12-06
917,Ladli,Chaudhuri,cust917_yahoo.com,+91 888416201,Other,55,New Delhi,North,New,2023-11-24
918,Aashi,Grover,cust918_hotmail.com,+91 813701847,Other,50,Chennai,South,Regular,2024-07-15
919,Warjas,Luthra,cust919_yahoo.com,+91 836287281,Other,38,Bhubaneswar,East,VIP,2024-02-13
920,Hemal,Pau,cust920_gmail.com,+91 747114371,Male,59,Bhubaneswar,East,Occasional,2025-08-10
921,Panini,Kade,cust921_yahoo.com,+91 723646948,Female,54,Hyderabad,South,VIP,2025-02-13
922,Kashish,Patla,cust922_yahoo.com,+91 965201804,Female,39,Chennai,South,Regular,2025-12-24
923,Shravya,Gole,cust923_hotmail.com,+91 961559811,Male,56,Kolkata,East,Regular,2024-03-10
924,Veer,Chaudhry,cust924_hotmail.com,+91 952898911,Male,30,Bangalore,South,Regular,2023-07-23
925,Warinder,Sankaran,cust925_yahoo.com,+91 956301519,Male,49,Patna,East,Occasional,2024-02-24
926,Madhav,Doctor,cust926_yahoo.com,+91 887420130,Female,18,Lucknow,North,Regular,2023-11-01
927,Patrick,Sama,cust927_yahoo.com,+91 911126917,Female,44,Hyderabad,South,Regular,2023-01-16
928,Zansi,Walla,cust928_hotmail.com,+91 793562275,Male,25,Kolkata,East,Regular,2023-07-28
929,Vidhi,Mital,cust929_yahoo.com,+91 775583177,Other,56,Kochi,South,Regular,2024-05-05
930,Champak,Rao,cust930_gmail.com,+91 742423991,Male,60,Hyderabad,South,Occasional,2025-05-23
931,Nihal,Bhasin,cust931_gmail.com,+91 782271660,Female,19,Kolkata,East,Regular,2025-12-08
932,Vamakshi,Char,cust932_yahoo.com,+91 841516155,Female,24,Chandigarh,North,Occasional,2024-01-31
933,Gaurika,Lad,cust933_yahoo.com,+91 756247195,Male,56,Ahmedabad,West,Regular,2026-03-02
934,Aarini,Padmanabhan,cust934_gmail.com,+91 785376873,Male,20,Chennai,South,Regular,2024-07-13
935,Jairaj,Panchal,cust935_hotmail.com,+91 967916962,Female,45,Lucknow,North,New,2024-10-01
936,Rushil,Yohannan,cust936_gmail.com,+91 933530756,Male,55,Kolkata,East,Regular,2025-07-29
937,Bhavani,Pant,cust937_yahoo.com,+91 862180767,Male,44,Jaipur,North,Occasional,2026-04-27
938,Yashvi,Sura,cust938_hotmail.com,+91 744453947,Other,59,Mumbai,West,Regular,2025-11-11
939,Farhan,Raj,cust939_hotmail.com,+91 814234208,Male,21,Nagpur,Central,Occasional,2024-11-25
940,Ubika,Dhillon,cust940_gmail.com,+91 921274924,Other,42,Lucknow,North,Occasional,2024-03-21
941,Geetika,Sama,cust941_hotmail.com,+91 978523361,Other,45,Bhubaneswar,East,Occasional,2025-09-22
942,Nidhi,Bora,cust942_gmail.com,+91 769488160,Male,15,Raipur,Central,Occasional,2025-08-09
943,Hemal,Kari,cust943_yahoo.com,+91 813623867,Female,29,Ahmedabad,West,Regular,2023-09-09
944,Bishakha,Loke,cust944_hotmail.com,+91 783133602,Other,33,Indore,Central,Occasional,2024-05-07
945,Megha,Madan,cust945_yahoo.com,+91 848144151,Male,40,Bhopal,Central,Occasional,2025-09-28
946,Janani,Verma,cust946_yahoo.com,+91 990230953,Female,27,Bhopal,Central,Occasional,2026-04-28
947,Oliver,Gour,cust947_gmail.com,+91 875547376,Other,43,Chennai,South,New,2024-10-05
948,Wahab,Krishnamurthy,cust948_hotmail.com,+91 783640520,Male,35,Jaipur,North,Regular,2023-07-14
949,Fariq,Kade,cust949_gmail.com,+91 731167270,Other,27,Hyderabad,South,Occasional,2025-12-24
950,Harshil,Chandran,cust950_gmail.com,+91 852101999,Male,28,Patna,East,Occasional,2024-09-08
951,Chatura,Bal,cust951_yahoo.com,+91 780631485,Male,30,New Delhi,North,Occasional,2025-01-05
952,Fiyaz,Chawla,cust952_yahoo.com,+91 924726104,Male,15,Guwahati,East,Occasional,2025-03-24
953,Nachiket,Chad,cust953_hotmail.com,+91 825515917,Male,15,Indore,Central,VIP,2025-08-18
954,Dayamai,Karnik,cust954_gmail.com,+91 990255940,Other,30,Chandigarh,North,Regular,2024-08-28
955,Bhanumati,Savant,cust955_hotmail.com,+91 984789644,Female,51,Patna,East,Occasional,2026-02-19
956,Karan,Vyas,cust956_gmail.com,+91 779914850,Female,36,Indore,Central,Regular,2023-07-16
957,Bakhshi,Parikh,cust957_yahoo.com,+91 859350141,Female,18,Chandigarh,North,VIP,2023-02-14
958,Unni,Zachariah,cust958_yahoo.com,+91 741544221,Other,21,Nagpur,Central,Occasional,2025-01-09
959,Sai,Deshmukh,cust959_hotmail.com,+91 776187425,Male,20,Kochi,South,Occasional,2025-05-02
960,Peter,Shan,cust960_hotmail.com,+91 852613244,Other,51,Nagpur,Central,New,2025-04-17
961,Radhika,Viswanathan,cust961_hotmail.com,+91 791366924,Male,57,Pune,West,VIP,2026-03-09
962,Dayita,Palan,cust962_yahoo.com,+91 745522520,Female,16,Pune,West,Regular,2025-09-20
963,Utkarsh,Chakraborty,cust963_yahoo.com,+91 944983514,Female,42,Bhubaneswar,East,Regular,2025-04-18
964,Jasmit,Sachar,cust964_yahoo.com,+91 927373759,Male,16,New Delhi,North,Occasional,2024-04-23
965,Chavvi,Anne,cust965_gmail.com,+91 929241768,Other,29,Indore,Central,Occasional,2023-08-30
966,Laban,Padmanabhan,cust966_yahoo.com,+91 760244134,Male,48,Nagpur,Central,Regular,2025-03-23
967,Abhiram,Swamy,cust967_yahoo.com,+91 951239578,Female,29,Chandigarh,North,Occasional,2024-12-29
968,Aditya,Sani,cust968_yahoo.com,+91 830327452,Female,44,Pune,West,VIP,2024-04-10
969,Vihaan,Amble,cust969_hotmail.com,+91 922890673,Male,23,Mumbai,West,Occasional,2025-07-16
970,Ranbir,Sabharwal,cust970_hotmail.com,+91 797528171,Other,55,Mumbai,West,Regular,2024-08-03
971,Megha,Krish,cust971_gmail.com,+91 746781987,Other,40,Ahmedabad,West,Regular,2024-11-10
972,Madhavi,Radhakrishnan,cust972_gmail.com,+91 932324156,Female,31,New Delhi,North,Regular,2026-01-15
973,Fariq,Sami,cust973_hotmail.com,+91 781348634,Male,24,New Delhi,North,Regular,2024-02-13
974,Zansi,Magar,cust974_yahoo.com,+91 932305230,Other,51,New Delhi,North,Occasional,2024-01-08
975,Amruta,Sachar,cust975_gmail.com,+91 726130770,Female,31,Kolkata,East,New,2025-10-04
976,Qabil,Deshpande,cust976_yahoo.com,+91 964545869,Female,35,Mumbai,West,Regular,2023-04-17
977,Tamanna,Sethi,cust977_yahoo.com,+91 915996412,Female,56,Ahmedabad,West,Regular,2023-06-21
978,Vyanjana,Guha,cust978_yahoo.com,+91 791407492,Female,16,Kochi,South,Regular,2025-12-24
979,Max,Bawa,cust979_hotmail.com,+91 756611836,Male,55,Lucknow,North,New,2023-01-31
980,Quincy,Chaudry,cust980_yahoo.com,+91 840458671,Male,41,Surat,West,Regular,2023-02-04
981,Jeremiah,Sarma,cust981_hotmail.com,+91 822867795,Male,23,Patna,East,Occasional,2024-02-23
982,Viraj,Chana,cust982_gmail.com,+91 775501967,Female,41,Kochi,South,Occasional,2023-01-13
983,Wakeeta,Kalla,cust983_yahoo.com,+91 829976233,Other,32,Bhubaneswar,East,New,2023-01-23
984,Devika,Tara,cust984_yahoo.com,+91 966622976,Female,32,Raipur,Central,Occasional,2024-10-14
985,Azad,Narayanan,cust985_gmail.com,+91 794263692,Female,18,Surat,West,Occasional,2024-12-21
986,Madhav,Bhalla,cust986_yahoo.com,+91 823925622,Male,34,Mumbai,West,Occasional,2026-03-11
987,Manya,Bora,cust987_hotmail.com,+91 740420984,Male,32,Bhubaneswar,East,Occasional,2026-04-19
988,Pratyush,Handa,cust988_yahoo.com,+91 963999856,Female,39,Mumbai,West,Occasional,2024-12-31
989,Advik,Dara,cust989_hotmail.com,+91 891543963,Male,31,Jaipur,North,Occasional,2024-08-15
990,Lekha,Savant,cust990_gmail.com,+91 883904276,Female,16,Pune,West,New,2024-01-22
991,Bahadurjit,Issac,cust991_yahoo.com,+91 725203786,Other,60,Ahmedabad,West,Occasional,2026-02-19
992,Girindra,Verma,cust992_hotmail.com,+91 769355102,Other,57,Bangalore,South,Regular,2026-02-16
993,Urvashi,Ramachandran,cust993_hotmail.com,+91 985907394,Female,47,Pune,West,New,2023-11-20
994,Ekantika,Dutt,cust994_hotmail.com,+91 777629383,Other,52,Bhopal,Central,Occasional,2024-04-29
995,Brijesh,Verma,cust995_gmail.com,+91 843986892,Female,16,Indore,Central,Regular,2026-02-05
996,Vasana,Misra,cust996_gmail.com,+91 721264934,Male,38,New Delhi,North,Regular,2024-01-29
997,Charles,Kamdar,cust997_gmail.com,+91 741983130,Other,22,Mumbai,West,Occasional,2024-07-13
998,Radha,Nair,cust998_gmail.com,+91 977534104,Other,30,Lucknow,North,Regular,2024-01-02
999,Anya,Dar,cust999_yahoo.com,+91 735267163,Male,59,Chandigarh,North,Regular,2023-09-17
1000,Xavier,Andra,cust1000_gmail.com,+91 989718150,Other,20,Raipur,Central,Regular,2026-05-10
1001,Vaishnavi,Dubey,cust1001_yahoo.com,+91 748586932,Male,22,Mumbai,West,Regular,2025-06-21
1002,Gaurav,Kothari,cust1002_gmail.com,+91 893668524,Other,17,Kolkata,East,Occasional,2026-04-12
1003,Gavin,Nigam,cust1003_hotmail.com,+91 897832731,Male,18,Chandigarh,North,Occasional,2025-02-15
1004,Darpan,Parekh,cust1004_hotmail.com,+91 946965751,Other,44,Mumbai,West,Occasional,2023-04-04
1005,Hredhaan,Dass,cust1005_yahoo.com,+91 925178310,Male,43,Ahmedabad,West,Regular,2023-08-28
1006,Edhitha,Palan,cust1006_yahoo.com,+91 712583270,Other,50,Pune,West,Occasional,2023-12-28
1007,Reyansh,Bail,cust1007_hotmail.com,+91 769713878,Female,18,Kolkata,East,Occasional,2026-02-12
1008,Ishita,Desai,cust1008_yahoo.com,+91 764128665,Female,59,Kolkata,East,Occasional,2024-08-09
1009,Vedhika,Sarma,cust1009_hotmail.com,+91 735793710,Male,52,Raipur,Central,Occasional,2023-03-03
1010,Vrishti,Gupta,cust1010_hotmail.com,+91 825648302,Female,46,Bhubaneswar,East,Regular,2024-04-02
1011,Ijaya,Naik,cust1011_hotmail.com,+91 881984208,Female,15,Bangalore,South,Regular,2023-10-17
1012,Anvi,Dyal,cust1012_gmail.com,+91 980475903,Other,37,Mumbai,West,Regular,2024-12-28
1013,Mohammed,Sengupta,cust1013_yahoo.com,+91 793363785,Male,33,Indore,Central,Regular,2025-04-05
1014,Jeevika,Setty,cust1014_gmail.com,+91 730944224,Female,40,Hyderabad,South,Occasional,2024-02-14
1015,Yashawini,Raghavan,cust1015_hotmail.com,+91 868365507,Other,57,Guwahati,East,Regular,2026-04-20
1016,Anirudh,Patla,cust1016_hotmail.com,+91 955167547,Other,54,Guwahati,East,Occasional,2023-10-16
1017,Ekani,Bhatnagar,cust1017_hotmail.com,+91 928191429,Other,18,Chennai,South,Occasional,2024-01-06
1018,Lila,Gupta,cust1018_hotmail.com,+91 819104591,Male,15,Bhubaneswar,East,Regular,2025-04-17
1019,Widisha,Dube,cust1019_hotmail.com,+91 943900260,Other,33,Mumbai,West,Occasional,2025-11-27
1020,Ekantika,Rout,cust1020_hotmail.com,+91 746654975,Other,33,Jaipur,North,Occasional,2024-03-15
1021,Indrajit,Char,cust1021_hotmail.com,+91 823856535,Male,53,Bangalore,South,Occasional,2024-05-15
1022,Ekalinga,Bassi,cust1022_gmail.com,+91 715250203,Female,38,New Delhi,North,New,2025-10-20
1023,Azad,Jaggi,cust1023_gmail.com,+91 880497815,Other,33,Guwahati,East,Regular,2023-10-05
1024,Rehaan,Chaudhary,cust1024_gmail.com,+91 952338417,Other,50,Hyderabad,South,Regular,2025-01-23
1025,Lipika,Suri,cust1025_hotmail.com,+91 745610530,Male,31,Lucknow,North,Occasional,2025-06-06
1026,Aahana,Bawa,cust1026_yahoo.com,+91 964976225,Other,35,Kochi,South,Regular,2025-08-27
1027,Ekavir,Arya,cust1027_gmail.com,+91 924240659,Female,19,Nagpur,Central,New,2023-12-09
1028,Vyanjana,Buch,cust1028_yahoo.com,+91 739706481,Male,51,Bhubaneswar,East,Regular,2025-10-15
1029,Darsh,Patel,cust1029_hotmail.com,+91 829485974,Female,55,Lucknow,North,VIP,2026-05-29
1030,Ojasvi,Pillay,cust1030_hotmail.com,+91 759119257,Male,33,Raipur,Central,Occasional,2026-02-28
1031,Amaira,Wadhwa,cust1031_gmail.com,+91 869579244,Female,17,Bhubaneswar,East,Regular,2023-04-01
1032,Ekavir,Modi,cust1032_gmail.com,+91 836162946,Male,47,Kolkata,East,Regular,2026-02-14
1033,Zilmil,Chatterjee,cust1033_gmail.com,+91 971644756,Female,29,Surat,West,Regular,2023-12-02
1034,Vihaan,Wali,cust1034_yahoo.com,+91 850414333,Male,48,Jaipur,North,VIP,2026-01-31
1035,Reyansh,Vora,cust1035_hotmail.com,+91 748615966,Female,35,Kochi,South,Occasional,2023-10-22
1036,Praneel,Sagar,cust1036_hotmail.com,+91 782276440,Male,31,Kochi,South,Occasional,2024-01-22
1037,Ishita,Shanker,cust1037_hotmail.com,+91 833668628,Male,34,Guwahati,East,New,2023-06-13
1038,Prisha,Chawla,cust1038_gmail.com,+91 827110556,Female,56,Guwahati,East,New,2025-10-30
1039,Pranit,Ratti,cust1039_hotmail.com,+91 736446313,Female,50,Hyderabad,South,New,2026-05-16
1040,Nakul,Walla,cust1040_hotmail.com,+91 927466718,Female,23,Guwahati,East,Regular,2024-06-08
1041,Indira,Murty,cust1041_hotmail.com,+91 970721153,Other,41,Raipur,Central,New,2024-11-19
1042,Kamya,Sachar,cust1042_hotmail.com,+91 960705795,Other,29,Lucknow,North,Regular,2024-05-19
1043,Ekiya,Khosla,cust1043_hotmail.com,+91 810455907,Male,16,Ahmedabad,West,Occasional,2024-10-30
1044,Tanish,Prashad,cust1044_hotmail.com,+91 783528860,Female,20,Bhopal,Central,New,2025-04-27
1045,Aachal,Parsa,cust1045_yahoo.com,+91 811421296,Female,58,Surat,West,Occasional,2026-03-02
1046,Mekhala,Acharya,cust1046_hotmail.com,+91 770612709,Female,44,Surat,West,Regular,2024-11-26
1047,Bhavani,Babu,cust1047_hotmail.com,+91 765970178,Female,52,Ahmedabad,West,Occasional,2023-02-23
1048,Chasmum,Ahuja,cust1048_yahoo.com,+91 828965285,Other,45,Jaipur,North,Regular,2023-07-29
1049,Tanish,Murty,cust1049_gmail.com,+91 936284161,Female,60,Patna,East,Regular,2023-12-11
1050,Anya,Vaidya,cust1050_hotmail.com,+91 719955575,Male,38,Kochi,South,Occasional,2026-04-13
1051,Mohammed,Chandra,cust1051_gmail.com,+91 772209533,Other,25,Guwahati,East,VIP,2025-06-05
1052,Ishani,Dugal,cust1052_gmail.com,+91 957216395,Other,32,Pune,West,Occasional,2024-12-16
1053,Jeevika,Krish,cust1053_gmail.com,+91 832206955,Male,42,Patna,East,New,2024-02-16
1054,Charita,Chanda,cust1054_hotmail.com,+91 733130284,Other,41,Jaipur,North,New,2024-02-03
1055,Teerth,Brahmbhatt,cust1055_hotmail.com,+91 833794507,Male,32,Indore,Central,Regular,2024-09-13
1056,Vasudha,Ghose,cust1056_yahoo.com,+91 913989173,Female,43,New Delhi,North,Regular,2024-05-19
1057,Girish,Mital,cust1057_gmail.com,+91 834556897,Male,17,Jaipur,North,New,2025-12-07
1058,Lakshmi,Brar,cust1058_gmail.com,+91 935313289,Female,41,New Delhi,North,Occasional,2026-02-09
1059,Gaurika,Pall,cust1059_yahoo.com,+91 883329973,Female,22,Chennai,South,New,2026-04-12
1060,Jai,Karan,cust1060_hotmail.com,+91 866543347,Other,50,Patna,East,VIP,2024-10-09
1061,Advay,Raja,cust1061_gmail.com,+91 851366162,Other,25,Bangalore,South,New,2025-10-11
1062,Benjamin,Nagar,cust1062_hotmail.com,+91 987324855,Male,53,Nagpur,Central,Regular,2024-04-18
1063,Mason,Narain,cust1063_hotmail.com,+91 779981189,Female,25,Patna,East,New,2025-05-27
1064,Timothy,Dua,cust1064_gmail.com,+91 893148405,Male,51,Chandigarh,North,Occasional,2025-12-19
1065,Maya,Sehgal,cust1065_hotmail.com,+91 963563504,Female,56,Jaipur,North,Regular,2025-11-12
1066,Yamini,Chana,cust1066_gmail.com,+91 992411464,Male,28,Kochi,South,Occasional,2025-06-12
1067,Bimala,Ramesh,cust1067_gmail.com,+91 810617979,Male,49,Ahmedabad,West,Regular,2024-11-01
1068,Gayathri,Butala,cust1068_yahoo.com,+91 856871522,Other,16,Chandigarh,North,Regular,2023-07-25
1069,Chandran,Rastogi,cust1069_yahoo.com,+91 923678962,Other,25,Indore,Central,Occasional,2025-06-06
1070,Mohini,Thaker,cust1070_yahoo.com,+91 848933343,Male,54,Hyderabad,South,VIP,2023-05-13
1071,Kalpit,Deshmukh,cust1071_yahoo.com,+91 732260456,Other,27,Mumbai,West,Regular,2026-04-17
1072,Rudra,Sura,cust1072_yahoo.com,+91 755168141,Male,24,Bangalore,South,Occasional,2025-05-18
1073,Rohan,Viswanathan,cust1073_gmail.com,+91 789846331,Male,36,Ahmedabad,West,Regular,2025-10-10
1074,Ekbal,Lata,cust1074_yahoo.com,+91 974932667,Female,50,Jaipur,North,Regular,2024-01-12
1075,Gaurav,Chowdhury,cust1075_hotmail.com,+91 730401970,Male,30,Hyderabad,South,Regular,2024-05-17
1076,Pallavi,Pau,cust1076_yahoo.com,+91 778127455,Male,51,Kochi,South,Occasional,2024-10-04
1077,Ekani,Padmanabhan,cust1077_hotmail.com,+91 744870376,Male,20,Bhopal,Central,Regular,2023-10-23
1078,Arjun,Mody,cust1078_gmail.com,+91 886502420,Female,54,Indore,Central,Occasional,2025-10-15
1079,Riya,Dhingra,cust1079_yahoo.com,+91 741608511,Male,27,Bangalore,South,VIP,2024-06-27
1080,Vivaan,Iyengar,cust1080_hotmail.com,+91 845263167,Other,15,Bhubaneswar,East,Regular,2023-03-11
1081,Nachiket,Chada,cust1081_gmail.com,+91 782308558,Other,36,Nagpur,Central,Occasional,2024-08-03
1082,Chatura,Kibe,cust1082_hotmail.com,+91 867177819,Male,29,Jaipur,North,Regular,2026-02-22
1083,Bhavna,Atwal,cust1083_yahoo.com,+91 826533975,Other,32,Pune,West,Regular,2023-08-18
1084,Indrajit,Mody,cust1084_yahoo.com,+91 823245818,Female,16,Kochi,South,New,2025-12-13
1085,Arin,Narula,cust1085_gmail.com,+91 713104684,Female,52,Kolkata,East,Regular,2025-01-01
1086,Siddharth,Jani,cust1086_hotmail.com,+91 744162295,Female,25,Nagpur,Central,Occasional,2026-02-23
1087,Aarna,Subramanian,cust1087_hotmail.com,+91 752463110,Other,35,Lucknow,North,Regular,2025-03-23
1088,Lohit,Badami,cust1088_yahoo.com,+91 991207406,Male,30,Hyderabad,South,Occasional,2026-02-07
1089,Caleb,Kumer,cust1089_gmail.com,+91 969753243,Female,31,Chandigarh,North,Regular,2025-06-24
1090,Bhanumati,Iyer,cust1090_hotmail.com,+91 942980234,Other,24,Chennai,South,New,2023-04-04
1091,Anika,Bera,cust1091_yahoo.com,+91 890917791,Other,35,Bhopal,Central,Occasional,2025-08-17
1092,Abhiram,Bhavsar,cust1092_yahoo.com,+91 710409890,Other,49,Indore,Central,Regular,2025-10-14
1093,Anika,Parsa,cust1093_gmail.com,+91 958949688,Female,27,Chandigarh,North,New,2025-10-22
1094,Brinda,Raju,cust1094_gmail.com,+91 981540462,Other,21,Hyderabad,South,Regular,2023-01-30
1095,Yashoda,Chaudhary,cust1095_yahoo.com,+91 869833655,Male,57,Indore,Central,Regular,2024-08-14
1096,Gaurang,Grewal,cust1096_gmail.com,+91 952751615,Male,37,Bhubaneswar,East,Occasional,2025-01-22
1097,Tanvi,Bains,cust1097_gmail.com,+91 931893428,Other,59,Bhopal,Central,Regular,2025-02-16
1098,Dalaja,Nath,cust1098_yahoo.com,+91 712857620,Female,32,Patna,East,Regular,2024-01-20
1099,Naksh,Badami,cust1099_yahoo.com,+91 837982898,Female,55,Hyderabad,South,New,2024-09-03
1100,Indira,Pant,cust1100_hotmail.com,+91 831668262,Other,26,Mumbai,West,Regular,2025-11-29
1101,Warinder,Thaker,cust1101_yahoo.com,+91 933461846,Male,57,Mumbai,West,New,2024-04-14
1102,Aarini,Ram,cust1102_gmail.com,+91 832665521,Female,27,Patna,East,Occasional,2023-04-07
1103,Ati,Kar,cust1103_gmail.com,+91 721971273,Other,25,Pune,West,Regular,2025-05-12
1104,Maya,Devan,cust1104_gmail.com,+91 983279708,Female,15,Mumbai,West,Occasional,2024-06-14
1105,Lavanya,Verma,cust1105_hotmail.com,+91 798554140,Female,23,Raipur,Central,Regular,2026-02-07
1106,Utkarsh,Sahni,cust1106_gmail.com,+91 784469540,Female,27,Lucknow,North,Regular,2025-08-09
1107,Michael,Sandhu,cust1107_yahoo.com,+91 712834337,Other,54,Bhubaneswar,East,VIP,2025-06-08
1108,Forum,Sen,cust1108_hotmail.com,+91 835651734,Male,26,Jaipur,North,Regular,2025-07-29
1109,Samuel,Devi,cust1109_hotmail.com,+91 785327491,Male,15,Surat,West,Occasional,2023-07-24
1110,Samaksh,Devi,cust1110_yahoo.com,+91 769597774,Other,17,Kolkata,East,Regular,2025-04-20
1111,Krishna,Sani,cust1111_gmail.com,+91 963950960,Male,18,Surat,West,Regular,2025-12-05
1112,Nakul,Nadkarni,cust1112_gmail.com,+91 837825638,Female,60,Patna,East,New,2025-10-16
1113,Jagat,Gour,cust1113_yahoo.com,+91 839574277,Other,27,New Delhi,North,Regular,2025-05-15
1114,Ayushman,Nagar,cust1114_yahoo.com,+91 928977328,Female,58,Chandigarh,North,Regular,2023-08-15
1115,Chavvi,Savant,cust1115_hotmail.com,+91 792911732,Male,31,Kochi,South,Regular,2024-09-30
1116,Anusha,Doshi,cust1116_gmail.com,+91 735832201,Female,39,Chandigarh,North,Regular,2025-09-16
1117,Karan,Goyal,cust1117_gmail.com,+91 768282575,Other,45,Mumbai,West,Occasional,2023-06-15
1118,Amara,Kashyap,cust1118_hotmail.com,+91 814532979,Female,59,Bhubaneswar,East,Regular,2026-03-30
1119,Vihaan,Bal,cust1119_yahoo.com,+91 915938384,Male,42,Ahmedabad,West,Occasional,2023-12-27
1120,Vansha,Desai,cust1120_hotmail.com,+91 775663551,Female,16,Bhubaneswar,East,New,2023-05-04
1121,Upasna,Prakash,cust1121_gmail.com,+91 899287142,Male,25,Patna,East,Regular,2025-07-28
1122,Vyanjana,Som,cust1122_gmail.com,+91 844179887,Female,46,Kochi,South,Regular,2024-08-24
1123,Reyansh,Kara,cust1123_gmail.com,+91 835613943,Female,39,Ahmedabad,West,Occasional,2023-09-12
1124,Alexander,Madan,cust1124_yahoo.com,+91 847891648,Male,38,Kolkata,East,Occasional,2024-09-26
1125,Samaksh,Jayaraman,cust1125_gmail.com,+91 982142387,Female,59,Patna,East,Regular,2023-12-12
1126,Reva,Suri,cust1126_hotmail.com,+91 944164768,Other,15,Kochi,South,New,2023-10-03
1127,Tanvi,Koshy,cust1127_yahoo.com,+91 953740420,Male,45,Lucknow,North,Occasional,2024-05-19
1128,Benjamin,Rai,cust1128_hotmail.com,+91 845340428,Male,52,Pune,West,Occasional,2024-09-20
1129,Meera,Yadav,cust1129_hotmail.com,+91 919368788,Female,42,Jaipur,North,VIP,2024-05-01
1130,Balvan,Verma,cust1130_gmail.com,+91 747327566,Other,47,Guwahati,East,New,2025-09-23
1131,Tanmayi,Basak,cust1131_gmail.com,+91 768152505,Female,39,Nagpur,Central,Regular,2024-12-02
1132,Meghana,Baral,cust1132_hotmail.com,+91 863969578,Female,23,Bhubaneswar,East,Occasional,2025-03-16
1133,Zaitra,Bawa,cust1133_gmail.com,+91 918476774,Female,34,Patna,East,New,2024-08-24
1134,Ria,Rao,cust1134_yahoo.com,+91 987684134,Other,18,Lucknow,North,Regular,2024-03-28
1135,Bhavika,Shenoy,cust1135_gmail.com,+91 711895629,Other,34,Patna,East,Regular,2026-04-16
1136,Chaitaly,Bhagat,cust1136_hotmail.com,+91 840472521,Male,42,Guwahati,East,VIP,2024-10-18
1137,Lucky,Sheth,cust1137_hotmail.com,+91 766373535,Other,52,Jaipur,North,Occasional,2025-03-14
1138,Gautam,Tella,cust1138_gmail.com,+91 892550781,Female,28,Bangalore,South,VIP,2024-12-02
1139,Krishna,Ramaswamy,cust1139_yahoo.com,+91 780238287,Other,26,Guwahati,East,Regular,2023-10-07
1140,Shravya,Bakshi,cust1140_gmail.com,+91 912889624,Male,43,Bhubaneswar,East,Occasional,2024-05-17
1141,Saksham,Sha,cust1141_gmail.com,+91 774878437,Female,58,Raipur,Central,Occasional,2024-12-05
1142,Ekiya,Gade,cust1142_hotmail.com,+91 783524309,Female,34,Chandigarh,North,Occasional,2024-01-24
1143,Jatin,Chand,cust1143_gmail.com,+91 750917752,Female,35,Kochi,South,Occasional,2026-02-13
1144,Shivani,Patil,cust1144_gmail.com,+91 798566160,Male,31,Pune,West,Occasional,2026-01-02
1145,Leena,Vaidya,cust1145_hotmail.com,+91 779985511,Other,58,Raipur,Central,Occasional,2025-03-24
1146,Kritika,Rai,cust1146_gmail.com,+91 733959162,Female,19,Chandigarh,North,Regular,2023-09-06
1147,Onkar,Nayak,cust1147_hotmail.com,+91 784695281,Female,47,Bangalore,South,Occasional,2026-04-08
1148,Mason,Gaba,cust1148_gmail.com,+91 781257528,Female,59,Jaipur,North,Regular,2025-10-21
1149,Charan,Saini,cust1149_yahoo.com,+91 768855106,Female,49,Hyderabad,South,Regular,2023-10-05
1150,Sanaya,Mani,cust1150_hotmail.com,+91 885398261,Male,16,Ahmedabad,West,Regular,2024-04-25
1151,Jacob,Deep,cust1151_gmail.com,+91 940434409,Male,58,Bhopal,Central,New,2023-10-08
1152,Zehaan,Arora,cust1152_yahoo.com,+91 855893679,Male,54,Indore,Central,New,2023-01-06
1153,Wishi,Ahluwalia,cust1153_hotmail.com,+91 932165731,Female,36,Kolkata,East,Occasional,2025-02-12
1154,Wazir,Kalla,cust1154_hotmail.com,+91 843721643,Male,25,Patna,East,New,2025-02-05
1155,Vamakshi,Setty,cust1155_yahoo.com,+91 945774905,Other,30,Pune,West,Occasional,2025-10-21
1156,Fariq,Ahuja,cust1156_gmail.com,+91 978214524,Female,45,Bangalore,South,Occasional,2024-11-17
1157,Arunima,Johal,cust1157_gmail.com,+91 892377779,Other,29,Chandigarh,North,Occasional,2025-04-30
1158,Manbir,Bhakta,cust1158_hotmail.com,+91 893971358,Male,52,Mumbai,West,New,2023-10-15
1159,Balhaar,Dhillon,cust1159_gmail.com,+91 735559893,Female,17,Bangalore,South,Regular,2024-06-26
1160,Chanchal,Narula,cust1160_gmail.com,+91 948143556,Female,18,Jaipur,North,Regular,2025-11-02
1161,Ikbal,Saha,cust1161_gmail.com,+91 918565263,Other,40,Indore,Central,Regular,2023-03-18
1162,Bhavani,Goel,cust1162_yahoo.com,+91 793991888,Other,33,Kochi,South,Occasional,2023-09-08
1163,Jagvi,Banik,cust1163_gmail.com,+91 912568250,Male,48,Nagpur,Central,Occasional,2026-03-10
1164,Chandani,Naidu,cust1164_yahoo.com,+91 792762578,Other,55,Nagpur,Central,Regular,2026-04-08
1165,Ekansh,Sane,cust1165_hotmail.com,+91 764706801,Other,22,Chandigarh,North,Occasional,2024-08-11
1166,Brinda,Sinha,cust1166_gmail.com,+91 861501235,Male,15,Kolkata,East,Occasional,2023-04-11
1167,Anvi,Narayan,cust1167_hotmail.com,+91 789222567,Male,18,Bhopal,Central,Occasional,2023-07-09
1168,Shaurya,Kadakia,cust1168_hotmail.com,+91 943387375,Male,28,Kochi,South,Regular,2024-10-04
1169,Ikbal,Wadhwa,cust1169_gmail.com,+91 933757359,Other,36,Raipur,Central,New,2023-04-01
1170,Bhavna,Sane,cust1170_hotmail.com,+91 711853864,Male,33,Kolkata,East,Occasional,2025-01-21
1171,Aashi,Vora,cust1171_hotmail.com,+91 957320517,Male,53,Chennai,South,VIP,2024-05-06
1172,Irya,Dayal,cust1172_hotmail.com,+91 856354109,Male,26,Jaipur,North,Occasional,2025-08-26
1173,Watika,Venkatesh,cust1173_hotmail.com,+91 917355724,Female,39,Surat,West,Occasional,2025-05-24
1174,Widisha,Tailor,cust1174_gmail.com,+91 841484425,Male,23,Kolkata,East,Occasional,2025-09-08
1175,Viraj,Mannan,cust1175_gmail.com,+91 838815882,Female,42,Mumbai,West,Regular,2025-08-04
1176,Jagat,Bajwa,cust1176_yahoo.com,+91 896116348,Female,40,Chandigarh,North,Occasional,2023-01-03
1177,Jacob,Johal,cust1177_hotmail.com,+91 882562610,Male,30,Pune,West,Occasional,2025-08-29
1178,Odika,Bath,cust1178_yahoo.com,+91 735230336,Female,42,Surat,West,VIP,2024-10-06
1179,Simon,Apte,cust1179_hotmail.com,+91 977517390,Other,52,Guwahati,East,VIP,2024-06-27
1180,Baghyawati,Kumar,cust1180_gmail.com,+91 895278238,Other,18,Ahmedabad,West,New,2023-11-09
1181,Charita,Toor,cust1181_hotmail.com,+91 762677734,Male,23,Kochi,South,VIP,2024-04-23
1182,Abeer,Comar,cust1182_hotmail.com,+91 882697517,Male,26,Guwahati,East,Regular,2024-05-18
1183,Harita,Randhawa,cust1183_hotmail.com,+91 986773940,Other,24,Surat,West,Occasional,2024-06-01
1184,Ayush,Gill,cust1184_gmail.com,+91 880852588,Male,40,Bhopal,Central,Occasional,2025-06-02
1185,Hamsini,Srinivas,cust1185_yahoo.com,+91 933481899,Female,42,Guwahati,East,VIP,2024-05-28
1186,Balendra,Deshpande,cust1186_yahoo.com,+91 932150635,Female,31,Jaipur,North,New,2026-05-23
1187,Triveni,Yadav,cust1187_yahoo.com,+91 787640863,Female,27,Bangalore,South,New,2023-08-30
1188,Odika,Bhalla,cust1188_hotmail.com,+91 761110130,Male,15,Indore,Central,New,2024-12-19
1189,Diya,Wason,cust1189_gmail.com,+91 994815577,Male,40,Ahmedabad,West,Regular,2024-04-10
1190,Garima,Pandya,cust1190_gmail.com,+91 993777332,Female,17,Indore,Central,New,2023-11-20
1191,Avni,Balasubramanian,cust1191_yahoo.com,+91 825117309,Male,48,Indore,Central,Occasional,2023-08-20
1192,Noah,Ramachandran,cust1192_gmail.com,+91 979581235,Male,17,Bhubaneswar,East,Occasional,2024-08-05
1193,Jackson,Morar,cust1193_hotmail.com,+91 895492404,Other,25,Raipur,Central,Occasional,2025-07-13
1194,Azad,Magar,cust1194_yahoo.com,+91 889826764,Male,24,Chennai,South,VIP,2024-05-03
1195,Watika,Khanna,cust1195_yahoo.com,+91 713683596,Female,42,Hyderabad,South,Regular,2023-05-15
1196,Chasmum,Kalita,cust1196_hotmail.com,+91 961228682,Other,49,Lucknow,North,New,2024-12-03
1197,Parth,Choudhury,cust1197_yahoo.com,+91 926104187,Female,45,Lucknow,North,Occasional,2024-04-14
1198,Baljiwan,Jaggi,cust1198_gmail.com,+91 962518202,Female,48,Bangalore,South,Regular,2026-05-04
1199,Yashawini,Bakshi,cust1199_yahoo.com,+91 992889397,Male,15,Surat,West,Regular,2024-11-20
1200,Mitesh,Gupta,cust1200_yahoo.com,+91 730425330,Female,19,Surat,West,Occasional,2025-02-15
1201,Dayita,Narang,cust1201_gmail.com,+91 711153608,Female,46,Bhubaneswar,East,Regular,2025-01-21
1202,Guneet,Varty,cust1202_hotmail.com,+91 817331529,Female,20,Bangalore,South,Occasional,2026-04-10
1203,Samesh,Bansal,cust1203_yahoo.com,+91 952953736,Male,52,Bangalore,South,Occasional,2023-07-26
1204,Jack,Agrawal,cust1204_yahoo.com,+91 834315570,Other,17,Jaipur,North,Regular,2024-08-25
1205,Gagan,Nath,cust1205_yahoo.com,+91 867393663,Female,53,Chennai,South,VIP,2023-03-10
1206,Harshil,Verma,cust1206_hotmail.com,+91 766867647,Female,41,Surat,West,New,2023-03-13
1207,Devika,Bajaj,cust1207_hotmail.com,+91 798957581,Male,41,Chennai,South,Regular,2026-03-04
1208,Devika,Kadakia,cust1208_yahoo.com,+91 914804670,Female,37,Indore,Central,Regular,2026-03-24
1209,Reyansh,Mangat,cust1209_yahoo.com,+91 954180374,Other,37,Hyderabad,South,Regular,2023-11-08
1210,Eiravati,Sastry,cust1210_hotmail.com,+91 781913462,Other,47,Mumbai,West,VIP,2025-04-06
1211,Anjali,Dixit,cust1211_gmail.com,+91 922428955,Other,43,Mumbai,West,Regular,2023-07-02
1212,Ishwar,Aurora,cust1212_hotmail.com,+91 841716782,Other,22,Raipur,Central,New,2024-03-01
1213,Yoshita,Chaudry,cust1213_gmail.com,+91 716391111,Female,52,Chandigarh,North,Regular,2025-05-19
1214,Inaya,Nagar,cust1214_yahoo.com,+91 825652382,Female,16,Lucknow,North,New,2025-04-22
1215,Bhanumati,Konda,cust1215_gmail.com,+91 779124797,Male,28,Hyderabad,South,Occasional,2023-08-08
1216,Deepa,Nigam,cust1216_hotmail.com,+91 915344626,Other,38,Patna,East,New,2023-04-21
1217,Chandresh,De,cust1217_gmail.com,+91 890810861,Other,16,Raipur,Central,Occasional,2024-11-20
1218,Chandresh,Cherian,cust1218_yahoo.com,+91 851261722,Male,59,Indore,Central,Regular,2025-01-01
1219,Gabriel,Sandhu,cust1219_yahoo.com,+91 886311987,Other,28,Bhubaneswar,East,Occasional,2023-03-25
1220,Sanaya,Parekh,cust1220_yahoo.com,+91 717294719,Male,44,Surat,West,Regular,2023-10-06
1221,Rudra,Walla,cust1221_gmail.com,+91 815617837,Female,53,New Delhi,North,Occasional,2024-05-31
1222,Udyati,Deep,cust1222_gmail.com,+91 925713816,Male,54,Jaipur,North,Regular,2026-03-20
1223,Upadhriti,Chatterjee,cust1223_yahoo.com,+91 735797976,Male,24,Pune,West,Occasional,2026-05-31
1224,Udyati,Singhal,cust1224_gmail.com,+91 878382666,Male,36,Kolkata,East,Occasional,2024-04-27
1225,Maanas,Kuruvilla,cust1225_yahoo.com,+91 733773222,Female,22,Pune,West,Occasional,2023-12-14
1226,Qadim,Narayanan,cust1226_yahoo.com,+91 897788262,Female,24,Kolkata,East,VIP,2024-09-01
1227,Vinaya,Balan,cust1227_gmail.com,+91 770588379,Other,38,Kochi,South,Occasional,2024-12-05
1228,Isaiah,Panchal,cust1228_yahoo.com,+91 917984644,Other,58,Surat,West,New,2025-01-08
1229,Onkar,Mandal,cust1229_yahoo.com,+91 818396499,Male,19,Hyderabad,South,Occasional,2024-12-17
1230,Joshua,Trivedi,cust1230_gmail.com,+91 783378531,Other,46,Nagpur,Central,Occasional,2025-07-27
1231,Hredhaan,Nanda,cust1231_hotmail.com,+91 741434819,Female,51,Patna,East,Regular,2024-09-22
1232,Ekavir,Mittal,cust1232_hotmail.com,+91 727867493,Male,19,Lucknow,North,Occasional,2025-10-05
1233,Nandini,Sachdev,cust1233_gmail.com,+91 872932668,Male,43,Mumbai,West,VIP,2024-12-17
1234,Yagnesh,Dutt,cust1234_yahoo.com,+91 816502342,Male,17,Guwahati,East,Regular,2025-08-22
1235,Dominic,Oak,cust1235_gmail.com,+91 815232848,Male,48,Kochi,South,New,2024-08-19
1236,Raagini,Saran,cust1236_hotmail.com,+91 789658701,Female,22,Chandigarh,North,VIP,2025-12-14
1237,Hema,Keer,cust1237_gmail.com,+91 731160924,Other,30,Bangalore,South,Occasional,2026-05-08
1238,Faras,Sur,cust1238_gmail.com,+91 787368447,Male,25,Chennai,South,Occasional,2025-10-26
1239,Ubika,Nanda,cust1239_hotmail.com,+91 899711475,Other,29,Bhubaneswar,East,New,2025-07-08
1240,Sai,Goda,cust1240_yahoo.com,+91 716738833,Female,49,Bhopal,Central,Regular,2023-06-01
1241,Ekaraj,Chopra,cust1241_hotmail.com,+91 847777429,Female,31,Kochi,South,Occasional,2024-09-22
1242,Ladli,Narang,cust1242_yahoo.com,+91 846865670,Male,53,Bhopal,Central,Regular,2025-07-15
1243,Darsh,Chana,cust1243_gmail.com,+91 921227670,Male,16,Ahmedabad,West,Occasional,2025-09-28
1244,Aadi,Din,cust1244_hotmail.com,+91 954642316,Female,33,Chandigarh,North,New,2023-08-04
1245,Sneha,Wali,cust1245_yahoo.com,+91 830987271,Female,53,Ahmedabad,West,Occasional,2023-08-20
1246,Sanya,Hayre,cust1246_gmail.com,+91 888606153,Male,35,Pune,West,Occasional,2024-08-28
1247,Edhitha,Mistry,cust1247_hotmail.com,+91 823930530,Male,23,Kolkata,East,Regular,2025-11-24
1248,Daksha,Saran,cust1248_hotmail.com,+91 747559984,Female,55,Kolkata,East,Regular,2026-05-18
1249,Gaurav,Anand,cust1249_hotmail.com,+91 735461918,Male,19,Guwahati,East,Regular,2024-06-18
1250,Netra,Datta,cust1250_yahoo.com,+91 835797104,Male,19,Mumbai,West,Regular,2025-03-03
1251,Kala,Bera,cust1251_gmail.com,+91 750533155,Female,37,Chandigarh,North,Occasional,2023-04-07
1252,Jagrati,Choudhary,cust1252_yahoo.com,+91 732361409,Female,19,Indore,Central,Regular,2025-12-28
1253,Wahab,Sankaran,cust1253_hotmail.com,+91 882371157,Female,60,Nagpur,Central,Regular,2023-02-18
1254,Meera,Nadkarni,cust1254_hotmail.com,+91 797931427,Male,59,Ahmedabad,West,New,2025-07-05
1255,Nidra,Raj,cust1255_yahoo.com,+91 968226686,Female,20,Kolkata,East,Occasional,2024-08-17
1256,Siddharth,Ghose,cust1256_yahoo.com,+91 948967835,Female,40,Raipur,Central,Occasional,2025-04-26
1257,Raghav,Rajagopalan,cust1257_yahoo.com,+91 780340299,Female,35,Bhubaneswar,East,Occasional,2023-08-05
1258,Mitesh,Mani,cust1258_hotmail.com,+91 981571505,Other,50,Bhubaneswar,East,New,2024-10-10
1259,Krish,Apte,cust1259_gmail.com,+91 741863810,Male,45,Surat,West,Occasional,2023-07-15
1260,Amol,Dhawan,cust1260_hotmail.com,+91 792202677,Male,26,Lucknow,North,Regular,2025-10-04
1261,Rajeshri,Deshpande,cust1261_gmail.com,+91 840322294,Female,24,Nagpur,Central,Occasional,2025-01-26
1262,Ojasvi,Shah,cust1262_hotmail.com,+91 927315679,Male,40,Raipur,Central,Regular,2023-08-02
1263,Pavani,Gole,cust1263_yahoo.com,+91 751345881,Other,25,Jaipur,North,Occasional,2025-07-27
1264,Panini,Sengupta,cust1264_yahoo.com,+91 993291364,Other,25,Guwahati,East,Regular,2025-03-02
1265,Upkaar,Grewal,cust1265_yahoo.com,+91 978988446,Male,56,Hyderabad,South,Regular,2024-07-05
1266,Abhimanyu,Tara,cust1266_hotmail.com,+91 712689196,Other,31,Hyderabad,South,Occasional,2025-07-28
1267,Yachana,Luthra,cust1267_yahoo.com,+91 934333879,Female,26,New Delhi,North,Occasional,2024-01-03
1268,Jeevika,Bandi,cust1268_gmail.com,+91 873775172,Male,53,Pune,West,Occasional,2025-04-28
1269,Vasudha,Pillay,cust1269_gmail.com,+91 852939428,Other,20,Bangalore,South,Regular,2025-06-01
1270,Vasatika,Buch,cust1270_gmail.com,+91 817553431,Male,42,Ahmedabad,West,Occasional,2025-06-20
1271,Ati,Shroff,cust1271_hotmail.com,+91 938227130,Male,15,Indore,Central,Occasional,2026-02-08
1272,Gaurang,Korpal,cust1272_yahoo.com,+91 796258288,Male,42,Bhubaneswar,East,New,2023-05-02
1273,Faras,Zacharia,cust1273_hotmail.com,+91 869578323,Female,28,Hyderabad,South,New,2025-09-06
1274,Chatresh,Oza,cust1274_hotmail.com,+91 848847589,Female,16,Kolkata,East,New,2024-04-30
1275,Advay,Singh,cust1275_yahoo.com,+91 956153343,Male,39,Kolkata,East,Occasional,2026-04-24
1276,Upasna,Narula,cust1276_yahoo.com,+91 974915411,Male,23,Ahmedabad,West,Occasional,2025-03-07
1277,Chaitaly,Mann,cust1277_gmail.com,+91 848845154,Other,23,New Delhi,North,New,2024-07-02
1278,Daksha,Lad,cust1278_gmail.com,+91 965584900,Other,38,Mumbai,West,Occasional,2023-02-24
1279,Urvashi,Gara,cust1279_hotmail.com,+91 757682102,Female,42,Guwahati,East,Occasional,2025-09-04
1280,Bishakha,Bala,cust1280_yahoo.com,+91 961295924,Male,47,New Delhi,North,Occasional,2023-03-22
1281,Fitan,Date,cust1281_hotmail.com,+91 819389687,Female,43,Surat,West,Regular,2025-01-23
1282,Arunima,Krishnan,cust1282_gmail.com,+91 936206635,Other,28,Raipur,Central,New,2023-04-30
1283,Avni,Maharaj,cust1283_yahoo.com,+91 979825384,Other,53,Raipur,Central,Occasional,2025-08-14
1284,Isaac,Ghosh,cust1284_hotmail.com,+91 989422933,Male,35,Surat,West,VIP,2023-01-23
1285,Matthew,Sekhon,cust1285_yahoo.com,+91 865403321,Male,23,Pune,West,Regular,2026-02-21
1286,Advika,Keer,cust1286_yahoo.com,+91 726203260,Female,60,Chennai,South,Occasional,2023-09-30
1287,Bachittar,Oza,cust1287_gmail.com,+91 752730395,Other,50,Indore,Central,New,2023-10-08
1288,Mitesh,Tandon,cust1288_yahoo.com,+91 799174286,Male,58,Chennai,South,Regular,2023-08-14
1289,Leela,Khanna,cust1289_hotmail.com,+91 977820411,Male,46,Hyderabad,South,Regular,2026-04-11
1290,Oliver,Kade,cust1290_hotmail.com,+91 969864616,Female,59,Chennai,South,Regular,2024-11-14
1291,Hemani,Bhagat,cust1291_hotmail.com,+91 767638758,Male,49,Bhopal,Central,Occasional,2026-02-14
1292,Jack,Ben,cust1292_gmail.com,+91 947169497,Other,48,Lucknow,North,VIP,2024-02-15
1293,Mohini,Soni,cust1293_yahoo.com,+91 942689757,Other,38,Jaipur,North,Regular,2024-12-21
1294,Vivaan,Raghavan,cust1294_hotmail.com,+91 796432627,Female,42,Bhubaneswar,East,Occasional,2025-01-09
1295,Madhavi,Som,cust1295_yahoo.com,+91 834794654,Other,30,Nagpur,Central,New,2026-01-01
1296,Radhika,Arora,cust1296_yahoo.com,+91 760923222,Male,18,Raipur,Central,Occasional,2023-08-14
1297,Saumya,Raja,cust1297_hotmail.com,+91 759510235,Female,15,Jaipur,North,Regular,2026-05-23
1298,Benjamin,Chatterjee,cust1298_hotmail.com,+91 967800618,Female,41,Ahmedabad,West,New,2024-05-05
1299,Irya,Sankaran,cust1299_hotmail.com,+91 961430435,Other,37,Surat,West,New,2025-09-17
1300,Anjali,Nayak,cust1300_yahoo.com,+91 870541381,Male,15,Mumbai,West,VIP,2025-10-09
1301,Guneet,Kumer,cust1301_hotmail.com,+91 963927643,Female,23,Guwahati,East,Regular,2024-02-19
1302,Mahika,Shenoy,cust1302_hotmail.com,+91 858461361,Male,35,Lucknow,North,Regular,2025-06-26
1303,Wyatt,Hayer,cust1303_hotmail.com,+91 818888624,Female,52,Chennai,South,Occasional,2026-03-09
1304,Pranit,Munshi,cust1304_hotmail.com,+91 735641516,Male,49,Mumbai,West,New,2024-06-08
1305,Abhiram,Bir,cust1305_gmail.com,+91 815847165,Female,43,Jaipur,North,VIP,2023-01-17
1306,Guneet,Vohra,cust1306_gmail.com,+91 789405929,Male,32,Kochi,South,Regular,2024-09-30
1307,Sanaya,Panchal,cust1307_gmail.com,+91 715916810,Male,36,Kochi,South,Occasional,2025-11-30
1308,Bhanumati,Krishnamurthy,cust1308_gmail.com,+91 945864170,Male,28,Bhopal,Central,Regular,2026-01-31
1309,Arjun,Chanda,cust1309_gmail.com,+91 891167943,Other,53,Indore,Central,Regular,2023-02-22
1310,Teerth,Dara,cust1310_hotmail.com,+91 853256668,Male,32,Guwahati,East,Regular,2025-07-11
1311,Gabriel,De,cust1311_yahoo.com,+91 877113405,Other,35,Surat,West,New,2023-07-06
1312,Qasim,Choudhry,cust1312_hotmail.com,+91 898603406,Female,47,Patna,East,New,2025-10-16
1313,Zehaan,Menon,cust1313_yahoo.com,+91 991328686,Female,31,Lucknow,North,Occasional,2023-10-14
1314,Faqid,Setty,cust1314_yahoo.com,+91 965101272,Male,60,Mumbai,West,Occasional,2025-10-23
1315,Prisha,Naik,cust1315_yahoo.com,+91 739192462,Other,48,Pune,West,Occasional,2026-04-10
1316,Ethan,Malhotra,cust1316_gmail.com,+91 888961991,Other,16,Chennai,South,Regular,2023-09-09
1317,Lipika,Natarajan,cust1317_gmail.com,+91 722677861,Male,43,Pune,West,Occasional,2024-08-17
1318,Alka,Gokhale,cust1318_yahoo.com,+91 868471724,Other,38,Bhubaneswar,East,New,2024-02-06
1319,Vyanjana,Iyer,cust1319_hotmail.com,+91 964855373,Male,58,Lucknow,North,Occasional,2023-04-18
1320,Pranav,Swamy,cust1320_gmail.com,+91 976872841,Male,23,Hyderabad,South,Occasional,2024-09-01
1321,Raagini,Kamdar,cust1321_hotmail.com,+91 945208684,Other,41,Surat,West,Regular,2023-08-12
1322,Hitesh,Sathe,cust1322_hotmail.com,+91 792469839,Female,50,Hyderabad,South,Regular,2025-09-26
1323,Harshil,Banerjee,cust1323_gmail.com,+91 863958592,Male,33,Nagpur,Central,New,2024-02-07
1324,Zashil,Sehgal,cust1324_gmail.com,+91 799102493,Female,40,Bangalore,South,Regular,2023-04-20
1325,Manthan,Acharya,cust1325_gmail.com,+91 997188480,Other,20,Bhopal,Central,New,2025-02-12
1326,Madhavi,Lata,cust1326_gmail.com,+91 974253401,Female,24,Indore,Central,New,2025-10-29
1327,Forum,Raman,cust1327_hotmail.com,+91 863737661,Other,52,Ahmedabad,West,Occasional,2025-12-23
1328,Yutika,Swaminathan,cust1328_yahoo.com,+91 768842247,Male,29,Patna,East,Occasional,2023-01-06
1329,Netra,Boase,cust1329_hotmail.com,+91 984127255,Other,25,Chandigarh,North,Regular,2024-11-08
1330,Aarush,Rajagopalan,cust1330_hotmail.com,+91 964423943,Male,32,Indore,Central,New,2023-12-17
1331,Vasatika,Dara,cust1331_hotmail.com,+91 980387929,Male,44,Raipur,Central,New,2026-04-26
1332,Jagrati,Nath,cust1332_hotmail.com,+91 819742910,Other,43,Nagpur,Central,Regular,2025-04-11
1333,Nandini,Bhakta,cust1333_hotmail.com,+91 977179938,Male,49,Ahmedabad,West,Occasional,2024-04-15
1334,Gautam,Pau,cust1334_hotmail.com,+91 769626167,Other,37,Chandigarh,North,Occasional,2025-10-02
1335,Faris,Sharaf,cust1335_yahoo.com,+91 781694409,Other,38,Surat,West,Occasional,2024-06-12
1336,Samaksh,Goda,cust1336_hotmail.com,+91 880315617,Male,31,Raipur,Central,Occasional,2025-10-03
1337,Leena,Halder,cust1337_yahoo.com,+91 912981259,Male,16,Guwahati,East,Occasional,2023-03-03
1338,Madhavi,Chhabra,cust1338_hotmail.com,+91 785508797,Male,21,Kolkata,East,Regular,2025-12-17
1339,Jagrati,Sur,cust1339_gmail.com,+91 821660999,Other,49,Indore,Central,Regular,2025-12-06
1340,Raksha,Gupta,cust1340_gmail.com,+91 775885237,Other,16,Raipur,Central,Occasional,2025-09-10
1341,Reyansh,Bakshi,cust1341_hotmail.com,+91 886137994,Female,22,Kolkata,East,VIP,2023-02-25
1342,William,Suresh,cust1342_yahoo.com,+91 828703668,Male,24,Bhopal,Central,Regular,2025-07-10
1343,Darika,Tata,cust1343_hotmail.com,+91 875778969,Male,42,Bhopal,Central,Occasional,2023-04-08
1344,Amol,Bansal,cust1344_yahoo.com,+91 750145530,Male,46,Raipur,Central,Regular,2024-11-28
1345,Geetika,Basak,cust1345_yahoo.com,+91 938295446,Other,37,Raipur,Central,Occasional,2023-03-29
1346,Siddharth,Virk,cust1346_yahoo.com,+91 722884274,Female,57,Chandigarh,North,New,2023-07-03
1347,Manthan,Kaul,cust1347_gmail.com,+91 853747143,Female,58,Bangalore,South,Occasional,2025-11-19
1348,Lohit,Suresh,cust1348_hotmail.com,+91 755230759,Other,20,Surat,West,Occasional,2023-02-27
1349,Urishilla,Bath,cust1349_gmail.com,+91 845369145,Other,34,Bhopal,Central,Regular,2023-01-30
1350,Kalpit,Atwal,cust1350_gmail.com,+91 749165415,Male,45,Bhopal,Central,New,2025-12-25
1351,Chandresh,Mohanty,cust1351_gmail.com,+91 951971150,Male,27,Jaipur,North,Regular,2025-09-09
1352,Onkar,Bhatt,cust1352_gmail.com,+91 960938895,Female,49,Kolkata,East,Occasional,2024-12-09
1353,Widisha,Kannan,cust1353_gmail.com,+91 967650154,Female,24,Chandigarh,North,Regular,2023-06-27
1354,Pooja,Nazareth,cust1354_hotmail.com,+91 875398369,Female,41,Ahmedabad,West,New,2023-11-11
1355,Neelima,Nair,cust1355_gmail.com,+91 764843976,Male,42,Nagpur,Central,New,2025-11-19
1356,Laksh,Nagy,cust1356_gmail.com,+91 727727426,Female,45,New Delhi,North,Regular,2025-11-28
1357,Chakradev,Ghose,cust1357_yahoo.com,+91 884610474,Male,43,Patna,East,Occasional,2026-04-02
1358,Jai,Mahal,cust1358_gmail.com,+91 839206621,Other,40,Hyderabad,South,New,2023-04-09
1359,Ojasvi,Ganguly,cust1359_hotmail.com,+91 921439672,Male,38,Bangalore,South,New,2026-03-22
1360,Nitesh,Sarna,cust1360_gmail.com,+91 732407192,Male,39,Pune,West,New,2024-07-28
1361,Banjeet,Deol,cust1361_gmail.com,+91 890856360,Other,49,Mumbai,West,Regular,2025-06-23
1362,Krisha,Dugar,cust1362_gmail.com,+91 836407398,Male,39,Guwahati,East,Occasional,2026-05-13
1363,Faris,Ahuja,cust1363_gmail.com,+91 925453860,Male,55,Surat,West,Occasional,2025-01-26
1364,Gaurav,Mander,cust1364_yahoo.com,+91 790598374,Other,54,Nagpur,Central,Regular,2023-10-06
1365,Vamakshi,Date,cust1365_gmail.com,+91 811265269,Male,19,Chandigarh,North,Occasional,2025-12-13
1366,Anika,Virk,cust1366_yahoo.com,+91 919761954,Other,33,Chandigarh,North,New,2023-08-11
1367,William,Ghosh,cust1367_hotmail.com,+91 895591495,Female,59,Jaipur,North,New,2024-10-02
1368,Baljiwan,Gole,cust1368_hotmail.com,+91 798598930,Other,43,Nagpur,Central,Regular,2025-12-10
1369,Gaurang,Mitra,cust1369_yahoo.com,+91 846780752,Other,30,Hyderabad,South,New,2025-02-15
1370,Aayush,Keer,cust1370_gmail.com,+91 954867130,Female,51,Jaipur,North,Occasional,2024-10-12
1371,Girish,Pathak,cust1371_hotmail.com,+91 724671293,Other,41,Raipur,Central,Regular,2023-07-02
1372,Theodore,Shetty,cust1372_hotmail.com,+91 958525523,Other,42,Kolkata,East,New,2025-02-27
1373,Sathvik,Malhotra,cust1373_gmail.com,+91 960346384,Female,26,Jaipur,North,Occasional,2025-10-21
1374,Isaiah,Dixit,cust1374_hotmail.com,+91 797815325,Male,32,Jaipur,North,Occasional,2023-10-28
1375,Widisha,Goda,cust1375_gmail.com,+91 766533667,Male,29,Indore,Central,New,2025-01-06
1376,Caleb,Bhagat,cust1376_hotmail.com,+91 912196585,Other,43,Bhubaneswar,East,Occasional,2025-11-07
1377,Bhavani,Kadakia,cust1377_yahoo.com,+91 845933513,Other,22,Pune,West,Regular,2024-07-19
1378,Gaurika,Setty,cust1378_gmail.com,+91 754164568,Male,34,Jaipur,North,New,2024-01-26
1379,Charles,Yogi,cust1379_gmail.com,+91 758933153,Female,22,Surat,West,Occasional,2023-06-12
1380,Ayush,Sundaram,cust1380_hotmail.com,+91 837168681,Male,52,Kochi,South,Occasional,2023-09-03
1381,Ekavir,Keer,cust1381_hotmail.com,+91 952464696,Other,25,Surat,West,Occasional,2023-06-30
1382,Eshana,Saini,cust1382_gmail.com,+91 821405722,Female,17,Guwahati,East,VIP,2024-11-22
1383,Eshana,Karpe,cust1383_gmail.com,+91 752451165,Male,28,Nagpur,Central,Occasional,2026-03-06
1384,Vedant,Chaudhari,cust1384_gmail.com,+91 880508592,Other,24,Ahmedabad,West,Regular,2024-05-21
1385,Nitara,Iyengar,cust1385_yahoo.com,+91 748580873,Other,30,Bhopal,Central,New,2026-02-20
1386,Ethan,Sinha,cust1386_hotmail.com,+91 858848856,Female,59,Lucknow,North,Regular,2023-12-09
1387,Chatura,Sarin,cust1387_gmail.com,+91 729466195,Other,22,Bhubaneswar,East,Regular,2025-01-22
1388,Suhani,Gokhale,cust1388_yahoo.com,+91 969703943,Other,35,Raipur,Central,Regular,2023-12-02
1389,Laban,Shankar,cust1389_hotmail.com,+91 784429392,Female,30,Bangalore,South,Regular,2024-08-03
1390,Jagrati,Madan,cust1390_gmail.com,+91 934153815,Male,48,Guwahati,East,Occasional,2023-10-29
1391,Joshua,Balay,cust1391_hotmail.com,+91 799648591,Male,30,Indore,Central,Regular,2024-06-05
1392,Darpan,Mand,cust1392_gmail.com,+91 718356334,Female,42,Bangalore,South,Regular,2025-06-02
1393,Udyati,Shanker,cust1393_yahoo.com,+91 711597917,Other,50,Patna,East,VIP,2023-06-22
1394,Hemal,Kannan,cust1394_yahoo.com,+91 995515746,Male,48,Kolkata,East,Regular,2023-09-23
1395,Naksh,Garde,cust1395_hotmail.com,+91 816516757,Female,50,Pune,West,Occasional,2025-07-26
1396,Victor,Chadha,cust1396_yahoo.com,+91 994302350,Female,19,Jaipur,North,Regular,2025-05-08
1397,Vrinda,Kalita,cust1397_hotmail.com,+91 935112513,Other,17,Pune,West,VIP,2025-03-21
1398,Turvi,Mallick,cust1398_gmail.com,+91 965995443,Male,56,Bangalore,South,Occasional,2025-01-05
1399,Priya,Koshy,cust1399_gmail.com,+91 827272395,Other,21,Mumbai,West,Regular,2026-02-08
1400,Radha,Kapadia,cust1400_hotmail.com,+91 871137205,Female,35,Bangalore,South,VIP,2024-05-23
1401,Abdul,Sahni,cust1401_gmail.com,+91 761534355,Male,28,Pune,West,Occasional,2023-08-20
1402,Upma,Thaman,cust1402_gmail.com,+91 727384138,Male,17,Bhopal,Central,New,2023-03-04
1403,Meera,Srinivas,cust1403_hotmail.com,+91 932148481,Male,39,Hyderabad,South,Regular,2024-10-23
1404,Sneha,Tandon,cust1404_gmail.com,+91 988875147,Other,19,New Delhi,North,Regular,2023-06-02
1405,Advik,Ray,cust1405_gmail.com,+91 836328689,Other,21,Chennai,South,Regular,2023-05-10
1406,Jagrati,Merchant,cust1406_gmail.com,+91 958219915,Male,28,Chennai,South,Regular,2023-07-26
1407,Gautam,Babu,cust1407_yahoo.com,+91 896390441,Female,23,Nagpur,Central,Regular,2025-10-03
1408,Dalaja,Edwin,cust1408_hotmail.com,+91 888553538,Female,15,Kochi,South,Regular,2025-11-05
1409,Arjun,Sha,cust1409_yahoo.com,+91 744278863,Female,18,Raipur,Central,Occasional,2024-12-14
1410,Lakshit,Ravi,cust1410_gmail.com,+91 868751786,Male,45,Nagpur,Central,Occasional,2026-04-14
1411,Kamala,Shetty,cust1411_hotmail.com,+91 980752740,Other,38,Chennai,South,Regular,2026-05-12
1412,Aarav,Bobal,cust1412_yahoo.com,+91 821442804,Female,26,Patna,East,New,2025-09-10
1413,Gaurangi,Wali,cust1413_gmail.com,+91 918373599,Female,39,Bhubaneswar,East,New,2025-12-09
1414,Pooja,Madan,cust1414_hotmail.com,+91 917734526,Other,41,Pune,West,Regular,2024-04-05
1415,Sarthak,Buch,cust1415_hotmail.com,+91 741514969,Female,52,Surat,West,Occasional,2025-08-09
1416,Christopher,Varma,cust1416_hotmail.com,+91 860544836,Female,35,Chennai,South,Occasional,2024-06-05
1417,Charan,Choudhry,cust1417_yahoo.com,+91 999805816,Other,41,Pune,West,Regular,2024-07-19
1418,Udyati,Baria,cust1418_yahoo.com,+91 729396307,Other,60,Nagpur,Central,Occasional,2024-07-21
1419,Parth,Bhavsar,cust1419_hotmail.com,+91 748205446,Other,45,Guwahati,East,Regular,2024-07-23
1420,Samarth,Devi,cust1420_yahoo.com,+91 990660329,Male,35,Guwahati,East,Regular,2026-01-06
1421,Ishaan,Sridhar,cust1421_hotmail.com,+91 874867539,Other,30,Surat,West,Occasional,2024-01-06
1422,Shaurya,Kar,cust1422_yahoo.com,+91 878250403,Male,51,Chandigarh,North,Regular,2026-03-14
1423,Amara,Thakur,cust1423_hotmail.com,+91 755981329,Female,58,Bangalore,South,New,2024-07-01
1424,Aradhana,Bhagat,cust1424_gmail.com,+91 993301811,Female,44,New Delhi,North,Regular,2024-10-18
1425,Hemani,Sethi,cust1425_yahoo.com,+91 770233488,Female,18,Bangalore,South,Regular,2024-08-02
1426,Jason,Singhal,cust1426_hotmail.com,+91 878728533,Male,45,Bangalore,South,New,2025-02-17
1427,Brinda,Seth,cust1427_hotmail.com,+91 945687312,Female,22,Jaipur,North,Regular,2025-04-06
1428,Dominic,Guha,cust1428_yahoo.com,+91 785886404,Female,43,Lucknow,North,Regular,2024-07-25
1429,Faris,Raman,cust1429_gmail.com,+91 984951748,Male,25,Ahmedabad,West,Regular,2023-05-16
1430,Faraj,Chopra,cust1430_gmail.com,+91 734712211,Female,44,Ahmedabad,West,Regular,2024-03-23
1431,Isaac,Divan,cust1431_yahoo.com,+91 760940686,Male,31,Nagpur,Central,Occasional,2024-03-04
1432,Samarth,Verma,cust1432_hotmail.com,+91 962819492,Male,60,New Delhi,North,Regular,2023-08-22
1433,Chaaya,Saha,cust1433_hotmail.com,+91 867788126,Other,41,Kolkata,East,Occasional,2023-02-05
1434,Kevin,Som,cust1434_yahoo.com,+91 838714213,Male,17,Bhopal,Central,Regular,2025-04-21
1435,Sachi,Bail,cust1435_yahoo.com,+91 883128216,Male,40,Kolkata,East,Occasional,2024-10-14
1436,Dev,Bains,cust1436_gmail.com,+91 914879872,Other,20,Chennai,South,Regular,2023-10-21
1437,Gautami,Sabharwal,cust1437_hotmail.com,+91 770781529,Female,45,Chennai,South,Occasional,2025-03-18
1438,Eta,Sunder,cust1438_hotmail.com,+91 746146945,Other,51,Chennai,South,Occasional,2024-06-16
1439,Sai,Shankar,cust1439_yahoo.com,+91 719985544,Other,46,Mumbai,West,Occasional,2025-10-31
1440,Kevin,Mohan,cust1440_gmail.com,+91 921206510,Female,15,New Delhi,North,New,2025-05-31
1441,Abha,Karan,cust1441_yahoo.com,+91 749771265,Male,17,Indore,Central,Regular,2026-05-11
1442,Bhavya,Batta,cust1442_gmail.com,+91 761657133,Female,19,Raipur,Central,New,2024-07-31
1443,Bhavani,Shah,cust1443_gmail.com,+91 828224965,Male,27,Indore,Central,Regular,2024-07-02
1444,Naveen,Wason,cust1444_yahoo.com,+91 829161314,Other,35,Ahmedabad,West,Regular,2025-08-19
1445,Parth,Dube,cust1445_gmail.com,+91 882787198,Other,46,Kolkata,East,Occasional,2023-10-11
1446,Jackson,Barman,cust1446_yahoo.com,+91 958160181,Male,35,Indore,Central,Occasional,2024-01-05
1447,Jonathan,Sastry,cust1447_yahoo.com,+91 736997238,Female,60,New Delhi,North,Regular,2025-06-11
1448,Qarin,Jha,cust1448_hotmail.com,+91 869785988,Male,15,Mumbai,West,Regular,2024-07-28
1449,Bakhshi,Nadig,cust1449_yahoo.com,+91 725235960,Female,49,Indore,Central,Regular,2026-01-03
1450,Kashish,Sen,cust1450_hotmail.com,+91 899176891,Male,53,Ahmedabad,West,Regular,2023-08-18
1451,Charvi,Dara,cust1451_gmail.com,+91 872489401,Other,42,Guwahati,East,Regular,2023-09-10
1452,Xalak,Dhillon,cust1452_yahoo.com,+91 714752611,Other,34,Jaipur,North,Occasional,2024-09-20
1453,Nachiket,Agrawal,cust1453_hotmail.com,+91 946273355,Male,56,Chandigarh,North,Regular,2024-05-12
1454,Yashica,Narula,cust1454_hotmail.com,+91 740184443,Male,28,Ahmedabad,West,Regular,2025-04-28
1455,Chakrika,Som,cust1455_yahoo.com,+91 759168516,Other,50,Guwahati,East,Regular,2025-12-31
1456,Manan,Sathe,cust1456_yahoo.com,+91 832875771,Male,46,Ahmedabad,West,Occasional,2026-03-17
1457,Isaiah,Srinivas,cust1457_gmail.com,+91 956389598,Male,19,New Delhi,North,New,2025-12-06
1458,Jackson,Morar,cust1458_gmail.com,+91 955536499,Other,53,Bhubaneswar,East,Regular,2023-08-05
1459,Thomas,Sehgal,cust1459_yahoo.com,+91 757208705,Male,55,Bhopal,Central,Occasional,2024-09-15
1460,Eta,Bhakta,cust1460_hotmail.com,+91 894511313,Female,38,Surat,West,Regular,2023-05-24
1461,Robert,Vyas,cust1461_gmail.com,+91 767753841,Male,20,Nagpur,Central,Regular,2025-09-23
1462,Arunima,Hayre,cust1462_gmail.com,+91 956514475,Male,16,Guwahati,East,Regular,2026-04-28
1463,Sanaya,Chahal,cust1463_hotmail.com,+91 915184401,Male,56,Chandigarh,North,New,2023-05-10
1464,Robert,Swaminathan,cust1464_yahoo.com,+91 875763531,Male,26,Jaipur,North,Regular,2024-09-04
1465,Yasti,Bhalla,cust1465_hotmail.com,+91 710753932,Male,41,Raipur,Central,Regular,2025-07-25
1466,Mitali,Divan,cust1466_hotmail.com,+91 822597238,Other,49,Indore,Central,Regular,2024-07-14
1467,Kala,Raju,cust1467_yahoo.com,+91 774837213,Male,22,Guwahati,East,Regular,2024-10-26
1468,Bhavani,Pai,cust1468_yahoo.com,+91 780251285,Male,26,Hyderabad,South,Occasional,2023-01-19
1469,Sanaya,Chahal,cust1469_gmail.com,+91 870434987,Other,24,Mumbai,West,Occasional,2024-04-23
1470,Sachi,Sagar,cust1470_yahoo.com,+91 744194139,Male,50,Ahmedabad,West,Regular,2026-02-04
1471,Nihal,Samra,cust1471_hotmail.com,+91 823821218,Male,30,Indore,Central,Regular,2024-03-24
1472,Liam,Chadha,cust1472_gmail.com,+91 866249268,Male,56,Lucknow,North,Occasional,2024-10-05
1473,Chavvi,Soman,cust1473_hotmail.com,+91 825754817,Female,57,Bangalore,South,Regular,2023-11-19
1474,Dominic,Prashad,cust1474_gmail.com,+91 877346129,Other,23,Kolkata,East,New,2024-06-05
1475,Nimrat,Mahajan,cust1475_yahoo.com,+91 823736394,Male,60,New Delhi,North,New,2023-01-11
1476,Turvi,Devan,cust1476_gmail.com,+91 952992877,Male,23,Chennai,South,Occasional,2023-09-29
1477,Lakshmi,Mann,cust1477_hotmail.com,+91 846580669,Other,41,Indore,Central,Occasional,2023-10-16
1478,Brijesh,Mittal,cust1478_hotmail.com,+91 732187756,Other,47,Pune,West,Occasional,2025-02-01
1479,Wakeeta,Sheth,cust1479_gmail.com,+91 838874452,Male,46,Bhopal,Central,New,2024-04-17
1480,Aarnav,Dube,cust1480_yahoo.com,+91 769671699,Other,22,Indore,Central,Occasional,2023-02-11
1481,Urmi,Dash,cust1481_hotmail.com,+91 966356345,Other,40,Jaipur,North,Occasional,2024-04-11
1482,Bhavna,Sahni,cust1482_gmail.com,+91 951452604,Female,38,Lucknow,North,Occasional,2025-10-31
1483,Yash,Balakrishnan,cust1483_gmail.com,+91 833689854,Other,15,Mumbai,West,Occasional,2025-02-03
1484,Aradhana,Tailor,cust1484_gmail.com,+91 916806405,Other,37,Raipur,Central,New,2026-04-02
1485,Janaki,Srivastava,cust1485_hotmail.com,+91 818845149,Male,39,Raipur,Central,Regular,2025-07-19
1486,Aarna,Soni,cust1486_hotmail.com,+91 844480554,Male,17,Patna,East,Regular,2024-11-08
1487,Kashvi,Vala,cust1487_hotmail.com,+91 821328528,Female,57,Pune,West,Occasional,2023-07-05
1488,Anay,Lad,cust1488_gmail.com,+91 838750120,Male,47,Mumbai,West,Regular,2025-06-12
1489,Dalbir,Dhingra,cust1489_yahoo.com,+91 930755727,Other,40,Guwahati,East,Regular,2025-06-22
1490,Krishna,Parikh,cust1490_gmail.com,+91 751921997,Female,15,Surat,West,Occasional,2024-12-17
1491,Anjali,Patel,cust1491_yahoo.com,+91 742278317,Other,34,Hyderabad,South,Occasional,2023-03-24
1492,Ishani,Bava,cust1492_yahoo.com,+91 826415213,Male,36,Lucknow,North,Regular,2025-09-15
1493,Faraj,Varkey,cust1493_gmail.com,+91 953422569,Female,33,Kolkata,East,Occasional,2024-03-29
1494,Qadim,Chandra,cust1494_hotmail.com,+91 773676928,Female,39,Indore,Central,VIP,2026-04-05
1495,Oliver,Naidu,cust1495_yahoo.com,+91 817344881,Female,28,Pune,West,Regular,2026-03-15
1496,Charvi,Madan,cust1496_hotmail.com,+91 947467285,Other,29,Chennai,South,Occasional,2025-11-30
1497,Janani,Char,cust1497_hotmail.com,+91 838147386,Other,16,Pune,West,New,2025-12-20
1498,Indira,Dhawan,cust1498_gmail.com,+91 798732714,Female,20,Kochi,South,Regular,2025-06-20
1499,Zarna,Manda,cust1499_yahoo.com,+91 786242949,Female,23,Chandigarh,North,VIP,2023-08-01
1500,Vedhika,Sabharwal,cust1500_yahoo.com,+91 932222467,Female,58,Chandigarh,North,Regular,2026-04-24
1501,Harsh,Kamdar,cust1501_gmail.com,+91 936586979,Female,15,Kochi,South,Regular,2023-09-11
1502,Timothy,Guha,cust1502_hotmail.com,+91 725959336,Male,52,Chennai,South,Regular,2025-02-20
1503,Ishaan,Sahni,cust1503_yahoo.com,+91 810289254,Other,17,Lucknow,North,Regular,2025-08-10
1504,Jackson,Deep,cust1504_gmail.com,+91 940758349,Male,28,Indore,Central,Regular,2023-04-29
1505,Ijaya,Muni,cust1505_hotmail.com,+91 820718163,Other,15,Kochi,South,VIP,2025-01-14
1506,Liam,Sathe,cust1506_hotmail.com,+91 992449540,Other,21,Jaipur,North,Regular,2024-07-17
1507,Hema,Gera,cust1507_hotmail.com,+91 996387816,Female,46,Chennai,South,VIP,2025-03-23
1508,Ayush,Dani,cust1508_gmail.com,+91 810844560,Other,52,Ahmedabad,West,New,2024-04-18
1509,Lucky,Karan,cust1509_yahoo.com,+91 854844923,Male,28,Hyderabad,South,Regular,2023-07-19
1510,Shaurya,De,cust1510_gmail.com,+91 990579576,Female,49,Bangalore,South,Occasional,2023-07-14
1511,Isaac,Brahmbhatt,cust1511_gmail.com,+91 866851394,Female,30,Ahmedabad,West,Regular,2024-10-21
1512,Veda,Sankar,cust1512_gmail.com,+91 796729816,Female,21,Lucknow,North,New,2026-04-18
1513,Hritik,Bali,cust1513_hotmail.com,+91 864448159,Female,37,Guwahati,East,Regular,2023-11-02
1514,Daniel,Singh,cust1514_gmail.com,+91 713902689,Male,25,Guwahati,East,Occasional,2025-03-08
1515,Caleb,Bhatti,cust1515_yahoo.com,+91 762778175,Other,54,Surat,West,VIP,2024-01-29
1516,Advaith,Char,cust1516_gmail.com,+91 924500589,Male,55,Hyderabad,South,Occasional,2025-11-03
1517,Samesh,Iyengar,cust1517_gmail.com,+91 971747537,Female,28,Kolkata,East,Regular,2025-07-23
1518,Indali,Balakrishnan,cust1518_gmail.com,+91 972226652,Male,37,Hyderabad,South,Occasional,2025-11-07
1519,Arunima,Pall,cust1519_yahoo.com,+91 976837391,Female,56,Jaipur,North,Occasional,2023-08-15
1520,Xiti,Khurana,cust1520_hotmail.com,+91 720392966,Female,24,Patna,East,Occasional,2023-09-07
1521,Ekansh,Chaudhary,cust1521_hotmail.com,+91 741564950,Male,36,Bangalore,South,Occasional,2025-06-04
1522,Akshay,Wadhwa,cust1522_gmail.com,+91 999174312,Male,24,Hyderabad,South,Regular,2026-03-31
1523,Rehaan,Manda,cust1523_gmail.com,+91 936229590,Female,49,Surat,West,Occasional,2026-01-16
1524,Aayush,Chaudhary,cust1524_gmail.com,+91 935920799,Other,46,Chandigarh,North,Regular,2026-03-17
1525,Vaishnavi,Peri,cust1525_hotmail.com,+91 777242142,Female,21,Indore,Central,Regular,2025-02-22
1526,Qasim,Sarraf,cust1526_hotmail.com,+91 830817538,Female,40,Mumbai,West,Regular,2025-07-04
1527,Pratyush,Pant,cust1527_yahoo.com,+91 818924247,Male,46,Guwahati,East,Regular,2023-06-16
1528,Tanish,Varkey,cust1528_gmail.com,+91 741600954,Female,38,Ahmedabad,West,Occasional,2024-10-20
1529,Isaiah,Murthy,cust1529_gmail.com,+91 862366641,Other,43,Surat,West,Occasional,2024-09-25
1530,Imaran,Venkatesh,cust1530_gmail.com,+91 745933921,Male,51,Raipur,Central,Regular,2024-12-24
1531,Jalsa,Mani,cust1531_hotmail.com,+91 862740241,Male,35,Mumbai,West,VIP,2025-02-09
1532,Banjeet,Butala,cust1532_yahoo.com,+91 851492646,Other,36,Patna,East,New,2026-01-26
1533,Jack,Rajan,cust1533_yahoo.com,+91 767996527,Female,60,Bangalore,South,Regular,2025-02-05
1534,Devika,Sawhney,cust1534_gmail.com,+91 899122728,Other,43,Bhopal,Central,Occasional,2024-12-10
1535,Nikita,Mannan,cust1535_yahoo.com,+91 827174234,Other,51,Chennai,South,Regular,2025-05-10
1536,Ekaraj,Soni,cust1536_hotmail.com,+91 728906300,Male,33,Bhubaneswar,East,New,2023-10-21
1537,Praneel,Arya,cust1537_hotmail.com,+91 873840680,Female,44,Kolkata,East,New,2024-07-24
1538,Henry,Randhawa,cust1538_yahoo.com,+91 947814771,Male,18,Chennai,South,Regular,2025-02-02
1539,Frederick,Dar,cust1539_gmail.com,+91 977237195,Other,33,Hyderabad,South,Regular,2025-03-22
1540,Nandini,Chaudry,cust1540_hotmail.com,+91 892848259,Male,59,Hyderabad,South,VIP,2024-09-05
1541,Dhruv,Patla,cust1541_gmail.com,+91 760599509,Female,43,Nagpur,Central,VIP,2023-09-20
1542,Sai,Raval,cust1542_gmail.com,+91 795243969,Other,48,Kochi,South,Regular,2024-06-10
1543,Panini,Tata,cust1543_yahoo.com,+91 729127941,Male,18,New Delhi,North,New,2023-12-28
1544,Anjali,Ratta,cust1544_yahoo.com,+91 826497936,Other,31,Nagpur,Central,Occasional,2026-04-03
1545,Nidhi,Sundaram,cust1545_hotmail.com,+91 764969562,Male,58,Bhopal,Central,Occasional,2025-01-09
1546,Manan,Sha,cust1546_gmail.com,+91 987515610,Other,55,Jaipur,North,Regular,2024-03-09
1547,Zashil,Suri,cust1547_yahoo.com,+91 891793359,Male,53,Kochi,South,New,2023-07-09
1548,Krish,Balan,cust1548_gmail.com,+91 957529386,Male,51,Patna,East,Occasional,2023-12-25
1549,Chatresh,Bir,cust1549_yahoo.com,+91 743736478,Male,20,New Delhi,North,New,2026-02-20
1550,Avi,Gola,cust1550_yahoo.com,+91 910179210,Male,36,Chennai,South,Regular,2025-11-19
1551,Eta,Dua,cust1551_yahoo.com,+91 998825757,Female,18,Chandigarh,North,Occasional,2025-07-28
1552,Gopal,Bose,cust1552_hotmail.com,+91 975690754,Other,17,Jaipur,North,Regular,2025-08-24
1553,Zinal,Tailor,cust1553_yahoo.com,+91 744347165,Female,37,New Delhi,North,Regular,2026-03-13
1554,Chaaya,Tank,cust1554_yahoo.com,+91 937953438,Male,27,Nagpur,Central,Occasional,2023-11-10
1555,Advika,Oza,cust1555_hotmail.com,+91 937588417,Other,44,Lucknow,North,Regular,2025-02-23
1556,Andrew,Balay,cust1556_yahoo.com,+91 789754112,Male,21,Indore,Central,New,2025-04-29
1557,Leela,Sengupta,cust1557_yahoo.com,+91 867212598,Female,43,Nagpur,Central,Occasional,2023-07-05
1558,Saanvi,Sharaf,cust1558_gmail.com,+91 729573909,Other,57,New Delhi,North,Regular,2024-08-07
1559,Peter,Mitter,cust1559_hotmail.com,+91 923546195,Female,21,Bhopal,Central,Regular,2023-02-21
1560,Vyanjana,Sankar,cust1560_gmail.com,+91 824187682,Other,51,Guwahati,East,Regular,2023-09-12
1561,Lopa,Sura,cust1561_gmail.com,+91 976306779,Female,27,Guwahati,East,Regular,2024-04-30
1562,Vritti,Zacharia,cust1562_hotmail.com,+91 951985128,Male,36,Chandigarh,North,New,2025-06-02
1563,Vamakshi,Dugar,cust1563_hotmail.com,+91 742465759,Female,49,Bhopal,Central,VIP,2024-12-30
1564,Mahika,Lall,cust1564_yahoo.com,+91 829658478,Female,30,Surat,West,Regular,2023-03-28
1565,Krishna,Pandit,cust1565_yahoo.com,+91 985888879,Other,47,Hyderabad,South,Regular,2025-07-07
1566,Darsh,Bala,cust1566_hotmail.com,+91 928196579,Female,59,Kochi,South,Regular,2024-05-12
1567,Kabir,Peri,cust1567_yahoo.com,+91 952652933,Male,32,Indore,Central,New,2023-03-12
1568,Avi,Om,cust1568_yahoo.com,+91 710934995,Other,27,Guwahati,East,VIP,2026-02-26
1569,Priya,Pai,cust1569_yahoo.com,+91 769283590,Male,39,Nagpur,Central,Regular,2023-06-01
1570,Indali,Bhalla,cust1570_hotmail.com,+91 818753479,Female,60,Bhopal,Central,VIP,2024-10-01
1571,Yug,Keer,cust1571_hotmail.com,+91 848536209,Other,30,Pune,West,VIP,2024-01-15
1572,Frado,Bhatti,cust1572_yahoo.com,+91 778677583,Male,23,Raipur,Central,New,2024-04-29
1573,Geetika,Gara,cust1573_gmail.com,+91 931595912,Male,45,Chandigarh,North,Regular,2023-06-27
1574,Eshana,Barad,cust1574_yahoo.com,+91 827426231,Other,59,New Delhi,North,Occasional,2025-04-16
1575,Pahal,Varma,cust1575_yahoo.com,+91 787162108,Male,43,Raipur,Central,New,2025-10-18
1576,Anmol,Singh,cust1576_hotmail.com,+91 745244298,Male,33,Bangalore,South,Occasional,2024-02-19
1577,Edhitha,Purohit,cust1577_hotmail.com,+91 754856774,Other,45,Patna,East,Occasional,2023-02-04
1578,Ekantika,Chaudhari,cust1578_yahoo.com,+91 964223794,Male,52,Guwahati,East,Occasional,2024-08-29
1579,Samesh,Nayar,cust1579_yahoo.com,+91 888544458,Female,40,Kolkata,East,Regular,2023-06-05
1580,Harinakshi,Ganesan,cust1580_hotmail.com,+91 787724840,Female,58,Guwahati,East,Regular,2025-02-20
1581,Januja,Sarin,cust1581_gmail.com,+91 812117729,Female,60,Hyderabad,South,Regular,2024-04-10
1582,Faqid,Wason,cust1582_gmail.com,+91 958798829,Male,38,Chennai,South,Regular,2025-02-10
1583,Alka,Batta,cust1583_yahoo.com,+91 726957190,Other,52,Patna,East,VIP,2024-03-22
1584,Neelima,Kara,cust1584_hotmail.com,+91 911569121,Other,38,Pune,West,Occasional,2025-06-09
1585,George,Chandran,cust1585_hotmail.com,+91 724442604,Female,55,Patna,East,Occasional,2026-02-28
1586,Anjali,Bhavsar,cust1586_hotmail.com,+91 999198144,Male,19,Lucknow,North,Regular,2024-06-07
1587,Vaishnavi,Sane,cust1587_gmail.com,+91 774133237,Male,40,Kochi,South,Regular,2026-05-29
1588,Faraj,Mittal,cust1588_hotmail.com,+91 869444712,Other,44,Bhopal,Central,New,2024-06-23
1589,Rachita,Zacharia,cust1589_yahoo.com,+91 874612830,Female,28,Hyderabad,South,Regular,2024-04-10
1590,Oeshi,Ratti,cust1590_yahoo.com,+91 883512583,Male,51,Jaipur,North,Regular,2023-11-07
1591,Yutika,Setty,cust1591_hotmail.com,+91 974523748,Male,39,Surat,West,New,2025-08-28
1592,Pranit,Bahl,cust1592_hotmail.com,+91 721606809,Male,23,Hyderabad,South,Occasional,2026-03-31
1593,Zaitra,Grover,cust1593_hotmail.com,+91 776245417,Female,40,Guwahati,East,Occasional,2025-12-28
1594,Tanay,Sibal,cust1594_yahoo.com,+91 895231397,Other,15,Pune,West,VIP,2025-02-14
1595,Radha,Bhasin,cust1595_hotmail.com,+91 960780150,Male,20,Jaipur,North,Regular,2025-09-17
1596,Janya,Shere,cust1596_gmail.com,+91 785124672,Female,36,Kolkata,East,Regular,2023-11-08
1597,Matthew,Mital,cust1597_yahoo.com,+91 893307847,Male,18,Kochi,South,New,2024-01-09
1598,Eiravati,Bhatt,cust1598_hotmail.com,+91 893322490,Female,53,Hyderabad,South,Occasional,2024-09-29
1599,Nitara,Loke,cust1599_yahoo.com,+91 717839138,Male,52,Bangalore,South,VIP,2023-11-13
1600,Naveen,Kunda,cust1600_hotmail.com,+91 966633216,Male,15,Bhopal,Central,Occasional,2025-09-30
1601,Warinder,Ravi,cust1601_gmail.com,+91 992336443,Male,59,Mumbai,West,New,2025-07-22
1602,Mason,Handa,cust1602_gmail.com,+91 933739799,Other,18,Lucknow,North,Occasional,2023-06-26
1603,Dayita,Shetty,cust1603_yahoo.com,+91 938748554,Female,41,Bangalore,South,Regular,2024-01-17
1604,Rajata,Sami,cust1604_hotmail.com,+91 778758125,Female,47,Kochi,South,Occasional,2025-05-19
1605,Saksham,Dutta,cust1605_yahoo.com,+91 991539632,Male,19,Jaipur,North,Regular,2023-02-27
1606,Ayush,Kuruvilla,cust1606_yahoo.com,+91 942887568,Female,15,Nagpur,Central,New,2023-07-31
1607,Patrick,Basak,cust1607_hotmail.com,+91 754797661,Male,28,Bangalore,South,Occasional,2025-10-20
1608,Anmol,Bhakta,cust1608_gmail.com,+91 873307719,Other,43,Bangalore,South,Occasional,2025-01-24
1609,Chanchal,Bhatt,cust1609_yahoo.com,+91 984227864,Male,34,Pune,West,Regular,2024-05-02
1610,Gautam,Ranganathan,cust1610_hotmail.com,+91 855763129,Female,21,Patna,East,Regular,2024-07-18
1611,Warinder,Choudhury,cust1611_hotmail.com,+91 922621607,Female,45,Guwahati,East,Regular,2023-08-07
1612,Xiti,Dara,cust1612_hotmail.com,+91 765657638,Female,57,Hyderabad,South,Occasional,2026-02-14
1613,Zayan,Taneja,cust1613_gmail.com,+91 960894901,Other,55,New Delhi,North,Regular,2025-10-28
1614,Jason,Munshi,cust1614_yahoo.com,+91 733535542,Other,42,Patna,East,Regular,2024-01-05
1615,Madhavi,Keer,cust1615_yahoo.com,+91 998299558,Other,56,Indore,Central,Regular,2025-06-26
1616,Maanas,Chhabra,cust1616_gmail.com,+91 780756716,Male,58,Bhubaneswar,East,New,2023-12-05
1617,Anvi,Sarraf,cust1617_yahoo.com,+91 884697347,Female,35,Indore,Central,Occasional,2023-11-29
1618,Daksh,Swaminathan,cust1618_hotmail.com,+91 889588591,Female,44,Jaipur,North,Regular,2024-01-31
1619,Isaiah,Nadig,cust1619_hotmail.com,+91 813662958,Female,27,Surat,West,New,2024-08-05
1620,Vaishnavi,Koshy,cust1620_yahoo.com,+91 719827397,Female,22,Mumbai,West,Occasional,2024-10-20
1621,Maanav,Patil,cust1621_yahoo.com,+91 880696292,Female,51,Chandigarh,North,VIP,2026-05-03
1622,Jhalak,Morar,cust1622_gmail.com,+91 821647645,Female,43,Chennai,South,Regular,2026-01-16
1623,Bakhshi,Bhagat,cust1623_hotmail.com,+91 815157993,Other,56,Lucknow,North,Regular,2025-09-29
1624,Wriddhish,Kulkarni,cust1624_hotmail.com,+91 933368376,Other,53,New Delhi,North,Occasional,2026-05-10
1625,Dayamai,Patil,cust1625_hotmail.com,+91 854754574,Other,18,Kochi,South,Occasional,2024-08-20
1626,Warjas,Savant,cust1626_yahoo.com,+91 712226204,Other,24,Jaipur,North,Regular,2023-07-09
1627,Maya,Kumer,cust1627_yahoo.com,+91 960955740,Other,17,New Delhi,North,Regular,2023-01-13
1628,Warinder,Mishra,cust1628_gmail.com,+91 992715452,Female,24,Bangalore,South,New,2023-05-21
1629,Reva,Nadig,cust1629_hotmail.com,+91 887315940,Male,22,Hyderabad,South,Occasional,2023-09-06
1630,Bahadurjit,Mahal,cust1630_gmail.com,+91 711901610,Male,55,Chandigarh,North,Regular,2024-09-23
1631,Vyanjana,Sinha,cust1631_hotmail.com,+91 893827533,Male,23,Chennai,South,Regular,2026-04-25
1632,Gaurangi,Sami,cust1632_gmail.com,+91 770911852,Female,55,Raipur,Central,Regular,2024-10-03
1633,Advika,Toor,cust1633_gmail.com,+91 921926757,Female,32,Lucknow,North,Regular,2023-09-07
1634,Osha,Narain,cust1634_yahoo.com,+91 973361150,Female,39,Nagpur,Central,Occasional,2024-06-30
1635,Ayaan,Ben,cust1635_hotmail.com,+91 948359481,Female,29,Patna,East,Regular,2025-12-15
1636,Qarin,Sawhney,cust1636_hotmail.com,+91 964662649,Female,57,Lucknow,North,Occasional,2025-09-23
1637,Aarush,Rattan,cust1637_gmail.com,+91 944618303,Other,33,Pune,West,Occasional,2023-07-31
1638,Dalaja,Murthy,cust1638_hotmail.com,+91 964745263,Other,41,Chennai,South,Occasional,2025-09-03
1639,Indrajit,Dugar,cust1639_gmail.com,+91 876420346,Female,24,Kochi,South,VIP,2023-05-08
1640,Kalpit,Roy,cust1640_yahoo.com,+91 970104620,Female,53,Guwahati,East,Regular,2025-03-13
1641,Vanya,Deol,cust1641_yahoo.com,+91 937772949,Other,56,Kochi,South,Regular,2024-12-02
1642,Falak,Manda,cust1642_gmail.com,+91 953987648,Other,17,Kochi,South,Regular,2023-09-27
1643,Oeshi,Pillai,cust1643_gmail.com,+91 814710279,Male,49,Ahmedabad,West,Regular,2023-05-12
1644,Krishna,Kapur,cust1644_gmail.com,+91 716568301,Other,32,Patna,East,Regular,2024-09-03
1645,Veer,Chakraborty,cust1645_yahoo.com,+91 799578557,Other,29,Bhopal,Central,New,2023-02-05
1646,Adweta,Ganguly,cust1646_gmail.com,+91 844750907,Other,37,Patna,East,Occasional,2023-11-04
1647,Pushti,Lad,cust1647_gmail.com,+91 718531241,Other,36,Jaipur,North,Occasional,2024-09-14
1648,Jhalak,Garde,cust1648_hotmail.com,+91 796235805,Female,59,Mumbai,West,Occasional,2023-05-19
1649,Akshay,Vora,cust1649_yahoo.com,+91 933675196,Male,34,Ahmedabad,West,Regular,2023-07-02
1650,Sudiksha,Talwar,cust1650_gmail.com,+91 886371890,Male,58,Bangalore,South,Occasional,2026-04-16
1651,Samar,Halder,cust1651_yahoo.com,+91 952292180,Female,21,Hyderabad,South,Regular,2023-12-15
1652,Warda,Raja,cust1652_gmail.com,+91 745989270,Other,40,Chennai,South,Regular,2024-03-23
1653,Samuel,Kale,cust1653_yahoo.com,+91 965960791,Male,39,Bhubaneswar,East,New,2024-11-01
1654,Ranbir,Sahota,cust1654_gmail.com,+91 777472607,Other,29,Mumbai,West,Occasional,2026-02-02
1655,Madhav,Balakrishnan,cust1655_yahoo.com,+91 853182365,Female,55,Nagpur,Central,Occasional,2024-09-26
1656,Warinder,Seshadri,cust1656_gmail.com,+91 751196180,Other,45,New Delhi,North,Occasional,2024-02-11
1657,Tara,Chada,cust1657_gmail.com,+91 897325805,Female,44,Ahmedabad,West,Occasional,2024-07-28
1658,Kiaan,Naik,cust1658_hotmail.com,+91 779965210,Female,41,Patna,East,Regular,2024-12-29
1659,Simon,Rajagopal,cust1659_hotmail.com,+91 822963243,Female,20,Kochi,South,Occasional,2024-09-09
1660,Aahana,Bora,cust1660_gmail.com,+91 931879535,Female,31,Bhubaneswar,East,New,2024-10-19
1661,Daniel,Ben,cust1661_yahoo.com,+91 942638221,Male,47,Kochi,South,New,2025-05-15
1662,Urishilla,Pandya,cust1662_hotmail.com,+91 785736160,Male,42,Guwahati,East,Occasional,2023-12-31
1663,Chakradev,Ahluwalia,cust1663_yahoo.com,+91 740733712,Male,36,Chandigarh,North,New,2025-11-08
1664,Lakshmi,Mittal,cust1664_yahoo.com,+91 852133829,Male,36,Guwahati,East,Occasional,2025-02-22
1665,Kamala,Deo,cust1665_hotmail.com,+91 963551333,Male,58,Bhopal,Central,Occasional,2025-11-08
1666,Praneel,Lad,cust1666_gmail.com,+91 777669643,Female,17,Hyderabad,South,Regular,2023-03-05
1667,Waida,Nori,cust1667_yahoo.com,+91 893255158,Other,24,Mumbai,West,Regular,2025-02-21
1668,Gaurav,Nadig,cust1668_hotmail.com,+91 815979795,Female,24,Kochi,South,Occasional,2023-07-24
1669,Rachita,Dhar,cust1669_yahoo.com,+91 826582470,Male,38,Bangalore,South,Regular,2025-04-03
1670,Dhriti,Basu,cust1670_gmail.com,+91 918212835,Other,36,Patna,East,Regular,2023-07-01
1671,Avni,Patel,cust1671_yahoo.com,+91 834187633,Other,60,Lucknow,North,Regular,2025-02-14
1672,Adya,Lalla,cust1672_hotmail.com,+91 957330914,Female,20,Pune,West,New,2024-03-15
1673,Rajata,Gala,cust1673_yahoo.com,+91 796757209,Female,35,Kochi,South,VIP,2024-05-01
1674,Vyanjana,Dora,cust1674_hotmail.com,+91 887229499,Other,36,Bangalore,South,Occasional,2026-02-18
1675,Ria,Bera,cust1675_gmail.com,+91 924962537,Male,24,Patna,East,Occasional,2025-10-18
1676,Chatura,Karpe,cust1676_gmail.com,+91 972334939,Other,54,New Delhi,North,Regular,2023-08-19
1677,Upma,Lad,cust1677_gmail.com,+91 919905429,Female,43,Jaipur,North,Regular,2023-02-25
1678,Unni,Sarin,cust1678_gmail.com,+91 713467240,Female,51,Guwahati,East,Occasional,2026-01-01
1679,Banjeet,Sathe,cust1679_yahoo.com,+91 892399454,Male,53,Guwahati,East,Occasional,2025-02-07
1680,Vedhika,Shankar,cust1680_yahoo.com,+91 742380425,Male,18,Lucknow,North,VIP,2026-01-06
1681,Manbir,Dasgupta,cust1681_yahoo.com,+91 958860926,Male,48,Bangalore,South,Regular,2023-06-24
1682,Samar,Mander,cust1682_gmail.com,+91 949753454,Male,18,Kolkata,East,Regular,2023-05-26
1683,Yashoda,Mahajan,cust1683_hotmail.com,+91 816343764,Female,18,Surat,West,Regular,2023-09-19
1684,Simon,Agrawal,cust1684_hotmail.com,+91 897806570,Female,58,Bhopal,Central,Regular,2025-10-27
1685,Pranit,Saha,cust1685_gmail.com,+91 879617198,Male,17,Jaipur,North,VIP,2026-04-06
1686,Wishi,Chandra,cust1686_yahoo.com,+91 719149992,Female,35,Hyderabad,South,Regular,2024-01-18
1687,Bhavani,Dara,cust1687_yahoo.com,+91 722658417,Female,25,Chennai,South,Regular,2023-02-10
1688,Hitesh,Naik,cust1688_gmail.com,+91 980273470,Other,30,Jaipur,North,Regular,2024-08-03
1689,Finn,Sharma,cust1689_hotmail.com,+91 919870788,Other,39,Bhopal,Central,Occasional,2023-02-14
1690,Varsha,Setty,cust1690_hotmail.com,+91 740650678,Female,58,Patna,East,Occasional,2025-10-21
1691,Abdul,Narayan,cust1691_gmail.com,+91 958714112,Male,44,Chandigarh,North,Occasional,2024-02-23
1692,Sneha,Nair,cust1692_hotmail.com,+91 864593288,Other,17,Nagpur,Central,VIP,2025-10-16
1693,Kai,Kakar,cust1693_gmail.com,+91 899834202,Male,18,Pune,West,New,2026-02-14
1694,Barkha,Naidu,cust1694_gmail.com,+91 840375674,Male,38,Chandigarh,North,New,2026-05-30
1695,Ekavir,Raj,cust1695_gmail.com,+91 737569106,Male,48,Lucknow,North,Regular,2026-03-01
1696,Aadhya,Gokhale,cust1696_gmail.com,+91 892411470,Other,31,New Delhi,North,New,2024-09-11
1697,Mohini,Chakraborty,cust1697_gmail.com,+91 960452446,Male,39,Guwahati,East,Occasional,2026-04-12
1698,Nicholas,Rama,cust1698_yahoo.com,+91 873180341,Female,43,Bhopal,Central,Regular,2023-11-20
1699,Mitesh,Dara,cust1699_yahoo.com,+91 840698462,Male,40,Chandigarh,North,Regular,2024-03-18
1700,Rachana,Mukherjee,cust1700_hotmail.com,+91 938125481,Female,38,Guwahati,East,Regular,2025-02-01
1701,Karan,Parmer,cust1701_hotmail.com,+91 977589865,Male,33,Kolkata,East,Occasional,2025-07-26
1702,Jhalak,Vala,cust1702_gmail.com,+91 737803771,Other,60,Jaipur,North,Occasional,2023-05-30
1703,Sanaya,Rama,cust1703_yahoo.com,+91 848906500,Male,39,Surat,West,Regular,2025-01-30
1704,Pallavi,Chana,cust1704_yahoo.com,+91 710403796,Other,22,Patna,East,VIP,2024-02-22
1705,Quincy,Saraf,cust1705_hotmail.com,+91 948278741,Male,57,Guwahati,East,Regular,2024-07-26
1706,Girik,Baria,cust1706_hotmail.com,+91 724715506,Other,49,Chennai,South,Occasional,2024-10-23
1707,Ubika,Kapur,cust1707_hotmail.com,+91 813961356,Female,39,Kochi,South,Regular,2024-06-14
1708,Mohammed,Tandon,cust1708_hotmail.com,+91 971122321,Other,39,Raipur,Central,Occasional,2025-12-02
1709,Fiyaz,Mannan,cust1709_yahoo.com,+91 879325598,Male,58,Bangalore,South,Occasional,2025-09-04
1710,Fariq,Sridhar,cust1710_yahoo.com,+91 798963180,Other,37,Kochi,South,Occasional,2024-11-10
1711,Joshua,Mital,cust1711_gmail.com,+91 924777759,Other,25,Hyderabad,South,Regular,2023-08-19
1712,Prisha,Merchant,cust1712_hotmail.com,+91 938386165,Female,17,Chandigarh,North,New,2025-03-23
1713,Faraj,Bath,cust1713_hotmail.com,+91 928692196,Other,20,Chandigarh,North,Occasional,2023-03-16
1714,Yashvi,Sandal,cust1714_yahoo.com,+91 745591227,Other,48,Hyderabad,South,Regular,2023-06-17
1715,Ucchal,Kulkarni,cust1715_yahoo.com,+91 984891510,Female,56,New Delhi,North,VIP,2023-05-27
1716,Finn,Thakur,cust1716_gmail.com,+91 877727846,Other,48,Bhubaneswar,East,Occasional,2024-01-31
1717,Turvi,Gola,cust1717_gmail.com,+91 988559739,Female,53,Raipur,Central,VIP,2023-06-26
1718,Chakradev,Chacko,cust1718_yahoo.com,+91 825213385,Male,49,Hyderabad,South,New,2024-09-02
1719,Chameli,Murthy,cust1719_hotmail.com,+91 922666734,Female,49,Surat,West,Occasional,2025-12-30
1720,Suhani,Sengupta,cust1720_hotmail.com,+91 837747920,Male,58,Chandigarh,North,New,2026-01-29
1721,Harita,Grover,cust1721_gmail.com,+91 762304948,Male,21,Surat,West,Regular,2024-02-16
1722,Farhan,Lad,cust1722_hotmail.com,+91 832862987,Female,41,Bhubaneswar,East,Regular,2023-10-15
1723,Radha,Warrior,cust1723_gmail.com,+91 837599674,Other,47,Nagpur,Central,VIP,2023-06-15
1724,Megha,Dada,cust1724_gmail.com,+91 985763694,Other,52,Bhopal,Central,VIP,2023-01-10
1725,Vansha,Sharma,cust1725_hotmail.com,+91 724881312,Other,56,Bhopal,Central,Occasional,2023-09-24
1726,Vidhi,Mitter,cust1726_hotmail.com,+91 854293914,Female,58,Kolkata,East,Occasional,2024-09-21
1727,Jalsa,Rana,cust1727_yahoo.com,+91 934531223,Male,30,Chandigarh,North,VIP,2025-08-16
1728,Jeremiah,Deshmukh,cust1728_gmail.com,+91 914872968,Female,17,Nagpur,Central,Regular,2023-05-17
1729,Isaac,Babu,cust1729_hotmail.com,+91 896267715,Male,37,Indore,Central,Occasional,2023-10-24
1730,Avi,Kadakia,cust1730_yahoo.com,+91 753811531,Other,30,Ahmedabad,West,Occasional,2023-10-20
1731,Maanav,Khurana,cust1731_yahoo.com,+91 845850323,Male,53,Indore,Central,Occasional,2025-10-04
1732,Rayaan,Chadha,cust1732_yahoo.com,+91 766928378,Female,19,Chennai,South,Occasional,2025-08-30
1733,Ubika,Divan,cust1733_yahoo.com,+91 790856963,Other,31,Chennai,South,Occasional,2026-04-10
1734,Anthony,Dada,cust1734_gmail.com,+91 933823292,Male,40,Patna,East,Occasional,2024-10-17
1735,Sai,Sundaram,cust1735_yahoo.com,+91 986367466,Male,31,Chandigarh,North,Regular,2023-08-25
1736,Shivani,Kibe,cust1736_gmail.com,+91 722421498,Female,28,Chennai,South,Occasional,2023-01-31
1737,Manya,Behl,cust1737_yahoo.com,+91 886509633,Male,57,Bhopal,Central,Occasional,2024-04-03
1738,Harshil,Sankaran,cust1738_yahoo.com,+91 964812777,Other,34,Indore,Central,Regular,2023-01-13
1739,Bina,Bansal,cust1739_yahoo.com,+91 945846132,Male,50,Raipur,Central,New,2025-02-09
1740,Vedika,Varghese,cust1740_hotmail.com,+91 768595751,Other,27,Bhopal,Central,Regular,2024-09-12
1741,Vinaya,Kata,cust1741_hotmail.com,+91 918168998,Female,28,Chandigarh,North,Regular,2026-01-30
1742,Anirudh,Sami,cust1742_hotmail.com,+91 867129589,Male,59,Raipur,Central,Regular,2023-04-05
1743,Devansh,Loyal,cust1743_hotmail.com,+91 811823284,Other,34,Patna,East,Regular,2024-05-05
1744,Urvashi,Dada,cust1744_yahoo.com,+91 822804731,Other,48,Hyderabad,South,New,2024-10-10
1745,Idika,Sen,cust1745_hotmail.com,+91 941289851,Female,30,Bangalore,South,Regular,2025-08-25
1746,Ansh,Edwin,cust1746_yahoo.com,+91 922764909,Male,34,Mumbai,West,Regular,2024-11-08
1747,Rehaan,Singh,cust1747_yahoo.com,+91 829785784,Other,16,Chennai,South,Regular,2026-02-02
1748,Vincent,Tripathi,cust1748_gmail.com,+91 799715415,Female,43,Pune,West,Regular,2024-11-11
1749,Harinakshi,Sidhu,cust1749_gmail.com,+91 975536773,Other,19,New Delhi,North,New,2025-07-01
1750,Madhavi,Saha,cust1750_hotmail.com,+91 983391205,Male,34,Bhubaneswar,East,Regular,2024-03-31
1751,Jagvi,Sodhi,cust1751_gmail.com,+91 814427418,Male,55,Bangalore,South,Regular,2025-10-10
1752,Sarthak,Mandal,cust1752_hotmail.com,+91 989157620,Other,26,Mumbai,West,Regular,2025-08-23
1753,Gabriel,Subramanian,cust1753_gmail.com,+91 935425492,Male,35,New Delhi,North,Occasional,2026-03-09
1754,Ryan,Dugar,cust1754_hotmail.com,+91 932347591,Male,39,Hyderabad,South,Occasional,2023-09-27
1755,Harrison,Sagar,cust1755_yahoo.com,+91 731683455,Other,29,Guwahati,East,Regular,2025-02-03
1756,Wahab,Kadakia,cust1756_hotmail.com,+91 821954166,Other,55,Kolkata,East,Occasional,2024-04-16
1757,Andrew,Parmer,cust1757_yahoo.com,+91 749229387,Other,56,Bangalore,South,Occasional,2023-03-15
1758,Nathan,Ghosh,cust1758_hotmail.com,+91 864789281,Male,47,Chennai,South,Occasional,2024-07-08
1759,Devansh,Nazareth,cust1759_yahoo.com,+91 748790629,Male,49,Surat,West,Occasional,2023-02-19
1760,Utkarsh,Dara,cust1760_hotmail.com,+91 857204855,Male,48,Chennai,South,Regular,2023-06-27
1761,Vidhi,Kuruvilla,cust1761_yahoo.com,+91 774545894,Other,38,Nagpur,Central,Occasional,2023-12-15
1762,Isha,Batra,cust1762_hotmail.com,+91 981280492,Male,54,Chennai,South,New,2026-05-04
1763,Matthew,Varma,cust1763_hotmail.com,+91 767375309,Female,36,Nagpur,Central,Occasional,2024-02-20
1764,Hemang,Bedi,cust1764_yahoo.com,+91 991635926,Male,54,Lucknow,North,New,2025-11-06
1765,Tanvi,Choudhry,cust1765_gmail.com,+91 911354682,Female,42,Nagpur,Central,Occasional,2026-05-26
1766,Harsh,Barman,cust1766_hotmail.com,+91 836430715,Female,21,Raipur,Central,Occasional,2026-04-29
1767,Oliver,Dalal,cust1767_gmail.com,+91 743568227,Female,50,Guwahati,East,Occasional,2023-06-13
1768,Naksh,Master,cust1768_hotmail.com,+91 953380239,Other,50,New Delhi,North,Occasional,2024-07-15
1769,Yashawini,Tara,cust1769_hotmail.com,+91 888760511,Female,57,Patna,East,Regular,2024-11-16
1770,Mitesh,Patla,cust1770_yahoo.com,+91 978725693,Female,31,Guwahati,East,Regular,2023-06-04
1771,Jason,Jaggi,cust1771_yahoo.com,+91 992122993,Female,42,Kolkata,East,Occasional,2023-08-03
1772,Abeer,Korpal,cust1772_yahoo.com,+91 820182126,Other,28,Lucknow,North,Occasional,2024-10-07
1773,Bhavini,Tiwari,cust1773_gmail.com,+91 860591949,Male,37,Surat,West,Regular,2024-06-14
1774,Amaira,Pradhan,cust1774_hotmail.com,+91 819655845,Other,47,Mumbai,West,Regular,2023-05-13
1775,Oeshi,Patel,cust1775_hotmail.com,+91 894399367,Female,51,New Delhi,North,New,2026-03-18
1776,Yatan,Doshi,cust1776_hotmail.com,+91 936476725,Female,55,Hyderabad,South,New,2025-10-30
1777,Vedant,Devi,cust1777_yahoo.com,+91 851877117,Male,56,Nagpur,Central,Regular,2024-10-17
1778,Nimrat,Shanker,cust1778_hotmail.com,+91 939596451,Other,34,Guwahati,East,VIP,2024-10-04
1779,Janaki,Balan,cust1779_yahoo.com,+91 819582951,Other,59,Pune,West,Occasional,2026-05-19
1780,Advaith,Varughese,cust1780_gmail.com,+91 748134964,Female,23,Chennai,South,Regular,2023-08-15
1781,Hamsini,Murty,cust1781_yahoo.com,+91 864862276,Other,39,Chennai,South,New,2023-05-12
1782,Nitesh,Saraf,cust1782_gmail.com,+91 841629762,Other,33,Mumbai,West,Occasional,2026-04-14
1783,Balhaar,Dora,cust1783_hotmail.com,+91 835430624,Other,37,Kolkata,East,Regular,2024-09-02
1784,Zinal,Merchant,cust1784_yahoo.com,+91 766662691,Male,39,New Delhi,North,Occasional,2023-03-31
1785,Daksha,Murthy,cust1785_yahoo.com,+91 892615980,Male,38,Jaipur,North,Regular,2024-09-16
1786,Ati,Wable,cust1786_hotmail.com,+91 958877586,Female,18,Guwahati,East,New,2023-01-13
1787,Netra,Sehgal,cust1787_hotmail.com,+91 716298865,Female,42,Bhubaneswar,East,Regular,2023-08-17
1788,Riya,Pai,cust1788_hotmail.com,+91 986364512,Male,47,Ahmedabad,West,Occasional,2023-11-15
1789,Rudra,Mitra,cust1789_gmail.com,+91 778173790,Male,24,Patna,East,Regular,2024-09-20
1790,Gaurika,Ramakrishnan,cust1790_hotmail.com,+91 821588831,Other,18,Surat,West,Regular,2023-02-27
1791,Jonathan,Venkatesh,cust1791_hotmail.com,+91 845987465,Female,44,Bangalore,South,Regular,2026-01-21
1792,Tanay,Chander,cust1792_hotmail.com,+91 827497350,Other,40,Patna,East,Regular,2024-03-17
1793,Devika,Verma,cust1793_yahoo.com,+91 980719600,Other,46,Mumbai,West,Regular,2025-05-07
1794,Nathaniel,Bajaj,cust1794_gmail.com,+91 897393765,Other,30,Bhubaneswar,East,New,2026-03-22
1795,Aarna,Khurana,cust1795_yahoo.com,+91 955968294,Male,43,Nagpur,Central,Occasional,2026-05-22
1796,Pahal,Tiwari,cust1796_gmail.com,+91 859576529,Male,50,Mumbai,West,Regular,2026-02-02
1797,Darpan,Pradhan,cust1797_yahoo.com,+91 771531578,Male,37,Lucknow,North,Regular,2026-02-11
1798,Yashica,Pandya,cust1798_gmail.com,+91 748190177,Female,35,Raipur,Central,Occasional,2025-08-31
1799,Jeet,Sen,cust1799_yahoo.com,+91 985159907,Male,17,Hyderabad,South,Occasional,2023-03-16
1800,Abdul,Setty,cust1800_yahoo.com,+91 762481507,Other,37,Lucknow,North,Occasional,2025-06-08
1801,Vivaan,Palla,cust1801_yahoo.com,+91 843451350,Other,48,Hyderabad,South,New,2024-01-02
1802,Logan,Purohit,cust1802_hotmail.com,+91 753284305,Female,58,Surat,West,Regular,2024-03-18
1803,Yug,Cheema,cust1803_yahoo.com,+91 997787880,Male,15,Guwahati,East,New,2026-02-19
1804,Reyansh,Patel,cust1804_yahoo.com,+91 783854180,Female,19,Lucknow,North,VIP,2025-03-13
1805,Manan,Sandal,cust1805_yahoo.com,+91 956944531,Other,19,Chennai,South,VIP,2023-06-02
1806,George,Bhatia,cust1806_yahoo.com,+91 721660204,Female,58,Raipur,Central,New,2023-05-08
1807,Vamakshi,Kala,cust1807_yahoo.com,+91 845511536,Other,19,Bhopal,Central,Regular,2023-07-22
1808,Kala,Vora,cust1808_yahoo.com,+91 821622758,Female,56,Surat,West,Regular,2023-05-02
1809,Zilmil,Rana,cust1809_yahoo.com,+91 969850697,Female,41,Kolkata,East,Regular,2025-07-02
1810,Wishi,Sampath,cust1810_yahoo.com,+91 912858481,Other,60,Patna,East,Regular,2025-06-26
1811,Vrishti,Saha,cust1811_gmail.com,+91 957117639,Other,56,Bhubaneswar,East,Occasional,2025-12-06
1812,Yashasvi,Datta,cust1812_yahoo.com,+91 798337103,Other,26,Pune,West,Occasional,2023-08-13
1813,Tanvi,Dayal,cust1813_hotmail.com,+91 812423384,Female,45,Kochi,South,Occasional,2026-01-09
1814,Jacob,Kala,cust1814_yahoo.com,+91 718359156,Male,37,Raipur,Central,VIP,2025-03-08
1815,Bachittar,Dugar,cust1815_hotmail.com,+91 749596414,Female,43,Chandigarh,North,New,2025-01-05
1816,Jagat,Rege,cust1816_gmail.com,+91 874447271,Female,31,Bangalore,South,Regular,2024-07-27
1817,Kala,Mann,cust1817_gmail.com,+91 751720368,Male,33,Pune,West,Regular,2023-07-07
1818,Michael,Dalal,cust1818_yahoo.com,+91 892331958,Other,37,Hyderabad,South,New,2025-03-23
1819,Kavya,Mitter,cust1819_yahoo.com,+91 873590409,Female,21,Raipur,Central,Regular,2024-04-18
1820,Ayaan,Dhar,cust1820_gmail.com,+91 996292108,Male,24,Chennai,South,Regular,2025-01-24
1821,Oviya,Bava,cust1821_yahoo.com,+91 850647934,Female,20,Pune,West,Regular,2026-05-02
1822,Tanveer,Goswami,cust1822_hotmail.com,+91 798221600,Other,50,Nagpur,Central,Occasional,2024-03-16
1823,Aarnav,Das,cust1823_hotmail.com,+91 948822793,Other,19,Mumbai,West,New,2025-01-29
1824,Ekansh,Basu,cust1824_yahoo.com,+91 876959986,Female,22,Raipur,Central,Regular,2024-06-25
1825,Dayita,Sethi,cust1825_yahoo.com,+91 936974199,Male,52,Pune,West,Regular,2025-01-17
1826,Krishna,Soman,cust1826_hotmail.com,+91 915849156,Other,27,Indore,Central,New,2026-04-28
1827,Kevin,Devi,cust1827_hotmail.com,+91 743230820,Female,53,Lucknow,North,New,2025-07-29
1828,Triveni,Sengupta,cust1828_hotmail.com,+91 798722997,Male,38,Chennai,South,Occasional,2025-09-15
1829,Manthan,Nanda,cust1829_gmail.com,+91 923277164,Other,47,Bangalore,South,Regular,2024-11-28
1830,Nimrat,Ram,cust1830_gmail.com,+91 721402841,Female,40,Patna,East,Regular,2026-05-27
1831,Harinakshi,Zachariah,cust1831_gmail.com,+91 955471300,Female,18,Bangalore,South,New,2024-09-06
1832,Saanvi,Mall,cust1832_hotmail.com,+91 717927414,Male,33,Pune,West,VIP,2025-11-07
1833,Noah,Bakshi,cust1833_hotmail.com,+91 922148731,Other,41,Kolkata,East,Regular,2023-05-18
1834,Dayamai,Dasgupta,cust1834_hotmail.com,+91 850567516,Other,60,Nagpur,Central,Regular,2025-09-05
1835,Frederick,Hans,cust1835_hotmail.com,+91 781859288,Female,53,Ahmedabad,West,Occasional,2025-05-18
1836,Chatresh,Vig,cust1836_gmail.com,+91 944449256,Other,18,Kochi,South,Regular,2025-04-21
1837,Vamakshi,Thakkar,cust1837_gmail.com,+91 823811866,Male,39,New Delhi,North,New,2026-03-11
1838,Pranit,Bahl,cust1838_yahoo.com,+91 799844639,Male,55,Kolkata,East,Regular,2023-07-06
1839,Samesh,Korpal,cust1839_hotmail.com,+91 761648244,Other,41,Pune,West,Occasional,2026-05-07
1840,Sachi,Chad,cust1840_hotmail.com,+91 791930611,Other,37,Hyderabad,South,New,2025-06-19
1841,Ekani,Ratti,cust1841_hotmail.com,+91 889682897,Other,39,Patna,East,New,2025-07-31
1842,Vyanjana,Bajaj,cust1842_yahoo.com,+91 873686918,Other,60,Jaipur,North,Regular,2023-03-11
1843,Pranit,Sachdeva,cust1843_gmail.com,+91 939242777,Female,55,New Delhi,North,Occasional,2024-11-09
1844,Edhitha,Raja,cust1844_yahoo.com,+91 780742566,Male,18,Surat,West,Occasional,2025-03-31
1845,Ishwar,Chaudhary,cust1845_hotmail.com,+91 792776574,Male,32,Hyderabad,South,Occasional,2023-05-22
1846,Bhavika,Dhawan,cust1846_gmail.com,+91 742924295,Other,50,Raipur,Central,Regular,2023-09-19
1847,Gaurav,Dube,cust1847_yahoo.com,+91 821402442,Other,26,Jaipur,North,New,2024-02-01
1848,Omkaar,Bhargava,cust1848_hotmail.com,+91 992123823,Other,24,Lucknow,North,New,2024-09-24
1849,Pratyush,Bala,cust1849_hotmail.com,+91 815394665,Male,16,Raipur,Central,Regular,2024-05-20
1850,Chanchal,Ramakrishnan,cust1850_gmail.com,+91 855967407,Male,45,Chennai,South,Regular,2023-04-01
1851,Lucky,Sachar,cust1851_yahoo.com,+91 984123363,Male,20,Bhubaneswar,East,Occasional,2024-05-12
1852,Keya,Dara,cust1852_gmail.com,+91 898365309,Female,17,Nagpur,Central,Regular,2024-02-05
1853,Wriddhish,Khalsa,cust1853_yahoo.com,+91 865924237,Other,29,Bhubaneswar,East,Occasional,2023-11-11
1854,Yamini,Rajan,cust1854_gmail.com,+91 854535813,Other,54,Guwahati,East,Occasional,2025-03-01
1855,Darsh,Nadkarni,cust1855_yahoo.com,+91 894153526,Male,56,Bangalore,South,Regular,2024-02-23
1856,Niharika,Bhatti,cust1856_yahoo.com,+91 734669491,Male,15,Bangalore,South,New,2025-05-09
1857,Nikita,Kaur,cust1857_gmail.com,+91 820871691,Other,54,Bhubaneswar,East,VIP,2023-02-14
1858,Harrison,Koshy,cust1858_hotmail.com,+91 825878838,Male,31,Indore,Central,New,2024-02-23
1859,Jeremiah,Modi,cust1859_hotmail.com,+91 781272835,Other,51,Nagpur,Central,Regular,2025-10-09
1860,Sanaya,Chacko,cust1860_hotmail.com,+91 882848148,Female,38,New Delhi,North,Regular,2024-09-23
1861,Samar,Dhar,cust1861_yahoo.com,+91 785467195,Other,41,Patna,East,Regular,2025-02-16
1862,Om,Korpal,cust1862_hotmail.com,+91 726773847,Other,40,Lucknow,North,Regular,2025-04-19
1863,Siya,Barman,cust1863_gmail.com,+91 961934741,Other,48,Nagpur,Central,Occasional,2024-10-20
1864,Bimala,Ganesh,cust1864_gmail.com,+91 994252707,Female,25,Bhubaneswar,East,Regular,2024-12-22
1865,Vasatika,Mahajan,cust1865_hotmail.com,+91 931834649,Male,15,Bhopal,Central,Occasional,2023-04-04
1866,Lajita,Panchal,cust1866_hotmail.com,+91 757314142,Male,42,Jaipur,North,New,2024-01-25
1867,Yashvi,Manda,cust1867_gmail.com,+91 948797951,Female,42,Nagpur,Central,Regular,2023-11-27
1868,Ekaraj,Mital,cust1868_gmail.com,+91 788508385,Other,35,Guwahati,East,Occasional,2023-09-08
1869,Jason,Dey,cust1869_hotmail.com,+91 945688433,Female,51,Kochi,South,Regular,2024-09-06
1870,Ati,Sankaran,cust1870_gmail.com,+91 891305183,Male,45,Bangalore,South,Regular,2025-05-14
1871,Yamini,Nadkarni,cust1871_hotmail.com,+91 930615816,Other,54,Ahmedabad,West,Regular,2025-08-06
1872,Advika,Sethi,cust1872_yahoo.com,+91 797165822,Female,55,Raipur,Central,Regular,2024-06-16
1873,Ekanta,Om,cust1873_gmail.com,+91 764554430,Other,22,Raipur,Central,Occasional,2024-01-18
1874,Falguni,Babu,cust1874_hotmail.com,+91 852329374,Female,54,Chandigarh,North,Regular,2024-12-15
1875,Aarnav,Soni,cust1875_gmail.com,+91 965418214,Female,54,Mumbai,West,Regular,2023-07-27
1876,Oscar,Sachdev,cust1876_hotmail.com,+91 911928151,Male,51,Raipur,Central,New,2023-01-15
1877,Vrinda,Ramaswamy,cust1877_hotmail.com,+91 760903296,Male,17,Pune,West,Regular,2025-12-17
1878,Faras,Yohannan,cust1878_gmail.com,+91 929276387,Other,24,Surat,West,Regular,2023-05-07
1879,Sai,Dasgupta,cust1879_yahoo.com,+91 986271591,Female,39,Pune,West,Regular,2025-11-09
1880,Ishita,Ram,cust1880_gmail.com,+91 998150184,Female,55,Lucknow,North,New,2024-08-07
1881,Abhiram,Dash,cust1881_yahoo.com,+91 735407666,Male,15,Lucknow,North,VIP,2026-04-07
1882,Reyansh,Saxena,cust1882_gmail.com,+91 940483913,Female,48,Pune,West,Regular,2024-07-29
1883,Anmol,Mand,cust1883_hotmail.com,+91 843379526,Female,16,Kolkata,East,Regular,2023-12-11
1884,Ishita,Handa,cust1884_gmail.com,+91 788547596,Female,32,Bhopal,Central,New,2026-01-06
1885,Chavvi,Kant,cust1885_gmail.com,+91 716744440,Female,28,Patna,East,Regular,2025-08-10
1886,Janani,Bansal,cust1886_yahoo.com,+91 998256827,Male,48,Mumbai,West,Occasional,2025-02-06
1887,Shaurya,Amble,cust1887_gmail.com,+91 990799257,Female,47,Surat,West,Regular,2025-02-04
1888,Meghana,Choudhry,cust1888_yahoo.com,+91 851839970,Male,56,Jaipur,North,Occasional,2025-09-18
1889,Xiti,Tak,cust1889_gmail.com,+91 973564448,Male,35,Hyderabad,South,Occasional,2025-06-03
1890,Rishi,Gill,cust1890_gmail.com,+91 763366322,Female,53,Jaipur,North,Regular,2025-05-07
1891,Kabir,Bhattacharyya,cust1891_gmail.com,+91 960102556,Female,50,Bhubaneswar,East,Occasional,2025-07-02
1892,Vedant,Virk,cust1892_hotmail.com,+91 795900676,Female,59,Chandigarh,North,Occasional,2024-02-08
1893,Anusha,Handa,cust1893_hotmail.com,+91 857479170,Female,24,New Delhi,North,Occasional,2026-04-30
1894,Zayyan,Setty,cust1894_gmail.com,+91 887899269,Male,36,Ahmedabad,West,Regular,2023-02-05
1895,Charles,Naidu,cust1895_yahoo.com,+91 979282632,Female,58,Chandigarh,North,Occasional,2024-10-25
1896,Anusha,Dara,cust1896_hotmail.com,+91 970378550,Other,43,Nagpur,Central,Regular,2024-09-24
1897,Unnati,Tandon,cust1897_yahoo.com,+91 771119470,Other,35,Bhubaneswar,East,Regular,2025-03-16
1898,Caleb,Kapur,cust1898_gmail.com,+91 936753955,Other,34,Nagpur,Central,Regular,2025-03-14
1899,Osha,Walia,cust1899_yahoo.com,+91 823444980,Other,41,Guwahati,East,Occasional,2024-03-07
1900,Abdul,Ramanathan,cust1900_gmail.com,+91 784372886,Other,54,Hyderabad,South,New,2024-05-06
1901,Finn,Bakshi,cust1901_hotmail.com,+91 940405985,Female,22,Chandigarh,North,Regular,2024-06-03
1902,Pallavi,Borde,cust1902_gmail.com,+91 716779148,Female,22,Surat,West,Regular,2023-12-17
1903,Nitesh,Narayan,cust1903_yahoo.com,+91 839884394,Female,54,Ahmedabad,West,New,2023-11-02
1904,Gunbir,Bala,cust1904_yahoo.com,+91 898649595,Other,23,Bangalore,South,Regular,2023-04-08
1905,Arjun,Natt,cust1905_yahoo.com,+91 861360206,Other,29,Surat,West,Regular,2024-11-02
1906,Hritik,Solanki,cust1906_gmail.com,+91 878436996,Male,56,Bhubaneswar,East,Regular,2024-01-19
1907,Chatura,Nath,cust1907_hotmail.com,+91 728649475,Male,38,Chennai,South,Regular,2024-06-13
1908,Warjas,Bora,cust1908_hotmail.com,+91 986408952,Female,46,Lucknow,North,Regular,2026-05-18
1909,Reva,Chandran,cust1909_hotmail.com,+91 861145259,Other,48,Indore,Central,Occasional,2025-08-20
1910,Jeet,Chada,cust1910_gmail.com,+91 831344318,Male,56,Mumbai,West,Occasional,2024-11-24
1911,Krishna,Munshi,cust1911_hotmail.com,+91 812576204,Male,31,Surat,West,Regular,2023-02-21
1912,Joshua,Bhatia,cust1912_yahoo.com,+91 922360847,Other,46,Raipur,Central,Occasional,2023-04-12
1913,Charvi,Sankaran,cust1913_gmail.com,+91 781457830,Female,35,Patna,East,Occasional,2023-03-27
1914,Daksh,Ben,cust1914_yahoo.com,+91 857831884,Female,40,Jaipur,North,VIP,2023-06-08
1915,Neelima,Char,cust1915_hotmail.com,+91 959203119,Male,19,Kolkata,East,Regular,2024-08-15
1916,Nirja,Kaul,cust1916_hotmail.com,+91 723548867,Other,17,Indore,Central,New,2026-03-14
1917,Advaith,Setty,cust1917_yahoo.com,+91 772656542,Other,59,Bhubaneswar,East,Occasional,2026-05-08
1918,Priya,Chaudhuri,cust1918_yahoo.com,+91 922507820,Female,24,Nagpur,Central,Regular,2024-12-22
1919,Atharv,Setty,cust1919_hotmail.com,+91 984534555,Other,40,Pune,West,Occasional,2025-10-08
1920,Reyansh,Chokshi,cust1920_gmail.com,+91 840476789,Female,37,Pune,West,Occasional,2024-05-24
1921,Ekansh,Hari,cust1921_hotmail.com,+91 817565231,Male,23,Raipur,Central,Occasional,2023-01-20
1922,Yashodhara,Kunda,cust1922_yahoo.com,+91 739920453,Male,21,Chennai,South,Occasional,2023-07-15
1923,Vasana,Saxena,cust1923_gmail.com,+91 834148718,Male,44,Indore,Central,New,2024-10-16
1924,Laksh,Basu,cust1924_gmail.com,+91 949729332,Female,42,Pune,West,Regular,2024-01-13
1925,Devika,Sarin,cust1925_hotmail.com,+91 982523552,Female,19,Chennai,South,New,2023-07-18
1926,Ishita,Mukhopadhyay,cust1926_hotmail.com,+91 995111780,Male,18,Mumbai,West,New,2025-10-09
1927,Madhav,Din,cust1927_yahoo.com,+91 856674933,Other,24,Chennai,South,Regular,2025-04-20
1928,Hemal,Manne,cust1928_yahoo.com,+91 795525342,Female,45,Jaipur,North,Occasional,2024-04-24
1929,Zarna,Dhillon,cust1929_gmail.com,+91 976499539,Male,52,Mumbai,West,Regular,2023-01-13
1930,Yashica,Bhagat,cust1930_yahoo.com,+91 719370741,Male,57,Hyderabad,South,Regular,2024-01-04
1931,Rohan,Iyer,cust1931_hotmail.com,+91 784600908,Male,56,Kochi,South,Occasional,2024-06-18
1932,Ekapad,Om,cust1932_gmail.com,+91 860876876,Other,35,Chennai,South,Regular,2023-11-09
1933,Vamakshi,Sibal,cust1933_hotmail.com,+91 899319285,Female,38,Ahmedabad,West,Occasional,2025-11-03
1934,Garima,Nayak,cust1934_hotmail.com,+91 724633199,Female,59,Ahmedabad,West,Occasional,2025-12-11
1935,Omya,Narasimhan,cust1935_gmail.com,+91 867292623,Male,16,Mumbai,West,Occasional,2024-04-10
1936,Suhani,Basak,cust1936_yahoo.com,+91 992758652,Male,21,Bangalore,South,Occasional,2023-06-12
1937,Aarush,Kapoor,cust1937_hotmail.com,+91 875408899,Other,21,Kochi,South,Occasional,2023-12-07
1938,Unnati,Kala,cust1938_gmail.com,+91 858786237,Male,25,Surat,West,VIP,2023-12-24
1939,Garima,Prashad,cust1939_gmail.com,+91 941303348,Other,35,Lucknow,North,Regular,2025-01-16
1940,Qarin,Ahuja,cust1940_yahoo.com,+91 766273654,Male,28,New Delhi,North,New,2024-09-13
1941,Ethan,Parmar,cust1941_gmail.com,+91 971999896,Male,40,Jaipur,North,New,2023-01-16
1942,Ishwar,Dhar,cust1942_yahoo.com,+91 983110531,Male,57,Guwahati,East,Occasional,2025-05-11
1943,Robert,Parsa,cust1943_gmail.com,+91 769486247,Other,53,Kolkata,East,Regular,2024-11-15
1944,Rushil,Hora,cust1944_yahoo.com,+91 898958167,Other,55,Guwahati,East,Regular,2023-02-16
1945,Theodore,Lala,cust1945_hotmail.com,+91 746658636,Male,48,Chandigarh,North,Regular,2023-09-28
1946,Harinakshi,Korpal,cust1946_gmail.com,+91 959933688,Male,29,Lucknow,North,VIP,2023-09-28
1947,Anthony,Goda,cust1947_yahoo.com,+91 952914510,Female,31,Kochi,South,Occasional,2023-11-01
1948,Ansh,Devan,cust1948_yahoo.com,+91 988185510,Male,17,Bhubaneswar,East,Regular,2023-06-07
1949,Indrajit,Nigam,cust1949_gmail.com,+91 882133678,Female,60,Bangalore,South,Occasional,2025-10-14
1950,Tanmayi,Khatri,cust1950_yahoo.com,+91 753933777,Female,22,Jaipur,North,Occasional,2024-04-18
1951,Onveer,Vyas,cust1951_hotmail.com,+91 725665170,Other,38,Raipur,Central,Occasional,2024-08-01
1952,Dhruv,Dani,cust1952_gmail.com,+91 928693500,Female,44,Jaipur,North,New,2024-11-04
1953,Ranveer,Handa,cust1953_hotmail.com,+91 752352168,Male,53,Bhubaneswar,East,Regular,2023-07-23
1954,Kavya,Nadkarni,cust1954_hotmail.com,+91 761914103,Female,23,Patna,East,Regular,2024-08-10
1955,Yash,Batra,cust1955_hotmail.com,+91 975566475,Other,32,Kolkata,East,Occasional,2024-10-29
1956,Ranbir,Wason,cust1956_yahoo.com,+91 879336874,Male,47,Hyderabad,South,Occasional,2025-07-01
1957,Manthan,Narang,cust1957_gmail.com,+91 856559345,Male,35,Bangalore,South,New,2026-05-11
1958,Ati,Date,cust1958_hotmail.com,+91 858687322,Female,59,Bhubaneswar,East,Occasional,2023-03-24
1959,Vrinda,Kadakia,cust1959_hotmail.com,+91 920411148,Male,20,New Delhi,North,Regular,2025-06-26
1960,Upma,Bhattacharyya,cust1960_gmail.com,+91 783438476,Male,47,Bhopal,Central,New,2023-05-07
1961,Lipika,Upadhyay,cust1961_yahoo.com,+91 911325447,Other,53,Raipur,Central,Regular,2025-03-01
1962,Zilmil,Shetty,cust1962_gmail.com,+91 899127296,Male,17,Guwahati,East,Regular,2025-02-13
1963,Kashvi,Vora,cust1963_hotmail.com,+91 948175232,Male,31,Raipur,Central,New,2024-05-14
1964,Warda,Som,cust1964_yahoo.com,+91 760359653,Female,29,Kolkata,East,Occasional,2025-01-20
1965,Nandini,Bansal,cust1965_gmail.com,+91 767494672,Male,31,Nagpur,Central,Regular,2025-06-21
1966,Samaksh,Seth,cust1966_gmail.com,+91 869986783,Female,42,Raipur,Central,New,2023-12-08
1967,Tejas,Mohan,cust1967_yahoo.com,+91 749432771,Female,60,Chandigarh,North,New,2024-09-07
1968,Naksh,Prasad,cust1968_yahoo.com,+91 970878342,Male,17,Patna,East,Regular,2024-08-08
1969,Frado,Desai,cust1969_gmail.com,+91 867441873,Other,46,Chennai,South,New,2025-05-05
1970,Sai,Venkataraman,cust1970_yahoo.com,+91 748655387,Male,49,Ahmedabad,West,New,2024-04-03
1971,Benjamin,Shroff,cust1971_hotmail.com,+91 837963219,Other,49,Nagpur,Central,Regular,2023-12-24
1972,Gayathri,Sandhu,cust1972_yahoo.com,+91 847266595,Male,18,Surat,West,Regular,2025-08-22
1973,Rachana,Rege,cust1973_yahoo.com,+91 948922588,Other,41,Nagpur,Central,Occasional,2024-12-27
1974,Edhitha,Mahajan,cust1974_yahoo.com,+91 883584501,Male,34,New Delhi,North,New,2025-02-11
1975,Praneel,Sathe,cust1975_gmail.com,+91 954528449,Other,44,Ahmedabad,West,Regular,2023-02-08
1976,Faqid,Parmer,cust1976_gmail.com,+91 759799690,Male,28,Raipur,Central,Regular,2024-02-17
1977,Yachana,Varghese,cust1977_hotmail.com,+91 736693110,Other,53,Ahmedabad,West,Occasional,2024-04-02
1978,Farhan,Malhotra,cust1978_gmail.com,+91 811963544,Other,39,Bhubaneswar,East,Occasional,2025-09-26
1979,Jagat,Bora,cust1979_yahoo.com,+91 962169323,Other,48,Bhopal,Central,Regular,2023-06-02
1980,Sai,Nath,cust1980_gmail.com,+91 966551567,Male,43,Guwahati,East,Occasional,2023-03-01
1981,Forum,Krishna,cust1981_yahoo.com,+91 782678945,Other,41,Kolkata,East,Regular,2025-11-14
1982,Anvi,Halder,cust1982_hotmail.com,+91 933863927,Female,43,Kochi,South,VIP,2026-03-03
1983,Lakshit,Lal,cust1983_gmail.com,+91 755226233,Female,50,New Delhi,North,Occasional,2025-07-27
1984,Chandani,Manda,cust1984_yahoo.com,+91 762652768,Other,25,Hyderabad,South,Regular,2026-04-11
1985,Netra,Ravi,cust1985_hotmail.com,+91 940153906,Male,24,Hyderabad,South,Regular,2026-05-01
1986,Advik,Sodhi,cust1986_hotmail.com,+91 858123906,Female,40,Bhopal,Central,Occasional,2026-03-23
1987,Manthan,Rao,cust1987_gmail.com,+91 839796102,Other,40,Chandigarh,North,Occasional,2025-03-07
1988,Shaurya,Som,cust1988_gmail.com,+91 878501430,Female,23,Hyderabad,South,Occasional,2023-12-19
1989,Upadhriti,Shenoy,cust1989_yahoo.com,+91 841593832,Other,18,Jaipur,North,VIP,2025-03-12
1990,Frederick,Munshi,cust1990_gmail.com,+91 981444394,Female,49,Bhubaneswar,East,Regular,2026-05-15
1991,Omisha,Kadakia,cust1991_yahoo.com,+91 784746871,Male,48,Pune,West,Occasional,2024-10-28
1992,Ayushman,Prasad,cust1992_gmail.com,+91 849246642,Female,15,Pune,West,Regular,2024-11-30
1993,Kabir,Mody,cust1993_hotmail.com,+91 756441919,Female,16,Guwahati,East,Regular,2025-06-16
1994,Xalak,Pant,cust1994_yahoo.com,+91 813795284,Other,17,Guwahati,East,Regular,2023-01-16
1995,Oni,Sandal,cust1995_hotmail.com,+91 741176592,Male,17,Bhopal,Central,New,2023-12-17
1996,Netra,Yogi,cust1996_yahoo.com,+91 863313706,Other,51,Lucknow,North,Occasional,2026-03-15
1997,Arin,Balay,cust1997_gmail.com,+91 971263631,Other,46,Raipur,Central,Regular,2024-05-21
1998,Ganga,Raman,cust1998_yahoo.com,+91 882470916,Male,41,Lucknow,North,Regular,2023-08-27
1999,Mahika,Bhatt,cust1999_hotmail.com,+91 960417407,Other,22,Chandigarh,North,Regular,2023-11-14
2000,Raghav,Soman,cust2000_gmail.com,+91 981618106,Male,45,Hyderabad,South,VIP,2024-08-23
2001,Siya,Modi,cust2001_gmail.com,+91 732639599,Other,34,Mumbai,West,Regular,2024-05-25
2002,Hemang,Goel,cust2002_gmail.com,+91 797263848,Male,60,Jaipur,North,Occasional,2023-09-24
2003,Vrinda,Bala,cust2003_gmail.com,+91 856404475,Other,32,New Delhi,North,VIP,2025-12-06
2004,Ekaraj,Raju,cust2004_yahoo.com,+91 794985812,Other,19,Surat,West,VIP,2023-11-06
2005,Viraj,Manne,cust2005_hotmail.com,+91 769427765,Female,16,Surat,West,Occasional,2023-11-16
2006,Ekaraj,Sha,cust2006_gmail.com,+91 997684558,Female,31,Pune,West,Regular,2025-03-25
2007,Zarna,Apte,cust2007_gmail.com,+91 817592647,Other,36,Jaipur,North,Regular,2024-07-26
2008,Nirja,Raman,cust2008_gmail.com,+91 783481619,Male,46,Bhopal,Central,Regular,2024-05-22
2009,Kai,Yadav,cust2009_yahoo.com,+91 992110536,Female,18,Hyderabad,South,Occasional,2023-06-22
2010,Ekapad,Ramachandran,cust2010_gmail.com,+91 929334237,Female,40,Ahmedabad,West,Regular,2025-01-12
2011,Samesh,Mukherjee,cust2011_yahoo.com,+91 922735749,Other,44,Ahmedabad,West,VIP,2023-07-21
2012,Vaishnavi,Dutt,cust2012_hotmail.com,+91 782542608,Other,53,Mumbai,West,New,2026-01-07
2013,Dayita,Jain,cust2013_hotmail.com,+91 926458175,Male,51,Patna,East,Regular,2025-06-12
2014,Tara,Majumdar,cust2014_gmail.com,+91 955229343,Other,29,Jaipur,North,Occasional,2026-01-18
2015,Luke,Sehgal,cust2015_gmail.com,+91 883762971,Male,27,Raipur,Central,Occasional,2023-01-12
2016,Yatin,Vora,cust2016_yahoo.com,+91 785205451,Other,49,Nagpur,Central,New,2024-09-12
2017,Vritti,Sharma,cust2017_yahoo.com,+91 764962316,Male,53,Ahmedabad,West,Occasional,2025-06-03
2018,Balveer,Chand,cust2018_yahoo.com,+91 712906577,Other,36,Lucknow,North,Occasional,2025-06-13
2019,Tanmayi,Palan,cust2019_hotmail.com,+91 749287406,Other,50,Bhubaneswar,East,Occasional,2025-09-30
2020,Chameli,Raman,cust2020_hotmail.com,+91 826454715,Male,20,Kochi,South,Occasional,2026-01-10
2021,Ojasvi,Krish,cust2021_gmail.com,+91 732407768,Other,51,Bhopal,Central,New,2023-09-30
2022,Rachana,Shankar,cust2022_yahoo.com,+91 965825908,Male,44,Guwahati,East,Regular,2025-08-17
2023,Qadim,Chandran,cust2023_yahoo.com,+91 949302744,Male,36,Ahmedabad,West,New,2025-10-20
2024,Caleb,Khatri,cust2024_gmail.com,+91 831718987,Other,39,Raipur,Central,Regular,2025-12-21
2025,Bishakha,Bhavsar,cust2025_hotmail.com,+91 949328630,Female,58,Lucknow,North,Occasional,2024-03-01
2026,Teerth,Tak,cust2026_yahoo.com,+91 878762119,Male,56,Bangalore,South,Regular,2026-02-02
2027,Jairaj,Pillay,cust2027_gmail.com,+91 816741131,Other,18,Surat,West,Occasional,2026-03-29
2028,Henry,Thaman,cust2028_yahoo.com,+91 955594333,Female,45,New Delhi,North,Regular,2026-03-19
2029,Shravya,Gala,cust2029_yahoo.com,+91 898897810,Female,23,Pune,West,Regular,2024-09-29
2030,Yashawini,Basu,cust2030_yahoo.com,+91 762900713,Male,29,Pune,West,VIP,2023-11-19
2031,Elijah,Shenoy,cust2031_yahoo.com,+91 722795440,Other,24,Lucknow,North,Regular,2023-02-11
2032,Mohini,Hayer,cust2032_yahoo.com,+91 733505418,Female,19,New Delhi,North,Regular,2024-06-17
2033,Advaith,Krishna,cust2033_gmail.com,+91 711749167,Other,48,Surat,West,Regular,2023-02-28
2034,Laban,Narain,cust2034_hotmail.com,+91 888640854,Male,32,Bhopal,Central,Regular,2026-01-06
2035,Ucchal,Sundaram,cust2035_yahoo.com,+91 978752348,Male,56,Pune,West,Occasional,2026-03-09
2036,Fitan,Kibe,cust2036_hotmail.com,+91 898592906,Other,45,Raipur,Central,Occasional,2023-04-17
2037,Logan,Sinha,cust2037_yahoo.com,+91 912908272,Male,25,Lucknow,North,Regular,2024-11-10
2038,Onkar,Badami,cust2038_hotmail.com,+91 940512432,Female,15,Chennai,South,VIP,2023-09-08
2039,Peter,Menon,cust2039_gmail.com,+91 912688138,Other,60,Hyderabad,South,New,2023-06-06
2040,Mahika,Ganguly,cust2040_gmail.com,+91 862169985,Female,56,Chandigarh,North,Regular,2025-04-10
2041,Advay,Mahajan,cust2041_gmail.com,+91 841962855,Other,60,Kochi,South,Regular,2025-11-08
2042,Ishita,Gokhale,cust2042_gmail.com,+91 832756354,Other,22,Mumbai,West,Regular,2024-11-15
2043,Bakhshi,Walia,cust2043_gmail.com,+91 917852543,Other,43,Patna,East,New,2026-01-14
2044,Champak,Virk,cust2044_hotmail.com,+91 749336800,Other,51,Pune,West,Regular,2024-11-17
2045,Harshil,Ramakrishnan,cust2045_hotmail.com,+91 795704985,Female,26,Lucknow,North,Occasional,2025-10-26
2046,Sachi,Ben,cust2046_hotmail.com,+91 881810327,Other,36,Pune,West,Regular,2024-04-23
2047,Chanakya,Purohit,cust2047_gmail.com,+91 712592338,Male,32,Bangalore,South,Regular,2023-01-08
2048,Kavya,Khare,cust2048_gmail.com,+91 764417203,Male,26,Bangalore,South,Regular,2024-01-23
2049,Amol,Sama,cust2049_gmail.com,+91 982651483,Male,27,Bhubaneswar,East,Occasional,2023-05-22
2050,Geetika,Handa,cust2050_hotmail.com,+91 739455145,Male,35,Patna,East,New,2023-01-23
2051,Dev,Kannan,cust2051_gmail.com,+91 726434198,Male,16,Kolkata,East,Regular,2025-11-05
2052,Oliver,Ganesh,cust2052_gmail.com,+91 878979610,Female,18,Lucknow,North,Occasional,2026-05-22
2053,Yauvani,Chokshi,cust2053_yahoo.com,+91 729763937,Female,58,Mumbai,West,Occasional,2024-10-07
2054,Ranveer,Johal,cust2054_hotmail.com,+91 720707735,Female,25,Surat,West,Regular,2024-05-16
2055,Priya,Dara,cust2055_gmail.com,+91 839622920,Male,17,Mumbai,West,New,2024-09-05
2056,Hitesh,Parikh,cust2056_yahoo.com,+91 741942850,Other,37,Indore,Central,New,2023-11-29
2057,Alexander,Ratti,cust2057_hotmail.com,+91 949725360,Other,19,Pune,West,Occasional,2023-09-27
2058,Advik,Ramachandran,cust2058_gmail.com,+91 973978874,Female,35,Kolkata,East,Regular,2024-05-06
2059,Thomas,Bhatti,cust2059_hotmail.com,+91 732627746,Female,56,Chandigarh,North,Regular,2024-12-13
2060,Jyoti,Bassi,cust2060_gmail.com,+91 765223862,Male,41,Surat,West,Regular,2024-03-08
2061,Nirja,Mitra,cust2061_hotmail.com,+91 840423234,Other,15,Lucknow,North,New,2023-12-06
2062,Harsh,Yadav,cust2062_hotmail.com,+91 750142396,Female,24,Chandigarh,North,VIP,2025-02-15
2063,Zayan,Chandran,cust2063_hotmail.com,+91 895767530,Other,53,Raipur,Central,Regular,2023-09-24
2064,Lipika,Deol,cust2064_yahoo.com,+91 937809532,Male,16,Lucknow,North,New,2024-05-18
2065,Eesha,Subramaniam,cust2065_gmail.com,+91 914211145,Other,20,Indore,Central,New,2023-09-30
2066,Andrew,Sen,cust2066_yahoo.com,+91 937714252,Male,46,Kolkata,East,Occasional,2024-06-04
2067,Viraj,Thakur,cust2067_hotmail.com,+91 936139387,Other,40,Indore,Central,Occasional,2025-03-04
2068,Agastya,Kaul,cust2068_gmail.com,+91 924517620,Other,45,Patna,East,Occasional,2025-12-30
2069,Jeet,More,cust2069_gmail.com,+91 955530710,Other,17,Mumbai,West,New,2025-08-15
2070,Priya,Kohli,cust2070_hotmail.com,+91 881649876,Female,25,Chandigarh,North,Regular,2026-02-20
2071,Darpan,Devan,cust2071_yahoo.com,+91 829831599,Male,25,Bangalore,South,Occasional,2023-05-04
2072,Chaman,Jaggi,cust2072_gmail.com,+91 947558258,Other,55,Indore,Central,Regular,2025-02-13
2073,Samarth,Barad,cust2073_gmail.com,+91 812577628,Female,29,Chennai,South,Occasional,2024-08-06
2074,Sachi,Narasimhan,cust2074_gmail.com,+91 887554632,Male,53,Jaipur,North,Occasional,2026-01-31
2075,Eesha,Baral,cust2075_hotmail.com,+91 942454390,Male,53,Nagpur,Central,Occasional,2024-03-08
2076,Oeshi,Mani,cust2076_gmail.com,+91 859592369,Male,51,Guwahati,East,VIP,2026-05-14
2077,Garima,Oommen,cust2077_gmail.com,+91 963560481,Other,19,Guwahati,East,New,2023-12-22
2078,Chatura,Kothari,cust2078_hotmail.com,+91 764411462,Male,42,Surat,West,VIP,2023-11-16
2079,Tristan,Raj,cust2079_hotmail.com,+91 748354868,Female,20,Nagpur,Central,Occasional,2025-12-17
2080,Qadim,Sathe,cust2080_hotmail.com,+91 712837133,Other,23,Patna,East,Regular,2024-05-14
2081,Dhruv,Swamy,cust2081_gmail.com,+91 740889580,Female,60,Surat,West,Regular,2023-01-10
2082,Charles,Dhaliwal,cust2082_gmail.com,+91 722487607,Other,59,Bangalore,South,Occasional,2023-10-26
2083,Gavin,Ghose,cust2083_hotmail.com,+91 757389660,Female,45,Jaipur,North,Occasional,2023-07-15
2084,Samarth,Keer,cust2084_hotmail.com,+91 895158241,Male,38,New Delhi,North,New,2025-05-02
2085,Pooja,Sibal,cust2085_yahoo.com,+91 794159450,Female,33,Ahmedabad,West,Occasional,2023-05-02
2086,Rudra,Konda,cust2086_yahoo.com,+91 985663963,Other,28,New Delhi,North,Occasional,2023-09-13
2087,Yuvraj,Mitter,cust2087_yahoo.com,+91 840632622,Other,45,Guwahati,East,Regular,2023-10-02
2088,Saumya,Jaggi,cust2088_yahoo.com,+91 711307917,Female,33,Kolkata,East,Regular,2025-06-14
2089,Vasana,Buch,cust2089_yahoo.com,+91 784181398,Male,29,Bangalore,South,Regular,2026-04-28
2090,Krishna,Ganesh,cust2090_yahoo.com,+91 712603808,Other,60,Nagpur,Central,Regular,2024-09-10
2091,Pahal,Tiwari,cust2091_hotmail.com,+91 862872496,Female,24,Guwahati,East,Occasional,2024-11-16
2092,Rachita,Dugal,cust2092_yahoo.com,+91 776720917,Female,39,Patna,East,Regular,2026-02-15
2093,Lakshmi,Sane,cust2093_gmail.com,+91 890513157,Female,15,Pune,West,Regular,2023-01-31
2094,Charita,Yogi,cust2094_gmail.com,+91 746139481,Male,39,Bangalore,South,Occasional,2026-03-24
2095,Parth,Kurian,cust2095_yahoo.com,+91 820775477,Male,48,Kolkata,East,Occasional,2025-05-08
2096,Damini,Setty,cust2096_yahoo.com,+91 990269890,Male,47,Lucknow,North,New,2024-12-21
2097,Vasana,Bora,cust2097_yahoo.com,+91 861541144,Male,60,Lucknow,North,Occasional,2024-08-05
2098,Upasna,Hayre,cust2098_gmail.com,+91 926599639,Male,50,Jaipur,North,Regular,2023-08-01
2099,Aayush,Arya,cust2099_hotmail.com,+91 914697670,Other,39,Surat,West,Occasional,2023-10-22
2100,Kavya,Swamy,cust2100_yahoo.com,+91 770500726,Female,35,Kolkata,East,Occasional,2026-02-08
2101,Megha,Prakash,cust2101_yahoo.com,+91 711248263,Female,31,Ahmedabad,West,Occasional,2024-10-07
2102,Darika,Bobal,cust2102_yahoo.com,+91 960295841,Other,19,Chennai,South,Regular,2025-01-30
2103,Jeet,Rajan,cust2103_hotmail.com,+91 748475142,Female,29,Patna,East,New,2023-03-02
2104,Rishi,Sarin,cust2104_yahoo.com,+91 758795489,Other,55,New Delhi,North,Occasional,2023-09-10
2105,Ijaya,Upadhyay,cust2105_hotmail.com,+91 941785687,Male,41,Lucknow,North,VIP,2026-04-13
2106,Jyoti,Bhardwaj,cust2106_hotmail.com,+91 821994613,Female,51,New Delhi,North,Occasional,2025-01-29
2107,Panini,Koshy,cust2107_gmail.com,+91 926851422,Other,39,New Delhi,North,New,2024-08-21
2108,Bakhshi,Pathak,cust2108_hotmail.com,+91 972519673,Female,50,Bhopal,Central,Occasional,2025-01-12
2109,Ayaan,Divan,cust2109_yahoo.com,+91 738368180,Male,32,Chennai,South,Regular,2026-01-02
2110,Tamanna,Din,cust2110_yahoo.com,+91 991206419,Male,15,New Delhi,North,New,2025-07-29
2111,Neel,Arora,cust2111_gmail.com,+91 939260422,Other,55,Mumbai,West,Regular,2024-01-20
2112,George,Rajagopalan,cust2112_yahoo.com,+91 867139614,Female,38,Indore,Central,Regular,2026-04-12
2113,Faris,Vasa,cust2113_gmail.com,+91 868202403,Male,57,Nagpur,Central,Occasional,2026-01-01
2114,Noah,Sane,cust2114_yahoo.com,+91 735207368,Male,37,Patna,East,Occasional,2024-10-19
2115,Chasmum,Tella,cust2115_hotmail.com,+91 826882256,Female,44,Bhubaneswar,East,Regular,2025-12-10
2116,Lavanya,Morar,cust2116_hotmail.com,+91 844127327,Male,28,Bhubaneswar,East,New,2025-10-19
2117,Gaurav,Chopra,cust2117_hotmail.com,+91 990694728,Female,48,Bhubaneswar,East,Regular,2024-10-01
2118,Hemangini,Dhar,cust2118_yahoo.com,+91 923825334,Male,40,Bhopal,Central,Occasional,2025-06-08
2119,Shaurya,Rao,cust2119_hotmail.com,+91 790514407,Male,19,Nagpur,Central,VIP,2026-03-09
2120,Abeer,Ganguly,cust2120_yahoo.com,+91 764877928,Male,43,Kolkata,East,Regular,2024-04-23
2121,Gunbir,Boase,cust2121_hotmail.com,+91 860347189,Female,58,New Delhi,North,Occasional,2023-01-03
2122,Omaja,Mani,cust2122_hotmail.com,+91 961759440,Other,33,New Delhi,North,Regular,2024-10-11
2123,Onkar,Goda,cust2123_yahoo.com,+91 760138497,Female,33,Jaipur,North,VIP,2024-10-31
2124,Krish,Hora,cust2124_yahoo.com,+91 961575713,Female,34,Surat,West,New,2023-10-17
2125,Yadavi,Choudhary,cust2125_yahoo.com,+91 876171578,Other,15,Bhubaneswar,East,New,2023-10-10
2126,Simon,Grewal,cust2126_gmail.com,+91 716566917,Male,44,Kochi,South,VIP,2025-05-30
2127,Qadim,Handa,cust2127_yahoo.com,+91 793592420,Female,51,Chandigarh,North,New,2023-04-02
2128,Ridhi,Chopra,cust2128_hotmail.com,+91 766640205,Male,22,Bhopal,Central,New,2024-09-27
2129,Fariq,Memon,cust2129_gmail.com,+91 964952153,Male,17,Chandigarh,North,Regular,2023-09-16
2130,Jeet,Malhotra,cust2130_gmail.com,+91 846400188,Male,37,Jaipur,North,Regular,2024-08-09
2131,Ayushman,Keer,cust2131_yahoo.com,+91 839337338,Female,57,Raipur,Central,Occasional,2024-06-15
2132,Harrison,Andra,cust2132_gmail.com,+91 857265334,Other,51,Surat,West,New,2025-01-23
2133,Abhimanyu,Barman,cust2133_gmail.com,+91 939468349,Male,15,Kolkata,East,New,2024-02-18
2134,Abhimanyu,Prashad,cust2134_hotmail.com,+91 984697284,Other,39,Lucknow,North,Occasional,2023-11-24
2135,Amaira,Sunder,cust2135_yahoo.com,+91 824857728,Other,45,Pune,West,Occasional,2025-03-18
2136,Geetika,Sanghvi,cust2136_yahoo.com,+91 837681989,Male,34,Patna,East,Occasional,2026-03-21
2137,Hemal,Murty,cust2137_gmail.com,+91 829300911,Other,50,Chennai,South,Occasional,2024-07-29
2138,Mohini,Radhakrishnan,cust2138_hotmail.com,+91 941955736,Female,24,Raipur,Central,New,2024-07-15
2139,Ishani,Narayanan,cust2139_gmail.com,+91 743818180,Other,30,Guwahati,East,Regular,2023-03-30
2140,Tanmayi,Ratti,cust2140_hotmail.com,+91 959550134,Female,42,Bangalore,South,VIP,2023-01-05
2141,Atharv,Das,cust2141_hotmail.com,+91 750573722,Female,23,Mumbai,West,Regular,2023-08-04
2142,Yuvraj,Pillay,cust2142_yahoo.com,+91 813502814,Male,52,Chandigarh,North,Occasional,2024-03-10
2143,Vaishnavi,Varma,cust2143_yahoo.com,+91 848510313,Female,52,Chennai,South,Occasional,2025-08-18
2144,Raghav,Aggarwal,cust2144_hotmail.com,+91 747778743,Male,56,Raipur,Central,Regular,2025-10-22
2145,Anay,Parsa,cust2145_gmail.com,+91 940356777,Male,23,Kolkata,East,Regular,2024-05-15
2146,Eshana,Sawhney,cust2146_gmail.com,+91 984254470,Female,35,Chandigarh,North,Regular,2026-02-17
2147,Vedhika,Ratta,cust2147_hotmail.com,+91 932498154,Male,15,Lucknow,North,VIP,2025-07-31
2148,Finn,Pall,cust2148_yahoo.com,+91 917185937,Other,35,New Delhi,North,Regular,2025-08-09
2149,Harish,Rajan,cust2149_yahoo.com,+91 834675364,Other,31,Kolkata,East,New,2025-01-09
2150,Robert,Dhar,cust2150_hotmail.com,+91 739101148,Male,58,Indore,Central,Occasional,2025-08-01
2151,Yamini,Balay,cust2151_gmail.com,+91 777974410,Other,57,Bhopal,Central,New,2025-06-07
2152,Gagan,Mitra,cust2152_hotmail.com,+91 981973514,Other,45,Indore,Central,Regular,2025-02-12
2153,Unni,Ganguly,cust2153_yahoo.com,+91 895368641,Male,22,Bangalore,South,Regular,2025-05-02
2154,Vasatika,Zachariah,cust2154_gmail.com,+91 856424842,Other,41,Patna,East,VIP,2023-06-29
2155,Siddharth,Garde,cust2155_hotmail.com,+91 980239999,Male,23,Hyderabad,South,VIP,2024-01-14
2156,Gaurav,Cherian,cust2156_yahoo.com,+91 960941394,Other,22,Bangalore,South,Regular,2025-12-23
2157,Ayush,Dyal,cust2157_yahoo.com,+91 734523368,Male,22,Jaipur,North,Occasional,2026-01-16
2158,Avni,Kannan,cust2158_hotmail.com,+91 934424740,Female,54,Patna,East,Occasional,2024-08-18
2159,Vamakshi,Dasgupta,cust2159_hotmail.com,+91 811956349,Female,24,Guwahati,East,Regular,2024-02-05
2160,Vyanjana,Chana,cust2160_hotmail.com,+91 939774283,Other,36,Indore,Central,Regular,2023-07-30
2161,Udarsh,Bhattacharyya,cust2161_hotmail.com,+91 868204279,Other,39,Bhopal,Central,New,2024-05-31
2162,Krishna,Raj,cust2162_hotmail.com,+91 887966739,Other,51,Kochi,South,Regular,2024-06-17
2163,Rajeshri,Kaul,cust2163_gmail.com,+91 788524879,Female,31,Hyderabad,South,Regular,2025-09-24
2164,Jack,Mannan,cust2164_gmail.com,+91 990539885,Male,60,Nagpur,Central,Occasional,2024-02-07
2165,Gaurav,Oak,cust2165_hotmail.com,+91 749901327,Male,29,Kolkata,East,VIP,2023-06-23
2166,Raghav,D’Alia,cust2166_hotmail.com,+91 976125428,Other,50,Mumbai,West,Regular,2025-07-08
2167,Joshua,Munshi,cust2167_yahoo.com,+91 954708791,Female,57,Lucknow,North,Occasional,2024-07-25
2168,Aarav,Mukhopadhyay,cust2168_gmail.com,+91 771643590,Other,54,Chandigarh,North,VIP,2025-06-15
2169,Ranveer,Rama,cust2169_yahoo.com,+91 712830847,Other,32,Mumbai,West,New,2025-07-05
2170,Janya,Date,cust2170_hotmail.com,+91 762282841,Male,40,Kochi,South,Regular,2024-05-11
2171,Tristan,Chhabra,cust2171_yahoo.com,+91 751620404,Male,19,Jaipur,North,Occasional,2025-10-28
2172,Triveni,Mutti,cust2172_gmail.com,+91 854773734,Other,52,Jaipur,North,Occasional,2023-01-15
2173,Theodore,Tata,cust2173_hotmail.com,+91 968915684,Male,27,Guwahati,East,Occasional,2024-04-06
2174,Manan,Mander,cust2174_gmail.com,+91 854169677,Other,56,Surat,West,Occasional,2024-12-09
2175,Bakhshi,Nagarajan,cust2175_yahoo.com,+91 920175165,Female,45,Surat,West,Occasional,2026-03-06
2176,Jatin,Mahal,cust2176_hotmail.com,+91 777535251,Male,37,Guwahati,East,Regular,2025-02-19
2177,Vanya,Kale,cust2177_yahoo.com,+91 730473668,Male,33,Guwahati,East,Occasional,2025-06-10
2178,Krisha,Bhargava,cust2178_yahoo.com,+91 711656143,Male,38,Hyderabad,South,Regular,2024-03-28
2179,Shivansh,Kar,cust2179_hotmail.com,+91 999249691,Other,25,Bangalore,South,Occasional,2023-08-26
2180,Charles,Gola,cust2180_yahoo.com,+91 838958985,Other,25,Bhopal,Central,Occasional,2026-02-16
2181,Manya,Mistry,cust2181_hotmail.com,+91 976637307,Other,20,Chandigarh,North,Regular,2026-02-03
2182,Anthony,Ramanathan,cust2182_yahoo.com,+91 855880397,Other,49,Patna,East,Regular,2023-09-05
2183,Urvashi,Pall,cust2183_yahoo.com,+91 710165731,Female,43,Bangalore,South,Occasional,2024-10-18
2184,Ekbal,Wable,cust2184_hotmail.com,+91 970359949,Male,58,Nagpur,Central,VIP,2024-08-30
2185,Barkha,Hayer,cust2185_hotmail.com,+91 965880314,Other,55,Kochi,South,Regular,2024-03-15
2186,Meera,Chatterjee,cust2186_gmail.com,+91 951461439,Other,20,Jaipur,North,Occasional,2025-05-01
2187,Chatura,Modi,cust2187_yahoo.com,+91 714625217,Female,54,New Delhi,North,Regular,2024-05-17
2188,Nihal,Devan,cust2188_yahoo.com,+91 726539998,Other,26,Nagpur,Central,Regular,2025-10-13
2189,Vasudha,Manne,cust2189_gmail.com,+91 811562237,Male,23,New Delhi,North,Regular,2025-12-17
2190,Tejas,Hayre,cust2190_hotmail.com,+91 977336102,Other,60,Jaipur,North,New,2023-11-22
2191,Aditya,Pathak,cust2191_hotmail.com,+91 835567438,Other,28,Pune,West,Occasional,2025-10-08
2192,Harsh,Divan,cust2192_yahoo.com,+91 787214992,Other,41,Patna,East,Occasional,2025-06-13
2193,Om,Bhalla,cust2193_gmail.com,+91 888494956,Female,50,Bangalore,South,Regular,2024-10-25
2194,Urvi,Gola,cust2194_gmail.com,+91 710360482,Male,32,Mumbai,West,New,2024-07-06
2195,Yutika,Nigam,cust2195_hotmail.com,+91 765500370,Female,52,New Delhi,North,Regular,2023-07-02
2196,Manthan,Raval,cust2196_gmail.com,+91 952665128,Female,21,Lucknow,North,Regular,2024-11-04
2197,Jagat,Khosla,cust2197_yahoo.com,+91 828694522,Female,59,Chandigarh,North,Regular,2023-02-22
2198,Chasmum,Gera,cust2198_hotmail.com,+91 725467106,Female,35,Jaipur,North,Occasional,2025-01-29
2199,Keya,Chakraborty,cust2199_yahoo.com,+91 963201848,Other,27,Raipur,Central,Regular,2026-03-03
2200,Lavanya,Maharaj,cust2200_hotmail.com,+91 799350813,Female,25,Chennai,South,Regular,2025-10-07
2201,Sai,Pillai,cust2201_gmail.com,+91 980297566,Female,56,Indore,Central,Regular,2025-10-11
2202,Jackson,Butala,cust2202_gmail.com,+91 817816971,Female,60,Pune,West,Regular,2023-07-06
2203,Yashodhara,Kar,cust2203_gmail.com,+91 996303710,Female,38,Patna,East,VIP,2025-01-29
2204,Varsha,Mahal,cust2204_hotmail.com,+91 830936432,Male,35,New Delhi,North,Occasional,2025-06-30
2205,Girindra,Golla,cust2205_yahoo.com,+91 879665651,Female,26,Patna,East,Regular,2026-03-03
2206,Radha,Misra,cust2206_hotmail.com,+91 878701119,Female,30,Bangalore,South,VIP,2025-01-22
2207,Hardik,Nanda,cust2207_gmail.com,+91 970220956,Other,49,Mumbai,West,Regular,2023-07-14
2208,Qasim,Ravi,cust2208_hotmail.com,+91 938476819,Male,36,Pune,West,New,2026-01-13
2209,Meera,Yadav,cust2209_hotmail.com,+91 715433854,Other,37,Ahmedabad,West,Occasional,2023-01-31
2210,Devansh,Venkataraman,cust2210_hotmail.com,+91 886721973,Female,20,Bhubaneswar,East,Regular,2025-01-28
2211,Jeet,Johal,cust2211_hotmail.com,+91 938118825,Other,34,Kochi,South,Occasional,2025-04-17
2212,Pratyush,Gole,cust2212_gmail.com,+91 842432885,Male,58,Guwahati,East,Regular,2023-07-02
2213,Sanya,Murthy,cust2213_gmail.com,+91 955643684,Other,44,Kolkata,East,New,2025-05-11
2214,Kabir,Jhaveri,cust2214_hotmail.com,+91 931285219,Female,28,New Delhi,North,Regular,2023-03-02
2215,Gagan,Kunda,cust2215_gmail.com,+91 775300378,Male,44,Raipur,Central,Regular,2023-09-08
2216,Jeet,Toor,cust2216_yahoo.com,+91 991691628,Other,52,Jaipur,North,Occasional,2023-05-12
2217,Onveer,Sampath,cust2217_hotmail.com,+91 845499208,Other,22,Bangalore,South,Occasional,2024-07-18
2218,Yuvraj,Mital,cust2218_gmail.com,+91 926577207,Other,55,Raipur,Central,New,2023-01-01
2219,Chaaya,Walla,cust2219_yahoo.com,+91 737633793,Male,46,Surat,West,Occasional,2025-03-17
2220,Vritti,Munshi,cust2220_hotmail.com,+91 956851758,Male,50,Nagpur,Central,New,2023-08-06
2221,Yashvi,Kadakia,cust2221_hotmail.com,+91 923659891,Other,31,Raipur,Central,Occasional,2024-06-30
2222,Chaitanya,Khalsa,cust2222_gmail.com,+91 941152828,Female,51,Raipur,Central,VIP,2023-06-03
2223,Lucky,Mistry,cust2223_gmail.com,+91 885391730,Male,52,Chandigarh,North,New,2023-10-20
2224,Tarak,Parmer,cust2224_yahoo.com,+91 897757775,Female,31,Ahmedabad,West,New,2023-07-28
2225,Pahal,Borde,cust2225_hotmail.com,+91 767512695,Male,25,Ahmedabad,West,Occasional,2023-07-19
2226,Abha,Raj,cust2226_hotmail.com,+91 846769337,Other,34,Kochi,South,Occasional,2024-02-01
2227,Mugdha,Shan,cust2227_gmail.com,+91 813919851,Other,31,Mumbai,West,Regular,2023-09-11
2228,Pavani,Dhar,cust2228_hotmail.com,+91 952741752,Other,60,Bhopal,Central,New,2024-01-30
2229,Ekavir,Luthra,cust2229_hotmail.com,+91 983539472,Other,47,Chandigarh,North,New,2023-11-13
2230,Reyansh,Pradhan,cust2230_hotmail.com,+91 852526781,Other,50,Patna,East,VIP,2025-12-18
2231,Yasti,Gade,cust2231_yahoo.com,+91 896139600,Male,59,Bhubaneswar,East,Regular,2025-10-18
2232,Diya,Saraf,cust2232_yahoo.com,+91 869497196,Other,58,Kolkata,East,Occasional,2023-08-27
2233,Yug,Brahmbhatt,cust2233_yahoo.com,+91 792741102,Other,46,Chennai,South,Occasional,2023-02-10
2234,Imaran,Ray,cust2234_gmail.com,+91 729295302,Other,60,Kochi,South,Occasional,2023-07-13
2235,Gaurav,Patil,cust2235_yahoo.com,+91 734518695,Male,52,Ahmedabad,West,Occasional,2024-05-26
2236,Anjali,Dhingra,cust2236_gmail.com,+91 733329189,Other,23,Chennai,South,New,2026-04-23
2237,Advaith,Chaudhari,cust2237_yahoo.com,+91 768343421,Male,59,Bhubaneswar,East,Occasional,2024-03-01
2238,Kritika,Cheema,cust2238_gmail.com,+91 967259368,Female,53,Mumbai,West,Occasional,2023-12-12
2239,Damini,Suri,cust2239_gmail.com,+91 744593598,Male,19,Hyderabad,South,Regular,2023-09-30
2240,Ikshita,Manda,cust2240_hotmail.com,+91 941827465,Male,35,Nagpur,Central,Regular,2025-04-01
2241,Hardik,Bava,cust2241_gmail.com,+91 715520216,Male,45,Kolkata,East,Regular,2024-02-26
2242,Lopa,Golla,cust2242_yahoo.com,+91 856677380,Female,45,Kochi,South,Occasional,2024-05-08
2243,Neha,Sood,cust2243_hotmail.com,+91 982355778,Male,53,Jaipur,North,Regular,2026-02-25
2244,Aashi,Andra,cust2244_hotmail.com,+91 911962528,Other,35,Kochi,South,VIP,2023-07-18
2245,Nachiket,Date,cust2245_gmail.com,+91 729654764,Male,30,Kolkata,East,Occasional,2025-03-08
2246,Amara,Bera,cust2246_hotmail.com,+91 846529670,Female,59,Lucknow,North,Regular,2024-08-11
2247,Kamala,Krish,cust2247_hotmail.com,+91 851930448,Female,52,Lucknow,North,Regular,2025-09-19
2248,Omya,Shankar,cust2248_gmail.com,+91 952538106,Male,46,Kochi,South,Regular,2025-08-03
2249,Irya,Sidhu,cust2249_hotmail.com,+91 792240599,Male,41,Nagpur,Central,New,2024-11-12
2250,Anya,Sangha,cust2250_hotmail.com,+91 962136129,Female,48,Bangalore,South,Regular,2024-03-21
2251,Veer,Mody,cust2251_hotmail.com,+91 894939955,Other,24,Kochi,South,New,2026-01-21
2252,Dalaja,Ray,cust2252_yahoo.com,+91 933253163,Male,51,Kolkata,East,Regular,2023-05-16
2253,Fariq,Bose,cust2253_hotmail.com,+91 768891720,Female,17,Mumbai,West,Regular,2023-05-21
2254,Girik,Gandhi,cust2254_hotmail.com,+91 753794210,Other,26,Kolkata,East,VIP,2024-01-08
2255,Frado,Mangal,cust2255_hotmail.com,+91 888133568,Female,42,Hyderabad,South,Occasional,2023-03-31
2256,Advaith,Samra,cust2256_hotmail.com,+91 719664764,Female,27,Bangalore,South,Occasional,2025-02-04
2257,Laban,Srinivasan,cust2257_yahoo.com,+91 930691486,Other,56,Bangalore,South,Occasional,2025-03-01
2258,Jeet,Ravi,cust2258_gmail.com,+91 713591187,Female,25,New Delhi,North,Regular,2025-03-11
2259,Ranveer,Amble,cust2259_hotmail.com,+91 926248623,Male,29,Kolkata,East,Occasional,2025-08-15
2260,Hemani,Konda,cust2260_hotmail.com,+91 816423392,Male,54,Bhubaneswar,East,Occasional,2024-10-22
2261,Brijesh,Sen,cust2261_gmail.com,+91 928163509,Male,27,Guwahati,East,Regular,2025-10-24
2262,Umang,Gill,cust2262_gmail.com,+91 763690666,Male,18,Indore,Central,New,2025-11-13
2263,Kiaan,Varkey,cust2263_yahoo.com,+91 856615693,Other,35,Surat,West,Regular,2024-07-24
2264,Pahal,Tandon,cust2264_yahoo.com,+91 782526938,Female,59,Surat,West,Occasional,2023-03-21
2265,Kashvi,Chowdhury,cust2265_yahoo.com,+91 798742363,Female,36,Bhubaneswar,East,Regular,2023-09-22
2266,Zaid,Zacharia,cust2266_gmail.com,+91 969811356,Female,45,Patna,East,Regular,2025-11-20
2267,Chandani,Subramanian,cust2267_yahoo.com,+91 810929813,Male,59,Nagpur,Central,Occasional,2024-03-26
2268,Tanay,Agate,cust2268_hotmail.com,+91 868894988,Female,18,Bhubaneswar,East,New,2024-02-16
2269,Meera,Kalla,cust2269_yahoo.com,+91 974721564,Other,24,Jaipur,North,Occasional,2025-09-07
2270,Yutika,Banik,cust2270_yahoo.com,+91 786239624,Other,24,Kochi,South,New,2025-09-25
2271,Vinaya,Bhandari,cust2271_yahoo.com,+91 766127101,Female,36,Chandigarh,North,Regular,2025-08-17
2272,Triveni,Narasimhan,cust2272_yahoo.com,+91 964134442,Other,39,Kolkata,East,Occasional,2023-01-10
2273,Hredhaan,Ahluwalia,cust2273_yahoo.com,+91 798959756,Male,40,Kolkata,East,Regular,2024-07-03
2274,Quincy,Ratti,cust2274_yahoo.com,+91 728577696,Other,48,Bhubaneswar,East,Regular,2026-01-27
2275,Harrison,Sankar,cust2275_yahoo.com,+91 781801469,Female,30,Jaipur,North,New,2023-01-14
2276,Frado,Wadhwa,cust2276_hotmail.com,+91 720690718,Female,20,Mumbai,West,New,2023-11-03
2277,Nirja,Dasgupta,cust2277_yahoo.com,+91 776550102,Other,59,Nagpur,Central,Regular,2023-08-27
2278,Nachiket,Krishna,cust2278_gmail.com,+91 756274140,Female,45,Chandigarh,North,Regular,2023-01-11
2279,Megha,Prasad,cust2279_yahoo.com,+91 817391331,Female,29,New Delhi,North,Regular,2025-01-01
2280,Priya,Gopal,cust2280_hotmail.com,+91 886488563,Other,59,Nagpur,Central,Regular,2024-07-20
2281,Ikbal,Sarna,cust2281_hotmail.com,+91 916435168,Male,20,Surat,West,VIP,2024-02-23
2282,Neel,Dey,cust2282_yahoo.com,+91 970152934,Male,21,Indore,Central,Regular,2024-11-13
2283,Radha,Ahluwalia,cust2283_yahoo.com,+91 711481149,Other,24,Mumbai,West,Regular,2026-03-06
2284,Rushil,Choudhry,cust2284_gmail.com,+91 990335820,Male,58,Surat,West,Occasional,2026-01-06
2285,Banjeet,Deol,cust2285_yahoo.com,+91 932734581,Male,38,New Delhi,North,New,2024-03-18
2286,Garima,Balay,cust2286_gmail.com,+91 968790809,Female,56,Raipur,Central,Occasional,2024-10-16
2287,Rushil,Srinivas,cust2287_hotmail.com,+91 851709987,Other,43,Pune,West,Occasional,2025-10-31
2288,Jagat,Sama,cust2288_yahoo.com,+91 759779794,Female,58,Pune,West,Occasional,2024-02-17
2289,Warhi,Datta,cust2289_yahoo.com,+91 820514391,Male,22,Pune,West,Regular,2025-05-04
2290,Mugdha,Thaker,cust2290_hotmail.com,+91 797971475,Female,20,Kochi,South,New,2026-03-12
2291,Lopa,Deep,cust2291_gmail.com,+91 939989554,Female,42,Hyderabad,South,Occasional,2026-02-26
2292,Ansh,Date,cust2292_gmail.com,+91 924861792,Female,39,Guwahati,East,Occasional,2023-06-17
2293,Xiti,Arya,cust2293_hotmail.com,+91 821927914,Female,44,Lucknow,North,Regular,2024-06-18
2294,Charles,Oommen,cust2294_yahoo.com,+91 888840500,Other,48,Lucknow,North,Occasional,2024-01-03
2295,Abhiram,Saraf,cust2295_yahoo.com,+91 914627159,Other,28,Ahmedabad,West,New,2025-07-16
2296,Baghyawati,Sunder,cust2296_gmail.com,+91 815790464,Male,43,Surat,West,Regular,2024-03-25
2297,Pushti,Kota,cust2297_hotmail.com,+91 983671547,Other,28,Mumbai,West,Regular,2026-03-28
2298,Yasti,Grover,cust2298_gmail.com,+91 766854705,Female,21,Pune,West,Regular,2023-08-25
2299,Ishwar,Lall,cust2299_hotmail.com,+91 799630480,Other,59,New Delhi,North,New,2024-03-12
2300,Pushti,Issac,cust2300_yahoo.com,+91 964623724,Female,50,Nagpur,Central,Occasional,2024-01-20
2301,Harshil,Thakkar,cust2301_hotmail.com,+91 741465946,Male,51,Pune,West,Regular,2026-01-02
2302,Ranbir,Dixit,cust2302_gmail.com,+91 968840811,Male,27,Bhopal,Central,Occasional,2023-10-09
2303,Kevin,Rattan,cust2303_gmail.com,+91 728772979,Male,41,Indore,Central,Regular,2023-07-07
2304,Rehaan,Dhingra,cust2304_yahoo.com,+91 711442971,Other,36,Surat,West,Regular,2024-03-01
2305,Ryan,Chand,cust2305_gmail.com,+91 788244165,Other,33,Kochi,South,Regular,2023-01-28
2306,Nikita,Vohra,cust2306_yahoo.com,+91 859105401,Female,26,Ahmedabad,West,Occasional,2024-08-13
2307,Vihaan,Kapadia,cust2307_yahoo.com,+91 980358798,Female,45,Kolkata,East,New,2025-12-23
2308,Varenya,Bhat,cust2308_hotmail.com,+91 820569287,Female,46,Bangalore,South,Regular,2024-10-23
2309,Charan,Modi,cust2309_gmail.com,+91 789952285,Female,42,Lucknow,North,Regular,2024-10-25
2310,Januja,Mand,cust2310_yahoo.com,+91 977572581,Other,36,Guwahati,East,Regular,2024-02-23
2311,Omya,Koshy,cust2311_yahoo.com,+91 818341384,Female,15,Ahmedabad,West,Regular,2026-01-10
2312,Qabil,Baria,cust2312_gmail.com,+91 998318525,Other,15,Bhopal,Central,Occasional,2023-03-15
2313,Ekanta,Kala,cust2313_yahoo.com,+91 968440779,Male,19,Raipur,Central,New,2023-03-22
2314,Ati,Chaudhuri,cust2314_yahoo.com,+91 841628717,Female,16,Bhopal,Central,Regular,2025-01-03
2315,Zayyan,Swamy,cust2315_yahoo.com,+91 887348532,Female,57,Ahmedabad,West,Regular,2023-10-15
2316,Daksha,Choudhury,cust2316_gmail.com,+91 880922511,Female,23,New Delhi,North,Occasional,2024-06-03
2317,Agastya,De,cust2317_yahoo.com,+91 794528443,Female,54,Bangalore,South,Regular,2025-11-05
2318,Janaki,Wadhwa,cust2318_hotmail.com,+91 758135234,Male,60,Lucknow,North,Regular,2024-07-14
2319,Wazir,Majumdar,cust2319_gmail.com,+91 737957550,Male,58,Pune,West,Regular,2024-07-31
2320,Leena,Chahal,cust2320_gmail.com,+91 891764265,Other,33,Kolkata,East,Regular,2025-06-26
2321,Jai,Barman,cust2321_hotmail.com,+91 723233740,Male,19,Surat,West,Regular,2023-07-22
2322,Rayaan,Hans,cust2322_hotmail.com,+91 781599652,Other,18,Chandigarh,North,New,2025-10-13
2323,Hardik,Borde,cust2323_hotmail.com,+91 948455737,Female,47,Kolkata,East,Regular,2024-11-23
2324,Hemal,Mitra,cust2324_hotmail.com,+91 865433825,Male,33,Guwahati,East,VIP,2025-08-19
2325,Saksham,Walla,cust2325_hotmail.com,+91 997634280,Other,36,Jaipur,North,Regular,2025-01-06
2326,Caleb,Datta,cust2326_gmail.com,+91 915423954,Female,54,Kochi,South,Regular,2023-08-27
2327,Zayyan,Palan,cust2327_yahoo.com,+91 974260809,Male,49,Nagpur,Central,New,2024-10-11
2328,Jacob,Sarin,cust2328_gmail.com,+91 715348181,Female,57,Kolkata,East,Regular,2024-11-27
2329,Oni,Viswanathan,cust2329_hotmail.com,+91 931314863,Male,25,Kochi,South,New,2025-01-20
2330,Anthony,Ganesan,cust2330_hotmail.com,+91 965400229,Female,43,Kochi,South,New,2026-05-13
2331,Kai,Mann,cust2331_gmail.com,+91 879819779,Male,36,Guwahati,East,Regular,2024-03-01
2332,Darsh,Gupta,cust2332_hotmail.com,+91 813839349,Other,24,Kochi,South,VIP,2025-05-29
2333,Warda,Walia,cust2333_hotmail.com,+91 744548181,Other,15,Guwahati,East,Regular,2024-09-09
2334,Noah,Sarma,cust2334_hotmail.com,+91 891748455,Male,55,Bhopal,Central,Occasional,2023-04-27
2335,Madhavi,Rattan,cust2335_hotmail.com,+91 832297765,Female,23,Patna,East,New,2024-08-19
2336,Samuel,Gour,cust2336_gmail.com,+91 914157360,Other,36,Guwahati,East,Regular,2024-02-26
2337,Tejas,Andra,cust2337_hotmail.com,+91 970323162,Other,23,Nagpur,Central,Occasional,2023-09-06
2338,Yahvi,Vohra,cust2338_yahoo.com,+91 954935929,Male,43,Hyderabad,South,New,2024-12-08
2339,Thomas,Minhas,cust2339_hotmail.com,+91 742142881,Other,24,Lucknow,North,Regular,2024-04-16
2340,Jagat,Garg,cust2340_gmail.com,+91 987843908,Female,59,Ahmedabad,West,Occasional,2024-02-22
2341,Wazir,Manne,cust2341_gmail.com,+91 914400206,Female,21,Raipur,Central,Regular,2023-03-12
2342,Manbir,Mall,cust2342_gmail.com,+91 963752903,Female,33,Indore,Central,Regular,2025-09-20
2343,Charan,Kothari,cust2343_gmail.com,+91 853489723,Other,15,Patna,East,Regular,2024-02-25
2344,Jack,Agarwal,cust2344_hotmail.com,+91 965611864,Other,29,Ahmedabad,West,Regular,2025-04-10
2345,Jyoti,Nair,cust2345_gmail.com,+91 746657716,Other,36,Bangalore,South,Regular,2024-06-23
2346,Aishani,Deol,cust2346_yahoo.com,+91 794969533,Male,25,Guwahati,East,Regular,2025-12-31
2347,Chaitaly,Nair,cust2347_gmail.com,+91 985793962,Female,32,Nagpur,Central,New,2025-08-07
2348,Advaith,Parekh,cust2348_gmail.com,+91 862124751,Male,50,Bhubaneswar,East,Occasional,2025-08-30
2349,Ati,Goda,cust2349_yahoo.com,+91 716330980,Male,30,Bangalore,South,Occasional,2026-02-08
2350,Hitesh,Raja,cust2350_hotmail.com,+91 974610193,Male,39,New Delhi,North,Regular,2023-01-25
2351,Samuel,Sathe,cust2351_gmail.com,+91 880739154,Female,35,Hyderabad,South,New,2024-02-04
2352,Amruta,Jani,cust2352_hotmail.com,+91 996117219,Male,38,Indore,Central,Occasional,2024-05-18
2353,Megha,Dugal,cust2353_yahoo.com,+91 751513569,Female,16,Kochi,South,Regular,2025-09-05
2354,Radha,Pillay,cust2354_gmail.com,+91 968172426,Male,39,Guwahati,East,Regular,2023-12-26
2355,Girik,Tandon,cust2355_gmail.com,+91 984783402,Female,37,Bhubaneswar,East,New,2025-01-14
2356,Qasim,Goda,cust2356_gmail.com,+91 957476126,Other,36,Ahmedabad,West,Regular,2024-12-14
2357,Vritti,Gole,cust2357_hotmail.com,+91 990184553,Male,22,Kochi,South,Regular,2025-06-03
2358,Ansh,Mukherjee,cust2358_gmail.com,+91 938739453,Male,25,Ahmedabad,West,Occasional,2024-03-14
2359,Meera,Guha,cust2359_gmail.com,+91 768784892,Male,48,Chennai,South,Occasional,2023-10-04
2360,Ekbal,Sandhu,cust2360_gmail.com,+91 893420198,Male,19,Bhopal,Central,Occasional,2023-08-11
2361,Neha,Chaudhry,cust2361_hotmail.com,+91 872402827,Female,33,Bangalore,South,Regular,2024-12-07
2362,Laksh,Arora,cust2362_hotmail.com,+91 927584745,Male,39,Jaipur,North,Occasional,2025-03-29
2363,Krishna,Rajagopalan,cust2363_gmail.com,+91 775848893,Male,50,Surat,West,Regular,2023-06-04
2364,Agastya,Bassi,cust2364_gmail.com,+91 897978347,Other,26,Jaipur,North,Occasional,2023-06-20
2365,Fiyaz,Loyal,cust2365_gmail.com,+91 846109854,Other,59,Jaipur,North,Regular,2024-01-21
2366,Agastya,Andra,cust2366_gmail.com,+91 892955913,Male,16,Kochi,South,Occasional,2025-09-01
2367,Hamsini,Chada,cust2367_gmail.com,+91 780139470,Other,60,Jaipur,North,Occasional,2025-04-22
2368,Varsha,Sawhney,cust2368_gmail.com,+91 950696681,Female,18,Chennai,South,Occasional,2023-08-05
2369,Garima,Srinivas,cust2369_gmail.com,+91 821239919,Other,56,Surat,West,Regular,2024-04-22
2370,Daksh,Loke,cust2370_hotmail.com,+91 811188666,Female,53,Chennai,South,Regular,2024-01-14
2371,Jatin,Bail,cust2371_gmail.com,+91 939368920,Female,47,Jaipur,North,Occasional,2025-04-24
2372,Chaman,Chauhan,cust2372_hotmail.com,+91 786885802,Male,54,Kolkata,East,Regular,2023-06-09
2373,Lucky,Agarwal,cust2373_gmail.com,+91 963189290,Female,46,Kochi,South,Regular,2024-10-07
2374,Utkarsh,Sane,cust2374_yahoo.com,+91 713891269,Male,54,Bangalore,South,Regular,2023-02-07
2375,Ira,Mangat,cust2375_gmail.com,+91 721396706,Male,34,Bangalore,South,Occasional,2023-08-17
2376,Leena,Chowdhury,cust2376_yahoo.com,+91 992640828,Other,19,Bangalore,South,Occasional,2025-11-29
2377,Imaran,Kapur,cust2377_gmail.com,+91 734219944,Female,51,Bhubaneswar,East,Regular,2023-09-21
2378,Ishanvi,Bose,cust2378_hotmail.com,+91 718786322,Other,27,Indore,Central,Regular,2024-03-13
2379,Jagat,Patel,cust2379_gmail.com,+91 829339878,Male,42,Bhopal,Central,New,2024-06-02
2380,Matthew,Gokhale,cust2380_yahoo.com,+91 899170595,Male,20,Guwahati,East,VIP,2023-03-09
2381,Gaurika,Golla,cust2381_hotmail.com,+91 774912881,Other,45,Bangalore,South,Regular,2025-04-04
2382,Mason,Mitra,cust2382_hotmail.com,+91 736900262,Male,16,Mumbai,West,Occasional,2024-10-22
2383,Ijaya,Chawla,cust2383_yahoo.com,+91 957540128,Female,46,Chennai,South,VIP,2024-03-21
2384,Jyoti,Lanka,cust2384_hotmail.com,+91 817946832,Female,46,Raipur,Central,Regular,2025-02-14
2385,Faraj,Agate,cust2385_gmail.com,+91 968255331,Other,19,Chennai,South,Occasional,2026-05-25
2386,Manan,Nagarajan,cust2386_gmail.com,+91 735778609,Female,56,Bangalore,South,Occasional,2026-04-23
2387,Sanya,Sridhar,cust2387_gmail.com,+91 917423889,Other,59,New Delhi,North,Occasional,2024-08-29
2388,Prisha,Mallick,cust2388_gmail.com,+91 958980890,Other,28,Jaipur,North,VIP,2023-06-25
2389,Ekantika,Datta,cust2389_gmail.com,+91 754708722,Male,32,Guwahati,East,Regular,2023-05-21
2390,Lekha,Pandit,cust2390_yahoo.com,+91 987351981,Female,60,Raipur,Central,Regular,2026-04-07
2391,Panini,Srivastava,cust2391_hotmail.com,+91 817129604,Other,21,Hyderabad,South,Occasional,2025-02-06
2392,Gauri,Devi,cust2392_hotmail.com,+91 973987167,Male,32,Mumbai,West,Occasional,2024-10-05
2393,Leela,Sahota,cust2393_hotmail.com,+91 733321405,Male,28,Raipur,Central,Occasional,2024-01-18
2394,Waida,Walia,cust2394_hotmail.com,+91 847392812,Other,49,Bhubaneswar,East,Occasional,2025-02-11
2395,Leena,Chacko,cust2395_hotmail.com,+91 931349579,Other,36,Bhopal,Central,Occasional,2023-12-24
2396,Oviya,Vyas,cust2396_hotmail.com,+91 777971432,Male,49,Chandigarh,North,Occasional,2026-01-15
2397,Theodore,Chahal,cust2397_gmail.com,+91 845464423,Other,22,Chennai,South,Regular,2026-04-21
2398,Aarnav,Jani,cust2398_gmail.com,+91 749631982,Male,25,Chandigarh,North,Occasional,2024-07-15
2399,Urvi,Deol,cust2399_gmail.com,+91 981311660,Female,60,Kochi,South,Regular,2024-07-16
2400,Ikshita,Patel,cust2400_gmail.com,+91 778117133,Male,31,Patna,East,Occasional,2023-04-03
2401,Triveni,Dhawan,cust2401_hotmail.com,+91 876418523,Female,41,Bhubaneswar,East,New,2024-04-02
2402,Xavier,Kade,cust2402_gmail.com,+91 844200502,Other,29,Surat,West,Regular,2024-10-16
2403,Lakshit,Dalal,cust2403_hotmail.com,+91 839208568,Male,36,Jaipur,North,Regular,2023-03-28
2404,Luke,Purohit,cust2404_hotmail.com,+91 814224366,Female,37,Kochi,South,Occasional,2025-12-29
2405,Panini,Prabhu,cust2405_gmail.com,+91 944359918,Male,20,New Delhi,North,Regular,2023-02-10
2406,Hitesh,Borah,cust2406_yahoo.com,+91 837819488,Other,19,Bangalore,South,VIP,2025-12-25
2407,Nakul,Balan,cust2407_gmail.com,+91 749495131,Male,27,Raipur,Central,New,2025-07-11
2408,Lohit,Brar,cust2408_gmail.com,+91 931509866,Other,16,New Delhi,North,Occasional,2024-07-21
2409,Advik,Saha,cust2409_gmail.com,+91 944488459,Other,31,Ahmedabad,West,Regular,2023-04-30
2410,Qabil,Singhal,cust2410_hotmail.com,+91 942969897,Female,29,Patna,East,Regular,2026-04-04
2411,Chandani,Singhal,cust2411_yahoo.com,+91 747998918,Male,58,Lucknow,North,Regular,2023-08-06
2412,Geetika,Sawhney,cust2412_hotmail.com,+91 955790520,Female,42,Ahmedabad,West,VIP,2026-01-27
2413,Agastya,Mangat,cust2413_gmail.com,+91 786523758,Male,23,Bangalore,South,Regular,2025-12-16
2414,Darpan,Balay,cust2414_hotmail.com,+91 885582373,Other,58,Hyderabad,South,Regular,2023-08-31
2415,Oscar,Thakur,cust2415_gmail.com,+91 759916643,Other,29,Chandigarh,North,Occasional,2026-03-12
2416,Meghana,Sampath,cust2416_hotmail.com,+91 967121908,Other,52,Lucknow,North,Regular,2023-01-17
2417,Aarna,Thaker,cust2417_yahoo.com,+91 956133656,Female,22,New Delhi,North,VIP,2024-12-06
2418,Utkarsh,Sampath,cust2418_gmail.com,+91 745935640,Male,55,Bhubaneswar,East,Regular,2026-01-06
2419,George,Vig,cust2419_yahoo.com,+91 869134115,Other,59,Pune,West,Regular,2024-02-27
2420,Siddharth,Rattan,cust2420_hotmail.com,+91 983443997,Other,60,Bhubaneswar,East,Regular,2023-07-14
2421,Theodore,Ramanathan,cust2421_gmail.com,+91 888866496,Female,42,Chennai,South,Occasional,2023-03-28
2422,Faras,Sidhu,cust2422_yahoo.com,+91 999587962,Male,59,Pune,West,Occasional,2026-03-04
2423,Nidhi,Rai,cust2423_gmail.com,+91 853272612,Male,15,Surat,West,New,2024-05-01
2424,Kamya,Samra,cust2424_gmail.com,+91 918763557,Other,28,Chandigarh,North,Regular,2023-03-26
2425,Ikbal,Chawla,cust2425_gmail.com,+91 884288339,Other,35,Bhubaneswar,East,Occasional,2024-02-24
2426,Gautami,Bala,cust2426_gmail.com,+91 730532385,Other,47,Patna,East,Occasional,2024-07-17
2427,Nicholas,Chhabra,cust2427_gmail.com,+91 766113576,Male,50,New Delhi,North,New,2024-03-14
2428,Advay,More,cust2428_gmail.com,+91 989390751,Other,56,Jaipur,North,Regular,2023-11-26
2429,Saksham,Bali,cust2429_gmail.com,+91 940141976,Other,32,Kolkata,East,New,2025-05-07
2430,Frederick,Basu,cust2430_hotmail.com,+91 821815973,Other,33,Nagpur,Central,Regular,2024-02-23
2431,Veda,Bath,cust2431_gmail.com,+91 829906933,Other,49,Chennai,South,Regular,2026-05-12
2432,Girik,More,cust2432_gmail.com,+91 978929583,Male,60,Kochi,South,Regular,2024-05-03
2433,Barkha,Rao,cust2433_hotmail.com,+91 925775313,Other,18,Guwahati,East,New,2024-07-08
2434,Divya,Raman,cust2434_hotmail.com,+91 891567828,Female,45,Bhubaneswar,East,Regular,2023-10-30
2435,Kai,Chatterjee,cust2435_yahoo.com,+91 926846846,Other,19,Lucknow,North,Occasional,2024-07-06
2436,Yahvi,Chaudhuri,cust2436_hotmail.com,+91 986384174,Other,15,Kolkata,East,Regular,2024-09-24
2437,Mason,Bajwa,cust2437_hotmail.com,+91 825177407,Male,40,Indore,Central,Regular,2026-04-19
2438,Lavanya,Sood,cust2438_hotmail.com,+91 974346161,Male,51,Kolkata,East,Regular,2026-05-21
2439,Bina,Edwin,cust2439_gmail.com,+91 872317849,Other,57,Pune,West,Occasional,2023-02-28
2440,Ubika,Brar,cust2440_hotmail.com,+91 740608838,Other,57,Nagpur,Central,Regular,2025-11-26
2441,Vincent,Kale,cust2441_hotmail.com,+91 717580673,Female,50,Surat,West,New,2023-05-25
2442,Lohit,Dyal,cust2442_hotmail.com,+91 752197260,Male,20,Chennai,South,Occasional,2025-10-13
2443,Harita,Sem,cust2443_gmail.com,+91 731515594,Other,51,Indore,Central,New,2025-03-13
2444,Bina,Parsa,cust2444_hotmail.com,+91 862845119,Other,24,Chandigarh,North,Occasional,2024-06-10
2445,Balveer,Ram,cust2445_gmail.com,+91 783762469,Other,44,Pune,West,VIP,2024-10-31
2446,Falan,Dua,cust2446_hotmail.com,+91 927211886,Other,60,Surat,West,VIP,2023-11-21
2447,Widisha,Chatterjee,cust2447_gmail.com,+91 970109951,Other,52,Jaipur,North,Occasional,2025-09-02
2448,Dayamai,Chahal,cust2448_yahoo.com,+91 772632895,Male,18,Chandigarh,North,Occasional,2023-08-10
2449,Suhani,Murthy,cust2449_gmail.com,+91 965869926,Other,52,Raipur,Central,Regular,2023-05-27
2450,Neel,Bir,cust2450_yahoo.com,+91 783627340,Other,32,Chandigarh,North,Occasional,2024-04-04
2451,Januja,Pandit,cust2451_gmail.com,+91 998545603,Other,34,Bhopal,Central,Occasional,2025-06-14
2452,Praneel,Sharma,cust2452_yahoo.com,+91 854160972,Other,45,Patna,East,Occasional,2023-04-21
2453,Aahana,Sathe,cust2453_hotmail.com,+91 866236537,Female,45,Ahmedabad,West,Regular,2025-01-05
2454,Jatin,Sura,cust2454_gmail.com,+91 930614205,Other,43,Mumbai,West,New,2023-08-07
2455,Bhavini,Rattan,cust2455_yahoo.com,+91 954103979,Female,17,Surat,West,Regular,2024-07-18
2456,Kai,Sastry,cust2456_yahoo.com,+91 733547283,Male,40,Pune,West,Occasional,2025-08-20
2457,Dipta,Prakash,cust2457_gmail.com,+91 759779361,Male,37,Bangalore,South,Regular,2025-03-07
2458,Odika,Toor,cust2458_yahoo.com,+91 711726832,Male,17,Surat,West,New,2025-11-25
2459,Brijesh,Bhandari,cust2459_hotmail.com,+91 958332443,Male,20,Bhubaneswar,East,Regular,2024-02-13
2460,Yash,Anand,cust2460_gmail.com,+91 744576509,Other,45,Pune,West,Regular,2026-05-13
2461,Bina,Prashad,cust2461_gmail.com,+91 935593878,Other,55,Chennai,South,Occasional,2023-06-13
2462,Mohini,Bora,cust2462_gmail.com,+91 836509840,Other,41,New Delhi,North,Occasional,2025-06-04
2463,Turvi,Chander,cust2463_yahoo.com,+91 865336322,Male,31,Hyderabad,South,Regular,2024-08-26
2464,Upadhriti,Warrior,cust2464_yahoo.com,+91 830891889,Other,48,Nagpur,Central,Regular,2024-12-24
2465,Frederick,Gole,cust2465_hotmail.com,+91 932290445,Female,52,Hyderabad,South,Regular,2023-06-19
2466,Mekhala,Sant,cust2466_gmail.com,+91 970944885,Male,59,Jaipur,North,Occasional,2023-06-18
2467,Falguni,Bhattacharyya,cust2467_yahoo.com,+91 984419245,Other,56,New Delhi,North,Regular,2024-09-15
2468,Vedika,Kala,cust2468_hotmail.com,+91 811373302,Other,27,Jaipur,North,Regular,2024-06-15
2469,Vamakshi,Contractor,cust2469_yahoo.com,+91 978930626,Other,28,Bangalore,South,Occasional,2026-02-25
2470,Balvan,Dugal,cust2470_yahoo.com,+91 726468761,Other,46,Surat,West,New,2024-12-07
2471,Tanay,Nagarajan,cust2471_hotmail.com,+91 766203706,Female,48,Lucknow,North,Occasional,2023-08-15
2472,Lajita,Bhatia,cust2472_yahoo.com,+91 883774494,Female,49,Mumbai,West,VIP,2023-02-18
2473,Qushi,Solanki,cust2473_gmail.com,+91 955414409,Female,59,Bhubaneswar,East,Regular,2026-05-11
2474,Siddharth,Bajaj,cust2474_hotmail.com,+91 979910327,Other,44,Surat,West,Occasional,2023-03-26
2475,Anamika,Krishnan,cust2475_hotmail.com,+91 751311830,Female,24,Kochi,South,Occasional,2024-10-18
2476,Fiyaz,Dhar,cust2476_gmail.com,+91 964634642,Other,38,Patna,East,Occasional,2023-10-01
2477,Nidhi,Bumb,cust2477_yahoo.com,+91 937750922,Other,51,Pune,West,VIP,2024-03-01
2478,Siya,Saini,cust2478_hotmail.com,+91 969793788,Other,48,Raipur,Central,New,2026-01-11
2479,Aashi,Gour,cust2479_gmail.com,+91 812343268,Other,21,Bangalore,South,Occasional,2023-11-29
2480,Priya,Oommen,cust2480_yahoo.com,+91 820797801,Female,16,Surat,West,Regular,2023-05-24
2481,Rushil,Palla,cust2481_yahoo.com,+91 893636514,Female,55,Chandigarh,North,Occasional,2023-09-13
2482,Vaishnavi,Wason,cust2482_hotmail.com,+91 838404606,Other,41,Chandigarh,North,Regular,2025-01-18
2483,Naveen,Sarkar,cust2483_yahoo.com,+91 781697466,Male,54,Surat,West,Regular,2026-05-02
2484,Lopa,Anne,cust2484_hotmail.com,+91 833417250,Other,45,Jaipur,North,Regular,2025-12-12
2485,Rushil,Brahmbhatt,cust2485_hotmail.com,+91 882877510,Female,30,Bangalore,South,New,2026-05-01
2486,Maanav,Naik,cust2486_hotmail.com,+91 996524333,Male,53,Bhubaneswar,East,Occasional,2025-11-03
2487,Edhitha,Atwal,cust2487_gmail.com,+91 810305669,Other,51,Nagpur,Central,Regular,2026-02-14
2488,Manbir,Tata,cust2488_yahoo.com,+91 894768476,Female,27,Surat,West,VIP,2024-12-13
2489,Niharika,Lall,cust2489_hotmail.com,+91 716253856,Male,20,Chandigarh,North,VIP,2023-06-26
2490,Aarush,Seshadri,cust2490_gmail.com,+91 895485326,Male,58,Kochi,South,Occasional,2026-01-27
2491,Shivani,Chatterjee,cust2491_gmail.com,+91 894913572,Other,28,Chennai,South,Occasional,2025-09-12
2492,Raghav,Salvi,cust2492_hotmail.com,+91 746617562,Other,32,Hyderabad,South,Occasional,2023-12-06
2493,Ojas,Purohit,cust2493_gmail.com,+91 960105916,Female,21,Indore,Central,Occasional,2025-04-28
2494,Shaurya,Halder,cust2494_hotmail.com,+91 976541505,Female,16,New Delhi,North,Occasional,2024-06-24
2495,Akshay,Prabhakar,cust2495_yahoo.com,+91 848873558,Female,50,Hyderabad,South,New,2025-06-15
2496,Chasmum,Mohanty,cust2496_hotmail.com,+91 888471745,Other,32,Kochi,South,Regular,2023-01-26
2497,Xalak,Shah,cust2497_yahoo.com,+91 912713302,Other,46,Kolkata,East,Regular,2023-07-13
2498,Indira,Pandey,cust2498_hotmail.com,+91 994474753,Other,50,Bhubaneswar,East,Regular,2024-09-29
2499,Gautami,Comar,cust2499_gmail.com,+91 744528545,Female,51,Ahmedabad,West,Occasional,2024-10-23
2500,Priya,Prakash,cust2500_gmail.com,+91 939652551,Male,50,Surat,West,New,2024-12-13
2501,Nicholas,Sarin,cust2501_yahoo.com,+91 913775439,Other,39,Pune,West,Regular,2025-05-08
2502,Rajeshri,Mander,cust2502_hotmail.com,+91 948857560,Female,43,Jaipur,North,Regular,2024-03-18
2503,Hardik,Chahal,cust2503_gmail.com,+91 841934370,Female,37,Bhopal,Central,VIP,2025-08-21
2504,Amol,Sabharwal,cust2504_gmail.com,+91 774141504,Other,25,Bhubaneswar,East,Occasional,2023-05-20
2505,Harish,Sawhney,cust2505_hotmail.com,+91 775981684,Male,56,Jaipur,North,Occasional,2025-02-10
2506,Bachittar,Mann,cust2506_yahoo.com,+91 991269371,Female,29,Bhubaneswar,East,Regular,2025-06-21
2507,Udant,Sha,cust2507_hotmail.com,+91 961709437,Female,26,Chennai,South,New,2023-11-26
2508,Ishwar,Hayre,cust2508_yahoo.com,+91 859132942,Other,30,Bangalore,South,Occasional,2024-08-14
2509,Indali,Shetty,cust2509_yahoo.com,+91 915314438,Other,34,New Delhi,North,Regular,2023-07-13
2510,Meghana,Amble,cust2510_yahoo.com,+91 748701921,Female,18,Surat,West,Regular,2025-09-28
2511,Udarsh,Tripathi,cust2511_yahoo.com,+91 868540852,Female,52,Bhubaneswar,East,Regular,2026-04-30
2512,Aishani,Mohanty,cust2512_yahoo.com,+91 732218931,Male,36,Chandigarh,North,VIP,2024-02-20
2513,Wyatt,Agrawal,cust2513_yahoo.com,+91 854664907,Other,41,Kochi,South,Occasional,2025-11-11
2514,Alexander,Bal,cust2514_gmail.com,+91 825421633,Male,53,New Delhi,North,Regular,2023-02-20
2515,Kavya,Venkataraman,cust2515_hotmail.com,+91 963831832,Male,57,Chennai,South,Regular,2026-05-13
2516,Eesha,Nayak,cust2516_gmail.com,+91 850867100,Other,16,Jaipur,North,Regular,2025-07-20
2517,Qushi,Khurana,cust2517_hotmail.com,+91 911208996,Male,16,Surat,West,VIP,2025-06-07
2518,Reyansh,Ramaswamy,cust2518_gmail.com,+91 779194483,Female,50,Ahmedabad,West,VIP,2024-08-30
2519,Pushti,Dave,cust2519_hotmail.com,+91 984218294,Other,40,Lucknow,North,Occasional,2026-05-29
2520,Oscar,Rau,cust2520_yahoo.com,+91 825689197,Female,57,Mumbai,West,Occasional,2024-08-29
2521,Nathan,Sarkar,cust2521_gmail.com,+91 878548183,Other,47,Bhopal,Central,Regular,2025-03-14
2522,Jonathan,Thaman,cust2522_gmail.com,+91 778111757,Female,34,Kolkata,East,Occasional,2023-06-04
2523,Manya,Lad,cust2523_hotmail.com,+91 781832900,Other,38,Hyderabad,South,VIP,2025-09-07
2524,Ekantika,Jani,cust2524_gmail.com,+91 785325312,Male,23,Chandigarh,North,VIP,2023-09-05
2525,Atharv,Sarkar,cust2525_gmail.com,+91 830238143,Other,51,Chennai,South,New,2023-05-25
2526,Michael,Bala,cust2526_hotmail.com,+91 737589993,Other,58,Mumbai,West,VIP,2025-09-03
2527,Farhan,Raja,cust2527_gmail.com,+91 981457494,Female,24,Guwahati,East,Occasional,2026-01-04
2528,Kalpit,Setty,cust2528_hotmail.com,+91 823169807,Female,26,Mumbai,West,New,2026-02-27
2529,Ishita,Grover,cust2529_gmail.com,+91 717497706,Other,38,Bangalore,South,New,2025-09-08
2530,Tristan,Mishra,cust2530_gmail.com,+91 921272212,Female,22,Bhubaneswar,East,Occasional,2025-10-10
2531,Yatan,Radhakrishnan,cust2531_yahoo.com,+91 725783847,Other,23,New Delhi,North,New,2025-04-11
2532,Charan,Maharaj,cust2532_gmail.com,+91 733432465,Male,52,Hyderabad,South,New,2025-10-21
2533,Arin,Chauhan,cust2533_gmail.com,+91 927160539,Other,24,Raipur,Central,Regular,2023-08-12
2534,Jason,Chhabra,cust2534_gmail.com,+91 881773804,Other,47,Ahmedabad,West,Occasional,2024-12-14
2535,Adweta,Gole,cust2535_gmail.com,+91 959748210,Other,51,New Delhi,North,Occasional,2024-03-14
2536,Warda,Pathak,cust2536_gmail.com,+91 813452267,Female,20,Indore,Central,VIP,2023-05-01
2537,Harrison,Swaminathan,cust2537_gmail.com,+91 776225514,Female,32,Jaipur,North,Occasional,2024-08-30
2538,Ethan,Sur,cust2538_hotmail.com,+91 862959143,Female,49,Indore,Central,Occasional,2024-10-04
2539,Shivansh,Saini,cust2539_yahoo.com,+91 814923893,Male,50,Raipur,Central,Occasional,2023-04-29
2540,Shravya,Dyal,cust2540_gmail.com,+91 843387679,Other,37,Surat,West,VIP,2024-05-02
2541,Advaith,Gokhale,cust2541_hotmail.com,+91 952948613,Other,17,Kolkata,East,Regular,2024-04-09
2542,Azad,Dalal,cust2542_yahoo.com,+91 860542708,Female,50,Kochi,South,Regular,2025-05-31
2543,Veda,Ahluwalia,cust2543_gmail.com,+91 915598364,Other,24,Nagpur,Central,Occasional,2024-06-22
2544,Aachal,Dara,cust2544_gmail.com,+91 795733773,Female,16,Mumbai,West,Regular,2025-03-21
2545,Ayushman,Wason,cust2545_gmail.com,+91 865283423,Other,27,Surat,West,Occasional,2025-07-30
2546,Yauvani,Dua,cust2546_gmail.com,+91 859719187,Female,53,Nagpur,Central,Occasional,2025-03-15
2547,Ishwar,Kalla,cust2547_gmail.com,+91 846607242,Male,48,Bangalore,South,New,2024-07-20
2548,Lakshit,Kannan,cust2548_gmail.com,+91 896829484,Female,48,Kolkata,East,Regular,2024-05-23
2549,Jonathan,Loyal,cust2549_yahoo.com,+91 826723925,Other,43,Jaipur,North,New,2026-02-04
2550,Ryan,Chanda,cust2550_yahoo.com,+91 827887836,Female,49,New Delhi,North,Regular,2025-01-18
2551,Chaitaly,Sibal,cust2551_hotmail.com,+91 976230376,Female,40,Jaipur,North,New,2026-01-04
2552,Rajata,Vala,cust2552_yahoo.com,+91 915227505,Female,38,Raipur,Central,Regular,2025-02-09
2553,Zashil,Ghose,cust2553_gmail.com,+91 815261164,Other,38,Guwahati,East,Occasional,2023-10-27
2554,Avni,Ramaswamy,cust2554_gmail.com,+91 728430251,Male,32,Patna,East,Regular,2025-12-03
2555,Devika,Gandhi,cust2555_gmail.com,+91 859951134,Male,15,Chennai,South,Occasional,2025-06-25
2556,Vinaya,Sant,cust2556_yahoo.com,+91 818563284,Other,21,Nagpur,Central,Regular,2026-01-26
2557,Anita,Nagar,cust2557_hotmail.com,+91 790468849,Male,29,Lucknow,North,Regular,2024-10-20
2558,Leela,Sanghvi,cust2558_gmail.com,+91 775378480,Other,41,Jaipur,North,VIP,2023-06-17
2559,Ira,Prakash,cust2559_hotmail.com,+91 929348253,Female,23,Bhopal,Central,Occasional,2025-05-31
2560,Shivani,Ganesh,cust2560_gmail.com,+91 728999692,Other,32,New Delhi,North,New,2023-04-10
2561,Zehaan,Rout,cust2561_yahoo.com,+91 992917176,Female,32,Bangalore,South,New,2025-03-05
2562,Indira,Rao,cust2562_gmail.com,+91 743811919,Other,27,Raipur,Central,Occasional,2025-07-27
2563,Pranit,Naidu,cust2563_yahoo.com,+91 929805994,Other,34,Guwahati,East,VIP,2023-06-28
2564,Quincy,Parmar,cust2564_gmail.com,+91 877250333,Male,20,Bangalore,South,Regular,2026-05-13
2565,Tanveer,Prabhu,cust2565_yahoo.com,+91 793115143,Other,58,Indore,Central,Occasional,2023-04-23
2566,Dipta,Das,cust2566_gmail.com,+91 854574631,Male,54,Chennai,South,Occasional,2023-08-14
2567,Advay,Narasimhan,cust2567_gmail.com,+91 856616584,Other,43,Patna,East,New,2024-05-09
2568,Ekanta,Kaul,cust2568_hotmail.com,+91 799407614,Female,48,Pune,West,New,2024-12-23
2569,Lekha,Mander,cust2569_hotmail.com,+91 890252422,Other,34,Hyderabad,South,Regular,2023-04-13
2570,Teerth,Chauhan,cust2570_hotmail.com,+91 835434219,Other,19,Hyderabad,South,New,2023-11-26
2571,Falan,Sama,cust2571_hotmail.com,+91 752147355,Other,31,Bhopal,Central,Regular,2024-03-07
2572,Radhika,Nadkarni,cust2572_yahoo.com,+91 830107368,Other,43,Hyderabad,South,Regular,2026-03-20
2573,Ronith,Bawa,cust2573_yahoo.com,+91 915645231,Female,49,Guwahati,East,Occasional,2023-11-04
2574,Chakradhar,Maharaj,cust2574_yahoo.com,+91 999947612,Female,43,Bhubaneswar,East,VIP,2025-02-13
2575,Jeet,Sethi,cust2575_gmail.com,+91 850312173,Other,58,Bangalore,South,Occasional,2023-07-05
2576,Eta,Rajagopal,cust2576_gmail.com,+91 887294205,Other,38,Kochi,South,Occasional,2025-07-23
2577,Ansh,Mane,cust2577_gmail.com,+91 794770135,Male,45,Kochi,South,Occasional,2025-06-14
2578,Aayush,Shenoy,cust2578_yahoo.com,+91 710750938,Female,22,Lucknow,North,VIP,2025-09-26
2579,Neha,Bansal,cust2579_hotmail.com,+91 855245705,Female,53,Kolkata,East,Regular,2023-07-23
2580,Balveer,Nazareth,cust2580_hotmail.com,+91 849377309,Other,28,Ahmedabad,West,VIP,2025-03-30
2581,Ekaraj,Singhal,cust2581_gmail.com,+91 797971471,Male,29,Raipur,Central,Regular,2023-01-26
2582,Ojasvi,Mitra,cust2582_yahoo.com,+91 831737542,Other,54,Chennai,South,Regular,2026-05-31
2583,Hiral,Ratta,cust2583_gmail.com,+91 936910748,Male,34,New Delhi,North,Regular,2024-05-07
2584,Dhriti,Tak,cust2584_hotmail.com,+91 979817464,Female,50,Surat,West,Occasional,2025-05-14
2585,Maya,Misra,cust2585_hotmail.com,+91 961154827,Female,23,New Delhi,North,Regular,2023-03-15
2586,Wakeeta,Dara,cust2586_yahoo.com,+91 942322567,Female,42,Bhopal,Central,New,2024-12-07
2587,Harshil,Balakrishnan,cust2587_gmail.com,+91 884988146,Female,28,Hyderabad,South,Regular,2025-08-17
2588,Advaith,Dewan,cust2588_gmail.com,+91 787429370,Male,50,Hyderabad,South,VIP,2023-03-16
2589,Rajata,Kara,cust2589_gmail.com,+91 836802220,Female,34,Kolkata,East,Occasional,2024-05-16
2590,Rayaan,Pillay,cust2590_hotmail.com,+91 969417570,Female,45,Bhopal,Central,Occasional,2023-05-17
2591,Charles,Lad,cust2591_gmail.com,+91 812326512,Male,39,Bhubaneswar,East,Regular,2023-01-08
2592,Chanakya,Modi,cust2592_gmail.com,+91 796560486,Male,60,Surat,West,Regular,2023-06-22
2593,Forum,Raghavan,cust2593_yahoo.com,+91 797760651,Male,23,Bhopal,Central,Regular,2024-02-14
2594,Onkar,Devi,cust2594_hotmail.com,+91 771668909,Other,31,Kochi,South,Occasional,2025-12-21
2595,Jagdish,Date,cust2595_yahoo.com,+91 937713310,Female,27,Kochi,South,New,2024-12-16
2596,Odika,Sekhon,cust2596_hotmail.com,+91 965683270,Other,57,Ahmedabad,West,Occasional,2023-08-18
2597,Wridesh,Sridhar,cust2597_hotmail.com,+91 814379656,Other,37,Guwahati,East,New,2023-07-10
2598,Avni,Nagy,cust2598_hotmail.com,+91 893370310,Male,36,Jaipur,North,Occasional,2025-01-31
2599,Upkaar,Chanda,cust2599_yahoo.com,+91 994416980,Male,42,Mumbai,West,Regular,2025-01-19
2600,Chaman,Butala,cust2600_yahoo.com,+91 713993498,Male,30,Chennai,South,Regular,2026-04-05
2601,Xavier,Jha,cust2601_hotmail.com,+91 749672827,Other,29,Chandigarh,North,Occasional,2025-05-17
2602,Falan,Talwar,cust2602_gmail.com,+91 962844446,Male,52,Mumbai,West,Regular,2023-05-02
2603,Agastya,Kalita,cust2603_yahoo.com,+91 831175737,Other,30,Ahmedabad,West,Regular,2023-11-27
2604,Raghav,Sura,cust2604_gmail.com,+91 834805503,Male,36,Bangalore,South,Occasional,2024-08-21
2605,Sathvik,Wable,cust2605_hotmail.com,+91 864632604,Female,45,Kochi,South,Regular,2024-06-12
2606,Devika,Setty,cust2606_hotmail.com,+91 964173313,Female,34,Bhopal,Central,Regular,2024-05-01
2607,Yamini,Cherian,cust2607_gmail.com,+91 838893933,Other,50,Mumbai,West,VIP,2023-08-28
2608,Januja,Rajan,cust2608_yahoo.com,+91 872975233,Male,27,Nagpur,Central,Regular,2023-12-06
2609,Yochana,Jain,cust2609_yahoo.com,+91 861217472,Other,16,Indore,Central,VIP,2025-08-21
2610,Ekapad,Mall,cust2610_yahoo.com,+91 923442415,Male,48,New Delhi,North,New,2023-10-19
2611,Damyanti,Chaudry,cust2611_gmail.com,+91 935522357,Male,46,Ahmedabad,West,Occasional,2023-09-13
2612,Hredhaan,Choudhary,cust2612_gmail.com,+91 911189102,Other,48,Lucknow,North,New,2024-12-17
2613,Triveni,Grover,cust2613_yahoo.com,+91 887118419,Female,55,Chandigarh,North,New,2023-01-26
2614,Vamakshi,Wali,cust2614_yahoo.com,+91 838643777,Female,16,Indore,Central,Regular,2023-02-14
2615,Alka,Dani,cust2615_hotmail.com,+91 939496562,Female,26,Raipur,Central,New,2024-06-30
2616,Irya,Sankar,cust2616_gmail.com,+91 733879298,Male,44,Raipur,Central,Regular,2023-05-11
2617,Mekhala,Thakkar,cust2617_yahoo.com,+91 717472621,Other,39,Pune,West,Occasional,2023-08-22
2618,Gauri,Bera,cust2618_yahoo.com,+91 889580206,Female,57,Patna,East,Occasional,2025-02-28
2619,Kala,Chaudhari,cust2619_gmail.com,+91 889300260,Other,46,Ahmedabad,West,Regular,2024-02-28
2620,Lavanya,Sami,cust2620_gmail.com,+91 849794733,Other,21,New Delhi,North,Occasional,2025-10-04
2621,Ranbir,Rau,cust2621_gmail.com,+91 933847956,Male,41,Guwahati,East,VIP,2024-04-01
2622,Anya,Wagle,cust2622_hotmail.com,+91 862620665,Other,59,Raipur,Central,Occasional,2025-07-11
2623,Zilmil,Sant,cust2623_gmail.com,+91 777451789,Male,53,Raipur,Central,Regular,2025-02-05
2624,Chandresh,Kothari,cust2624_gmail.com,+91 947949317,Female,59,Surat,West,New,2025-11-24
2625,Ishwar,Bera,cust2625_gmail.com,+91 816272491,Female,27,Bhubaneswar,East,Regular,2023-12-08
2626,Amaira,Khare,cust2626_gmail.com,+91 854708503,Other,31,Guwahati,East,Occasional,2025-06-12
2627,Harrison,Majumdar,cust2627_gmail.com,+91 959494733,Other,31,Raipur,Central,Occasional,2025-04-06
2628,Nidhi,Ramanathan,cust2628_yahoo.com,+91 754462962,Other,55,Surat,West,Occasional,2025-08-21
2629,Thomas,Loyal,cust2629_yahoo.com,+91 850763136,Female,60,Chennai,South,Occasional,2023-06-07
2630,Onveer,Jani,cust2630_yahoo.com,+91 766607273,Female,53,Mumbai,West,Occasional,2023-11-16
2631,Bhavna,Mani,cust2631_hotmail.com,+91 977725507,Other,35,Nagpur,Central,New,2025-09-16
2632,Girindra,Goyal,cust2632_hotmail.com,+91 740551924,Female,37,Nagpur,Central,Regular,2023-01-05
2633,Vansha,Mody,cust2633_hotmail.com,+91 757335644,Other,28,Chandigarh,North,Regular,2025-12-24
2634,Onkar,Murty,cust2634_hotmail.com,+91 934291838,Female,53,Nagpur,Central,Regular,2024-01-06
2635,Ojas,Grover,cust2635_yahoo.com,+91 977143813,Female,32,Guwahati,East,Occasional,2023-04-18
2636,Lucky,Arya,cust2636_hotmail.com,+91 836156922,Male,32,Chandigarh,North,Regular,2024-12-08
2637,Priya,Natt,cust2637_gmail.com,+91 742958130,Male,35,Chandigarh,North,Regular,2025-01-07
2638,Aishani,Bose,cust2638_gmail.com,+91 939990645,Female,43,Kochi,South,Occasional,2023-10-03
2639,Aditya,Pandey,cust2639_yahoo.com,+91 860578387,Male,56,Patna,East,Regular,2025-11-21
2640,Aarav,Suresh,cust2640_gmail.com,+91 741323971,Other,23,Guwahati,East,New,2025-06-24
2641,Imaran,Bath,cust2641_gmail.com,+91 752708250,Female,18,Kochi,South,Occasional,2025-01-04
2642,Bina,Kari,cust2642_hotmail.com,+91 721121283,Male,55,Nagpur,Central,Regular,2025-05-31
2643,Oliver,Din,cust2643_gmail.com,+91 797994710,Other,35,Chandigarh,North,Regular,2025-02-20
2644,Daksha,Nayak,cust2644_yahoo.com,+91 870679749,Other,45,Ahmedabad,West,Regular,2023-06-05
2645,Indali,Kurian,cust2645_hotmail.com,+91 821369357,Male,28,Hyderabad,South,New,2025-02-01
2646,Zehaan,Patla,cust2646_yahoo.com,+91 970640704,Female,28,Bhubaneswar,East,New,2025-01-25
2647,Ira,Mitra,cust2647_hotmail.com,+91 997287519,Other,17,Lucknow,North,Regular,2023-01-22
2648,Zarna,Sule,cust2648_gmail.com,+91 877581442,Other,42,Kolkata,East,Occasional,2024-06-02
2649,Zilmil,Bail,cust2649_gmail.com,+91 999654796,Male,22,Chandigarh,North,New,2024-02-24
2650,Thomas,Dhar,cust2650_yahoo.com,+91 961197983,Male,28,Bhopal,Central,Occasional,2024-09-29
2651,Azaan,Konda,cust2651_hotmail.com,+91 842472712,Female,56,Hyderabad,South,Occasional,2025-02-12
2652,Raagini,Parsa,cust2652_gmail.com,+91 936354610,Other,41,Mumbai,West,New,2026-02-25
2653,Gaurav,Hari,cust2653_yahoo.com,+91 974897111,Female,46,Kolkata,East,Occasional,2026-03-02
2654,Hritik,Mahal,cust2654_hotmail.com,+91 825130938,Other,42,Chandigarh,North,Regular,2025-09-19
2655,Shivani,Vyas,cust2655_gmail.com,+91 936879650,Female,58,Kolkata,East,Occasional,2025-11-20
2656,Ikshita,Narula,cust2656_yahoo.com,+91 711333360,Other,48,Bhubaneswar,East,Occasional,2024-02-17
2657,Omisha,Majumdar,cust2657_yahoo.com,+91 852775391,Male,59,Surat,West,Occasional,2025-07-04
2658,Benjamin,Venkatesh,cust2658_hotmail.com,+91 771289626,Other,18,Ahmedabad,West,Occasional,2023-10-24
2659,Jason,Sant,cust2659_yahoo.com,+91 974350910,Female,57,Bangalore,South,Occasional,2024-06-17
2660,Idika,Mani,cust2660_gmail.com,+91 764604862,Other,48,Pune,West,Regular,2025-05-30
2661,Wishi,Din,cust2661_yahoo.com,+91 815664675,Female,57,Nagpur,Central,Occasional,2023-01-13
2662,Mason,Virk,cust2662_yahoo.com,+91 733740134,Male,44,Pune,West,Occasional,2025-11-23
2663,Nicholas,Mitter,cust2663_yahoo.com,+91 953258533,Male,54,Surat,West,Occasional,2025-08-27
2664,Dhruv,Menon,cust2664_gmail.com,+91 830311953,Other,56,New Delhi,North,VIP,2024-03-23
2665,Banjeet,Kalla,cust2665_yahoo.com,+91 738121714,Female,25,Kochi,South,New,2024-12-06
2666,Jatin,Bera,cust2666_yahoo.com,+91 810350130,Female,43,Surat,West,Occasional,2025-07-10
2667,Abdul,Sani,cust2667_yahoo.com,+91 817923284,Female,58,Indore,Central,Regular,2024-04-20
2668,Aadi,Bedi,cust2668_yahoo.com,+91 790723465,Male,28,Bangalore,South,Regular,2025-10-22
2669,Inaya,Mander,cust2669_hotmail.com,+91 826305180,Male,57,Mumbai,West,New,2023-08-02
2670,Mohammed,Chadha,cust2670_hotmail.com,+91 876229927,Other,18,Bangalore,South,Regular,2025-10-30
2671,Luke,Hegde,cust2671_yahoo.com,+91 717454404,Other,48,New Delhi,North,Regular,2024-02-25
2672,Faris,Mannan,cust2672_gmail.com,+91 866874944,Other,46,Patna,East,Occasional,2025-06-28
2673,Urvashi,Pant,cust2673_gmail.com,+91 952753796,Female,35,Hyderabad,South,Regular,2023-02-19
2674,Libni,Sami,cust2674_yahoo.com,+91 930597248,Male,58,Lucknow,North,Regular,2025-11-20
2675,Advika,Mittal,cust2675_hotmail.com,+91 826700463,Female,21,Bhopal,Central,Occasional,2023-06-02
2676,Oscar,Sarin,cust2676_hotmail.com,+91 969802528,Female,48,Chennai,South,Occasional,2024-04-27
2677,Liam,Iyengar,cust2677_yahoo.com,+91 915349154,Female,47,Lucknow,North,Regular,2024-05-15
2678,Omaja,Iyengar,cust2678_yahoo.com,+91 874564496,Female,21,Bhubaneswar,East,Occasional,2023-07-30
2679,Frederick,Mishra,cust2679_hotmail.com,+91 875667388,Other,52,Mumbai,West,Occasional,2024-04-18
2680,Triya,Goswami,cust2680_yahoo.com,+91 927770361,Other,33,Mumbai,West,Regular,2025-09-03
2681,Rajeshri,Char,cust2681_gmail.com,+91 813554971,Male,41,Mumbai,West,Occasional,2026-04-30
2682,Riya,Munshi,cust2682_hotmail.com,+91 999919892,Female,28,Ahmedabad,West,Regular,2025-03-29
2683,Ishita,Sidhu,cust2683_yahoo.com,+91 927779256,Male,43,Mumbai,West,Regular,2025-11-30
2684,Unnati,Salvi,cust2684_yahoo.com,+91 890608604,Female,32,Ahmedabad,West,Regular,2024-10-26
2685,Ayaan,Bala,cust2685_yahoo.com,+91 925229322,Female,47,Chennai,South,Regular,2024-12-17
2686,Logan,Mittal,cust2686_gmail.com,+91 970730139,Female,16,Pune,West,Regular,2023-05-18
2687,Yauvani,Prakash,cust2687_gmail.com,+91 946660952,Female,34,Ahmedabad,West,Occasional,2025-06-20
2688,Chaaya,Bera,cust2688_yahoo.com,+91 923546536,Female,23,Guwahati,East,Regular,2025-08-22
2689,Neha,Ahuja,cust2689_yahoo.com,+91 972220257,Female,36,Nagpur,Central,Regular,2023-07-15
2690,Zarna,Sharma,cust2690_gmail.com,+91 767541557,Male,31,Chennai,South,Occasional,2026-03-31
2691,Christopher,Madan,cust2691_hotmail.com,+91 729894256,Female,46,Chandigarh,North,Regular,2023-05-12
2692,Gauri,Chatterjee,cust2692_yahoo.com,+91 718389936,Female,38,Guwahati,East,New,2023-06-16
2693,Vasatika,Narula,cust2693_gmail.com,+91 891938150,Male,18,Chennai,South,Regular,2025-05-28
2694,Yasti,Bera,cust2694_hotmail.com,+91 747461464,Other,54,Ahmedabad,West,New,2023-07-08
2695,Zaitra,Dhawan,cust2695_hotmail.com,+91 764671779,Male,28,Surat,West,Regular,2023-11-15
2696,Warhi,Deshpande,cust2696_gmail.com,+91 916673940,Female,54,Guwahati,East,Regular,2026-02-24
2697,Mohammed,Mitra,cust2697_hotmail.com,+91 921130614,Other,41,Lucknow,North,Occasional,2025-11-15
2698,Abeer,Sundaram,cust2698_hotmail.com,+91 770190479,Male,36,Lucknow,North,Occasional,2024-04-27
2699,Sai,Contractor,cust2699_gmail.com,+91 790835692,Male,44,Nagpur,Central,Occasional,2025-12-04
2700,Michael,Dara,cust2700_hotmail.com,+91 815897730,Other,58,Kochi,South,New,2023-01-01
2701,Yug,Jayaraman,cust2701_gmail.com,+91 983630618,Male,49,Chandigarh,North,Regular,2023-05-31
2702,Aryan,Tiwari,cust2702_yahoo.com,+91 857909880,Male,50,New Delhi,North,Regular,2025-01-05
2703,Christopher,Dara,cust2703_yahoo.com,+91 836277144,Male,25,New Delhi,North,Regular,2024-08-29
2704,Veda,Gour,cust2704_gmail.com,+91 934802794,Other,30,New Delhi,North,Occasional,2024-09-20
2705,Abha,Sarna,cust2705_hotmail.com,+91 885143289,Male,15,Raipur,Central,Occasional,2025-04-29
2706,Jatin,Sankaran,cust2706_gmail.com,+91 793164673,Other,49,Kochi,South,Occasional,2025-08-16
2707,Anthony,Goyal,cust2707_gmail.com,+91 876201870,Female,41,Nagpur,Central,Occasional,2025-09-15
2708,Wridesh,Garde,cust2708_hotmail.com,+91 944963923,Male,23,Guwahati,East,Occasional,2026-03-02
2709,Sai,Soni,cust2709_yahoo.com,+91 999194290,Female,33,Bhopal,Central,Regular,2026-02-26
2710,Bimala,Chaudhry,cust2710_hotmail.com,+91 845252845,Female,41,Guwahati,East,Regular,2024-03-26
2711,Jhalak,Maharaj,cust2711_yahoo.com,+91 981298884,Female,58,Lucknow,North,Occasional,2025-02-04
2712,Hredhaan,Shetty,cust2712_yahoo.com,+91 766708903,Female,56,Guwahati,East,Regular,2024-08-22
2713,Manbir,Bala,cust2713_yahoo.com,+91 844724680,Female,25,Chandigarh,North,Regular,2024-10-21
2714,Jai,Ramachandran,cust2714_gmail.com,+91 749363493,Other,54,Raipur,Central,Regular,2024-12-11
2715,Chavvi,Bandi,cust2715_hotmail.com,+91 751438927,Male,42,Nagpur,Central,Regular,2025-06-20
2716,Sai,Basak,cust2716_yahoo.com,+91 811256741,Other,39,Hyderabad,South,Occasional,2025-10-07
2717,Upadhriti,Shanker,cust2717_yahoo.com,+91 958374884,Other,52,Indore,Central,Regular,2023-08-05
2718,Nathan,Parmar,cust2718_hotmail.com,+91 978286959,Male,23,Kolkata,East,Occasional,2023-01-15
2719,Shivansh,Palla,cust2719_hotmail.com,+91 990761239,Other,32,Hyderabad,South,Regular,2025-02-20
2720,Madhavi,Varghese,cust2720_gmail.com,+91 738578312,Male,29,Patna,East,Regular,2025-03-26
2721,Max,Pandey,cust2721_hotmail.com,+91 896829165,Male,28,Nagpur,Central,Occasional,2023-09-29
2722,Harinakshi,Sharaf,cust2722_hotmail.com,+91 951607613,Other,30,Bhubaneswar,East,VIP,2026-01-22
2723,Logan,Mallick,cust2723_hotmail.com,+91 959802919,Female,35,Ahmedabad,West,Occasional,2026-05-07
2724,Meera,Bir,cust2724_hotmail.com,+91 957945920,Other,44,Guwahati,East,Occasional,2024-04-15
2725,Krisha,Sodhi,cust2725_hotmail.com,+91 853168970,Male,23,Indore,Central,New,2025-01-21
2726,Pranit,Tripathi,cust2726_hotmail.com,+91 942716370,Female,28,Guwahati,East,New,2025-10-20
2727,Aashi,Dayal,cust2727_hotmail.com,+91 757520209,Female,31,Hyderabad,South,New,2025-03-27
2728,Ijaya,Raval,cust2728_gmail.com,+91 832143162,Female,33,Pune,West,Regular,2024-05-18
2729,Ayushman,Dutt,cust2729_gmail.com,+91 868832202,Female,38,Raipur,Central,Regular,2023-03-11
2730,Hitesh,Tata,cust2730_hotmail.com,+91 983194685,Male,48,Chennai,South,Regular,2023-05-30
2731,Ekiya,Kata,cust2731_hotmail.com,+91 890203341,Female,29,Lucknow,North,Regular,2025-01-10
2732,Warjas,Cheema,cust2732_gmail.com,+91 921740369,Male,27,Nagpur,Central,New,2026-05-20
2733,Leena,Salvi,cust2733_gmail.com,+91 836290974,Female,46,Kochi,South,Occasional,2026-02-05
2734,Zashil,Contractor,cust2734_gmail.com,+91 736661198,Male,15,Lucknow,North,Regular,2023-04-07
2735,Elijah,Sathe,cust2735_yahoo.com,+91 815139472,Other,24,Indore,Central,Regular,2026-03-10
2736,Ayushman,Ghosh,cust2736_yahoo.com,+91 893897953,Female,33,Lucknow,North,Occasional,2025-07-31
2737,Shivani,Purohit,cust2737_gmail.com,+91 912441967,Other,23,Bhubaneswar,East,Regular,2023-06-17
2738,Ryan,Hayre,cust2738_yahoo.com,+91 964197215,Other,33,Chennai,South,Regular,2025-09-17
2739,Raksha,Mangal,cust2739_gmail.com,+91 810742595,Male,45,Bhopal,Central,Occasional,2025-02-01
2740,Neel,Saraf,cust2740_hotmail.com,+91 764178111,Male,53,Mumbai,West,Occasional,2023-11-09
2741,Rehaan,Chadha,cust2741_hotmail.com,+91 985566394,Female,36,Bangalore,South,Occasional,2026-05-12
2742,Gopal,Jani,cust2742_gmail.com,+91 867344954,Male,24,Kochi,South,VIP,2023-02-07
2743,Abdul,Parsa,cust2743_yahoo.com,+91 766388354,Other,20,Bangalore,South,Regular,2023-08-07
2744,Ekbal,Oak,cust2744_gmail.com,+91 815279326,Female,27,Guwahati,East,Regular,2025-06-01
2745,Watika,Gupta,cust2745_gmail.com,+91 912528881,Female,24,Bhubaneswar,East,Regular,2025-11-26
2746,Urvi,Tella,cust2746_yahoo.com,+91 763567242,Female,18,Ahmedabad,West,Occasional,2025-06-05
2747,Lakshit,Bhavsar,cust2747_yahoo.com,+91 728565841,Other,35,Guwahati,East,Regular,2024-07-07
2748,Krisha,Bobal,cust2748_hotmail.com,+91 965663599,Other,17,Lucknow,North,Regular,2024-10-26
2749,Joshua,Varughese,cust2749_yahoo.com,+91 719282185,Female,59,Lucknow,North,Occasional,2023-05-02
2750,Jacob,Tara,cust2750_gmail.com,+91 935929284,Other,30,Guwahati,East,Regular,2023-06-06
2751,Ganga,Bajaj,cust2751_gmail.com,+91 712744985,Other,38,Hyderabad,South,Regular,2023-03-21
2752,Zayan,Ramakrishnan,cust2752_hotmail.com,+91 852584937,Male,18,Ahmedabad,West,New,2024-03-26
2753,Ekansh,Dugar,cust2753_yahoo.com,+91 723823640,Male,29,Nagpur,Central,VIP,2024-07-09
2754,Wyatt,Vasa,cust2754_hotmail.com,+91 943522867,Female,48,Pune,West,Occasional,2023-04-27
2755,Devika,Rastogi,cust2755_hotmail.com,+91 728838135,Other,34,Mumbai,West,VIP,2025-02-15
2756,Indrajit,Sinha,cust2756_yahoo.com,+91 879616133,Other,35,Lucknow,North,Regular,2023-03-29
2757,Ayushman,Bali,cust2757_yahoo.com,+91 860893473,Male,30,Bhopal,Central,Regular,2025-10-11
2758,Advika,Iyer,cust2758_yahoo.com,+91 750593825,Male,38,Patna,East,Occasional,2024-10-16
2759,Daniel,Dewan,cust2759_gmail.com,+91 710691939,Other,49,Kochi,South,New,2026-04-02
2760,Forum,Bhatia,cust2760_gmail.com,+91 767559133,Female,55,Chandigarh,North,Occasional,2025-04-29
2761,Elijah,Banik,cust2761_yahoo.com,+91 944551162,Male,22,Chandigarh,North,Occasional,2025-02-05
2762,Omaja,Buch,cust2762_hotmail.com,+91 938983317,Other,55,Pune,West,Occasional,2023-04-20
2763,Kai,Madan,cust2763_hotmail.com,+91 979483489,Female,48,Kolkata,East,Regular,2025-01-13
2764,Hemang,Banik,cust2764_yahoo.com,+91 755718196,Female,46,Guwahati,East,New,2023-03-06
2765,Umang,Palla,cust2765_yahoo.com,+91 918158802,Male,37,Hyderabad,South,Occasional,2025-02-27
2766,Chavvi,Kari,cust2766_gmail.com,+91 980293353,Female,60,Indore,Central,Occasional,2025-01-11
2767,Atharv,Hayre,cust2767_hotmail.com,+91 892611128,Female,48,Patna,East,Occasional,2023-03-27
2768,Ladli,Badami,cust2768_hotmail.com,+91 854821834,Male,55,Ahmedabad,West,Regular,2025-08-02
2769,Charles,Ram,cust2769_yahoo.com,+91 883307961,Other,38,Pune,West,Regular,2025-01-19
2770,Jeremiah,Sani,cust2770_hotmail.com,+91 783367501,Female,26,Guwahati,East,New,2025-12-16
2771,Lakshit,D’Alia,cust2771_yahoo.com,+91 793838286,Female,43,Bhubaneswar,East,Regular,2024-10-25
2772,Jhalak,Pandey,cust2772_gmail.com,+91 790773492,Male,19,Kochi,South,Regular,2023-07-03
2773,Rajeshri,Bhardwaj,cust2773_gmail.com,+91 713720906,Other,29,Kolkata,East,Regular,2024-06-17
2774,George,Anne,cust2774_gmail.com,+91 883103934,Other,50,New Delhi,North,VIP,2023-12-27
2775,Chakradev,Aurora,cust2775_hotmail.com,+91 727611806,Male,40,Kolkata,East,Occasional,2024-10-03
2776,Dakshesh,Bose,cust2776_gmail.com,+91 995806636,Female,44,Indore,Central,Regular,2024-01-24
2777,Reva,Gole,cust2777_yahoo.com,+91 745787702,Male,44,Guwahati,East,Regular,2023-07-16
2778,Dipta,Palla,cust2778_hotmail.com,+91 782443537,Male,56,Patna,East,Occasional,2023-03-09
2779,Yash,Master,cust2779_gmail.com,+91 813602560,Female,27,Raipur,Central,Occasional,2025-10-14
2780,Mitali,Srinivas,cust2780_hotmail.com,+91 982802214,Female,52,Nagpur,Central,Occasional,2025-07-30
2781,Faraj,Bose,cust2781_yahoo.com,+91 736477510,Female,30,Bangalore,South,New,2023-07-10
2782,Samesh,Talwar,cust2782_hotmail.com,+91 977901786,Female,54,Raipur,Central,Regular,2025-04-24
2783,Ishanvi,Kannan,cust2783_yahoo.com,+91 823534578,Female,32,New Delhi,North,New,2026-02-16
2784,Chasmum,Peri,cust2784_hotmail.com,+91 834471654,Other,22,Raipur,Central,Occasional,2026-01-12
2785,Yash,Vyas,cust2785_yahoo.com,+91 843621560,Other,33,Chandigarh,North,Regular,2024-03-30
2786,Yahvi,Chawla,cust2786_gmail.com,+91 989782794,Female,36,Bhopal,Central,Occasional,2024-05-10
2787,Nirja,Sunder,cust2787_yahoo.com,+91 757495718,Other,52,Pune,West,Occasional,2024-06-22
2788,Samar,Devan,cust2788_hotmail.com,+91 714962182,Female,54,Jaipur,North,Regular,2023-05-02
2789,Dalaja,Kade,cust2789_gmail.com,+91 983226252,Female,39,Bhubaneswar,East,Occasional,2023-12-25
2790,Lucky,Banik,cust2790_gmail.com,+91 884689293,Other,28,New Delhi,North,Regular,2024-08-01
2791,Ria,Setty,cust2791_gmail.com,+91 741883668,Other,45,Jaipur,North,Occasional,2025-12-20
2792,Wishi,Bandi,cust2792_yahoo.com,+91 877235627,Other,45,Lucknow,North,Regular,2023-02-03
2793,Leena,Mital,cust2793_gmail.com,+91 764806275,Female,18,Chennai,South,Regular,2024-03-07
2794,Arya,Rajagopalan,cust2794_yahoo.com,+91 874226216,Female,26,Surat,West,Occasional,2023-04-03
2795,Lavanya,Rajagopalan,cust2795_yahoo.com,+91 957225562,Female,29,Patna,East,Occasional,2023-01-30
2796,Udarsh,Jha,cust2796_yahoo.com,+91 938184551,Male,56,Hyderabad,South,Regular,2023-03-10
2797,Raagini,Walia,cust2797_gmail.com,+91 782766383,Male,58,Bhubaneswar,East,Occasional,2023-10-14
2798,Dalaja,Balay,cust2798_hotmail.com,+91 917423433,Other,45,Bhubaneswar,East,Occasional,2025-10-22
2799,Ijaya,Bal,cust2799_hotmail.com,+91 768407308,Other,19,Guwahati,East,New,2026-03-31
2800,Gayathri,Lala,cust2800_hotmail.com,+91 950311458,Female,30,Pune,West,Occasional,2026-03-18
2801,Ayaan,Om,cust2801_hotmail.com,+91 873460132,Other,52,New Delhi,North,Regular,2023-12-03
2802,Radha,Sane,cust2802_hotmail.com,+91 944627135,Male,27,Patna,East,Regular,2025-08-23
2803,Dakshesh,Chopra,cust2803_hotmail.com,+91 863290726,Other,31,Surat,West,Regular,2026-02-16
2804,Bhavna,Warrior,cust2804_yahoo.com,+91 958946909,Female,44,Indore,Central,New,2024-08-25
2805,Zilmil,Lad,cust2805_gmail.com,+91 761686877,Female,32,Nagpur,Central,Regular,2024-10-20
2806,Unni,Khanna,cust2806_gmail.com,+91 717904834,Female,19,Nagpur,Central,VIP,2024-08-15
2807,Avni,Mahal,cust2807_gmail.com,+91 970366737,Other,27,Kochi,South,Regular,2023-01-24
2808,Chakrika,Nazareth,cust2808_hotmail.com,+91 723971637,Male,19,Bhopal,Central,Occasional,2024-01-24
2809,Balvan,Mahal,cust2809_yahoo.com,+91 992216319,Other,24,Raipur,Central,Occasional,2024-09-04
2810,Zashil,Arora,cust2810_gmail.com,+91 851315641,Female,34,Bhopal,Central,Occasional,2024-02-22
2811,Ekani,Lalla,cust2811_gmail.com,+91 873138975,Male,27,New Delhi,North,Regular,2024-04-21
2812,Turvi,Badal,cust2812_yahoo.com,+91 921991957,Male,41,Surat,West,Regular,2024-11-20
2813,Unnati,Bansal,cust2813_yahoo.com,+91 852431390,Male,41,Kochi,South,New,2023-01-14
2814,Tejas,Rege,cust2814_gmail.com,+91 753826356,Male,39,Jaipur,North,Occasional,2025-01-15
2815,Fariq,Malhotra,cust2815_hotmail.com,+91 782391104,Other,46,Hyderabad,South,Occasional,2025-06-19
2816,Dipta,Bhatt,cust2816_yahoo.com,+91 947334382,Male,39,Chandigarh,North,Regular,2025-05-06
2817,Aarna,Majumdar,cust2817_yahoo.com,+91 897150838,Female,57,Lucknow,North,VIP,2023-10-07
2818,Joshua,Karan,cust2818_hotmail.com,+91 919152552,Other,51,Jaipur,North,New,2025-02-07
2819,Manan,Bawa,cust2819_gmail.com,+91 753236176,Female,31,Mumbai,West,Occasional,2023-09-29
2820,Balvan,Gour,cust2820_hotmail.com,+91 731398748,Male,21,Jaipur,North,Regular,2023-06-27
2821,Ria,Nadig,cust2821_gmail.com,+91 915721445,Female,42,Kolkata,East,Regular,2025-02-26
2822,Vedant,Bhat,cust2822_hotmail.com,+91 734323790,Female,27,Lucknow,North,Regular,2025-05-09
2823,Aarini,Babu,cust2823_hotmail.com,+91 953711919,Male,19,Mumbai,West,Regular,2024-02-07
2824,Chaitanya,Keer,cust2824_yahoo.com,+91 766762727,Other,21,Bhubaneswar,East,Occasional,2024-07-02
2825,Faras,Tripathi,cust2825_yahoo.com,+91 752281855,Other,34,Patna,East,Occasional,2023-06-19
2826,Yasti,Brahmbhatt,cust2826_gmail.com,+91 792802205,Other,56,Bangalore,South,Regular,2023-06-25
2827,Eshana,Prabhu,cust2827_hotmail.com,+91 747212391,Other,15,Nagpur,Central,Occasional,2023-11-13
2828,Ekbal,Sandhu,cust2828_yahoo.com,+91 960691695,Other,27,Chennai,South,Occasional,2024-10-08
2829,Aryan,Narain,cust2829_hotmail.com,+91 829105223,Female,25,Pune,West,Occasional,2023-08-11
2830,Jagvi,Nayak,cust2830_yahoo.com,+91 815255152,Female,54,New Delhi,North,New,2026-05-09
2831,Kavya,Singhal,cust2831_yahoo.com,+91 974625633,Female,40,Ahmedabad,West,Regular,2025-10-09
2832,Azaan,Dyal,cust2832_yahoo.com,+91 798655250,Other,44,Nagpur,Central,Regular,2025-08-24
2833,Bina,Doctor,cust2833_hotmail.com,+91 959568784,Male,35,Indore,Central,New,2023-03-11
2834,Hitesh,Kakar,cust2834_yahoo.com,+91 898754690,Female,22,Chandigarh,North,New,2023-02-09
2835,Yashoda,Padmanabhan,cust2835_gmail.com,+91 924673770,Male,16,Pune,West,New,2025-03-04
2836,Bachittar,Doctor,cust2836_yahoo.com,+91 950240322,Male,21,Jaipur,North,Regular,2024-08-11
2837,Farhan,Brahmbhatt,cust2837_gmail.com,+91 833656356,Male,60,Bhopal,Central,New,2026-03-30
2838,Yahvi,Sahota,cust2838_hotmail.com,+91 942504278,Other,40,Hyderabad,South,Regular,2025-05-28
2839,Jairaj,Wable,cust2839_gmail.com,+91 727420352,Male,31,Jaipur,North,Regular,2026-02-12
2840,Urmi,Vohra,cust2840_hotmail.com,+91 767585494,Female,16,Raipur,Central,Regular,2025-08-01
2841,Edhitha,Luthra,cust2841_gmail.com,+91 994776704,Other,49,Hyderabad,South,Regular,2024-11-16
2842,Chaaya,Kohli,cust2842_yahoo.com,+91 816652817,Female,46,Guwahati,East,Regular,2025-06-12
2843,Janaki,Kashyap,cust2843_yahoo.com,+91 893446282,Male,33,Bangalore,South,Occasional,2024-01-13
2844,Jack,Khosla,cust2844_yahoo.com,+91 799136910,Male,38,New Delhi,North,New,2024-05-04
2845,Nimrat,Pathak,cust2845_gmail.com,+91 869923240,Male,37,Chandigarh,North,Regular,2026-02-12
2846,Yashasvi,Bose,cust2846_yahoo.com,+91 765862930,Female,57,Bhubaneswar,East,New,2024-06-30
2847,Veda,Karpe,cust2847_yahoo.com,+91 772964544,Other,60,Bhopal,Central,Occasional,2025-10-11
2848,Omya,Karpe,cust2848_hotmail.com,+91 738668773,Other,21,Nagpur,Central,Occasional,2026-05-06
2849,Yash,Reddy,cust2849_hotmail.com,+91 934786741,Female,25,Hyderabad,South,Occasional,2023-07-14
2850,Lakshit,Lad,cust2850_yahoo.com,+91 771855140,Other,32,Guwahati,East,Regular,2025-06-27
2851,Dipta,Dalal,cust2851_gmail.com,+91 939180633,Female,54,Chennai,South,Occasional,2024-06-14
2852,Oviya,Tiwari,cust2852_gmail.com,+91 764798692,Male,52,Bhopal,Central,Regular,2024-09-26
2853,Warda,Hora,cust2853_gmail.com,+91 749824578,Female,18,Jaipur,North,Regular,2025-06-13
2854,Alexander,Ganesan,cust2854_gmail.com,+91 857106840,Female,50,Kolkata,East,Occasional,2024-12-06
2855,Adya,Singhal,cust2855_hotmail.com,+91 988726911,Other,40,Ahmedabad,West,Regular,2024-10-12
2856,Jonathan,Bandi,cust2856_yahoo.com,+91 963821524,Female,23,Surat,West,Occasional,2023-06-06
2857,Ojas,Bora,cust2857_gmail.com,+91 955174725,Female,31,Bangalore,South,Occasional,2023-02-07
2858,Lipika,Sami,cust2858_yahoo.com,+91 730479696,Other,36,Ahmedabad,West,Regular,2025-03-10
2859,Neelima,Khurana,cust2859_hotmail.com,+91 751727168,Other,37,Hyderabad,South,Regular,2023-07-17
2860,Jagat,Nayar,cust2860_yahoo.com,+91 998462212,Male,60,Raipur,Central,New,2024-03-31
2861,Hritik,Bath,cust2861_gmail.com,+91 873416450,Other,21,New Delhi,North,Occasional,2025-07-07
2862,Isha,Sen,cust2862_yahoo.com,+91 887110973,Female,36,Patna,East,Occasional,2026-02-21
2863,Shivani,Sarin,cust2863_yahoo.com,+91 773245244,Female,30,Mumbai,West,Regular,2025-09-06
2864,Vansha,Desai,cust2864_hotmail.com,+91 815826303,Other,58,Guwahati,East,Regular,2026-03-22
2865,Yashodhara,Chacko,cust2865_gmail.com,+91 920551164,Male,48,Indore,Central,Occasional,2023-10-12
2866,Kala,Setty,cust2866_yahoo.com,+91 896553859,Female,58,Bhopal,Central,New,2023-01-13
2867,Reva,Goda,cust2867_hotmail.com,+91 730551867,Male,35,Pune,West,New,2024-05-12
2868,Ati,Chatterjee,cust2868_gmail.com,+91 719189413,Female,53,Patna,East,Occasional,2026-01-27
2869,Wakeeta,Om,cust2869_gmail.com,+91 778615512,Male,25,Hyderabad,South,New,2024-04-06
2870,Zarna,Vohra,cust2870_hotmail.com,+91 884365789,Other,16,Chandigarh,North,VIP,2025-05-26
2871,Pooja,Mangal,cust2871_yahoo.com,+91 741821527,Other,34,Indore,Central,Occasional,2025-02-28
2872,Eiravati,Gokhale,cust2872_gmail.com,+91 715232169,Other,47,Mumbai,West,Regular,2024-08-19
2873,Shivansh,Sani,cust2873_hotmail.com,+91 921558146,Male,23,Lucknow,North,Occasional,2023-03-07
2874,Dipta,Chaudhary,cust2874_yahoo.com,+91 980581645,Female,43,Kolkata,East,Occasional,2024-03-08
2875,Noah,Dani,cust2875_yahoo.com,+91 882721687,Male,45,Hyderabad,South,New,2024-03-18
2876,Vidhi,Sarna,cust2876_gmail.com,+91 712386292,Other,56,Jaipur,North,Regular,2024-03-01
2877,Bhavya,Lad,cust2877_hotmail.com,+91 936414412,Male,23,Bhubaneswar,East,Regular,2023-09-21
2878,Hitesh,Kata,cust2878_hotmail.com,+91 712401963,Male,40,Bhubaneswar,East,VIP,2026-03-16
2879,Lohit,Char,cust2879_gmail.com,+91 725340444,Male,38,Lucknow,North,Regular,2024-03-08
2880,Yashoda,Ganguly,cust2880_gmail.com,+91 770878250,Male,58,Bhubaneswar,East,Occasional,2025-05-07
2881,Balveer,Zacharia,cust2881_hotmail.com,+91 969233772,Female,20,Chennai,South,Regular,2025-07-18
2882,Robert,Ahuja,cust2882_yahoo.com,+91 968602533,Other,45,Chandigarh,North,Occasional,2026-05-26
2883,Kala,Jani,cust2883_yahoo.com,+91 971575772,Male,19,Mumbai,West,Regular,2023-02-10
2884,Pooja,Saxena,cust2884_hotmail.com,+91 938729567,Other,56,Bangalore,South,Occasional,2025-06-06
2885,Sudiksha,Merchant,cust2885_gmail.com,+91 970330139,Female,32,Bangalore,South,Regular,2023-07-16
2886,Jagdish,Saxena,cust2886_yahoo.com,+91 874519622,Female,20,Nagpur,Central,Occasional,2026-01-17
2887,Adya,Chadha,cust2887_gmail.com,+91 778668802,Female,16,Patna,East,Regular,2025-02-05
2888,Jackson,Pandya,cust2888_gmail.com,+91 996141353,Female,55,Raipur,Central,Occasional,2024-03-08
2889,Tristan,Borde,cust2889_yahoo.com,+91 875439734,Female,27,Lucknow,North,New,2026-03-02
2890,Yashica,Nayak,cust2890_yahoo.com,+91 960837243,Male,17,Lucknow,North,Regular,2023-09-01
2891,Yochana,Borah,cust2891_hotmail.com,+91 740697287,Other,43,Ahmedabad,West,Regular,2024-12-05
2892,Divya,Barad,cust2892_yahoo.com,+91 762333628,Female,35,Nagpur,Central,Occasional,2025-12-04
2893,Eesha,Gupta,cust2893_hotmail.com,+91 769750176,Male,37,Kolkata,East,Regular,2023-06-06
2894,Balendra,Anand,cust2894_gmail.com,+91 797454467,Male,58,Nagpur,Central,Occasional,2025-10-24
2895,Krisha,Kannan,cust2895_hotmail.com,+91 844389877,Other,17,Pune,West,Regular,2023-08-01
2896,Alka,Singhal,cust2896_gmail.com,+91 899615995,Female,48,Raipur,Central,Occasional,2023-10-31
2897,Rachit,Taneja,cust2897_yahoo.com,+91 927918208,Other,17,Bhopal,Central,Occasional,2025-01-22
2898,Rushil,Chakrabarti,cust2898_hotmail.com,+91 911383122,Other,54,Patna,East,Regular,2023-07-24
2899,Tanish,Aggarwal,cust2899_yahoo.com,+91 861208804,Male,43,New Delhi,North,Regular,2026-01-28
2900,Vritti,Joshi,cust2900_hotmail.com,+91 712810418,Female,50,Kolkata,East,Regular,2023-04-15
2901,Balvan,Sahota,cust2901_hotmail.com,+91 842379252,Other,42,Kolkata,East,Regular,2023-10-04
2902,Lajita,Keer,cust2902_hotmail.com,+91 799364676,Female,50,Ahmedabad,West,Regular,2024-02-13
2903,Veda,Wali,cust2903_hotmail.com,+91 774574577,Male,15,New Delhi,North,Regular,2024-06-25
2904,Charita,Kata,cust2904_yahoo.com,+91 798392775,Female,33,Chennai,South,Regular,2023-10-07
2905,Vedhika,Suri,cust2905_hotmail.com,+91 749960485,Male,57,Chandigarh,North,Regular,2025-11-03
2906,Ishanvi,Srivastava,cust2906_yahoo.com,+91 886930930,Other,58,Raipur,Central,VIP,2024-09-01
2907,Theodore,Chowdhury,cust2907_yahoo.com,+91 775203922,Female,44,Bangalore,South,Regular,2023-05-30
2908,Sanya,Nanda,cust2908_gmail.com,+91 883264390,Female,44,Bhopal,Central,VIP,2024-10-13
2909,Pavani,D’Alia,cust2909_gmail.com,+91 934160195,Male,47,Indore,Central,Regular,2025-10-26
2910,Eiravati,Comar,cust2910_yahoo.com,+91 720933370,Male,37,Pune,West,Occasional,2024-12-22
2911,Mitali,Dave,cust2911_yahoo.com,+91 731574476,Other,53,Mumbai,West,Regular,2025-12-18
2912,Nisha,Keer,cust2912_gmail.com,+91 744347877,Male,44,Kolkata,East,Regular,2025-01-29
2913,Amrita,Tripathi,cust2913_gmail.com,+91 970403129,Female,59,Chennai,South,Regular,2024-03-27
2914,Nilima,Bhat,cust2914_hotmail.com,+91 793787258,Female,28,Patna,East,Regular,2026-05-01
2915,Ekantika,Lal,cust2915_hotmail.com,+91 918216706,Male,16,Ahmedabad,West,Occasional,2026-04-13
2916,Nisha,Raman,cust2916_yahoo.com,+91 823353854,Male,40,Chandigarh,North,Occasional,2024-05-08
2917,Mohini,Lad,cust2917_gmail.com,+91 826280177,Male,58,Bangalore,South,Regular,2024-10-22
2918,Vedika,Kanda,cust2918_yahoo.com,+91 941866872,Female,38,Kochi,South,Occasional,2024-02-21
2919,Chakradev,Morar,cust2919_yahoo.com,+91 750893534,Other,22,Nagpur,Central,Regular,2025-09-15
2920,Timothy,Ganesan,cust2920_hotmail.com,+91 895882736,Other,51,Kolkata,East,Occasional,2024-09-28
2921,Imaran,Narayan,cust2921_gmail.com,+91 762911818,Other,20,Ahmedabad,West,Occasional,2023-11-17
2922,Anmol,Bail,cust2922_yahoo.com,+91 850648257,Male,40,Ahmedabad,West,Occasional,2025-07-28
2923,Gauri,Pandit,cust2923_hotmail.com,+91 923376971,Male,54,Nagpur,Central,Occasional,2023-05-21
2924,Chandran,Venkataraman,cust2924_gmail.com,+91 727299455,Male,50,Mumbai,West,Regular,2023-04-09
2925,Rushil,Dugar,cust2925_hotmail.com,+91 798311785,Other,55,Chennai,South,Regular,2024-07-16
2926,Veer,Mannan,cust2926_gmail.com,+91 773423146,Female,46,Bangalore,South,Occasional,2024-09-06
2927,Garima,Sachdev,cust2927_gmail.com,+91 990940561,Other,28,Indore,Central,Regular,2024-08-03
2928,Yuvraj,Arya,cust2928_gmail.com,+91 745820818,Female,45,Pune,West,Regular,2025-05-08
2929,Harsh,Thaker,cust2929_yahoo.com,+91 882499370,Female,52,Bhubaneswar,East,Regular,2023-02-01
2930,Vedhika,Basak,cust2930_gmail.com,+91 716545108,Female,39,Surat,West,Occasional,2026-05-14
2931,Charvi,Bajwa,cust2931_gmail.com,+91 879544228,Female,57,Bhopal,Central,Regular,2024-03-15
2932,Yug,Bandi,cust2932_yahoo.com,+91 885333904,Female,50,Pune,West,Regular,2025-09-08
2933,Jatin,Purohit,cust2933_hotmail.com,+91 922243224,Male,16,Surat,West,New,2026-03-10
2934,Karan,Madan,cust2934_gmail.com,+91 756359929,Female,37,Mumbai,West,Occasional,2024-09-14
2935,Ethan,Thaman,cust2935_hotmail.com,+91 765161687,Male,54,Raipur,Central,New,2023-04-29
2936,Ojasvi,Bahri,cust2936_gmail.com,+91 942579131,Other,43,Hyderabad,South,Occasional,2025-12-28
2937,Max,Chandran,cust2937_hotmail.com,+91 923823588,Female,33,Patna,East,Regular,2026-02-27
2938,Mahika,Hari,cust2938_hotmail.com,+91 757160764,Male,29,Kolkata,East,Occasional,2025-07-02
2939,Ekiya,Sandal,cust2939_hotmail.com,+91 991711620,Male,48,Nagpur,Central,Regular,2024-04-29
2940,Arin,Mittal,cust2940_yahoo.com,+91 983466259,Female,58,Pune,West,New,2026-02-28
2941,Samaksh,Chaudhry,cust2941_yahoo.com,+91 943683524,Female,31,Kolkata,East,Regular,2024-12-13
2942,Urishilla,Puri,cust2942_yahoo.com,+91 955962567,Other,47,Ahmedabad,West,New,2025-10-16
2943,Girik,Kapadia,cust2943_yahoo.com,+91 723604826,Other,33,Kochi,South,Occasional,2024-10-29
2944,Arya,Subramanian,cust2944_yahoo.com,+91 777334235,Other,24,Kochi,South,New,2025-05-21
2945,Yashawini,Konda,cust2945_yahoo.com,+91 786313503,Male,57,Mumbai,West,New,2025-12-27
2946,Watika,Ramesh,cust2946_yahoo.com,+91 862935377,Male,60,Guwahati,East,VIP,2023-01-27
2947,Hritik,Sethi,cust2947_gmail.com,+91 959444779,Female,38,Mumbai,West,Regular,2026-03-30
2948,Aryan,Ranganathan,cust2948_gmail.com,+91 920225116,Male,37,Kochi,South,VIP,2025-06-16
2949,Kala,Sood,cust2949_hotmail.com,+91 987265138,Other,45,Hyderabad,South,Occasional,2024-11-25
2950,Deepa,Natarajan,cust2950_gmail.com,+91 831912638,Other,60,Ahmedabad,West,New,2023-06-19
2951,Fiyaz,Chandran,cust2951_hotmail.com,+91 844286311,Female,54,Guwahati,East,Regular,2025-09-05
2952,Sarthak,Suri,cust2952_hotmail.com,+91 968298848,Male,23,Pune,West,Occasional,2023-09-20
2953,Fiyaz,Dhaliwal,cust2953_yahoo.com,+91 884291181,Other,37,Bhopal,Central,Regular,2024-01-24
2954,Urvashi,Virk,cust2954_hotmail.com,+91 772551874,Female,25,Jaipur,North,VIP,2025-08-15
2955,Viraj,Bhargava,cust2955_yahoo.com,+91 959998682,Other,57,Chennai,South,Occasional,2025-05-30
2956,Nisha,Mukhopadhyay,cust2956_hotmail.com,+91 756465587,Female,30,Pune,West,Regular,2024-01-27
2957,Matthew,Bansal,cust2957_yahoo.com,+91 781681672,Male,27,Lucknow,North,VIP,2024-06-08
2958,Niharika,Ahluwalia,cust2958_yahoo.com,+91 982470152,Male,45,Patna,East,Occasional,2025-12-06
2959,Shaurya,Suresh,cust2959_hotmail.com,+91 723233726,Female,45,Kochi,South,New,2025-12-08
2960,Dhriti,Keer,cust2960_yahoo.com,+91 876448152,Other,25,Mumbai,West,Occasional,2025-02-15
2961,Vasudha,Varkey,cust2961_hotmail.com,+91 999127638,Other,24,Bhubaneswar,East,Regular,2024-12-17
2962,Finn,Cheema,cust2962_yahoo.com,+91 770254276,Other,16,New Delhi,North,Occasional,2026-02-23
2963,Faras,Prashad,cust2963_gmail.com,+91 776698965,Male,32,Kolkata,East,Regular,2025-12-22
2964,Agastya,Edwin,cust2964_hotmail.com,+91 814234340,Other,28,Chennai,South,VIP,2026-03-21
2965,Jairaj,Ganesan,cust2965_gmail.com,+91 768469556,Female,54,Surat,West,VIP,2026-03-08
2966,Ishaan,Barad,cust2966_yahoo.com,+91 977651158,Male,42,Hyderabad,South,New,2024-11-10
2967,Onkar,Vohra,cust2967_yahoo.com,+91 853112273,Male,32,Nagpur,Central,Regular,2025-02-08
2968,Omya,Rastogi,cust2968_gmail.com,+91 875740659,Male,42,Bangalore,South,Regular,2023-08-06
2969,Jacob,Saran,cust2969_yahoo.com,+91 897654446,Female,15,Surat,West,Occasional,2024-04-05
2970,Anika,Virk,cust2970_yahoo.com,+91 815403733,Female,43,Indore,Central,Regular,2026-01-23
2971,Kamya,Gandhi,cust2971_gmail.com,+91 947793502,Female,23,Kochi,South,Regular,2025-08-13
2972,Samarth,Prabhu,cust2972_hotmail.com,+91 779227394,Female,59,Raipur,Central,Regular,2024-03-26
2973,Zayan,Sodhi,cust2973_yahoo.com,+91 944883778,Other,35,Pune,West,New,2025-07-28
2974,Ganga,Deshmukh,cust2974_gmail.com,+91 772997495,Male,31,Surat,West,Occasional,2023-11-24
2975,Urvi,Anne,cust2975_yahoo.com,+91 823535902,Other,60,Pune,West,Occasional,2025-03-25
2976,Praneel,Doctor,cust2976_yahoo.com,+91 766669795,Female,50,Guwahati,East,Occasional,2024-10-08
2977,Abdul,Muni,cust2977_hotmail.com,+91 867377735,Other,19,Bhubaneswar,East,New,2023-04-15
2978,Ryan,Chandra,cust2978_hotmail.com,+91 965568756,Female,24,New Delhi,North,New,2023-10-19
2979,Ganga,Chandra,cust2979_gmail.com,+91 889341768,Other,52,Mumbai,West,Regular,2024-12-13
2980,Upadhriti,Dugar,cust2980_gmail.com,+91 870153174,Male,25,Nagpur,Central,Regular,2025-08-28
2981,Upkaar,Pai,cust2981_hotmail.com,+91 944464792,Female,57,Bangalore,South,Occasional,2024-06-28
2982,Reyansh,Maharaj,cust2982_yahoo.com,+91 879114376,Male,43,Chennai,South,VIP,2023-01-22
2983,Damini,Pillai,cust2983_hotmail.com,+91 935498452,Other,19,Chandigarh,North,Occasional,2024-10-24
2984,Neha,Kumar,cust2984_hotmail.com,+91 932542813,Female,52,Bhubaneswar,East,Regular,2026-04-06
2985,Samaksh,Brahmbhatt,cust2985_hotmail.com,+91 930580313,Other,36,Jaipur,North,Occasional,2025-04-20
2986,Harshil,Kalita,cust2986_yahoo.com,+91 871289174,Female,24,Jaipur,North,New,2023-08-25
2987,Adya,Chaudry,cust2987_gmail.com,+91 868775618,Other,51,New Delhi,North,Regular,2023-10-05
2988,Leela,Narayanan,cust2988_hotmail.com,+91 728822412,Female,26,Indore,Central,Regular,2026-05-22
2989,Aradhana,Solanki,cust2989_gmail.com,+91 784652903,Male,15,Guwahati,East,New,2026-04-14
2990,Aarnav,Kata,cust2990_gmail.com,+91 762769720,Other,17,Surat,West,Occasional,2023-09-19
2991,Manan,Dhar,cust2991_gmail.com,+91 819940351,Male,55,Bangalore,South,Regular,2023-05-22
2992,Aadi,Naik,cust2992_gmail.com,+91 951544849,Other,49,Hyderabad,South,Regular,2025-01-08
2993,Laksh,Vaidya,cust2993_yahoo.com,+91 813854610,Other,17,Raipur,Central,Regular,2023-03-23
2994,Urmi,Narain,cust2994_yahoo.com,+91 822951384,Female,30,Chandigarh,North,Regular,2024-10-22
2995,Jacob,Khosla,cust2995_hotmail.com,+91 885181847,Male,57,Kolkata,East,Regular,2025-02-16
2996,Krishna,Rajan,cust2996_hotmail.com,+91 881548184,Male,57,Ahmedabad,West,Occasional,2024-09-02
2997,Isha,Muni,cust2997_hotmail.com,+91 968547290,Other,20,Patna,East,New,2025-01-07
2998,Farhan,Kala,cust2998_gmail.com,+91 751361483,Female,47,Guwahati,East,Regular,2024-05-07
2999,Arunima,Dhar,cust2999_yahoo.com,+91 973414168,Female,32,Jaipur,North,Regular,2025-09-11
3000,Riya,Suri,cust3000_hotmail.com,+91 918356211,Male,53,Nagpur,Central,Occasional,2025-05-20
3001,Zashil,Dara,cust3001_hotmail.com,+91 743802685,Female,26,Patna,East,Regular,2026-05-10
3002,Ijaya,Gokhale,cust3002_gmail.com,+91 938690990,Male,52,Hyderabad,South,Occasional,2024-11-07
3003,Unnati,Pal,cust3003_hotmail.com,+91 882904124,Male,15,Bhopal,Central,Regular,2024-07-22
3004,Tanay,Halder,cust3004_yahoo.com,+91 999106396,Male,60,Jaipur,North,Regular,2024-10-20
3005,Praneel,Anne,cust3005_gmail.com,+91 868914594,Female,19,Nagpur,Central,Regular,2024-08-04
3006,Jalsa,Vora,cust3006_gmail.com,+91 893812488,Other,39,Mumbai,West,VIP,2024-11-17
3007,Dayita,Narasimhan,cust3007_gmail.com,+91 939690186,Other,21,Surat,West,Regular,2023-01-09
3008,Zehaan,Thakkar,cust3008_gmail.com,+91 961603905,Female,57,Ahmedabad,West,New,2024-07-27
3009,Anjali,Bandi,cust3009_hotmail.com,+91 965494510,Female,31,Bhubaneswar,East,Regular,2025-07-31
3010,Varenya,Rao,cust3010_gmail.com,+91 826108612,Other,57,Kolkata,East,Occasional,2024-03-03
3011,Zehaan,Mahal,cust3011_hotmail.com,+91 849437428,Other,26,Pune,West,VIP,2025-12-16
3012,Azaan,Sinha,cust3012_hotmail.com,+91 989650631,Female,46,Mumbai,West,Occasional,2023-03-30
3013,Suhani,Swaminathan,cust3013_gmail.com,+91 856406858,Male,32,Raipur,Central,Regular,2025-09-09
3014,Hemang,Barad,cust3014_yahoo.com,+91 999667470,Male,59,Chandigarh,North,VIP,2025-01-05
3015,Michael,Goel,cust3015_gmail.com,+91 969902795,Other,29,Bhopal,Central,Occasional,2023-02-14
3016,Oni,Dar,cust3016_gmail.com,+91 758919590,Male,23,Bhubaneswar,East,Regular,2023-05-09
3017,David,Murthy,cust3017_gmail.com,+91 741266919,Other,20,Patna,East,Regular,2024-11-19
3018,Arunima,Hari,cust3018_hotmail.com,+91 999294680,Male,30,Jaipur,North,Regular,2025-04-25
3019,Anay,Natarajan,cust3019_hotmail.com,+91 775369784,Male,16,New Delhi,North,Regular,2025-08-11
3020,Omkaar,Peri,cust3020_hotmail.com,+91 973427480,Female,23,Ahmedabad,West,Occasional,2024-05-06
3021,Neha,Saha,cust3021_hotmail.com,+91 823451176,Other,32,Pune,West,Regular,2023-01-23
3022,Darsh,Bhattacharyya,cust3022_gmail.com,+91 868824635,Female,28,Raipur,Central,Regular,2025-11-06
3023,Yachana,Divan,cust3023_hotmail.com,+91 968829191,Other,57,Patna,East,Regular,2026-03-28
3024,Fiyaz,Gera,cust3024_yahoo.com,+91 965997353,Female,57,Surat,West,New,2024-02-19
3025,Anya,Issac,cust3025_hotmail.com,+91 978547780,Other,31,Nagpur,Central,VIP,2023-03-11
3026,Nimrat,Ghose,cust3026_hotmail.com,+91 959147809,Female,22,Bhopal,Central,Occasional,2025-02-24
3027,Aarush,Mukhopadhyay,cust3027_yahoo.com,+91 826370981,Other,42,Indore,Central,New,2026-03-06
3028,Indali,Dalal,cust3028_yahoo.com,+91 931706300,Female,40,Surat,West,Occasional,2025-05-20
3029,Gabriel,Sheth,cust3029_gmail.com,+91 877980470,Male,22,Nagpur,Central,Regular,2024-12-25
3030,Gautam,Gopal,cust3030_hotmail.com,+91 871678844,Male,53,Raipur,Central,New,2023-06-30
3031,Quincy,Nadkarni,cust3031_hotmail.com,+91 793936969,Male,46,New Delhi,North,Occasional,2023-05-15
3032,Anmol,Gara,cust3032_gmail.com,+91 950976837,Other,58,Indore,Central,New,2025-08-31
3033,Kavya,Sharma,cust3033_gmail.com,+91 968262203,Other,23,Jaipur,North,Regular,2023-12-04
3034,Yatin,Morar,cust3034_hotmail.com,+91 791380460,Other,39,Mumbai,West,Regular,2026-01-30
3035,Rayaan,Deo,cust3035_yahoo.com,+91 933254136,Female,21,Ahmedabad,West,Regular,2025-09-24
3036,Ladli,Mangat,cust3036_gmail.com,+91 940716317,Male,58,Guwahati,East,Regular,2023-03-24
3037,Logan,Mutti,cust3037_yahoo.com,+91 726492231,Female,35,Bhopal,Central,Regular,2024-03-09
3038,Raghav,Mahajan,cust3038_gmail.com,+91 740154758,Female,46,Indore,Central,Regular,2023-12-18
3039,Chakrika,Lad,cust3039_hotmail.com,+91 945263162,Male,24,Nagpur,Central,New,2023-10-03
3040,Aishani,Chanda,cust3040_yahoo.com,+91 816599386,Male,38,Nagpur,Central,VIP,2024-11-13
3041,Januja,Palla,cust3041_hotmail.com,+91 733627155,Other,52,Bhopal,Central,Occasional,2024-07-05
3042,Shivani,Garde,cust3042_gmail.com,+91 743376104,Male,34,Raipur,Central,New,2025-03-23
3043,Lekha,Dugal,cust3043_hotmail.com,+91 911579595,Male,21,Bangalore,South,Occasional,2025-06-28
3044,Shivansh,Saraf,cust3044_yahoo.com,+91 899806347,Other,23,Hyderabad,South,Occasional,2025-06-02
3045,Bhavya,Johal,cust3045_yahoo.com,+91 938601546,Other,37,Guwahati,East,Regular,2025-09-30
3046,Yahvi,Luthra,cust3046_gmail.com,+91 826554465,Male,45,Guwahati,East,New,2025-12-22
3047,Shivansh,Kuruvilla,cust3047_gmail.com,+91 923395579,Female,21,Ahmedabad,West,Regular,2025-03-08
3048,Advika,Balay,cust3048_gmail.com,+91 753799352,Female,52,Guwahati,East,Regular,2024-12-27
3049,Quincy,Soman,cust3049_gmail.com,+91 832573824,Other,18,Bhopal,Central,Occasional,2025-03-14
3050,Ekantika,Pradhan,cust3050_hotmail.com,+91 922312360,Male,29,Lucknow,North,Occasional,2024-12-26
3051,Bahadurjit,Naidu,cust3051_hotmail.com,+91 770733975,Female,49,Indore,Central,New,2024-08-10
3052,Jagrati,Anand,cust3052_gmail.com,+91 870293320,Female,60,Pune,West,New,2023-06-12
3053,Vaishnavi,Natt,cust3053_yahoo.com,+91 987985144,Male,29,Indore,Central,Regular,2024-10-16
3054,Harish,Grover,cust3054_yahoo.com,+91 854713348,Male,51,New Delhi,North,Occasional,2025-10-03
3055,Nicholas,Sibal,cust3055_hotmail.com,+91 921394921,Female,26,Ahmedabad,West,Regular,2024-04-20
3056,Anthony,Sarna,cust3056_hotmail.com,+91 732134953,Other,60,Chandigarh,North,Regular,2023-10-17
3057,Radhika,Rastogi,cust3057_yahoo.com,+91 745954357,Male,27,Mumbai,West,Regular,2024-12-10
3058,Zayyan,Prakash,cust3058_hotmail.com,+91 842315943,Female,25,Kochi,South,Occasional,2024-01-14
3059,Vasudha,Rattan,cust3059_yahoo.com,+91 742250260,Other,59,Raipur,Central,Occasional,2024-06-08
3060,Vivaan,Tripathi,cust3060_gmail.com,+91 929269552,Female,40,New Delhi,North,Occasional,2023-03-04
3061,Pooja,Luthra,cust3061_hotmail.com,+91 875148967,Male,55,Chennai,South,Occasional,2024-10-15
3062,Ayush,Gade,cust3062_hotmail.com,+91 823157716,Other,28,Bhubaneswar,East,Regular,2024-09-14
3063,Charita,Viswanathan,cust3063_gmail.com,+91 715702144,Male,18,Pune,West,Occasional,2023-09-16
3064,Liam,De,cust3064_hotmail.com,+91 964760587,Female,43,Hyderabad,South,New,2025-06-01
3065,Chatura,Chana,cust3065_yahoo.com,+91 962223590,Female,25,Surat,West,Occasional,2024-06-01
3066,Lohit,Pal,cust3066_yahoo.com,+91 740396380,Other,41,Surat,West,Occasional,2026-05-16
3067,Noah,Sharma,cust3067_gmail.com,+91 858462764,Other,57,Hyderabad,South,Regular,2024-09-07
3068,Manbir,Iyer,cust3068_gmail.com,+91 847866520,Male,27,Nagpur,Central,Regular,2025-10-20
3069,Damyanti,Buch,cust3069_gmail.com,+91 750874169,Female,47,Bhubaneswar,East,Regular,2024-04-13
3070,Samar,Sarkar,cust3070_gmail.com,+91 959467820,Other,51,Guwahati,East,Regular,2024-01-02
3071,Yash,Dube,cust3071_hotmail.com,+91 811142904,Female,55,Raipur,Central,New,2026-01-29
3072,Kavya,Ahluwalia,cust3072_yahoo.com,+91 950257286,Female,51,Hyderabad,South,Occasional,2025-05-12
3073,Hemangini,Chaudhry,cust3073_yahoo.com,+91 721108677,Other,25,Ahmedabad,West,Regular,2023-09-05
3074,Meera,Kala,cust3074_yahoo.com,+91 943446461,Male,45,Chennai,South,New,2025-05-04
3075,Krisha,Sheth,cust3075_hotmail.com,+91 926335596,Female,40,Pune,West,Regular,2025-11-04
3076,Gopal,Ram,cust3076_gmail.com,+91 764414319,Female,18,Mumbai,West,Regular,2024-01-13
3077,Kiaan,Ratta,cust3077_yahoo.com,+91 738909598,Other,24,Kolkata,East,Regular,2024-05-09
3078,Panini,Ramesh,cust3078_hotmail.com,+91 789897305,Male,38,Bhopal,Central,Occasional,2024-03-15
3079,Idika,Suresh,cust3079_hotmail.com,+91 787256270,Other,53,Chennai,South,Occasional,2023-04-22
3080,Avi,Kapadia,cust3080_hotmail.com,+91 995412681,Other,40,New Delhi,North,New,2026-02-24
3081,Wahab,Pillay,cust3081_yahoo.com,+91 865793761,Male,57,Nagpur,Central,Occasional,2023-10-04
3082,Yachana,Agarwal,cust3082_hotmail.com,+91 779579651,Other,28,Pune,West,Occasional,2024-06-11
3083,Mitali,Brahmbhatt,cust3083_hotmail.com,+91 897738124,Female,18,Surat,West,New,2025-07-19
3084,Lakshit,Tata,cust3084_gmail.com,+91 861541501,Female,39,Patna,East,Occasional,2023-12-24
3085,Siddharth,Mittal,cust3085_yahoo.com,+91 910796678,Female,55,Bhopal,Central,Regular,2023-03-10
3086,Harinakshi,Rajagopalan,cust3086_hotmail.com,+91 797861464,Other,16,Raipur,Central,Occasional,2023-05-25
3087,Pavani,Dora,cust3087_yahoo.com,+91 964269684,Female,45,Pune,West,Occasional,2023-10-07
3088,Lila,Srivastava,cust3088_gmail.com,+91 736926896,Other,24,Guwahati,East,Regular,2024-04-28
3089,Oviya,Gola,cust3089_gmail.com,+91 948835947,Male,41,Kochi,South,New,2024-02-10
3090,Zansi,Cherian,cust3090_yahoo.com,+91 797376578,Female,26,Bhopal,Central,Regular,2024-09-10
3091,Hiral,Chaudhuri,cust3091_hotmail.com,+91 865526507,Other,21,Chennai,South,VIP,2023-05-09
3092,Advik,Dyal,cust3092_yahoo.com,+91 959189659,Other,18,Lucknow,North,New,2024-09-20
3093,Yashica,Rajagopalan,cust3093_hotmail.com,+91 980495875,Male,48,Raipur,Central,Occasional,2023-07-19
3094,Advay,Sunder,cust3094_hotmail.com,+91 887360119,Female,30,Patna,East,Occasional,2024-12-07
3095,Neelima,Sami,cust3095_gmail.com,+91 964736824,Male,35,Nagpur,Central,Regular,2025-11-07
3096,Pavani,Kuruvilla,cust3096_hotmail.com,+91 844148970,Other,50,Jaipur,North,New,2024-04-15
3097,Jack,Seshadri,cust3097_hotmail.com,+91 941657128,Male,22,Hyderabad,South,Regular,2025-09-12
3098,Urvashi,Nayak,cust3098_hotmail.com,+91 884169923,Female,23,Chennai,South,Occasional,2024-08-02
3099,Isaac,Gola,cust3099_yahoo.com,+91 941746724,Female,50,Kochi,South,Occasional,2024-07-20
3100,Leela,Buch,cust3100_gmail.com,+91 719494320,Male,21,Jaipur,North,Occasional,2025-04-05
3101,Geetika,Kuruvilla,cust3101_gmail.com,+91 790256346,Male,52,Pune,West,Regular,2023-01-11
3102,Suhani,Saran,cust3102_gmail.com,+91 741933945,Male,40,Hyderabad,South,Occasional,2025-03-10
3103,Baghyawati,Baral,cust3103_gmail.com,+91 785666281,Female,20,Bangalore,South,Regular,2024-12-22
3104,Triveni,Peri,cust3104_gmail.com,+91 780709536,Male,45,Jaipur,North,Regular,2025-01-30
3105,Kala,Krishnan,cust3105_yahoo.com,+91 887118968,Other,30,Jaipur,North,Regular,2025-07-20
3106,Chaman,Bajwa,cust3106_hotmail.com,+91 861689814,Other,59,Guwahati,East,VIP,2024-06-08
3107,Praneel,Memon,cust3107_yahoo.com,+91 991869866,Other,20,New Delhi,North,New,2024-02-20
3108,Anay,Sekhon,cust3108_yahoo.com,+91 747970416,Male,48,Bhubaneswar,East,Regular,2024-10-09
3109,Balendra,Choudhury,cust3109_yahoo.com,+91 819420391,Male,46,Kochi,South,Regular,2024-04-07
3110,Balhaar,Wali,cust3110_hotmail.com,+91 890159832,Male,59,Indore,Central,Occasional,2026-02-10
3111,Yuvraj,Gill,cust3111_gmail.com,+91 778290133,Female,31,Jaipur,North,VIP,2024-09-07
3112,Girindra,Date,cust3112_hotmail.com,+91 976109981,Other,49,Bhopal,Central,New,2025-04-11
3113,Wakeeta,Sankar,cust3113_yahoo.com,+91 982756216,Other,26,Chennai,South,Occasional,2023-08-13
3114,Tara,Kohli,cust3114_hotmail.com,+91 997112125,Female,38,Bangalore,South,New,2024-06-20
3115,Tara,Baria,cust3115_gmail.com,+91 919659339,Female,23,Hyderabad,South,Occasional,2025-03-24
3116,Kashish,Barad,cust3116_gmail.com,+91 859264469,Other,24,Pune,West,Occasional,2024-05-22
3117,Harrison,Raja,cust3117_hotmail.com,+91 724201547,Male,44,Jaipur,North,Occasional,2025-08-04
3118,Farhan,Nazareth,cust3118_hotmail.com,+91 937271495,Other,46,Pune,West,Occasional,2026-01-31
3119,Chasmum,Sami,cust3119_yahoo.com,+91 874213215,Female,42,New Delhi,North,New,2026-03-09
3120,Qarin,Kurian,cust3120_hotmail.com,+91 786107283,Other,35,Guwahati,East,Regular,2023-02-04
3121,Fariq,Sant,cust3121_gmail.com,+91 765553339,Female,16,Kochi,South,Regular,2025-10-11
3122,Rehaan,Lal,cust3122_yahoo.com,+91 897926446,Male,28,Lucknow,North,Occasional,2026-05-17
3123,Yoshita,Zacharia,cust3123_gmail.com,+91 756910302,Other,19,Lucknow,North,Occasional,2025-08-14
3124,Chandran,Prasad,cust3124_hotmail.com,+91 953128558,Male,35,Mumbai,West,Occasional,2025-12-14
3125,Tanveer,Sarkar,cust3125_yahoo.com,+91 830660398,Other,41,Lucknow,North,New,2025-01-04
3126,Quincy,Malhotra,cust3126_hotmail.com,+91 874356546,Male,43,Kolkata,East,Occasional,2026-03-06
3127,Chakradev,Rastogi,cust3127_gmail.com,+91 939124766,Other,43,New Delhi,North,Regular,2025-11-09
3128,Bhavani,Mahajan,cust3128_gmail.com,+91 939429435,Female,60,Mumbai,West,New,2025-11-19
3129,Sarthak,Bahl,cust3129_yahoo.com,+91 831565756,Male,53,Chandigarh,North,New,2024-09-24
3130,Kai,Maharaj,cust3130_yahoo.com,+91 782126220,Other,59,Hyderabad,South,Occasional,2025-10-17
3131,Eesha,Chatterjee,cust3131_gmail.com,+91 823192869,Male,25,Hyderabad,South,VIP,2024-12-19
3132,Andrew,Nair,cust3132_gmail.com,+91 835970492,Male,49,Chennai,South,VIP,2023-12-16
3133,Bhavna,Sharma,cust3133_hotmail.com,+91 732410142,Female,40,Indore,Central,Regular,2023-04-09
3134,Falguni,Ramachandran,cust3134_yahoo.com,+91 944976586,Other,19,Chandigarh,North,Occasional,2024-10-15
3135,Advik,Oza,cust3135_yahoo.com,+91 844653460,Other,43,Kolkata,East,Occasional,2025-05-16
3136,Hiral,Saxena,cust3136_gmail.com,+91 994191267,Male,31,Raipur,Central,Occasional,2024-05-11
3137,Wishi,Kade,cust3137_hotmail.com,+91 948656801,Female,20,Kolkata,East,New,2024-12-18
3138,Onkar,Ramakrishnan,cust3138_yahoo.com,+91 725202871,Other,32,Indore,Central,Occasional,2025-12-19
3139,Bachittar,Brar,cust3139_hotmail.com,+91 961575549,Female,41,Surat,West,New,2024-09-17
3140,Hemani,Chacko,cust3140_gmail.com,+91 882508855,Male,16,Nagpur,Central,Regular,2025-01-25
3141,Kala,Modi,cust3141_yahoo.com,+91 864413439,Male,19,Jaipur,North,New,2026-03-07
3142,Divya,Seth,cust3142_hotmail.com,+91 729781310,Male,50,Guwahati,East,VIP,2026-03-12
3143,Ayushman,Dugal,cust3143_hotmail.com,+91 874994266,Female,43,Pune,West,Regular,2024-12-27
3144,Ojas,Pandey,cust3144_hotmail.com,+91 929160732,Male,37,Chennai,South,Occasional,2025-06-27
3145,Ojasvi,Bajaj,cust3145_yahoo.com,+91 981585902,Other,30,Chennai,South,Regular,2024-11-01
3146,Vritti,Keer,cust3146_yahoo.com,+91 831734722,Male,27,Raipur,Central,Regular,2025-05-14
3147,Karan,Radhakrishnan,cust3147_hotmail.com,+91 912267816,Other,31,Surat,West,VIP,2025-04-15
3148,Gunbir,Randhawa,cust3148_gmail.com,+91 961781533,Other,27,Bhopal,Central,Occasional,2023-07-11
3149,Indrajit,Mann,cust3149_gmail.com,+91 878392372,Female,23,Nagpur,Central,Occasional,2023-11-25
3150,Nandini,Rege,cust3150_yahoo.com,+91 960915793,Female,37,Hyderabad,South,Regular,2023-09-05
3151,Teerth,Sahota,cust3151_hotmail.com,+91 980526777,Other,44,Bangalore,South,Regular,2026-03-13
3152,Ekaja,Patil,cust3152_hotmail.com,+91 838950340,Male,34,Kochi,South,New,2024-03-09
3153,Eesha,Thakkar,cust3153_hotmail.com,+91 762534299,Male,30,Patna,East,Regular,2023-06-14
3154,Manya,Kar,cust3154_yahoo.com,+91 927194483,Female,40,New Delhi,North,Occasional,2025-04-07
3155,Ucchal,Mangat,cust3155_yahoo.com,+91 837510275,Male,48,Ahmedabad,West,Occasional,2025-02-07
3156,Peter,Ratta,cust3156_yahoo.com,+91 868132390,Male,32,Hyderabad,South,Regular,2023-09-01
3157,Gaurika,Shetty,cust3157_hotmail.com,+91 949308377,Other,33,Mumbai,West,New,2023-01-06
3158,Guneet,Rajagopal,cust3158_hotmail.com,+91 853371689,Male,31,New Delhi,North,Regular,2023-09-25
3159,Omya,Sahota,cust3159_yahoo.com,+91 946270883,Female,20,Nagpur,Central,Occasional,2025-10-11
3160,Ayush,Kapur,cust3160_gmail.com,+91 948487343,Male,47,Nagpur,Central,Regular,2023-10-21
3161,Yahvi,Buch,cust3161_hotmail.com,+91 924225517,Male,32,Mumbai,West,Occasional,2025-08-05
3162,Nilima,Bajaj,cust3162_yahoo.com,+91 959395282,Female,52,Bhopal,Central,Occasional,2025-06-05
3163,Zaid,Ganesan,cust3163_hotmail.com,+91 866845309,Male,35,Raipur,Central,Regular,2025-08-05
3164,Urmi,Chand,cust3164_yahoo.com,+91 982931221,Female,38,Raipur,Central,Regular,2025-08-29
3165,Lopa,Vaidya,cust3165_gmail.com,+91 825367477,Female,56,New Delhi,North,VIP,2023-02-05
3166,Tanvi,Pillay,cust3166_hotmail.com,+91 882281803,Female,30,Bhopal,Central,VIP,2023-09-08
3167,Parth,Sodhi,cust3167_hotmail.com,+91 835178126,Female,47,Patna,East,Regular,2024-01-07
3168,Ekantika,Deo,cust3168_yahoo.com,+91 771647755,Female,58,Surat,West,Occasional,2023-11-07
3169,Azaan,Jhaveri,cust3169_hotmail.com,+91 716937750,Female,19,Patna,East,New,2023-04-11
3170,Tripti,Konda,cust3170_hotmail.com,+91 885498216,Female,16,Kolkata,East,Regular,2024-12-17
3171,Sachi,Khurana,cust3171_gmail.com,+91 967416721,Male,21,Raipur,Central,New,2025-07-26
3172,Xiti,Choudhry,cust3172_hotmail.com,+91 886816743,Other,17,Bangalore,South,Regular,2024-12-17
3173,Nathaniel,Konda,cust3173_yahoo.com,+91 866185458,Male,52,Chandigarh,North,VIP,2024-05-29
3174,Ekaraj,Amble,cust3174_hotmail.com,+91 727844295,Female,20,Jaipur,North,Regular,2026-01-26
3175,Niharika,Venkatesh,cust3175_yahoo.com,+91 771269671,Male,54,Lucknow,North,Occasional,2023-02-20
3176,Ekavir,Sahni,cust3176_yahoo.com,+91 724276161,Other,50,Bhopal,Central,Regular,2024-08-21
3177,Jai,Walla,cust3177_hotmail.com,+91 988661402,Other,24,Lucknow,North,Regular,2026-01-17
3178,Reva,Srivastava,cust3178_hotmail.com,+91 987933751,Female,43,Guwahati,East,Occasional,2023-02-06
3179,Brinda,Rao,cust3179_hotmail.com,+91 792169392,Male,20,Pune,West,Regular,2023-04-03
3180,Balveer,Patla,cust3180_yahoo.com,+91 811757587,Female,29,Pune,West,Occasional,2026-04-09
3181,Yasti,Sarraf,cust3181_yahoo.com,+91 964169835,Other,37,Hyderabad,South,Occasional,2026-01-18
3182,Jeet,Chawla,cust3182_gmail.com,+91 986379567,Other,35,Chennai,South,Occasional,2026-05-08
3183,Isaac,Gara,cust3183_yahoo.com,+91 987615274,Female,52,Patna,East,Regular,2024-02-12
3184,Harinakshi,Dhar,cust3184_gmail.com,+91 883580775,Female,53,Ahmedabad,West,Occasional,2024-10-03
3185,Vasudha,Kade,cust3185_yahoo.com,+91 812580419,Female,55,Kochi,South,Regular,2026-05-20
3186,Forum,Borah,cust3186_yahoo.com,+91 896648205,Other,35,Pune,West,VIP,2023-05-31
3187,Vyanjana,Konda,cust3187_yahoo.com,+91 740449927,Other,42,Pune,West,Occasional,2026-01-06
3188,Chakrika,Saxena,cust3188_yahoo.com,+91 962733747,Other,39,Chennai,South,Regular,2024-06-15
3189,Shravya,Kuruvilla,cust3189_hotmail.com,+91 849792579,Male,40,Chandigarh,North,VIP,2026-05-08
3190,Balendra,Dey,cust3190_gmail.com,+91 721158190,Male,47,Bhubaneswar,East,Regular,2024-03-03
3191,Bhavya,Bal,cust3191_gmail.com,+91 758418958,Other,56,Patna,East,Regular,2025-03-21
3192,Janani,Manne,cust3192_yahoo.com,+91 854696400,Male,18,New Delhi,North,Occasional,2024-07-30
3193,Nathan,Mody,cust3193_yahoo.com,+91 857346444,Female,25,Bhopal,Central,Occasional,2026-01-17
3194,Ria,Menon,cust3194_gmail.com,+91 985438138,Female,43,Kochi,South,Occasional,2026-01-12
3195,Kabir,Din,cust3195_hotmail.com,+91 838597996,Female,31,Bhubaneswar,East,Occasional,2026-03-01
3196,Leena,Kurian,cust3196_hotmail.com,+91 731274438,Female,50,Pune,West,Occasional,2024-03-30
3197,Ayaan,Kakar,cust3197_hotmail.com,+91 916184775,Other,46,Guwahati,East,Occasional,2023-12-21
3198,Manbir,Arora,cust3198_yahoo.com,+91 991279736,Female,32,Hyderabad,South,Occasional,2024-04-15
3199,Yashoda,Varughese,cust3199_yahoo.com,+91 789506608,Male,31,Bhubaneswar,East,Occasional,2024-07-19
3200,Onkar,Padmanabhan,cust3200_hotmail.com,+91 738780629,Male,36,Indore,Central,Regular,2025-01-10
3201,Yachana,Murthy,cust3201_hotmail.com,+91 943877191,Male,36,Kolkata,East,Occasional,2023-08-31
3202,Kritika,Sundaram,cust3202_hotmail.com,+91 763677857,Female,35,Jaipur,North,Regular,2024-08-04
3203,Vasatika,Gill,cust3203_yahoo.com,+91 953170824,Other,27,Pune,West,Occasional,2023-09-20
3204,Akshay,Bhattacharyya,cust3204_yahoo.com,+91 941441264,Female,54,Raipur,Central,Regular,2024-08-13
3205,Dayamai,Jhaveri,cust3205_gmail.com,+91 965865271,Male,16,Lucknow,North,Regular,2023-12-16
3206,Arunima,Dar,cust3206_hotmail.com,+91 760909351,Male,28,Nagpur,Central,Regular,2023-08-22
3207,Ishanvi,Tara,cust3207_yahoo.com,+91 986610638,Male,46,Kolkata,East,Regular,2023-11-02
3208,Advik,Viswanathan,cust3208_gmail.com,+91 854717950,Other,27,Hyderabad,South,Occasional,2025-06-03
3209,Samaksh,Patla,cust3209_hotmail.com,+91 788167592,Female,20,Indore,Central,Occasional,2026-02-25
3210,Mohini,Chaudhary,cust3210_yahoo.com,+91 796336162,Male,47,Kolkata,East,Occasional,2023-02-21
3211,Ekalinga,Madan,cust3211_hotmail.com,+91 993408355,Male,41,Ahmedabad,West,Occasional,2025-02-27
3212,Fariq,Bhalla,cust3212_yahoo.com,+91 796116745,Other,53,Kolkata,East,New,2025-04-10
3213,Yug,Konda,cust3213_yahoo.com,+91 979149848,Female,25,Jaipur,North,Occasional,2025-05-30
3214,Qadim,Konda,cust3214_gmail.com,+91 763597842,Other,41,New Delhi,North,Regular,2026-05-23
3215,Tanmayi,Goel,cust3215_gmail.com,+91 763450883,Female,44,Guwahati,East,Regular,2025-12-07
3216,Amaira,Mall,cust3216_gmail.com,+91 889159313,Female,31,Ahmedabad,West,New,2025-08-04
3217,Ranveer,Bhatt,cust3217_gmail.com,+91 899356306,Other,37,Indore,Central,Occasional,2026-02-28
3218,Chavvi,Bhat,cust3218_gmail.com,+91 758739309,Male,51,New Delhi,North,Regular,2025-03-22
3219,Yagnesh,Sood,cust3219_yahoo.com,+91 989849869,Male,23,Hyderabad,South,Regular,2023-12-20
3220,Charan,Nagar,cust3220_hotmail.com,+91 736473795,Other,19,Hyderabad,South,Regular,2023-06-02
3221,Ronith,Sridhar,cust3221_gmail.com,+91 913575123,Female,24,Nagpur,Central,Regular,2023-04-24
3222,Fiyaz,Soni,cust3222_gmail.com,+91 811494550,Male,33,Chandigarh,North,Occasional,2024-11-17
3223,Tanveer,Sur,cust3223_yahoo.com,+91 849934619,Other,45,Mumbai,West,Regular,2023-06-05
3224,Aditya,Sani,cust3224_gmail.com,+91 941852361,Female,57,Chandigarh,North,Regular,2025-06-03
3225,Saanvi,Hayer,cust3225_hotmail.com,+91 732697388,Male,18,Raipur,Central,Regular,2026-01-23
3226,Tanmayi,Acharya,cust3226_yahoo.com,+91 831782134,Male,25,Surat,West,Regular,2025-09-13
3227,Niharika,Madan,cust3227_yahoo.com,+91 824264483,Female,49,Pune,West,Regular,2026-03-18
3228,Patrick,Narasimhan,cust3228_hotmail.com,+91 985407950,Other,53,Mumbai,West,Regular,2025-09-07
3229,Yoshita,Mander,cust3229_hotmail.com,+91 952739696,Other,19,Chandigarh,North,Occasional,2025-01-20
3230,Aishani,Wali,cust3230_gmail.com,+91 894400405,Female,42,Nagpur,Central,Regular,2024-04-10
3231,Anvi,Thakur,cust3231_yahoo.com,+91 910130364,Male,19,Pune,West,New,2024-06-13
3232,Ria,Choudhury,cust3232_gmail.com,+91 977484607,Male,49,Chennai,South,Regular,2025-08-30
3233,Abeer,Nagar,cust3233_hotmail.com,+91 774702581,Male,46,Surat,West,Occasional,2025-01-27
3234,Warhi,Gade,cust3234_gmail.com,+91 948484562,Male,17,Mumbai,West,Occasional,2024-12-31
3235,Rachana,Modi,cust3235_gmail.com,+91 828876757,Female,36,Bhopal,Central,New,2023-04-12
3236,Hema,Yohannan,cust3236_gmail.com,+91 949782178,Male,44,Bangalore,South,Regular,2024-11-19
3237,Ikbal,Kata,cust3237_gmail.com,+91 899971533,Male,17,Chandigarh,North,Occasional,2023-10-28
3238,Yachana,Mody,cust3238_yahoo.com,+91 794405112,Male,46,Chandigarh,North,Occasional,2024-04-22
3239,Urmi,Chauhan,cust3239_hotmail.com,+91 854592431,Female,26,Bangalore,South,Regular,2026-04-05
3240,Shivansh,Dubey,cust3240_yahoo.com,+91 995994306,Other,23,Pune,West,Occasional,2024-04-11
3241,Rehaan,Randhawa,cust3241_gmail.com,+91 953192463,Other,58,Guwahati,East,VIP,2023-08-31
3242,Naksh,Nanda,cust3242_hotmail.com,+91 869212809,Female,35,Kolkata,East,Regular,2023-09-03
3243,Omaja,Luthra,cust3243_gmail.com,+91 863673696,Male,34,Guwahati,East,New,2025-01-05
3244,Urmi,Mitter,cust3244_yahoo.com,+91 940497356,Female,41,Bhopal,Central,Occasional,2024-02-13
3245,Damini,Nath,cust3245_hotmail.com,+91 799523219,Female,19,Ahmedabad,West,Regular,2023-08-14
3246,Divya,Sengupta,cust3246_yahoo.com,+91 733234367,Female,38,Nagpur,Central,New,2024-07-03
3247,Maya,Sahni,cust3247_gmail.com,+91 887513168,Female,52,Bhopal,Central,Regular,2024-10-22
3248,Netra,Bhakta,cust3248_yahoo.com,+91 849671959,Other,59,Kochi,South,New,2026-03-30
3249,Logan,Shan,cust3249_yahoo.com,+91 877593684,Other,47,Raipur,Central,Occasional,2024-07-03
3250,Samaksh,Joshi,cust3250_hotmail.com,+91 964329159,Male,37,Patna,East,Regular,2023-01-31
3251,Aahana,Menon,cust3251_yahoo.com,+91 759684996,Other,26,Lucknow,North,Regular,2026-01-18
3252,Ekanta,Sane,cust3252_yahoo.com,+91 827340104,Female,22,Mumbai,West,Regular,2023-02-06
3253,Ryan,Kale,cust3253_hotmail.com,+91 911213599,Other,39,Surat,West,Regular,2024-05-20
3254,Ria,Mahal,cust3254_gmail.com,+91 964349577,Other,58,New Delhi,North,Occasional,2025-02-20
3255,Xavier,Dyal,cust3255_yahoo.com,+91 838931497,Other,15,Nagpur,Central,Regular,2023-04-26
3256,Varsha,Singhal,cust3256_gmail.com,+91 762293456,Male,41,Hyderabad,South,Regular,2026-01-27
3257,Madhavi,Sur,cust3257_gmail.com,+91 860735848,Female,33,Surat,West,Regular,2026-04-28
3258,Keya,Bhargava,cust3258_gmail.com,+91 748108958,Male,60,Nagpur,Central,VIP,2024-03-11
3259,Hema,Majumdar,cust3259_hotmail.com,+91 737870230,Male,34,Kochi,South,Occasional,2023-03-29
3260,Raksha,Mane,cust3260_gmail.com,+91 958311866,Female,35,Kochi,South,Regular,2024-07-27
3261,Krish,Borah,cust3261_yahoo.com,+91 724670627,Female,59,Chennai,South,Occasional,2025-01-02
3262,Odika,Doshi,cust3262_gmail.com,+91 797963539,Other,58,Jaipur,North,Occasional,2026-04-19
3263,Chandani,Iyengar,cust3263_hotmail.com,+91 962242777,Other,19,Nagpur,Central,Occasional,2025-07-05
3264,Raksha,Korpal,cust3264_yahoo.com,+91 722771267,Other,47,Bangalore,South,Occasional,2023-05-17
3265,Abha,Wali,cust3265_yahoo.com,+91 736752500,Other,42,Guwahati,East,Regular,2025-06-08
3266,Anthony,Dey,cust3266_gmail.com,+91 988411591,Other,26,Kochi,South,Occasional,2025-12-07
3267,Dipta,Patel,cust3267_yahoo.com,+91 884627386,Female,36,Hyderabad,South,VIP,2026-05-05
3268,Tanish,Gour,cust3268_yahoo.com,+91 732783779,Other,53,Kochi,South,Regular,2026-03-06
3269,Vedant,Sharma,cust3269_yahoo.com,+91 837453748,Female,59,Jaipur,North,Regular,2024-12-28
3270,Rushil,Lad,cust3270_yahoo.com,+91 942857451,Male,23,Jaipur,North,Occasional,2024-06-01
3271,Arin,Dey,cust3271_gmail.com,+91 822696746,Female,36,Bhubaneswar,East,VIP,2025-07-26
3272,Nirja,Sane,cust3272_yahoo.com,+91 874565668,Female,18,Bangalore,South,Regular,2025-09-24
3273,Chanakya,Wadhwa,cust3273_gmail.com,+91 852255390,Other,54,Jaipur,North,Regular,2025-01-25
3274,Kashvi,Babu,cust3274_hotmail.com,+91 830918840,Other,53,Indore,Central,New,2025-03-06
3275,Azad,Thaman,cust3275_yahoo.com,+91 919435223,Male,32,Hyderabad,South,Occasional,2024-11-10
3276,Vyanjana,Mandal,cust3276_hotmail.com,+91 883191351,Female,40,Guwahati,East,Occasional,2026-05-12
3277,Ekalinga,Borra,cust3277_hotmail.com,+91 854240620,Female,25,Bhubaneswar,East,New,2024-06-02
3278,Isaiah,Wali,cust3278_gmail.com,+91 951772375,Other,60,Kolkata,East,New,2023-05-24
3279,Yochana,Chahal,cust3279_hotmail.com,+91 881976369,Other,52,Jaipur,North,Occasional,2026-05-25
3280,Rayaan,Bora,cust3280_hotmail.com,+91 868591953,Other,41,Chennai,South,New,2024-12-28
3281,Aradhana,Shroff,cust3281_yahoo.com,+91 965451740,Other,36,Jaipur,North,VIP,2024-10-31
3282,Max,Narayanan,cust3282_gmail.com,+91 886454837,Other,40,New Delhi,North,Occasional,2026-02-21
3283,Harinakshi,Setty,cust3283_hotmail.com,+91 782813766,Male,38,Bhopal,Central,New,2023-10-10
3284,Rachana,Bail,cust3284_yahoo.com,+91 724693898,Female,33,Bhopal,Central,Regular,2026-04-28
3285,Chaaya,Ahuja,cust3285_hotmail.com,+91 823675893,Female,35,Kolkata,East,Occasional,2025-06-11
3286,Anirudh,Anand,cust3286_gmail.com,+91 973647142,Other,43,Kolkata,East,Regular,2024-08-28
3287,Prisha,Dora,cust3287_yahoo.com,+91 937663662,Male,21,Bangalore,South,New,2024-05-15
3288,Eta,Walia,cust3288_yahoo.com,+91 964505972,Other,45,Bangalore,South,Regular,2023-12-13
3289,Sai,Pant,cust3289_hotmail.com,+91 735762554,Male,29,Kochi,South,Regular,2025-10-12
3290,Michael,Gulati,cust3290_gmail.com,+91 863594100,Female,44,Pune,West,Occasional,2025-06-15
3291,Darika,Golla,cust3291_gmail.com,+91 894977433,Female,46,Indore,Central,Occasional,2023-11-17
3292,Balveer,Datta,cust3292_hotmail.com,+91 814425366,Female,40,Kochi,South,Occasional,2023-02-10
3293,Ekapad,Narang,cust3293_yahoo.com,+91 842843711,Male,15,Hyderabad,South,Occasional,2024-06-25
3294,Sathvik,Jaggi,cust3294_yahoo.com,+91 993645607,Female,30,Ahmedabad,West,Occasional,2023-12-24
3295,Panini,Madan,cust3295_gmail.com,+91 964646227,Other,18,Lucknow,North,Occasional,2023-09-11
3296,Isha,Bala,cust3296_gmail.com,+91 785920280,Male,42,Pune,West,Occasional,2023-12-04
3297,Jatin,Prashad,cust3297_gmail.com,+91 873896620,Female,18,Patna,East,Occasional,2024-11-13
3298,Sathvik,Rai,cust3298_gmail.com,+91 749114969,Other,20,Nagpur,Central,Occasional,2024-11-20
3299,Reva,Rastogi,cust3299_gmail.com,+91 969887850,Female,15,Kolkata,East,VIP,2024-11-25
3300,Lajita,Dash,cust3300_gmail.com,+91 836631618,Male,35,New Delhi,North,Regular,2023-11-16
3301,Yashawini,Varty,cust3301_gmail.com,+91 873389349,Other,40,Patna,East,Occasional,2023-09-30
3302,Shaurya,Dara,cust3302_yahoo.com,+91 945207315,Other,21,Bangalore,South,Occasional,2023-09-11
3303,Ishita,Nadig,cust3303_yahoo.com,+91 777324246,Female,21,Surat,West,Regular,2026-02-24
3304,Shivansh,Chana,cust3304_hotmail.com,+91 794654752,Female,31,Lucknow,North,Occasional,2023-10-24
3305,Vanya,Kumer,cust3305_hotmail.com,+91 723188696,Other,56,Chennai,South,VIP,2024-07-13
3306,Tanmayi,Babu,cust3306_gmail.com,+91 783400270,Other,57,Ahmedabad,West,Occasional,2023-06-23
3307,Osha,Ratta,cust3307_gmail.com,+91 967736739,Female,52,Jaipur,North,VIP,2024-08-13
3308,Jalsa,Mukherjee,cust3308_gmail.com,+91 979826558,Male,58,Hyderabad,South,Regular,2024-07-04
3309,Charita,Karnik,cust3309_hotmail.com,+91 790496951,Female,25,Guwahati,East,Occasional,2024-11-05
3310,Madhavi,Sinha,cust3310_gmail.com,+91 749117763,Male,28,Nagpur,Central,Occasional,2023-05-12
3311,Ekiya,Bath,cust3311_gmail.com,+91 846397785,Other,59,Patna,East,Occasional,2024-03-02
3312,Peter,Andra,cust3312_gmail.com,+91 762344264,Other,59,New Delhi,North,Occasional,2024-01-22
3313,Nachiket,Dey,cust3313_hotmail.com,+91 733494870,Other,39,Kochi,South,Regular,2025-03-16
3314,Balvan,Bhat,cust3314_hotmail.com,+91 754416672,Female,20,Bangalore,South,Occasional,2024-12-30
3315,Shaurya,Memon,cust3315_yahoo.com,+91 719932581,Male,47,Jaipur,North,Regular,2026-05-31
3316,Oeshi,Dugar,cust3316_yahoo.com,+91 867605173,Female,52,Surat,West,Regular,2025-08-17
3317,Owen,Venkataraman,cust3317_gmail.com,+91 717259643,Male,43,Bhopal,Central,Regular,2023-09-25
3318,Pratyush,Patla,cust3318_gmail.com,+91 874739870,Male,26,Bhubaneswar,East,Regular,2026-02-26
3319,Nicholas,Balan,cust3319_yahoo.com,+91 758548600,Female,48,Jaipur,North,Regular,2026-05-06
3320,Damini,Raval,cust3320_hotmail.com,+91 970778279,Female,39,Bhopal,Central,Regular,2023-11-14
3321,Alka,Nagi,cust3321_gmail.com,+91 846690961,Male,41,Kolkata,East,Regular,2024-08-02
3322,Atharv,Narula,cust3322_gmail.com,+91 949423334,Male,43,Ahmedabad,West,Regular,2026-05-01
3323,Bakhshi,Dhawan,cust3323_yahoo.com,+91 948926404,Female,58,Chennai,South,Occasional,2024-12-31
3324,Krishna,Vohra,cust3324_gmail.com,+91 763770963,Female,53,Bhopal,Central,Occasional,2023-03-14
3325,Harish,Aurora,cust3325_yahoo.com,+91 823880205,Other,22,New Delhi,North,Regular,2023-09-03
3326,George,Saini,cust3326_gmail.com,+91 779985452,Male,19,Guwahati,East,Regular,2023-12-12
3327,Vamakshi,Shetty,cust3327_yahoo.com,+91 873137764,Other,38,Bhubaneswar,East,VIP,2023-06-24
3328,Ria,Desai,cust3328_hotmail.com,+91 935616852,Other,28,Kolkata,East,New,2025-04-13
3329,Aadi,Mukhopadhyay,cust3329_yahoo.com,+91 851819161,Female,26,Bhopal,Central,Occasional,2025-09-16
3330,Aarini,Dave,cust3330_yahoo.com,+91 790406864,Male,37,Surat,West,Regular,2024-12-30
3331,Jasmit,Char,cust3331_yahoo.com,+91 929350407,Other,54,Hyderabad,South,New,2025-10-16
3332,Rohan,Dass,cust3332_gmail.com,+91 867154447,Female,19,Pune,West,Regular,2025-02-04
3333,Kai,Dhar,cust3333_gmail.com,+91 927512296,Other,49,Surat,West,Occasional,2025-03-10
3334,Fitan,Chandran,cust3334_hotmail.com,+91 928575190,Female,39,Hyderabad,South,Regular,2025-10-21
3335,Barkha,Cheema,cust3335_gmail.com,+91 998623747,Male,39,Raipur,Central,Occasional,2024-09-19
3336,Zashil,Goyal,cust3336_hotmail.com,+91 833320747,Female,45,Bhubaneswar,East,VIP,2023-12-18
3337,Charvi,Narasimhan,cust3337_hotmail.com,+91 870673875,Other,43,Nagpur,Central,Occasional,2025-10-21
3338,Zinal,Varughese,cust3338_hotmail.com,+91 783988293,Other,22,Kochi,South,Occasional,2024-12-18
3339,Karan,Narang,cust3339_yahoo.com,+91 945192890,Other,60,Hyderabad,South,New,2024-02-19
3340,Maanav,Banerjee,cust3340_hotmail.com,+91 910987882,Other,40,Hyderabad,South,Regular,2024-08-05
3341,Lekha,Bava,cust3341_gmail.com,+91 774469381,Other,36,Chennai,South,Regular,2026-05-27
3342,Akshay,Dhar,cust3342_hotmail.com,+91 977344187,Female,31,Jaipur,North,Occasional,2023-10-10
3343,Wazir,Edwin,cust3343_yahoo.com,+91 838128307,Female,25,Jaipur,North,Occasional,2023-02-22
3344,Advay,Srivastava,cust3344_yahoo.com,+91 895410991,Male,54,Guwahati,East,VIP,2024-05-16
3345,Raghav,Ravi,cust3345_yahoo.com,+91 822536948,Female,47,Guwahati,East,Occasional,2024-06-18
3346,Sudiksha,Lall,cust3346_hotmail.com,+91 728898856,Male,38,Patna,East,VIP,2023-11-30
3347,Jacob,Mammen,cust3347_hotmail.com,+91 878421495,Other,33,Patna,East,New,2024-11-14
3348,Yoshita,Nazareth,cust3348_yahoo.com,+91 816801796,Female,48,Chennai,South,Occasional,2026-04-08
3349,Aadhya,Om,cust3349_yahoo.com,+91 783274971,Male,38,Bhopal,Central,Occasional,2023-10-17
3350,Tanmayi,Char,cust3350_hotmail.com,+91 895318502,Female,28,Chennai,South,VIP,2026-04-14
3351,Zilmil,Lall,cust3351_gmail.com,+91 947496142,Male,21,Hyderabad,South,Regular,2024-06-15
3352,Jasmit,Sandhu,cust3352_hotmail.com,+91 740312817,Other,40,Patna,East,Regular,2026-04-29
3353,Jonathan,Chandra,cust3353_gmail.com,+91 846684182,Other,55,Lucknow,North,Regular,2023-02-09
3354,Indrajit,Dara,cust3354_hotmail.com,+91 938979796,Other,17,Chennai,South,Regular,2024-12-11
3355,Chakrika,Date,cust3355_yahoo.com,+91 922497521,Other,30,New Delhi,North,Occasional,2026-01-12
3356,Sneha,Sarin,cust3356_hotmail.com,+91 945471957,Male,35,Patna,East,Regular,2024-04-21
3357,Yamini,Gopal,cust3357_yahoo.com,+91 952564730,Other,39,Mumbai,West,Regular,2023-05-09
3358,Robert,Dhar,cust3358_hotmail.com,+91 791101623,Male,34,Nagpur,Central,Occasional,2025-03-04
3359,Anay,Issac,cust3359_hotmail.com,+91 963865144,Female,57,New Delhi,North,Occasional,2023-12-11
3360,Irya,Vora,cust3360_hotmail.com,+91 863705118,Male,55,Kochi,South,Regular,2026-03-02
3361,Max,Wali,cust3361_hotmail.com,+91 991739208,Male,39,Ahmedabad,West,New,2026-04-26
3362,Janani,Zacharia,cust3362_gmail.com,+91 713526498,Female,55,Chennai,South,Regular,2023-03-15
3363,Ojas,Prasad,cust3363_gmail.com,+91 838968947,Female,24,Nagpur,Central,New,2025-12-13
3364,Noah,Kara,cust3364_hotmail.com,+91 797380256,Male,28,Bhubaneswar,East,Occasional,2023-06-05
3365,Panini,Jain,cust3365_yahoo.com,+91 842967955,Female,15,Bhopal,Central,Regular,2023-08-25
3366,Nandini,Minhas,cust3366_yahoo.com,+91 831731628,Other,38,New Delhi,North,VIP,2023-03-17
3367,Oviya,Soni,cust3367_yahoo.com,+91 913960535,Female,42,Bangalore,South,Regular,2025-03-21
3368,Laban,Mital,cust3368_gmail.com,+91 794303894,Male,22,Ahmedabad,West,Regular,2024-05-15
3369,Zayan,Muni,cust3369_gmail.com,+91 950465361,Female,19,Lucknow,North,Regular,2023-04-27
3370,Ekalinga,Bhargava,cust3370_yahoo.com,+91 932260105,Female,26,Bhopal,Central,Occasional,2026-02-13
3371,Maanas,Srivastava,cust3371_gmail.com,+91 933148621,Female,52,Indore,Central,New,2023-08-06
3372,Xavier,Raman,cust3372_gmail.com,+91 860660103,Male,22,Pune,West,New,2026-04-02
3373,Oni,Raman,cust3373_hotmail.com,+91 831442146,Other,35,Kochi,South,Occasional,2025-09-30
3374,Yuvraj,Palla,cust3374_gmail.com,+91 745867714,Other,19,Patna,East,Regular,2023-10-28
3375,Anya,Dey,cust3375_yahoo.com,+91 741937804,Male,25,Nagpur,Central,Regular,2023-12-18
3376,Max,Jha,cust3376_yahoo.com,+91 960933255,Female,30,Kochi,South,Occasional,2023-07-11
3377,Anya,Narang,cust3377_gmail.com,+91 796959337,Female,45,Nagpur,Central,Occasional,2023-08-10
3378,Jacob,Verma,cust3378_yahoo.com,+91 984706372,Male,24,Ahmedabad,West,Occasional,2025-09-16
3379,Harshil,Sinha,cust3379_gmail.com,+91 912295330,Other,16,Nagpur,Central,Occasional,2025-03-25
3380,Raksha,Misra,cust3380_gmail.com,+91 962771351,Female,23,Mumbai,West,Occasional,2025-10-22
3381,Suhani,Dube,cust3381_gmail.com,+91 817872949,Male,32,Lucknow,North,New,2025-04-20
3382,Harita,Magar,cust3382_gmail.com,+91 752698128,Other,35,Raipur,Central,Regular,2026-03-17
3383,Aadhya,Chowdhury,cust3383_hotmail.com,+91 831207160,Female,54,Hyderabad,South,VIP,2024-08-15
3384,Pooja,Ganguly,cust3384_hotmail.com,+91 883807337,Female,51,Ahmedabad,West,Regular,2024-12-25
3385,Vidhi,Manne,cust3385_gmail.com,+91 842974831,Male,15,Chandigarh,North,VIP,2025-12-10
3386,Harshil,Chakrabarti,cust3386_hotmail.com,+91 996616804,Female,32,Ahmedabad,West,New,2025-03-23
3387,Janani,Khurana,cust3387_hotmail.com,+91 972872313,Female,45,Raipur,Central,Regular,2025-07-26
3388,Rachana,Sama,cust3388_gmail.com,+91 810553238,Female,29,Surat,West,Regular,2025-02-07
3389,Henry,Mammen,cust3389_hotmail.com,+91 823251106,Female,50,Lucknow,North,Regular,2025-09-18
3390,Anya,Krishnamurthy,cust3390_hotmail.com,+91 986315613,Female,55,Jaipur,North,Regular,2026-02-11
3391,Falguni,Saini,cust3391_hotmail.com,+91 837694352,Male,38,Chennai,South,Regular,2025-02-27
3392,Ishanvi,Chacko,cust3392_gmail.com,+91 952594551,Female,38,Jaipur,North,Regular,2024-01-26
3393,Vedika,Kibe,cust3393_hotmail.com,+91 881152322,Other,57,Guwahati,East,Occasional,2023-06-07
3394,Timothy,Saraf,cust3394_hotmail.com,+91 876171570,Female,35,Patna,East,Regular,2025-02-07
3395,Hemang,Sura,cust3395_hotmail.com,+91 841599494,Male,32,Indore,Central,Regular,2024-02-17
3396,Keya,Venkataraman,cust3396_hotmail.com,+91 711314739,Other,37,Bhopal,Central,Regular,2025-07-31
3397,Brijesh,Chokshi,cust3397_hotmail.com,+91 960142634,Other,56,Pune,West,Occasional,2024-08-17
3398,Guneet,Chandran,cust3398_gmail.com,+91 981956579,Male,30,Pune,West,Regular,2026-05-17
3399,William,Patel,cust3399_hotmail.com,+91 889929716,Male,46,New Delhi,North,Occasional,2026-04-01
3400,Oviya,Ramesh,cust3400_hotmail.com,+91 872306788,Female,56,Surat,West,Regular,2025-11-10
3401,Balveer,Palan,cust3401_hotmail.com,+91 988140689,Female,41,Kolkata,East,Regular,2026-03-02
3402,Ria,Sharma,cust3402_hotmail.com,+91 853688590,Female,43,Lucknow,North,Regular,2026-05-09
3403,Baljiwan,Rastogi,cust3403_hotmail.com,+91 935891803,Male,31,Kolkata,East,VIP,2025-03-23
3404,Rachana,Bal,cust3404_gmail.com,+91 984198152,Female,48,Patna,East,New,2026-03-02
3405,Pratyush,Bajwa,cust3405_hotmail.com,+91 996608421,Male,42,Lucknow,North,Occasional,2025-05-30
3406,Hardik,Master,cust3406_yahoo.com,+91 830924206,Male,58,Pune,West,Occasional,2024-05-26
3407,Ayush,Shan,cust3407_yahoo.com,+91 818793836,Other,42,Raipur,Central,New,2026-05-30
3408,Hemangini,Pandey,cust3408_gmail.com,+91 874573285,Female,29,Indore,Central,Regular,2024-07-11
3409,Sanaya,Batta,cust3409_yahoo.com,+91 743650979,Male,36,Mumbai,West,Regular,2024-03-05
3410,Adya,Dyal,cust3410_gmail.com,+91 728494435,Female,45,Raipur,Central,Occasional,2024-12-12
3411,Ekanta,Rattan,cust3411_yahoo.com,+91 785960220,Other,25,Indore,Central,Occasional,2025-05-17
3412,Orinder,Tata,cust3412_gmail.com,+91 743691789,Other,52,Nagpur,Central,VIP,2026-04-28
3413,Indira,Yohannan,cust3413_hotmail.com,+91 947202836,Other,59,Kolkata,East,Regular,2024-06-02
3414,Edhitha,Mohan,cust3414_gmail.com,+91 769830332,Female,18,Nagpur,Central,Occasional,2023-12-20
3415,Gautam,Ravi,cust3415_yahoo.com,+91 836226642,Female,35,Pune,West,Regular,2026-01-26
3416,Widisha,Grewal,cust3416_yahoo.com,+91 825545869,Male,54,Guwahati,East,Occasional,2025-08-23
3417,Alka,Sunder,cust3417_yahoo.com,+91 949102104,Female,18,Mumbai,West,Occasional,2023-11-11
3418,Raksha,Pathak,cust3418_gmail.com,+91 862146252,Female,30,Mumbai,West,Occasional,2024-06-07
3419,Ekantika,Babu,cust3419_gmail.com,+91 849894141,Other,43,New Delhi,North,Occasional,2023-09-19
3420,Dayita,Toor,cust3420_hotmail.com,+91 962636858,Male,25,Raipur,Central,Regular,2023-10-22
3421,Chaman,Yohannan,cust3421_gmail.com,+91 829564311,Other,32,Nagpur,Central,Regular,2025-09-24
3422,Faqid,Issac,cust3422_gmail.com,+91 986252984,Other,38,Raipur,Central,Regular,2024-09-10
3423,Nidhi,Lall,cust3423_gmail.com,+91 762517746,Other,35,Raipur,Central,New,2023-05-21
3424,Harini,Walia,cust3424_yahoo.com,+91 881819783,Other,30,Bhubaneswar,East,New,2026-01-17
3425,Kiaan,Rajan,cust3425_gmail.com,+91 951292701,Male,59,Kolkata,East,Regular,2024-09-08
3426,Chaaya,Butala,cust3426_yahoo.com,+91 973570223,Female,50,Indore,Central,Regular,2026-02-17
3427,Saanvi,Baria,cust3427_gmail.com,+91 770396329,Other,59,Kolkata,East,VIP,2023-12-16
3428,Mohammed,Mahal,cust3428_gmail.com,+91 817147400,Female,22,Jaipur,North,Regular,2025-05-01
3429,Udarsh,Kanda,cust3429_gmail.com,+91 873576460,Other,24,Chandigarh,North,Regular,2025-02-07
3430,Ria,Kalita,cust3430_gmail.com,+91 767689823,Male,59,Chandigarh,North,Regular,2023-12-17
3431,Chaman,Kohli,cust3431_gmail.com,+91 951109520,Male,33,Guwahati,East,Regular,2023-01-20
3432,Vasudha,Sarna,cust3432_yahoo.com,+91 987124804,Other,33,Patna,East,Regular,2025-08-09
3433,Rehaan,Sachar,cust3433_gmail.com,+91 962572507,Female,23,Indore,Central,New,2025-05-14
3434,Mugdha,Ram,cust3434_hotmail.com,+91 754419352,Male,19,Kochi,South,Regular,2025-03-16
3435,Januja,Lall,cust3435_yahoo.com,+91 949531379,Female,45,Bangalore,South,Regular,2024-02-11
3436,Janya,Keer,cust3436_yahoo.com,+91 869624261,Female,56,Kolkata,East,VIP,2024-07-29
3437,Ishanvi,Bose,cust3437_hotmail.com,+91 760810210,Other,35,Kochi,South,Occasional,2025-04-19
3438,Ekanta,Koshy,cust3438_hotmail.com,+91 760166343,Other,31,Mumbai,West,VIP,2023-07-28
3439,Kabir,Char,cust3439_hotmail.com,+91 727258911,Male,58,Raipur,Central,VIP,2025-06-18
3440,Vamakshi,Wason,cust3440_yahoo.com,+91 861430393,Female,56,Guwahati,East,VIP,2026-01-05
3441,Vedant,Pall,cust3441_hotmail.com,+91 790767216,Female,59,Hyderabad,South,New,2023-06-12
3442,Udarsh,Shroff,cust3442_yahoo.com,+91 838818270,Male,47,Nagpur,Central,Occasional,2025-12-26
3443,Chatresh,Sharma,cust3443_hotmail.com,+91 911474667,Other,19,Chandigarh,North,Regular,2025-06-11
3444,Widisha,Sarin,cust3444_gmail.com,+91 838291218,Female,29,Indore,Central,Regular,2024-11-11
3445,Anthony,Sen,cust3445_hotmail.com,+91 852952481,Female,23,Guwahati,East,Regular,2023-09-24
3446,Dakshesh,Palan,cust3446_yahoo.com,+91 811852456,Male,57,Mumbai,West,Regular,2025-10-07
3447,Manbir,Bhatt,cust3447_hotmail.com,+91 789482136,Female,50,Kolkata,East,Regular,2026-01-02
3448,Dhruv,Majumdar,cust3448_hotmail.com,+91 726890295,Female,36,Bhubaneswar,East,New,2024-07-04
3449,Ayaan,Swaminathan,cust3449_yahoo.com,+91 750674506,Other,53,Raipur,Central,Regular,2024-01-27
3450,Kiaan,Randhawa,cust3450_gmail.com,+91 813135492,Female,56,Patna,East,Regular,2025-12-29
3451,Siya,Mukherjee,cust3451_hotmail.com,+91 771919879,Female,52,Mumbai,West,New,2025-10-25
3452,Daksha,Narayanan,cust3452_gmail.com,+91 935586998,Male,48,Bhubaneswar,East,Regular,2025-12-19
3453,Yashoda,Ray,cust3453_gmail.com,+91 768921302,Male,32,Pune,West,Occasional,2025-06-04
3454,Divya,Ahuja,cust3454_hotmail.com,+91 912785167,Other,54,Ahmedabad,West,New,2026-04-05
3455,Ishita,Dar,cust3455_gmail.com,+91 744526881,Male,20,Patna,East,Regular,2023-03-24
3456,Devansh,Wagle,cust3456_yahoo.com,+91 799923541,Female,36,Kolkata,East,Regular,2025-08-11
3457,Neel,Hayer,cust3457_gmail.com,+91 867140859,Other,58,Hyderabad,South,Occasional,2026-02-08
3458,Praneel,Golla,cust3458_gmail.com,+91 998210271,Female,52,New Delhi,North,Occasional,2025-07-23
3459,Warda,Dar,cust3459_yahoo.com,+91 986774357,Male,30,Lucknow,North,Regular,2025-10-05
3460,Girindra,Raval,cust3460_hotmail.com,+91 875212599,Male,53,Mumbai,West,Regular,2023-05-19
3461,Lila,Reddy,cust3461_yahoo.com,+91 979925706,Female,53,New Delhi,North,New,2025-12-24
3462,Urvi,Devi,cust3462_yahoo.com,+91 744116297,Other,28,Mumbai,West,Regular,2025-12-17
3463,Gopal,Mukhopadhyay,cust3463_yahoo.com,+91 924811839,Male,18,Lucknow,North,Regular,2023-10-12
3464,Qushi,Krishnan,cust3464_yahoo.com,+91 994542929,Other,52,Chennai,South,Occasional,2023-10-03
3465,Qarin,Lad,cust3465_yahoo.com,+91 722520818,Male,41,Bangalore,South,Occasional,2023-05-21
3466,Utkarsh,Panchal,cust3466_hotmail.com,+91 919264397,Male,42,Kolkata,East,New,2023-11-08
3467,Finn,Nori,cust3467_yahoo.com,+91 924252822,Male,58,Bhubaneswar,East,Occasional,2025-09-10
3468,Girindra,Viswanathan,cust3468_yahoo.com,+91 716568937,Female,32,Pune,West,Occasional,2026-03-13
3469,Darsh,Bhargava,cust3469_hotmail.com,+91 951713176,Other,26,Nagpur,Central,Regular,2023-02-01
3470,Girish,Ganguly,cust3470_gmail.com,+91 738180841,Male,31,Bhopal,Central,Occasional,2024-08-02
3471,Advik,Agrawal,cust3471_yahoo.com,+91 873832992,Other,22,Surat,West,Occasional,2025-04-01
3472,Damini,Bala,cust3472_hotmail.com,+91 990198316,Female,16,Bhubaneswar,East,Regular,2024-08-20
3473,Kavya,Boase,cust3473_gmail.com,+91 840613683,Male,58,Nagpur,Central,Occasional,2025-05-25
3474,Wishi,Gopal,cust3474_hotmail.com,+91 855140641,Female,39,Mumbai,West,Regular,2023-10-20
3475,Hemani,Chatterjee,cust3475_hotmail.com,+91 726967331,Male,16,Nagpur,Central,Regular,2023-12-06
3476,Kavya,Goel,cust3476_yahoo.com,+91 972494360,Other,21,Chennai,South,New,2023-08-29
3477,Peter,Tripathi,cust3477_gmail.com,+91 982472934,Male,38,Kolkata,East,Regular,2026-01-02
3478,Azaan,Barad,cust3478_hotmail.com,+91 911804430,Male,47,Surat,West,Regular,2024-11-22
3479,Jai,Muni,cust3479_yahoo.com,+91 938477377,Male,55,Chennai,South,Occasional,2026-05-17
3480,Ikshita,Gole,cust3480_hotmail.com,+91 970627643,Other,37,Pune,West,Occasional,2023-06-17
3481,Oliver,Chaudhry,cust3481_yahoo.com,+91 711543726,Other,39,Indore,Central,Regular,2025-03-16
3482,Mohammed,Nazareth,cust3482_yahoo.com,+91 895712524,Male,24,Bhopal,Central,New,2023-10-28
3483,Lopa,Sem,cust3483_gmail.com,+91 763651341,Male,20,Patna,East,Occasional,2025-10-19
3484,Dominic,Nigam,cust3484_gmail.com,+91 825645310,Male,54,Bhubaneswar,East,Occasional,2025-11-04
3485,Lohit,Khatri,cust3485_yahoo.com,+91 881940866,Other,17,Ahmedabad,West,Regular,2024-07-22
3486,Netra,Barman,cust3486_yahoo.com,+91 873182794,Male,16,Bangalore,South,Regular,2023-10-20
3487,Varsha,Chaudhary,cust3487_hotmail.com,+91 727866495,Female,57,Nagpur,Central,Occasional,2023-04-02
3488,Ekani,Vyas,cust3488_hotmail.com,+91 756782318,Female,32,Ahmedabad,West,Regular,2023-05-22
3489,Meera,Iyer,cust3489_yahoo.com,+91 713860322,Other,26,Pune,West,New,2025-06-12
3490,Krishna,Sem,cust3490_gmail.com,+91 964579977,Other,51,Chandigarh,North,Occasional,2024-05-12
3491,Pooja,Raval,cust3491_yahoo.com,+91 842581593,Other,56,Guwahati,East,Occasional,2024-03-31
3492,Fitan,Swaminathan,cust3492_gmail.com,+91 917402101,Male,50,New Delhi,North,Regular,2024-08-08
3493,Hemang,Nagy,cust3493_hotmail.com,+91 881277503,Other,16,Pune,West,Occasional,2025-02-02
3494,Lopa,Mohan,cust3494_yahoo.com,+91 970904735,Female,37,Raipur,Central,Occasional,2025-01-22
3495,Bhavna,Bhakta,cust3495_hotmail.com,+91 751316705,Male,29,Chennai,South,New,2026-05-06
3496,Raghav,Chakraborty,cust3496_yahoo.com,+91 756882604,Female,45,Hyderabad,South,Regular,2023-03-06
3497,Oscar,Murthy,cust3497_hotmail.com,+91 856556790,Female,36,Kochi,South,VIP,2025-07-01
3498,Ayaan,Batta,cust3498_yahoo.com,+91 722388638,Male,34,Lucknow,North,Regular,2023-03-16
3499,Raghav,Pandey,cust3499_hotmail.com,+91 834643335,Other,52,Jaipur,North,Occasional,2024-08-20
3500,Radha,Trivedi,cust3500_hotmail.com,+91 948280930,Other,16,Raipur,Central,Occasional,2023-03-23
3501,Yashoda,Prabhakar,cust3501_hotmail.com,+91 990808701,Female,50,Surat,West,Regular,2023-10-04
3502,Chaitanya,Kala,cust3502_gmail.com,+91 817492690,Female,59,Nagpur,Central,New,2025-12-22
3503,Quincy,Kant,cust3503_hotmail.com,+91 840233760,Other,55,Hyderabad,South,VIP,2024-12-11
3504,Elijah,Jani,cust3504_yahoo.com,+91 763829781,Female,60,Ahmedabad,West,Occasional,2024-05-12
3505,Alexander,Bath,cust3505_yahoo.com,+91 966760563,Female,48,Nagpur,Central,Occasional,2023-11-18
3506,Jackson,Mannan,cust3506_gmail.com,+91 963864180,Male,29,Chandigarh,North,New,2023-11-17
3507,Ganga,Goel,cust3507_yahoo.com,+91 884238821,Other,19,Ahmedabad,West,Regular,2024-01-09
3508,Kamya,Ratti,cust3508_gmail.com,+91 832335747,Other,36,Nagpur,Central,New,2023-12-21
3509,Lucky,Koshy,cust3509_hotmail.com,+91 868318606,Other,46,New Delhi,North,Occasional,2023-08-31
3510,Aarna,Sami,cust3510_hotmail.com,+91 774900697,Other,39,Kochi,South,New,2025-11-04
3511,Dayita,Jayaraman,cust3511_hotmail.com,+91 973795575,Other,51,Ahmedabad,West,Regular,2025-06-05
3512,Anjali,Rout,cust3512_hotmail.com,+91 715663835,Male,56,Patna,East,Regular,2026-02-18
3513,Ojasvi,Sachdev,cust3513_yahoo.com,+91 832616936,Other,41,New Delhi,North,Occasional,2023-01-16
3514,Ranveer,Sura,cust3514_yahoo.com,+91 750187429,Female,46,Indore,Central,Regular,2024-03-07
3515,Advaith,Rana,cust3515_gmail.com,+91 915678816,Female,40,Mumbai,West,Regular,2025-07-21
3516,Saumya,Dave,cust3516_hotmail.com,+91 943746461,Male,47,New Delhi,North,Occasional,2025-12-17
3517,Udant,Bobal,cust3517_hotmail.com,+91 932595978,Male,58,Chennai,South,New,2025-12-07
3518,Jack,Dutt,cust3518_yahoo.com,+91 894231734,Female,34,Surat,West,Occasional,2023-06-27
3519,Qadim,Yadav,cust3519_yahoo.com,+91 768227700,Female,44,Bangalore,South,Regular,2023-04-14
3520,Aahana,Rao,cust3520_yahoo.com,+91 937985362,Male,28,Mumbai,West,Occasional,2023-09-17
3521,Bhavini,Mane,cust3521_hotmail.com,+91 869482791,Male,43,Chennai,South,Occasional,2025-04-13
3522,Ikbal,Dar,cust3522_yahoo.com,+91 826497918,Male,36,Guwahati,East,Occasional,2024-02-11
3523,Gabriel,Tank,cust3523_gmail.com,+91 795171109,Male,34,Bhubaneswar,East,Occasional,2023-11-10
3524,Zarna,Banik,cust3524_yahoo.com,+91 742101581,Other,45,Raipur,Central,VIP,2023-07-17
3525,Ikbal,Choudhury,cust3525_gmail.com,+91 794690710,Female,17,Bangalore,South,Regular,2025-01-13
3526,Lipika,Gour,cust3526_gmail.com,+91 962718881,Female,46,Surat,West,Occasional,2023-03-01
3527,Ekansh,Khurana,cust3527_yahoo.com,+91 921570222,Male,25,Surat,West,Regular,2026-03-30
3528,Kamala,Sarma,cust3528_hotmail.com,+91 874772929,Female,30,Chennai,South,Occasional,2025-08-13
3529,Riya,Barman,cust3529_hotmail.com,+91 835496967,Male,51,Jaipur,North,Regular,2023-08-10
3530,Ranbir,Kade,cust3530_hotmail.com,+91 967845853,Female,39,Chennai,South,Regular,2025-02-21
3531,Caleb,Atwal,cust3531_gmail.com,+91 921864156,Female,57,Mumbai,West,Regular,2024-05-08
3532,Zashil,Gill,cust3532_yahoo.com,+91 948931572,Other,39,Bhopal,Central,Regular,2024-06-14
3533,Sai,Bhalla,cust3533_yahoo.com,+91 958190366,Male,54,Kolkata,East,Occasional,2024-12-18
3534,Michael,Manne,cust3534_hotmail.com,+91 895342209,Other,51,Bhopal,Central,Regular,2024-08-13
3535,Umang,Gour,cust3535_hotmail.com,+91 948361328,Female,52,Bhubaneswar,East,New,2023-04-09
3536,Gautami,Sarna,cust3536_gmail.com,+91 987956444,Male,40,Lucknow,North,New,2023-10-29
3537,Ekaraj,Korpal,cust3537_hotmail.com,+91 793503305,Male,39,Patna,East,Regular,2024-11-15
3538,Bhavna,Dyal,cust3538_gmail.com,+91 919498365,Female,18,New Delhi,North,Regular,2025-04-01
3539,Eesha,Bhandari,cust3539_gmail.com,+91 923192309,Female,56,Kolkata,East,Regular,2025-04-29
3540,Dhruv,Rout,cust3540_hotmail.com,+91 995746352,Other,53,Kochi,South,Regular,2025-11-29
3541,Anay,Gara,cust3541_hotmail.com,+91 786424694,Other,49,Kochi,South,Regular,2025-04-09
3542,Kamala,Barad,cust3542_gmail.com,+91 752469405,Other,48,Guwahati,East,Occasional,2024-05-14
3543,Vivaan,Ahuja,cust3543_yahoo.com,+91 798701719,Male,39,Chandigarh,North,Occasional,2023-06-11
3544,Dalbir,Ram,cust3544_hotmail.com,+91 880287941,Female,45,Indore,Central,VIP,2023-01-06
3545,Udarsh,Banik,cust3545_hotmail.com,+91 923317231,Male,40,Hyderabad,South,Occasional,2023-07-05
3546,Ethan,Bahri,cust3546_hotmail.com,+91 812260165,Female,30,Kochi,South,Regular,2025-04-27
3547,Libni,Mandal,cust3547_hotmail.com,+91 873593185,Male,59,Nagpur,Central,Regular,2025-01-10
3548,Lila,Sengupta,cust3548_hotmail.com,+91 832817740,Other,56,Indore,Central,Regular,2025-08-14
3549,Vritti,Krishna,cust3549_yahoo.com,+91 770546782,Female,38,Nagpur,Central,Regular,2024-01-05
3550,Suhani,Srinivas,cust3550_gmail.com,+91 798477470,Male,23,Bhopal,Central,Occasional,2025-09-16
3551,Jagvi,Kapur,cust3551_gmail.com,+91 765299105,Other,57,Surat,West,Regular,2024-12-06
3552,Owen,Rama,cust3552_yahoo.com,+91 740465247,Other,49,Hyderabad,South,New,2024-03-21
3553,Jhalak,Bail,cust3553_yahoo.com,+91 834459922,Male,53,Raipur,Central,Occasional,2023-09-07
3554,Maanas,Basak,cust3554_yahoo.com,+91 877780417,Male,46,Surat,West,Regular,2024-04-10
3555,Utkarsh,Ratti,cust3555_gmail.com,+91 768800254,Female,48,Ahmedabad,West,Regular,2024-09-29
3556,Ira,Joshi,cust3556_yahoo.com,+91 897150638,Other,49,New Delhi,North,VIP,2025-08-31
3557,Omisha,Sharma,cust3557_hotmail.com,+91 849938459,Female,16,Raipur,Central,Occasional,2024-10-16
3558,Sachi,Rama,cust3558_yahoo.com,+91 750642110,Other,21,Mumbai,West,VIP,2024-12-03
3559,Geetika,Nanda,cust3559_hotmail.com,+91 972923366,Female,31,Raipur,Central,Regular,2024-07-18
3560,Kiaan,Wagle,cust3560_gmail.com,+91 980537485,Female,27,Jaipur,North,Occasional,2024-09-11
3561,Teerth,Halder,cust3561_hotmail.com,+91 738339407,Female,43,Surat,West,Regular,2024-01-18
3562,Januja,Sheth,cust3562_hotmail.com,+91 771691981,Male,24,Raipur,Central,Regular,2023-10-30
3563,Nilima,Prasad,cust3563_hotmail.com,+91 788176453,Other,15,Patna,East,Regular,2026-04-01
3564,Tanay,Ramaswamy,cust3564_gmail.com,+91 991610350,Male,33,Bhubaneswar,East,New,2024-04-21
3565,Ikbal,Sethi,cust3565_yahoo.com,+91 786396108,Male,35,Lucknow,North,New,2024-12-31
3566,Nitara,Behl,cust3566_gmail.com,+91 763127739,Female,45,Lucknow,North,New,2026-04-18
3567,Geetika,Dugar,cust3567_hotmail.com,+91 919376463,Male,52,Raipur,Central,Regular,2023-12-04
3568,Zansi,Sankaran,cust3568_gmail.com,+91 783645869,Female,35,Kochi,South,Occasional,2024-08-19
3569,Arjun,Jhaveri,cust3569_yahoo.com,+91 872837337,Female,39,Indore,Central,Regular,2024-11-19
3570,Orinder,Mahajan,cust3570_hotmail.com,+91 977458636,Other,43,Kochi,South,Occasional,2025-05-31
3571,Nachiket,Ratti,cust3571_hotmail.com,+91 867219350,Other,22,Nagpur,Central,Occasional,2025-11-23
3572,Rudra,Dora,cust3572_yahoo.com,+91 886499166,Female,42,Nagpur,Central,Regular,2026-04-29
3573,Upadhriti,Korpal,cust3573_hotmail.com,+91 871356588,Male,45,Nagpur,Central,Regular,2024-05-06
3574,Vidhi,Mutti,cust3574_hotmail.com,+91 720245327,Other,47,Kochi,South,Regular,2023-07-22
3575,Balendra,Chatterjee,cust3575_gmail.com,+91 819904977,Female,54,Guwahati,East,Regular,2026-03-31
3576,Ansh,Anand,cust3576_gmail.com,+91 873706991,Female,57,Raipur,Central,Occasional,2023-05-14
3577,Gautam,Munshi,cust3577_yahoo.com,+91 786141754,Other,16,Hyderabad,South,New,2024-05-29
3578,Matthew,Kala,cust3578_yahoo.com,+91 854857216,Female,43,Mumbai,West,Regular,2023-11-12
3579,Janani,Mutti,cust3579_hotmail.com,+91 751846680,Female,19,Ahmedabad,West,Occasional,2023-04-13
3580,Vaishnavi,Nigam,cust3580_hotmail.com,+91 862228980,Male,57,Ahmedabad,West,Occasional,2024-11-24
3581,Bimala,Mitter,cust3581_gmail.com,+91 788339352,Male,18,Kolkata,East,Occasional,2023-09-30
3582,Nathaniel,Doshi,cust3582_gmail.com,+91 757998910,Male,27,Bhubaneswar,East,New,2026-05-31
3583,Jagat,Walia,cust3583_hotmail.com,+91 995654120,Female,51,Surat,West,Regular,2024-10-06
3584,Nathan,Singh,cust3584_hotmail.com,+91 925708513,Other,15,Hyderabad,South,Occasional,2024-09-28
3585,Zaid,Comar,cust3585_hotmail.com,+91 891581616,Other,56,Raipur,Central,New,2024-03-12
3586,Sai,Chatterjee,cust3586_gmail.com,+91 864353148,Male,52,Kochi,South,New,2023-08-16
3587,Lakshmi,Solanki,cust3587_yahoo.com,+91 975842353,Other,42,Patna,East,Occasional,2023-07-30
3588,Onkar,Bahri,cust3588_hotmail.com,+91 894683610,Other,47,Kolkata,East,Occasional,2025-01-10
3589,Janani,Sastry,cust3589_hotmail.com,+91 992399384,Male,38,Mumbai,West,Occasional,2025-12-04
3590,Qabil,Sem,cust3590_gmail.com,+91 830724846,Other,16,Patna,East,Occasional,2025-06-07
3591,Hemangini,Nori,cust3591_gmail.com,+91 733806251,Other,40,Chandigarh,North,Regular,2025-02-02
3592,Ekapad,Goel,cust3592_gmail.com,+91 859343116,Female,36,Patna,East,Occasional,2024-07-28
3593,Charita,Ramesh,cust3593_gmail.com,+91 825169569,Female,43,Lucknow,North,Regular,2025-08-27
3594,Ronith,Nagi,cust3594_yahoo.com,+91 891423666,Male,20,Raipur,Central,Occasional,2023-06-22
3595,Fiyaz,Pant,cust3595_hotmail.com,+91 774787612,Other,34,Raipur,Central,VIP,2026-01-10
3596,Warda,Babu,cust3596_hotmail.com,+91 980925102,Male,38,Ahmedabad,West,Regular,2026-05-26
3597,Omisha,Gara,cust3597_yahoo.com,+91 971245547,Other,48,Bhubaneswar,East,Regular,2025-07-06
3598,Rehaan,Varghese,cust3598_yahoo.com,+91 899124457,Male,20,Nagpur,Central,Occasional,2024-01-28
3599,Arjun,Suri,cust3599_yahoo.com,+91 867286166,Other,23,Chandigarh,North,Occasional,2025-03-19
3600,Charles,Khare,cust3600_hotmail.com,+91 780560900,Other,16,Surat,West,Occasional,2023-09-17
3601,Adya,Sen,cust3601_yahoo.com,+91 838560682,Other,50,Kochi,South,Occasional,2024-04-21
3602,Banjeet,Mahajan,cust3602_hotmail.com,+91 931417186,Other,29,Lucknow,North,Regular,2024-06-08
3603,Tara,Buch,cust3603_yahoo.com,+91 898296679,Male,17,Patna,East,Occasional,2026-03-26
3604,Azad,De,cust3604_hotmail.com,+91 714517672,Other,31,Nagpur,Central,Occasional,2025-05-06
3605,Anirudh,Mittal,cust3605_yahoo.com,+91 925533553,Female,25,Bhopal,Central,Regular,2023-01-17
3606,Upma,Rai,cust3606_yahoo.com,+91 962147508,Female,45,Guwahati,East,Regular,2023-11-07
3607,Anamika,Prashad,cust3607_yahoo.com,+91 751397202,Female,15,Ahmedabad,West,Regular,2023-02-25
3608,Yauvani,Samra,cust3608_yahoo.com,+91 755112400,Other,17,Guwahati,East,Regular,2024-07-23
3609,Hema,Deo,cust3609_yahoo.com,+91 979427925,Male,35,Indore,Central,Occasional,2026-01-03
3610,Advika,Hans,cust3610_yahoo.com,+91 874398874,Female,38,Hyderabad,South,Occasional,2026-01-22
3611,Amara,Chacko,cust3611_yahoo.com,+91 729395216,Other,16,Bangalore,South,Occasional,2024-03-13
3612,Frado,Nagar,cust3612_hotmail.com,+91 848693350,Male,22,Lucknow,North,Regular,2025-11-09
3613,Arin,Dave,cust3613_gmail.com,+91 924188451,Female,55,New Delhi,North,Regular,2023-06-26
3614,Falan,Goel,cust3614_yahoo.com,+91 792391117,Male,60,Guwahati,East,Regular,2024-01-13
3615,Mitesh,Khalsa,cust3615_gmail.com,+91 749443665,Male,34,Mumbai,West,VIP,2023-04-11
3616,Aditya,Arya,cust3616_hotmail.com,+91 971123515,Male,51,Bhopal,Central,Occasional,2023-04-28
3617,Ekavir,Dugal,cust3617_hotmail.com,+91 949738347,Female,36,Chandigarh,North,Regular,2024-06-13
3618,Triveni,Narayanan,cust3618_hotmail.com,+91 793503316,Other,50,Mumbai,West,Regular,2025-08-30
3619,Jairaj,Bhalla,cust3619_hotmail.com,+91 748471433,Male,47,Surat,West,New,2023-06-14
3620,Ryan,Bumb,cust3620_gmail.com,+91 938341457,Male,19,Chandigarh,North,Occasional,2023-08-04
3621,Gavin,Aggarwal,cust3621_yahoo.com,+91 892751992,Female,54,Pune,West,Occasional,2023-05-23
3622,Viraj,Kade,cust3622_gmail.com,+91 795722136,Other,17,Guwahati,East,Occasional,2026-05-14
3623,Fariq,Ram,cust3623_yahoo.com,+91 980118379,Male,59,Ahmedabad,West,New,2026-01-18
3624,Reyansh,Soni,cust3624_gmail.com,+91 931962423,Female,21,Raipur,Central,Regular,2025-08-29
3625,Warhi,Grewal,cust3625_yahoo.com,+91 966152678,Male,52,Raipur,Central,Occasional,2026-01-05
3626,Darsh,Savant,cust3626_gmail.com,+91 811704613,Male,22,Patna,East,New,2024-03-23
3627,Abeer,Buch,cust3627_gmail.com,+91 739978741,Male,49,Kolkata,East,Regular,2025-02-27
3628,Adya,Dhawan,cust3628_hotmail.com,+91 780198473,Other,18,Indore,Central,Regular,2023-11-04
3629,Ranbir,Dasgupta,cust3629_hotmail.com,+91 859257478,Female,43,Ahmedabad,West,Regular,2025-06-12
3630,Faqid,Guha,cust3630_gmail.com,+91 823230551,Male,40,Chennai,South,Occasional,2026-03-29
3631,Vedant,Gaba,cust3631_yahoo.com,+91 784463610,Male,55,Guwahati,East,Occasional,2024-05-14
3632,Chaman,Sachar,cust3632_hotmail.com,+91 814668161,Female,55,Surat,West,Occasional,2025-09-13
3633,Bhavika,Kamdar,cust3633_yahoo.com,+91 839767325,Male,20,Raipur,Central,Occasional,2025-09-22
3634,Hemani,Khosla,cust3634_hotmail.com,+91 745276491,Female,20,Kolkata,East,Regular,2024-01-25
3635,Zayan,Manda,cust3635_gmail.com,+91 852137968,Male,31,Surat,West,Regular,2023-01-11
3636,David,Bhatnagar,cust3636_yahoo.com,+91 843390453,Male,58,Lucknow,North,Occasional,2023-04-11
3637,Darpan,Sani,cust3637_gmail.com,+91 946845477,Other,31,Kochi,South,Regular,2024-06-18
3638,Sanaya,Arora,cust3638_hotmail.com,+91 969671145,Male,31,Indore,Central,Occasional,2025-11-13
3639,Gaurang,Nagar,cust3639_hotmail.com,+91 787293930,Male,50,Guwahati,East,Occasional,2025-11-13
3640,Janaki,Bhatti,cust3640_hotmail.com,+91 851853268,Other,34,Patna,East,New,2026-04-13
3641,Eiravati,Seshadri,cust3641_yahoo.com,+91 972388775,Male,58,Guwahati,East,Regular,2024-02-12
3642,Varsha,Prabhakar,cust3642_yahoo.com,+91 731545810,Female,22,Bhubaneswar,East,Regular,2026-02-26
3643,Vrinda,Munshi,cust3643_hotmail.com,+91 855449494,Male,20,Chennai,South,Occasional,2024-04-11
3644,Ranveer,Kari,cust3644_hotmail.com,+91 721312646,Other,31,Kochi,South,New,2026-03-03
3645,Brijesh,Pandit,cust3645_yahoo.com,+91 783783460,Male,32,Ahmedabad,West,New,2023-09-22
3646,Triya,Nair,cust3646_yahoo.com,+91 810476511,Female,49,Pune,West,Occasional,2024-12-23
3647,Ucchal,Sethi,cust3647_gmail.com,+91 932813113,Other,43,Lucknow,North,Regular,2024-12-21
3648,Lekha,Saini,cust3648_gmail.com,+91 736414133,Female,59,Jaipur,North,Occasional,2023-08-09
3649,Edhitha,Raj,cust3649_hotmail.com,+91 923850901,Female,30,Bhopal,Central,Regular,2023-08-05
3650,Mugdha,Pau,cust3650_gmail.com,+91 741258999,Female,41,Patna,East,Regular,2023-08-21
3651,Orinder,Dora,cust3651_hotmail.com,+91 865729443,Female,47,Guwahati,East,Occasional,2024-11-05
3652,Teerth,Chandran,cust3652_gmail.com,+91 967755823,Female,44,Lucknow,North,Occasional,2023-10-13
3653,Urmi,Doctor,cust3653_yahoo.com,+91 844721725,Other,27,Bhopal,Central,Occasional,2024-08-30
3654,Rudra,Bains,cust3654_yahoo.com,+91 891606260,Female,40,Kochi,South,Regular,2024-06-08
3655,Nathan,Mitter,cust3655_hotmail.com,+91 839514764,Other,42,Mumbai,West,New,2024-09-01
3656,Vedant,Gupta,cust3656_yahoo.com,+91 734177506,Male,22,Bhopal,Central,New,2024-03-07
3657,Xalak,Sant,cust3657_yahoo.com,+91 886115449,Female,30,Bangalore,South,Regular,2025-07-31
3658,Vinaya,Bhasin,cust3658_yahoo.com,+91 723769426,Male,57,Hyderabad,South,New,2023-09-06
3659,Ekalinga,Naik,cust3659_hotmail.com,+91 861386653,Male,15,New Delhi,North,Regular,2023-06-14
3660,Bimala,Dhaliwal,cust3660_gmail.com,+91 725992711,Other,29,Patna,East,Occasional,2025-01-10
3661,Warda,Kalita,cust3661_yahoo.com,+91 724462382,Male,57,Nagpur,Central,New,2025-03-16
3662,Agastya,Morar,cust3662_hotmail.com,+91 756596351,Other,31,Raipur,Central,Occasional,2025-01-31
3663,Hamsini,Mukhopadhyay,cust3663_hotmail.com,+91 958893536,Male,15,Mumbai,West,Occasional,2023-09-04
3664,Pushti,Dara,cust3664_hotmail.com,+91 855161396,Other,40,Hyderabad,South,VIP,2025-08-18
3665,Baghyawati,Om,cust3665_hotmail.com,+91 728418983,Other,46,Kochi,South,Occasional,2023-07-21
3666,Kabir,Pingle,cust3666_hotmail.com,+91 823753900,Male,50,Bhopal,Central,New,2024-08-02
3667,Dev,Badami,cust3667_yahoo.com,+91 741445144,Other,41,Kochi,South,Regular,2025-01-05
3668,Omisha,Koshy,cust3668_gmail.com,+91 751987591,Male,54,Lucknow,North,New,2024-07-28
3669,Vivaan,Munshi,cust3669_hotmail.com,+91 788636165,Female,17,Kolkata,East,Occasional,2024-05-21
3670,Avni,Oak,cust3670_hotmail.com,+91 833988532,Other,48,Raipur,Central,Regular,2025-01-09
3671,Garima,Hayer,cust3671_gmail.com,+91 763665195,Other,40,Mumbai,West,Occasional,2026-05-18
3672,Veer,Khalsa,cust3672_gmail.com,+91 766331582,Female,27,Bangalore,South,VIP,2024-05-14
3673,Upma,Bahl,cust3673_yahoo.com,+91 784118299,Female,54,Kolkata,East,VIP,2025-01-28
3674,Girish,Rajagopalan,cust3674_gmail.com,+91 895500281,Male,40,Bangalore,South,Occasional,2025-03-04
3675,Ekanta,Bumb,cust3675_hotmail.com,+91 793391604,Other,33,Kolkata,East,Occasional,2025-08-26
3676,Turvi,Lata,cust3676_gmail.com,+91 978963642,Other,54,Surat,West,Regular,2025-02-01
3677,Lopa,Hans,cust3677_yahoo.com,+91 778220438,Female,26,Hyderabad,South,Regular,2024-11-29
3678,Luke,Patla,cust3678_gmail.com,+91 968786795,Male,26,Hyderabad,South,New,2026-01-10
3679,Yatin,Kapoor,cust3679_hotmail.com,+91 747706786,Male,58,Ahmedabad,West,Regular,2025-01-05
3680,Falak,Parekh,cust3680_hotmail.com,+91 840756187,Female,47,Surat,West,Occasional,2023-01-05
3681,Madhav,Mahajan,cust3681_yahoo.com,+91 868659153,Other,18,Ahmedabad,West,Regular,2025-01-19
3682,Dipta,Yadav,cust3682_gmail.com,+91 864321509,Other,41,Bhopal,Central,New,2025-01-22
3683,Raghav,Dara,cust3683_yahoo.com,+91 856753765,Female,38,Bhopal,Central,Occasional,2025-09-30
3684,Darsh,Hayer,cust3684_hotmail.com,+91 779604469,Other,17,Ahmedabad,West,VIP,2026-02-13
3685,Yamini,Mandal,cust3685_gmail.com,+91 984155849,Male,27,Guwahati,East,Regular,2026-05-25
3686,Krisha,Sampath,cust3686_hotmail.com,+91 739884471,Other,52,Bangalore,South,Occasional,2026-05-13
3687,Chanchal,Lal,cust3687_gmail.com,+91 740212925,Male,38,Lucknow,North,Occasional,2023-01-17
3688,Chaman,Bakshi,cust3688_gmail.com,+91 724149185,Female,34,Raipur,Central,Regular,2023-08-12
3689,Oviya,Brar,cust3689_yahoo.com,+91 833107969,Male,42,Jaipur,North,Regular,2025-10-09
3690,Manbir,Sekhon,cust3690_hotmail.com,+91 982312179,Male,39,Kochi,South,Occasional,2024-12-23
3691,Naksh,Sawhney,cust3691_yahoo.com,+91 739219488,Female,21,Kochi,South,Regular,2024-08-16
3692,Anusha,Shah,cust3692_yahoo.com,+91 710165586,Male,20,Bhopal,Central,Occasional,2023-06-17
3693,Sudiksha,Mane,cust3693_gmail.com,+91 842147442,Female,22,Lucknow,North,Occasional,2023-11-04
3694,Kabir,Naidu,cust3694_gmail.com,+91 919712826,Male,15,Nagpur,Central,VIP,2025-06-30
3695,Charles,Narain,cust3695_hotmail.com,+91 791466261,Female,41,Surat,West,New,2023-07-12
3696,Jyoti,Dhar,cust3696_yahoo.com,+91 865344470,Male,26,Ahmedabad,West,Regular,2025-01-11
3697,Keya,Bal,cust3697_hotmail.com,+91 933925639,Male,39,Bangalore,South,Regular,2026-01-24
3698,Ekiya,Randhawa,cust3698_gmail.com,+91 851860533,Female,16,New Delhi,North,Regular,2024-11-05
3699,Bakhshi,Mandal,cust3699_yahoo.com,+91 867550554,Male,33,Bhopal,Central,Regular,2024-05-22
3700,Balveer,Vaidya,cust3700_gmail.com,+91 820610445,Female,27,Mumbai,West,Regular,2025-05-28
3701,Kevin,Taneja,cust3701_gmail.com,+91 954267503,Other,22,Guwahati,East,Regular,2026-01-27
3702,Logan,Doshi,cust3702_gmail.com,+91 980982355,Female,21,Kolkata,East,Regular,2023-04-16
3703,Nihal,Keer,cust3703_gmail.com,+91 718364266,Male,31,Lucknow,North,Regular,2025-03-23
3704,Jagvi,Parikh,cust3704_yahoo.com,+91 863550322,Female,19,Ahmedabad,West,New,2026-03-18
3705,Nitara,Oza,cust3705_gmail.com,+91 970961831,Male,31,Kochi,South,Regular,2023-05-07
3706,Nandini,Bhatia,cust3706_hotmail.com,+91 951417425,Female,56,Chandigarh,North,VIP,2025-02-04
3707,Meghana,Dubey,cust3707_hotmail.com,+91 734360107,Other,22,Surat,West,Occasional,2024-10-08
3708,Sarthak,Sen,cust3708_gmail.com,+91 769129496,Female,21,Chandigarh,North,Regular,2023-05-19
3709,Advika,Karan,cust3709_gmail.com,+91 926562318,Male,49,New Delhi,North,Regular,2023-06-29
3710,Arjun,Ben,cust3710_hotmail.com,+91 713350425,Female,45,New Delhi,North,Occasional,2023-03-29
3711,Umang,Srinivas,cust3711_gmail.com,+91 713165683,Female,19,Surat,West,Occasional,2025-12-19
3712,Theodore,Kaul,cust3712_gmail.com,+91 817826994,Male,43,Ahmedabad,West,Occasional,2023-03-07
3713,Xiti,Nagarajan,cust3713_yahoo.com,+91 763990386,Male,28,Chennai,South,Regular,2023-08-02
3714,Meghana,Bahl,cust3714_hotmail.com,+91 918956225,Other,31,Chennai,South,New,2024-08-24
3715,Bimala,Tailor,cust3715_gmail.com,+91 960546247,Female,32,Bhubaneswar,East,New,2026-04-04
3716,Oeshi,Bir,cust3716_gmail.com,+91 717759535,Male,33,Bhopal,Central,Regular,2025-11-06
3717,Balendra,Joshi,cust3717_gmail.com,+91 943509156,Female,29,New Delhi,North,Occasional,2023-11-07
3718,Vyanjana,Amble,cust3718_yahoo.com,+91 999446728,Male,24,Nagpur,Central,Regular,2025-06-24
3719,Faris,Pillai,cust3719_hotmail.com,+91 718965871,Female,46,Guwahati,East,Regular,2025-12-26
3720,Mekhala,Kala,cust3720_gmail.com,+91 722543870,Male,32,Ahmedabad,West,Occasional,2023-09-13
3721,Abhimanyu,Manda,cust3721_yahoo.com,+91 751761941,Female,33,Mumbai,West,Regular,2025-04-13
3722,Kavya,Vaidya,cust3722_yahoo.com,+91 738757790,Other,33,Kochi,South,Occasional,2025-05-14
3723,Saksham,Kunda,cust3723_yahoo.com,+91 773656712,Other,58,Bangalore,South,VIP,2023-09-06
3724,Eta,Lad,cust3724_yahoo.com,+91 951563865,Other,39,Guwahati,East,VIP,2023-11-01
3725,Bhavika,Seth,cust3725_gmail.com,+91 823812789,Male,35,Bhopal,Central,Occasional,2023-07-05
3726,Yauvani,Ravi,cust3726_gmail.com,+91 873346343,Female,32,Ahmedabad,West,Occasional,2024-11-23
3727,Isaiah,Barman,cust3727_yahoo.com,+91 887589135,Male,21,Surat,West,Occasional,2023-10-15
3728,Samesh,Iyengar,cust3728_hotmail.com,+91 840178781,Male,59,Nagpur,Central,Regular,2023-06-15
3729,Chanchal,Kala,cust3729_hotmail.com,+91 782319585,Female,16,Mumbai,West,Regular,2026-02-16
3730,Jalsa,Sheth,cust3730_gmail.com,+91 881686813,Other,43,Lucknow,North,Regular,2024-04-16
3731,Victor,Krishnan,cust3731_gmail.com,+91 912435841,Male,57,Lucknow,North,New,2025-10-03
3732,Arjun,Mukherjee,cust3732_gmail.com,+91 929614169,Female,48,Lucknow,North,Regular,2025-03-04
3733,Pratyush,Nath,cust3733_gmail.com,+91 916506310,Female,53,Kochi,South,Occasional,2023-12-03
3734,Lipika,Narang,cust3734_yahoo.com,+91 891197192,Male,53,Chennai,South,Regular,2025-02-15
3735,Noah,Swamy,cust3735_yahoo.com,+91 991949908,Other,39,Mumbai,West,Regular,2024-08-30
3736,Bhavika,Kothari,cust3736_gmail.com,+91 993155503,Other,47,Kolkata,East,Occasional,2025-05-21
3737,Hredhaan,Acharya,cust3737_gmail.com,+91 925571696,Male,36,New Delhi,North,Occasional,2025-08-15
3738,Chandresh,Apte,cust3738_yahoo.com,+91 740183289,Male,36,Bhopal,Central,Regular,2025-08-20
3739,Chavvi,Saxena,cust3739_yahoo.com,+91 798825953,Female,28,Patna,East,Occasional,2023-01-01
3740,Nathaniel,Chatterjee,cust3740_gmail.com,+91 832805571,Male,59,Surat,West,Regular,2026-02-06
3741,Tanveer,Halder,cust3741_yahoo.com,+91 832608768,Male,60,Mumbai,West,Regular,2024-07-25
3742,Kashish,Borra,cust3742_yahoo.com,+91 972338816,Female,46,Hyderabad,South,New,2026-02-26
3743,Anthony,Mishra,cust3743_gmail.com,+91 829112723,Other,31,Bangalore,South,Regular,2024-10-10
3744,Chasmum,Dhar,cust3744_yahoo.com,+91 824478765,Female,47,Patna,East,Regular,2023-07-06
3745,Samarth,Dara,cust3745_hotmail.com,+91 816980778,Male,36,Nagpur,Central,New,2024-12-10
3746,Azaan,Soni,cust3746_gmail.com,+91 910984884,Male,51,Chennai,South,Regular,2026-03-02
3747,Isaiah,Chadha,cust3747_hotmail.com,+91 987329504,Female,33,Raipur,Central,Occasional,2023-01-23
3748,Tamanna,Mahajan,cust3748_yahoo.com,+91 884456564,Male,24,Kochi,South,Regular,2023-12-31
3749,Varsha,Bhatnagar,cust3749_hotmail.com,+91 726696252,Other,20,Chandigarh,North,Regular,2023-02-05
3750,Michael,Kale,cust3750_gmail.com,+91 919345771,Other,28,New Delhi,North,VIP,2025-12-10
3751,Krishna,Balan,cust3751_gmail.com,+91 757883792,Female,17,Chandigarh,North,Regular,2024-09-09
3752,Rachana,Shroff,cust3752_yahoo.com,+91 877952894,Other,33,Surat,West,Occasional,2025-02-11
3753,Agastya,Basu,cust3753_hotmail.com,+91 726285333,Male,25,Jaipur,North,New,2023-09-29
3754,Avni,Manda,cust3754_hotmail.com,+91 951820980,Male,45,Raipur,Central,VIP,2023-04-08
3755,Samaksh,Loke,cust3755_gmail.com,+91 923354591,Male,15,Nagpur,Central,New,2025-01-14
3756,Anita,Guha,cust3756_gmail.com,+91 771732273,Other,22,Surat,West,Regular,2025-11-08
3757,Sara,Agarwal,cust3757_hotmail.com,+91 933243484,Other,56,Chandigarh,North,VIP,2025-12-07
3758,Radhika,Suresh,cust3758_gmail.com,+91 757209739,Female,29,Jaipur,North,VIP,2023-03-10
3759,Champak,Mangat,cust3759_yahoo.com,+91 986657672,Female,30,Bhubaneswar,East,Occasional,2026-01-16
3760,Jhalak,Shan,cust3760_yahoo.com,+91 893548858,Other,29,Kochi,South,Occasional,2023-05-18
3761,Nihal,Prakash,cust3761_hotmail.com,+91 817787356,Male,51,Jaipur,North,Regular,2025-04-25
3762,Madhav,Nagi,cust3762_hotmail.com,+91 849131550,Female,46,Chennai,South,New,2024-07-30
3763,Idika,Ray,cust3763_gmail.com,+91 755429765,Female,47,New Delhi,North,Occasional,2025-09-20
3764,Neelima,Pradhan,cust3764_yahoo.com,+91 922783227,Other,47,Chennai,South,VIP,2025-06-20
3765,Brinda,Divan,cust3765_hotmail.com,+91 939629429,Other,18,Bhopal,Central,Occasional,2024-06-23
3766,Warda,Reddy,cust3766_yahoo.com,+91 885666882,Female,25,Chennai,South,New,2026-03-13
3767,Gabriel,Kulkarni,cust3767_gmail.com,+91 838575171,Other,38,Raipur,Central,Regular,2024-11-01
3768,Jagrati,Shukla,cust3768_yahoo.com,+91 737861134,Female,43,Mumbai,West,Occasional,2024-05-31
3769,Nitesh,Basak,cust3769_yahoo.com,+91 973162760,Female,57,Guwahati,East,Occasional,2026-03-16
3770,Maanav,Om,cust3770_hotmail.com,+91 783907170,Male,60,Hyderabad,South,Regular,2025-02-25
3771,Nathaniel,Dewan,cust3771_gmail.com,+91 853861325,Other,16,New Delhi,North,Occasional,2025-09-09
3772,Meghana,Bumb,cust3772_yahoo.com,+91 734361801,Other,18,Patna,East,Regular,2025-12-12
3773,Yachana,Barman,cust3773_hotmail.com,+91 737597685,Female,55,Kolkata,East,Occasional,2023-06-23
3774,Aayush,Kumar,cust3774_hotmail.com,+91 984240152,Male,15,Chandigarh,North,Regular,2023-06-11
3775,Nitesh,Karan,cust3775_hotmail.com,+91 828925198,Male,40,Pune,West,Regular,2025-10-29
3776,Gaurika,Suresh,cust3776_gmail.com,+91 826405541,Other,50,Surat,West,Regular,2026-01-07
3777,Kashvi,Rana,cust3777_hotmail.com,+91 851162886,Male,42,Patna,East,New,2024-05-20
3778,Maya,Kanda,cust3778_hotmail.com,+91 938493926,Female,43,Bangalore,South,Occasional,2025-10-17
3779,Nikita,Cherian,cust3779_gmail.com,+91 830865845,Male,17,Jaipur,North,Occasional,2024-06-29
3780,Sudiksha,Dugal,cust3780_hotmail.com,+91 899818428,Male,15,Kolkata,East,New,2025-09-21
3781,Raghav,Acharya,cust3781_hotmail.com,+91 963652980,Other,31,Indore,Central,Regular,2026-03-16
3782,Hritik,Tandon,cust3782_gmail.com,+91 899836651,Other,20,Bhubaneswar,East,Occasional,2026-05-27
3783,Damini,Khurana,cust3783_yahoo.com,+91 714422366,Female,18,Bhubaneswar,East,New,2023-04-23
3784,Shaurya,Char,cust3784_gmail.com,+91 995433529,Female,45,Mumbai,West,Occasional,2024-04-15
3785,Amol,Balasubramanian,cust3785_yahoo.com,+91 716219846,Other,40,Mumbai,West,Occasional,2023-02-06
3786,Sarthak,Grewal,cust3786_hotmail.com,+91 719329363,Male,55,Pune,West,VIP,2023-07-08
3787,Ekalinga,Kulkarni,cust3787_yahoo.com,+91 978153496,Other,55,Lucknow,North,Regular,2023-04-21
3788,Pahal,Parmar,cust3788_hotmail.com,+91 865467416,Female,48,Indore,Central,Regular,2023-07-04
3789,Advaith,Mital,cust3789_yahoo.com,+91 814123399,Male,60,New Delhi,North,Regular,2024-09-18
3790,Kavya,Joshi,cust3790_yahoo.com,+91 859641910,Other,28,Ahmedabad,West,Regular,2024-08-25
3791,Vanya,Barman,cust3791_hotmail.com,+91 756516119,Female,33,Raipur,Central,New,2024-10-27
3792,Azad,Tata,cust3792_yahoo.com,+91 864237423,Female,43,Bhopal,Central,Regular,2025-02-02
3793,Azaan,Kumer,cust3793_hotmail.com,+91 799581716,Other,36,Jaipur,North,Occasional,2024-06-30
3794,Leela,Yohannan,cust3794_gmail.com,+91 923911933,Male,39,New Delhi,North,Regular,2025-01-05
3795,Indali,Swaminathan,cust3795_gmail.com,+91 925476679,Other,36,Mumbai,West,Occasional,2024-10-18
3796,Balvan,Sura,cust3796_gmail.com,+91 812549988,Male,19,Pune,West,Occasional,2024-08-13
3797,Zayyan,Chanda,cust3797_gmail.com,+91 897381592,Other,45,Mumbai,West,New,2025-01-07
3798,Girindra,Sha,cust3798_yahoo.com,+91 915807334,Male,25,Patna,East,Occasional,2024-01-17
3799,Geetika,Khurana,cust3799_hotmail.com,+91 817266470,Female,34,Chandigarh,North,New,2026-03-09
3800,Bakhshi,Naidu,cust3800_yahoo.com,+91 847384488,Other,52,Chandigarh,North,Regular,2024-12-30
3801,Siya,Kalita,cust3801_hotmail.com,+91 949186780,Female,49,Pune,West,Regular,2025-05-08
3802,Girish,Anne,cust3802_hotmail.com,+91 766747230,Male,32,Indore,Central,New,2024-09-29
3803,Ayaan,Toor,cust3803_yahoo.com,+91 930899692,Other,44,Surat,West,Occasional,2023-07-19
3804,Yadavi,Golla,cust3804_yahoo.com,+91 848642689,Other,34,Mumbai,West,VIP,2023-04-18
3805,Lipika,Wason,cust3805_hotmail.com,+91 879361514,Female,30,Lucknow,North,New,2024-03-02
3806,Chanakya,Kulkarni,cust3806_hotmail.com,+91 947673859,Other,47,Bhopal,Central,Regular,2026-01-30
3807,Zansi,Swaminathan,cust3807_gmail.com,+91 860782753,Male,58,Chandigarh,North,Occasional,2023-07-02
3808,Chaaya,Gaba,cust3808_gmail.com,+91 836563643,Other,17,Bhubaneswar,East,Regular,2024-12-02
3809,Garima,Sandhu,cust3809_gmail.com,+91 782202975,Female,49,Pune,West,Regular,2024-03-26
3810,Mohammed,Bose,cust3810_gmail.com,+91 967413552,Other,42,Patna,East,Occasional,2025-12-02
3811,Vedika,Krish,cust3811_gmail.com,+91 817808725,Other,20,Guwahati,East,Occasional,2025-01-18
3812,Patrick,Puri,cust3812_gmail.com,+91 758958359,Female,23,Bhopal,Central,Regular,2024-08-24
3813,Qadim,Kapoor,cust3813_yahoo.com,+91 865985693,Male,46,Bhopal,Central,Occasional,2024-04-14
3814,Wakeeta,Karnik,cust3814_hotmail.com,+91 850688219,Female,16,Lucknow,North,Occasional,2025-11-27
3815,Jack,Chaudhuri,cust3815_gmail.com,+91 993787944,Other,41,Patna,East,Regular,2024-11-21
3816,Kevin,Bajwa,cust3816_yahoo.com,+91 871944213,Female,32,Ahmedabad,West,VIP,2023-08-05
3817,Jeevika,Sani,cust3817_gmail.com,+91 756867118,Male,59,Guwahati,East,Regular,2025-02-09
3818,Jyoti,Cherian,cust3818_yahoo.com,+91 946136755,Female,54,Ahmedabad,West,Occasional,2026-01-05
3819,Bahadurjit,Mallick,cust3819_yahoo.com,+91 826479498,Female,55,Nagpur,Central,Regular,2025-01-05
3820,Pahal,Bhavsar,cust3820_gmail.com,+91 944465444,Other,36,Ahmedabad,West,Occasional,2025-05-15
3821,Adya,Parmar,cust3821_yahoo.com,+91 836347947,Other,36,Guwahati,East,Occasional,2023-05-16
3822,Yashica,Kohli,cust3822_gmail.com,+91 813678449,Other,28,Bangalore,South,Occasional,2024-09-15
3823,Arjun,Edwin,cust3823_gmail.com,+91 970233640,Female,55,Patna,East,Occasional,2023-07-07
3824,Rachit,Hegde,cust3824_yahoo.com,+91 951788619,Female,50,Kochi,South,Regular,2025-06-05
3825,Kashvi,Lall,cust3825_yahoo.com,+91 992536936,Male,40,Nagpur,Central,VIP,2025-10-22
3826,Qasim,Sachdev,cust3826_gmail.com,+91 913906751,Other,26,Guwahati,East,Occasional,2023-04-14
3827,Balveer,Kata,cust3827_gmail.com,+91 932756888,Female,53,Bhubaneswar,East,New,2025-05-19
3828,Charita,Deol,cust3828_hotmail.com,+91 815157593,Other,53,Pune,West,Occasional,2023-08-17
3829,Mahika,Apte,cust3829_yahoo.com,+91 771607991,Female,44,Chandigarh,North,Occasional,2025-12-25
3830,Yashvi,Arora,cust3830_gmail.com,+91 823530394,Female,51,Pune,West,New,2023-04-04
3831,Amaira,Wali,cust3831_gmail.com,+91 797538695,Female,36,Indore,Central,VIP,2025-03-25
3832,Laksh,Nagarajan,cust3832_gmail.com,+91 932452136,Female,21,Patna,East,Regular,2024-04-16
3833,Tanay,Gulati,cust3833_hotmail.com,+91 970642163,Female,45,Lucknow,North,Occasional,2025-01-16
3834,Vanya,Srinivas,cust3834_gmail.com,+91 895147121,Male,48,Hyderabad,South,VIP,2025-01-07
3835,Orinder,Rama,cust3835_hotmail.com,+91 912244313,Other,45,Chennai,South,Regular,2023-06-03
3836,Ekavir,Dhingra,cust3836_hotmail.com,+91 932876898,Other,32,Kochi,South,Occasional,2025-09-10
3837,Yashvi,Dhillon,cust3837_gmail.com,+91 958788691,Male,55,New Delhi,North,Regular,2023-07-17
3838,Yochana,Bora,cust3838_hotmail.com,+91 998278686,Male,34,Indore,Central,Regular,2025-01-12
3839,Yatin,Sachdev,cust3839_hotmail.com,+91 723655259,Male,50,Mumbai,West,Regular,2023-09-13
3840,Umang,Lala,cust3840_yahoo.com,+91 855704457,Female,21,Indore,Central,New,2024-07-15
3841,Rachana,Basak,cust3841_yahoo.com,+91 782933867,Male,18,Bangalore,South,New,2023-04-03
3842,Megha,Bala,cust3842_gmail.com,+91 965761693,Female,31,Raipur,Central,Regular,2026-04-27
3843,Kashvi,Raman,cust3843_yahoo.com,+91 996312838,Male,45,Nagpur,Central,Regular,2025-11-09
3844,Umang,Datta,cust3844_yahoo.com,+91 948494348,Other,45,Pune,West,Occasional,2025-07-31
3845,Yashodhara,Ray,cust3845_hotmail.com,+91 990896432,Other,18,Chennai,South,Occasional,2025-08-13
3846,Nakul,Khurana,cust3846_hotmail.com,+91 827800911,Female,20,Jaipur,North,New,2026-03-19
3847,Bhavna,Tank,cust3847_gmail.com,+91 830466147,Male,36,Bhopal,Central,Regular,2025-03-20
3848,Azaan,Sahni,cust3848_gmail.com,+91 987249384,Female,56,Kochi,South,Occasional,2024-11-03
3849,Frado,Dhingra,cust3849_hotmail.com,+91 828504671,Other,60,Bhopal,Central,Regular,2025-05-22
3850,Kala,Mall,cust3850_yahoo.com,+91 995639683,Other,32,Patna,East,New,2023-03-04
3851,Ucchal,Om,cust3851_yahoo.com,+91 866269618,Other,46,Jaipur,North,Regular,2024-03-12
3852,Eta,Morar,cust3852_yahoo.com,+91 716401118,Other,43,Guwahati,East,Regular,2025-04-11
3853,Vinaya,Raju,cust3853_hotmail.com,+91 850287954,Other,33,Kochi,South,Regular,2025-03-05
3854,Laksh,Singh,cust3854_yahoo.com,+91 795626151,Male,24,Surat,West,VIP,2025-07-04
3855,Vrishti,Oommen,cust3855_hotmail.com,+91 911571925,Male,21,Lucknow,North,Occasional,2023-05-22
3856,Dev,Krishnamurthy,cust3856_hotmail.com,+91 941567157,Male,26,Chennai,South,Regular,2025-03-14
3857,Anika,Mani,cust3857_hotmail.com,+91 960327919,Female,37,Kolkata,East,Regular,2024-02-21
3858,Vedant,Munshi,cust3858_yahoo.com,+91 718777181,Female,16,Jaipur,North,New,2025-03-08
3859,Rayaan,Pall,cust3859_yahoo.com,+91 866963330,Female,20,Ahmedabad,West,Occasional,2024-01-07
3860,Gautami,Vasa,cust3860_hotmail.com,+91 799833167,Other,57,Kolkata,East,Occasional,2023-10-26
3861,Arya,Lalla,cust3861_hotmail.com,+91 856524128,Male,46,Pune,West,New,2024-10-01
3862,Raghav,Dewan,cust3862_hotmail.com,+91 999970555,Male,28,Jaipur,North,Regular,2024-10-20
3863,Ranveer,Pathak,cust3863_hotmail.com,+91 915185961,Other,15,Kochi,South,Regular,2024-04-03
3864,Ekani,Jayaraman,cust3864_yahoo.com,+91 719946918,Female,50,Pune,West,Occasional,2025-04-23
3865,Zinal,Ghose,cust3865_gmail.com,+91 943115100,Other,41,Hyderabad,South,VIP,2025-06-22
3866,Bishakha,Koshy,cust3866_gmail.com,+91 898707536,Female,40,Raipur,Central,VIP,2026-01-30
3867,Geetika,Goswami,cust3867_hotmail.com,+91 753655839,Female,17,Mumbai,West,Occasional,2025-07-18
3868,Kavya,Korpal,cust3868_yahoo.com,+91 913905133,Male,34,Kolkata,East,Regular,2025-02-10
3869,Anika,Sharaf,cust3869_hotmail.com,+91 718824215,Other,51,Lucknow,North,New,2025-01-22
3870,Madhav,Kumar,cust3870_hotmail.com,+91 771515714,Male,27,Raipur,Central,Occasional,2024-06-14
3871,Zayyan,Dash,cust3871_yahoo.com,+91 965527150,Female,35,Surat,West,Regular,2023-04-22
3872,Maya,Aggarwal,cust3872_gmail.com,+91 750583458,Female,15,Nagpur,Central,Occasional,2025-05-05
3873,Aachal,Talwar,cust3873_yahoo.com,+91 843875158,Female,39,Hyderabad,South,Occasional,2023-10-21
3874,Aradhana,Vaidya,cust3874_hotmail.com,+91 972445973,Male,31,Surat,West,New,2025-05-05
3875,Rushil,Lata,cust3875_gmail.com,+91 823912218,Female,34,Bhopal,Central,Occasional,2024-10-15
3876,Vrishti,Chokshi,cust3876_yahoo.com,+91 881121177,Male,51,Chandigarh,North,Regular,2024-10-26
3877,Lila,Munshi,cust3877_gmail.com,+91 781274511,Female,46,Ahmedabad,West,Occasional,2024-11-10
3878,Pratyush,Das,cust3878_yahoo.com,+91 844851396,Male,20,Bhubaneswar,East,New,2023-08-06
3879,Chatura,Barman,cust3879_gmail.com,+91 828866514,Other,46,Pune,West,Occasional,2026-03-26
3880,Hritik,Wason,cust3880_yahoo.com,+91 815166436,Other,22,New Delhi,North,Regular,2024-03-06
3881,Gopal,Sampath,cust3881_gmail.com,+91 875358998,Male,54,Raipur,Central,New,2023-07-17
3882,Darpan,Anne,cust3882_gmail.com,+91 742164520,Female,51,Kolkata,East,Occasional,2023-03-04
3883,Aradhana,Mane,cust3883_yahoo.com,+91 766491775,Male,49,Lucknow,North,VIP,2024-06-08
3884,Vihaan,Kannan,cust3884_hotmail.com,+91 919371325,Female,42,New Delhi,North,Regular,2024-01-09
3885,Amara,Pandya,cust3885_gmail.com,+91 786866766,Other,44,Patna,East,Regular,2025-07-26
3886,Arin,Nadig,cust3886_gmail.com,+91 825986570,Female,20,New Delhi,North,Regular,2023-08-24
3887,Leela,Jani,cust3887_hotmail.com,+91 720804951,Female,44,Chandigarh,North,Regular,2023-09-24
3888,Anay,Dyal,cust3888_gmail.com,+91 870666356,Male,26,New Delhi,North,Occasional,2025-08-15
3889,Anamika,Sunder,cust3889_gmail.com,+91 823642740,Female,42,Ahmedabad,West,New,2025-06-06
3890,Yatin,Ray,cust3890_gmail.com,+91 872234804,Female,20,Kolkata,East,Occasional,2023-05-29
3891,Tripti,Gandhi,cust3891_gmail.com,+91 748700984,Other,22,Hyderabad,South,Regular,2024-01-11
3892,Ati,Chhabra,cust3892_gmail.com,+91 830563280,Male,38,Jaipur,North,Occasional,2023-12-09
3893,Darika,Saran,cust3893_hotmail.com,+91 869387903,Male,59,Bhopal,Central,VIP,2024-01-06
3894,Libni,Sehgal,cust3894_gmail.com,+91 915453707,Male,52,Indore,Central,Occasional,2025-07-20
3895,Harish,Bumb,cust3895_yahoo.com,+91 885852967,Other,49,Surat,West,New,2023-12-27
3896,Sachi,Savant,cust3896_gmail.com,+91 795892269,Male,36,Indore,Central,Occasional,2026-01-11
3897,Leena,Rai,cust3897_gmail.com,+91 763198860,Other,15,Bangalore,South,New,2026-02-22
3898,Anita,Jha,cust3898_hotmail.com,+91 872943773,Male,17,Indore,Central,Occasional,2025-04-20
3899,Rajeshri,Viswanathan,cust3899_yahoo.com,+91 793507835,Other,30,Patna,East,Regular,2025-02-02
3900,Ansh,Tata,cust3900_hotmail.com,+91 955737208,Female,35,Chennai,South,Regular,2024-05-15
3901,Lipika,Sathe,cust3901_hotmail.com,+91 862255686,Male,40,Guwahati,East,New,2025-08-14
3902,Kashish,Dhawan,cust3902_hotmail.com,+91 759976155,Other,23,Surat,West,Occasional,2023-11-16
3903,Krishna,Ganguly,cust3903_yahoo.com,+91 834247928,Other,18,Kochi,South,Occasional,2023-05-01
3904,Tejas,Murthy,cust3904_yahoo.com,+91 815924662,Female,16,Chennai,South,Regular,2023-11-18
3905,Anusha,Kothari,cust3905_hotmail.com,+91 881919574,Other,28,Mumbai,West,Occasional,2024-09-21
3906,Vihaan,Raghavan,cust3906_hotmail.com,+91 935751394,Male,22,Raipur,Central,Occasional,2024-03-27
3907,Arjun,Kohli,cust3907_hotmail.com,+91 851652399,Female,47,New Delhi,North,Regular,2024-12-30
3908,Dhruv,Sethi,cust3908_hotmail.com,+91 745540163,Male,29,Hyderabad,South,Occasional,2025-12-19
3909,Anthony,Ramachandran,cust3909_hotmail.com,+91 978723813,Male,55,Surat,West,Regular,2026-05-27
3910,Jagvi,Raj,cust3910_gmail.com,+91 997350581,Female,38,Chandigarh,North,Occasional,2024-06-20
3911,Rajata,Sehgal,cust3911_yahoo.com,+91 888152750,Female,35,Lucknow,North,Occasional,2025-02-01
3912,Rajeshri,Kumer,cust3912_yahoo.com,+91 811229600,Female,56,Bangalore,South,Occasional,2023-05-19
3913,Amruta,Peri,cust3913_yahoo.com,+91 843477216,Female,27,Jaipur,North,VIP,2023-12-22
3914,Nakul,Ganguly,cust3914_gmail.com,+91 725738658,Other,35,Lucknow,North,New,2025-01-13
3915,Zansi,Wali,cust3915_gmail.com,+91 779620893,Female,15,Ahmedabad,West,Occasional,2025-06-28
3916,Lakshmi,Patla,cust3916_gmail.com,+91 758263622,Female,25,Kochi,South,Occasional,2023-02-26
3917,Veer,Chana,cust3917_hotmail.com,+91 850329288,Male,15,Chandigarh,North,Regular,2026-03-27
3918,George,Bedi,cust3918_yahoo.com,+91 857157219,Male,27,Chennai,South,Regular,2023-09-04
3919,Aadhya,Sethi,cust3919_gmail.com,+91 766666622,Male,45,Surat,West,Occasional,2023-05-04
3920,Lucky,Sarin,cust3920_yahoo.com,+91 825313986,Other,54,Mumbai,West,Occasional,2024-03-31
3921,Veer,Rout,cust3921_yahoo.com,+91 913467866,Male,20,Lucknow,North,Occasional,2023-10-16
3922,Ekalinga,Kata,cust3922_gmail.com,+91 910604364,Male,55,Jaipur,North,New,2023-09-16
3923,Charles,Goda,cust3923_yahoo.com,+91 864694718,Male,28,Ahmedabad,West,Regular,2025-08-22
3924,Upma,Sampath,cust3924_gmail.com,+91 989248903,Female,39,Kochi,South,Occasional,2025-05-01
3925,Anay,Hayre,cust3925_hotmail.com,+91 775576957,Female,54,Nagpur,Central,Regular,2024-01-02
3926,Faraj,Bhavsar,cust3926_gmail.com,+91 832971308,Other,53,Bhopal,Central,VIP,2026-01-11
3927,Praneel,Walla,cust3927_gmail.com,+91 762930146,Female,43,Lucknow,North,Regular,2024-02-22
3928,Turvi,Pillay,cust3928_hotmail.com,+91 836724965,Male,34,Mumbai,West,Occasional,2026-04-25
3929,Michael,Walla,cust3929_gmail.com,+91 782327540,Other,39,Chennai,South,Occasional,2023-10-05
3930,Abhiram,Nanda,cust3930_gmail.com,+91 764458794,Female,59,Kochi,South,Regular,2024-01-17
3931,Anita,Varghese,cust3931_gmail.com,+91 945481530,Other,50,Ahmedabad,West,Occasional,2026-04-05
3932,Yamini,Bhandari,cust3932_yahoo.com,+91 950211400,Other,39,Mumbai,West,Occasional,2025-02-17
3933,Oliver,Bava,cust3933_yahoo.com,+91 984590998,Other,41,Chandigarh,North,Occasional,2023-07-29
3934,Kevin,Khurana,cust3934_hotmail.com,+91 711387259,Male,28,Bangalore,South,Regular,2023-08-31
3935,Arya,Shere,cust3935_gmail.com,+91 982495104,Male,24,Hyderabad,South,Regular,2024-07-24
3936,Parth,Choudhary,cust3936_hotmail.com,+91 743105124,Female,34,Bhopal,Central,Regular,2024-12-07
3937,Neel,Basak,cust3937_gmail.com,+91 875410578,Female,17,Raipur,Central,Occasional,2024-01-21
3938,Laban,Acharya,cust3938_yahoo.com,+91 930575422,Male,45,Kochi,South,Occasional,2024-08-09
3939,Vrishti,Rana,cust3939_hotmail.com,+91 762615129,Female,37,Raipur,Central,Regular,2024-12-16
3940,Netra,Vohra,cust3940_yahoo.com,+91 781893638,Other,24,Patna,East,Regular,2025-04-21
3941,Zinal,Pandya,cust3941_hotmail.com,+91 787916694,Male,49,Chandigarh,North,Regular,2025-10-02
3942,Nidhi,Krishnamurthy,cust3942_hotmail.com,+91 997577470,Male,21,Guwahati,East,Occasional,2025-06-16
3943,Ojas,Thakur,cust3943_yahoo.com,+91 782619776,Male,55,Patna,East,New,2024-09-25
3944,Balhaar,Jhaveri,cust3944_gmail.com,+91 877802278,Female,47,Patna,East,Occasional,2023-07-16
3945,Jhalak,Misra,cust3945_gmail.com,+91 959111114,Other,39,Chandigarh,North,Occasional,2025-07-20
3946,Nitara,Raja,cust3946_yahoo.com,+91 885148419,Male,25,Kolkata,East,Regular,2025-07-27
3947,Kashvi,Bajwa,cust3947_yahoo.com,+91 874123532,Female,49,Nagpur,Central,Occasional,2024-04-10
3948,Rushil,Babu,cust3948_gmail.com,+91 946203781,Male,54,Patna,East,Occasional,2025-01-26
3949,Manan,Sengupta,cust3949_hotmail.com,+91 725142670,Male,18,Guwahati,East,Occasional,2024-11-07
3950,Logan,Mittal,cust3950_yahoo.com,+91 954842364,Other,31,Mumbai,West,New,2026-05-13
3951,Lucky,Babu,cust3951_gmail.com,+91 941297361,Female,41,Kolkata,East,New,2024-01-15
3952,Zayyan,Sur,cust3952_yahoo.com,+91 891238496,Other,18,Surat,West,Regular,2024-11-13
3953,Udyati,Prabhu,cust3953_gmail.com,+91 998130532,Other,60,Bangalore,South,Regular,2024-12-25
3954,Kalpit,Sagar,cust3954_gmail.com,+91 891720691,Male,45,Bhubaneswar,East,Occasional,2024-12-20
3955,Madhav,Chaudhuri,cust3955_yahoo.com,+91 777610842,Other,50,Pune,West,VIP,2024-01-17
3956,Chatresh,Palla,cust3956_yahoo.com,+91 792894442,Other,60,Kochi,South,New,2024-08-04
3957,Rachita,Brahmbhatt,cust3957_hotmail.com,+91 763852997,Male,48,Kochi,South,Occasional,2024-08-23
3958,Isha,Vala,cust3958_hotmail.com,+91 850598653,Male,55,Lucknow,North,Regular,2024-04-01
3959,Banjeet,Srinivas,cust3959_gmail.com,+91 746938271,Other,22,Patna,East,Occasional,2025-01-11
3960,Garima,Hari,cust3960_yahoo.com,+91 871708716,Male,32,Surat,West,New,2024-07-01
3961,Noah,Apte,cust3961_gmail.com,+91 773657262,Male,43,Pune,West,Regular,2025-02-26
3962,Anamika,Bhasin,cust3962_gmail.com,+91 971518545,Other,23,Lucknow,North,VIP,2023-08-15
3963,Tejas,Verma,cust3963_yahoo.com,+91 945832510,Female,31,Mumbai,West,New,2025-03-02
3964,Saumya,Raval,cust3964_yahoo.com,+91 847516495,Female,23,Lucknow,North,Regular,2023-02-07
3965,Triveni,Palan,cust3965_hotmail.com,+91 950962537,Other,36,Raipur,Central,Occasional,2026-05-25
3966,Bhavani,Pillai,cust3966_gmail.com,+91 829369442,Other,50,Ahmedabad,West,Occasional,2024-05-22
3967,Zansi,Dasgupta,cust3967_yahoo.com,+91 932686721,Male,18,Guwahati,East,New,2026-05-29
3968,Vinaya,Sant,cust3968_hotmail.com,+91 870730377,Other,17,Hyderabad,South,Regular,2026-03-24
3969,Yashawini,Bhavsar,cust3969_gmail.com,+91 823333629,Female,25,New Delhi,North,Regular,2023-02-26
3970,Ganga,Sarraf,cust3970_hotmail.com,+91 977323342,Other,54,Kochi,South,Regular,2024-08-10
3971,Amara,Dhawan,cust3971_gmail.com,+91 755762358,Male,42,Kochi,South,Occasional,2026-01-27
3972,Ronith,Chander,cust3972_hotmail.com,+91 865188161,Other,29,Patna,East,Regular,2026-03-29
3973,Anya,Ramesh,cust3973_gmail.com,+91 980153672,Female,34,Surat,West,Regular,2024-08-19
3974,Chaitanya,Mitter,cust3974_gmail.com,+91 762249592,Other,29,Lucknow,North,Occasional,2023-03-07
3975,Robert,Sahota,cust3975_hotmail.com,+91 719252941,Male,42,Chandigarh,North,Regular,2023-07-26
3976,Omisha,Doshi,cust3976_yahoo.com,+91 784918544,Other,19,Surat,West,Regular,2023-10-28
3977,Aadhya,Kade,cust3977_gmail.com,+91 786208540,Male,40,New Delhi,North,Regular,2025-04-29
3978,Nihal,Barad,cust3978_yahoo.com,+91 849837354,Female,17,Nagpur,Central,VIP,2023-04-13
3979,Vasudha,Bhatti,cust3979_gmail.com,+91 793852990,Female,46,Bhubaneswar,East,Occasional,2026-02-03
3980,Noah,Tak,cust3980_gmail.com,+91 833941831,Other,23,Bangalore,South,Regular,2024-12-28
3981,Tripti,Oommen,cust3981_hotmail.com,+91 717611892,Other,27,Raipur,Central,Regular,2023-05-05
3982,Kashish,Singh,cust3982_yahoo.com,+91 882208146,Female,43,Guwahati,East,VIP,2026-02-04
3983,Ganga,Narain,cust3983_hotmail.com,+91 773195318,Male,57,Raipur,Central,New,2025-06-15
3984,Zinal,Mallick,cust3984_hotmail.com,+91 712516376,Female,26,Jaipur,North,Regular,2023-08-30
3985,Yatan,Kara,cust3985_gmail.com,+91 749952689,Female,56,Guwahati,East,Regular,2026-04-24
3986,Vasudha,Magar,cust3986_yahoo.com,+91 896802464,Male,18,Bhubaneswar,East,Occasional,2024-11-04
3987,Charita,Tara,cust3987_hotmail.com,+91 896970369,Female,20,Chennai,South,Regular,2025-03-01
3988,Charan,Mital,cust3988_yahoo.com,+91 957817686,Male,37,Kolkata,East,Regular,2024-09-20
3989,Manbir,Kapoor,cust3989_gmail.com,+91 886754674,Female,46,Raipur,Central,New,2023-06-15
3990,Ucchal,Dua,cust3990_gmail.com,+91 818789452,Male,35,Bhopal,Central,Regular,2024-01-22
3991,Yashasvi,Patil,cust3991_yahoo.com,+91 722508380,Male,29,Bhopal,Central,VIP,2025-12-19
3992,Mugdha,Saini,cust3992_hotmail.com,+91 868821385,Other,33,Hyderabad,South,Occasional,2026-02-27
3993,Chandani,Bumb,cust3993_gmail.com,+91 928707819,Male,34,Pune,West,Regular,2024-05-29
3994,Vasana,Bhatti,cust3994_yahoo.com,+91 992849389,Female,60,Guwahati,East,VIP,2023-09-10
3995,Rajata,Ravi,cust3995_yahoo.com,+91 891751882,Male,40,Guwahati,East,Occasional,2023-03-30
3996,Oeshi,Solanki,cust3996_gmail.com,+91 975316777,Male,33,Raipur,Central,Regular,2023-08-28
3997,Kamala,Dani,cust3997_yahoo.com,+91 994991176,Female,16,Chandigarh,North,VIP,2024-06-02
3998,Vidhi,Swamy,cust3998_yahoo.com,+91 847277728,Other,47,Raipur,Central,Regular,2024-01-02
3999,Tanish,Ravi,cust3999_yahoo.com,+91 891365234,Male,22,Bhopal,Central,Regular,2025-07-03
4000,Bhavini,Kohli,cust4000_hotmail.com,+91 954718581,Female,18,Kochi,South,New,2024-01-01
4001,Gayathri,Dutta,cust4001_hotmail.com,+91 919101450,Other,56,Chennai,South,Regular,2023-09-14
4002,Krisha,Butala,cust4002_gmail.com,+91 943334370,Female,58,Indore,Central,New,2024-05-23
4003,Fitan,Anand,cust4003_gmail.com,+91 928889328,Male,33,Bhubaneswar,East,Regular,2023-05-08
4004,Priya,Tailor,cust4004_gmail.com,+91 969808127,Male,47,Ahmedabad,West,Occasional,2025-04-19
4005,Max,Behl,cust4005_gmail.com,+91 940705436,Male,54,Patna,East,Occasional,2026-05-17
4006,Peter,Bali,cust4006_gmail.com,+91 993375977,Female,35,Chennai,South,Occasional,2025-01-01
4007,Jeevika,Parikh,cust4007_hotmail.com,+91 925259635,Other,25,Patna,East,VIP,2024-03-28
4008,Gagan,Baria,cust4008_gmail.com,+91 849752255,Male,21,New Delhi,North,New,2025-06-07
4009,Ganga,Chaudhry,cust4009_gmail.com,+91 843886607,Female,50,Indore,Central,Occasional,2024-04-26
4010,Fitan,Baral,cust4010_hotmail.com,+91 816599159,Other,38,Kochi,South,New,2025-06-24
4011,Rehaan,Garde,cust4011_yahoo.com,+91 892838120,Other,55,Kolkata,East,Regular,2023-01-01
4012,Hritik,Loke,cust4012_hotmail.com,+91 733554514,Other,26,Kochi,South,New,2025-01-31
4013,Ekbal,Mane,cust4013_gmail.com,+91 867256103,Female,46,Hyderabad,South,Occasional,2024-03-28
4014,Turvi,Lad,cust4014_gmail.com,+91 815592625,Other,54,Lucknow,North,New,2023-04-11
4015,Yutika,Char,cust4015_yahoo.com,+91 973606779,Other,36,Kochi,South,Regular,2025-09-26
4016,Udarsh,Mander,cust4016_gmail.com,+91 882924211,Male,48,Kochi,South,Regular,2025-07-31
4017,Hamsini,Gaba,cust4017_hotmail.com,+91 985658789,Male,29,Ahmedabad,West,New,2024-09-03
4018,Sneha,Parmer,cust4018_hotmail.com,+91 929639269,Other,40,Surat,West,Occasional,2025-01-04
4019,Chaaya,Rattan,cust4019_yahoo.com,+91 855207423,Male,53,Indore,Central,Occasional,2024-04-20
4020,Dayamai,Narain,cust4020_gmail.com,+91 867972920,Female,49,Pune,West,Occasional,2024-01-01
4021,Triya,Dixit,cust4021_hotmail.com,+91 952852329,Female,27,Kolkata,East,New,2024-01-09
4022,Balhaar,Buch,cust4022_gmail.com,+91 719912781,Other,28,Chandigarh,North,Occasional,2023-08-30
4023,Jacob,Divan,cust4023_gmail.com,+91 788951533,Female,21,Bhubaneswar,East,New,2025-07-01
4024,Jonathan,Dixit,cust4024_hotmail.com,+91 728215921,Other,16,Bhubaneswar,East,Occasional,2024-11-28
4025,Barkha,Natarajan,cust4025_hotmail.com,+91 964415778,Female,54,Jaipur,North,Occasional,2023-04-25
4026,William,Subramaniam,cust4026_yahoo.com,+91 754223751,Male,23,Surat,West,New,2024-05-12
4027,Jason,Mittal,cust4027_hotmail.com,+91 834197728,Other,59,Bangalore,South,VIP,2024-09-28
4028,Urvashi,Bandi,cust4028_yahoo.com,+91 936274847,Female,50,Kochi,South,Regular,2023-11-22
4029,Mahika,Handa,cust4029_yahoo.com,+91 846791962,Other,39,Bhopal,Central,Occasional,2023-09-01
4030,Chandran,Balay,cust4030_yahoo.com,+91 988587424,Other,27,Kochi,South,Regular,2023-04-13
4031,Rachit,Tank,cust4031_yahoo.com,+91 836651603,Other,23,Pune,West,New,2024-08-28
4032,Mitali,Naik,cust4032_yahoo.com,+91 887297850,Female,21,Chandigarh,North,Regular,2025-10-19
4033,Eta,Sami,cust4033_hotmail.com,+91 944928901,Other,22,Ahmedabad,West,Occasional,2023-07-26
4034,Qarin,Amble,cust4034_gmail.com,+91 850794688,Other,56,Raipur,Central,Regular,2024-05-04
4035,Ojasvi,Chander,cust4035_yahoo.com,+91 810688833,Other,24,Pune,West,Occasional,2024-01-25
4036,Manbir,Basak,cust4036_gmail.com,+91 839781751,Female,41,Kolkata,East,Occasional,2024-06-03
4037,Yochana,Tandon,cust4037_yahoo.com,+91 896212654,Male,24,Chandigarh,North,Regular,2024-01-08
4038,Pranit,Sahni,cust4038_gmail.com,+91 793644544,Male,43,New Delhi,North,Regular,2023-11-11
4039,Aditya,Patel,cust4039_hotmail.com,+91 923380384,Female,38,Chandigarh,North,Regular,2026-04-12
4040,Kashish,Nazareth,cust4040_gmail.com,+91 968802485,Female,15,Chandigarh,North,New,2024-06-16
4041,Vasudha,Thaker,cust4041_gmail.com,+91 840378101,Other,20,Mumbai,West,VIP,2023-06-12
4042,Manbir,Natarajan,cust4042_hotmail.com,+91 853564487,Other,59,Kochi,South,Regular,2023-11-24
4043,Yashasvi,Mahal,cust4043_hotmail.com,+91 856863568,Other,27,Surat,West,Occasional,2025-10-20
4044,Ronith,Saran,cust4044_hotmail.com,+91 820882160,Female,36,Raipur,Central,VIP,2024-08-29
4045,Balveer,Sha,cust4045_hotmail.com,+91 729347349,Other,18,Nagpur,Central,Occasional,2026-05-28
4046,Bina,Yohannan,cust4046_yahoo.com,+91 725418819,Other,46,Surat,West,Occasional,2025-07-07
4047,Bhavani,Natarajan,cust4047_gmail.com,+91 838970957,Female,44,Kolkata,East,Regular,2023-03-11
4048,Dev,Som,cust4048_yahoo.com,+91 831656710,Male,15,Lucknow,North,New,2024-09-24
4049,Vihaan,Murty,cust4049_hotmail.com,+91 829692307,Other,18,Indore,Central,New,2024-12-21
4050,Shivani,Lanka,cust4050_yahoo.com,+91 771214979,Female,18,Kolkata,East,Regular,2023-12-13
4051,Balvan,Karnik,cust4051_hotmail.com,+91 738543967,Other,44,Chandigarh,North,VIP,2025-10-09
4052,Aachal,Rana,cust4052_yahoo.com,+91 725571772,Female,51,Indore,Central,Occasional,2025-06-19
4053,Veer,Baria,cust4053_gmail.com,+91 896307206,Other,53,Guwahati,East,Occasional,2023-01-07
4054,William,Ranganathan,cust4054_gmail.com,+91 782736496,Female,58,Surat,West,VIP,2024-11-28
4055,Champak,Borra,cust4055_yahoo.com,+91 818983252,Other,24,Bhubaneswar,East,Occasional,2024-10-29
4056,Omaja,Babu,cust4056_hotmail.com,+91 995868601,Male,49,Bhopal,Central,Occasional,2025-04-11
4057,Damini,Behl,cust4057_yahoo.com,+91 975616256,Other,31,Guwahati,East,Occasional,2026-02-12
4058,Tanay,Walla,cust4058_hotmail.com,+91 877858501,Other,49,Bhubaneswar,East,Occasional,2025-06-20
4059,Bhavna,D’Alia,cust4059_gmail.com,+91 933812339,Female,15,Kochi,South,New,2025-05-08
4060,Falguni,Goel,cust4060_hotmail.com,+91 842599933,Male,36,Chandigarh,North,Occasional,2024-08-27
4061,Sai,Atwal,cust4061_hotmail.com,+91 737493563,Male,24,Mumbai,West,Occasional,2025-10-16
4062,Fariq,Narasimhan,cust4062_hotmail.com,+91 867883849,Female,48,New Delhi,North,New,2024-10-29
4063,Varsha,Bail,cust4063_gmail.com,+91 778286400,Other,40,Mumbai,West,Regular,2024-01-17
4064,Aarna,Gara,cust4064_hotmail.com,+91 767181530,Other,35,Indore,Central,VIP,2023-07-21
4065,Aarini,Sagar,cust4065_gmail.com,+91 794208482,Other,51,Pune,West,Regular,2024-03-30
4066,Samar,Gade,cust4066_yahoo.com,+91 738220769,Other,54,Kochi,South,VIP,2024-10-24
4067,Bhavya,More,cust4067_hotmail.com,+91 758926694,Other,16,New Delhi,North,VIP,2023-06-01
4068,Ekapad,Bose,cust4068_gmail.com,+91 849388712,Female,31,Kolkata,East,VIP,2025-12-10
4069,Aarush,Khatri,cust4069_gmail.com,+91 787878328,Female,54,Mumbai,West,Regular,2023-07-08
4070,Anamika,Gola,cust4070_gmail.com,+91 921986820,Other,55,Kochi,South,New,2026-04-24
4071,Siya,Nazareth,cust4071_gmail.com,+91 986155121,Female,54,Bhopal,Central,Occasional,2026-04-03
4072,Udyati,Vaidya,cust4072_gmail.com,+91 876174952,Other,33,Kolkata,East,Regular,2025-02-16
4073,Arunima,Chacko,cust4073_yahoo.com,+91 859198205,Other,45,Chandigarh,North,Occasional,2025-01-17
4074,George,Pandit,cust4074_gmail.com,+91 762986580,Male,18,Chennai,South,Occasional,2026-05-10
4075,Ranbir,Krishna,cust4075_hotmail.com,+91 954667257,Other,32,Lucknow,North,New,2024-08-25
4076,Gabriel,Bhatnagar,cust4076_gmail.com,+91 971596828,Other,58,Lucknow,North,Occasional,2023-01-29
4077,Hema,Dyal,cust4077_hotmail.com,+91 810134336,Male,18,Surat,West,Regular,2023-08-15
4078,Rishi,Srinivas,cust4078_hotmail.com,+91 962194558,Other,37,Mumbai,West,Occasional,2025-12-07
4079,Ayushman,Oak,cust4079_yahoo.com,+91 797417725,Male,34,Raipur,Central,Occasional,2024-06-29
4080,Rachana,Chawla,cust4080_hotmail.com,+91 922724376,Female,52,Guwahati,East,New,2026-05-16
4081,Neha,Kala,cust4081_gmail.com,+91 819713686,Male,17,Pune,West,Regular,2026-04-20
4082,Veda,Bhavsar,cust4082_hotmail.com,+91 743737955,Male,23,Kochi,South,New,2023-10-23
4083,Warda,Shankar,cust4083_yahoo.com,+91 817644435,Other,51,Guwahati,East,Regular,2023-12-19
4084,Jyoti,Issac,cust4084_gmail.com,+91 740731774,Other,38,Kochi,South,Occasional,2024-05-15
4085,Sneha,Guha,cust4085_gmail.com,+91 842651906,Other,26,Pune,West,Regular,2023-02-26
4086,Isha,Badal,cust4086_hotmail.com,+91 750763978,Male,36,Indore,Central,Regular,2025-06-05
4087,Hamsini,Sagar,cust4087_hotmail.com,+91 957990205,Male,28,Nagpur,Central,Occasional,2024-08-01
4088,Divya,Sheth,cust4088_gmail.com,+91 736581470,Male,15,Ahmedabad,West,Occasional,2023-01-12
4089,Gopal,Verma,cust4089_hotmail.com,+91 769427270,Male,35,Kochi,South,Regular,2023-07-28
4090,Jackson,Deshpande,cust4090_yahoo.com,+91 742815248,Female,21,Hyderabad,South,Occasional,2026-04-05
4091,Harini,Dar,cust4091_hotmail.com,+91 883542433,Other,42,Nagpur,Central,Regular,2025-02-06
4092,Edhitha,Korpal,cust4092_yahoo.com,+91 757119112,Male,41,Chandigarh,North,Occasional,2023-02-20
4093,Pavani,Memon,cust4093_gmail.com,+91 915412900,Other,48,Ahmedabad,West,Regular,2025-04-14
4094,Christopher,Mital,cust4094_hotmail.com,+91 979263631,Female,39,Mumbai,West,Regular,2023-06-15
4095,Aarna,Raghavan,cust4095_gmail.com,+91 783293988,Other,43,Surat,West,VIP,2023-08-01
4096,Harini,Sabharwal,cust4096_gmail.com,+91 956989618,Other,44,Patna,East,Occasional,2024-03-12
4097,Januja,Borde,cust4097_yahoo.com,+91 757460651,Other,23,Kolkata,East,Occasional,2025-04-04
4098,Charita,Ray,cust4098_gmail.com,+91 795184518,Male,44,Kochi,South,Regular,2024-04-24
4099,Bhavani,Narang,cust4099_gmail.com,+91 835970238,Male,55,New Delhi,North,New,2023-02-10
4100,Girik,Devan,cust4100_hotmail.com,+91 746554588,Female,36,Jaipur,North,Occasional,2026-01-10
4101,Harish,Patil,cust4101_gmail.com,+91 972191342,Male,43,Raipur,Central,New,2025-07-25
4102,Aishani,Nath,cust4102_yahoo.com,+91 913982928,Male,59,Raipur,Central,New,2023-05-28
4103,Qadim,Kala,cust4103_hotmail.com,+91 779697663,Other,19,Pune,West,Occasional,2023-07-12
4104,Farhan,Kata,cust4104_gmail.com,+91 959920947,Other,36,Hyderabad,South,Regular,2026-05-28
4105,Deepa,Buch,cust4105_hotmail.com,+91 859376925,Other,33,Pune,West,Regular,2024-03-05
4106,Chameli,Mishra,cust4106_gmail.com,+91 731256112,Female,49,Chennai,South,New,2025-05-02
4107,Banjeet,Muni,cust4107_yahoo.com,+91 896375919,Female,23,Chennai,South,Occasional,2024-09-19
4108,Gauri,Luthra,cust4108_hotmail.com,+91 917558176,Male,50,Kolkata,East,Occasional,2023-05-25
4109,Laksh,Biswas,cust4109_gmail.com,+91 882706916,Other,56,Kolkata,East,Regular,2023-03-22
4110,Aayush,Chhabra,cust4110_yahoo.com,+91 714493773,Female,48,Nagpur,Central,Regular,2025-07-02
4111,Upasna,Patel,cust4111_yahoo.com,+91 828696628,Male,39,Hyderabad,South,VIP,2023-03-08
4112,Hredhaan,Lalla,cust4112_gmail.com,+91 899607914,Other,21,Kochi,South,Occasional,2025-04-21
4113,Yug,Bumb,cust4113_yahoo.com,+91 791112468,Other,39,Kochi,South,Occasional,2025-07-06
4114,Qasim,Chawla,cust4114_hotmail.com,+91 914803695,Female,39,Patna,East,Occasional,2023-09-19
4115,Upma,Kamdar,cust4115_hotmail.com,+91 831660641,Male,49,Jaipur,North,Occasional,2023-01-27
4116,Jonathan,Gara,cust4116_hotmail.com,+91 918193103,Male,44,Chandigarh,North,Regular,2026-01-05
4117,Yashodhara,Khare,cust4117_yahoo.com,+91 961126350,Male,41,Bhopal,Central,Occasional,2025-11-26
4118,Anjali,Guha,cust4118_yahoo.com,+91 974393367,Other,32,Nagpur,Central,Regular,2023-01-09
4119,Wazir,Bhargava,cust4119_yahoo.com,+91 732541979,Male,60,Patna,East,Occasional,2025-04-30
4120,Lipika,Hans,cust4120_hotmail.com,+91 938894174,Male,60,Guwahati,East,Occasional,2023-11-24
4121,Hemangini,Deshpande,cust4121_yahoo.com,+91 775404815,Female,30,Indore,Central,VIP,2024-03-30
4122,Nisha,Mani,cust4122_yahoo.com,+91 852889484,Other,47,Raipur,Central,Occasional,2025-07-06
4123,Jeet,Salvi,cust4123_yahoo.com,+91 925669877,Male,17,Pune,West,VIP,2024-01-22
4124,Widisha,Agarwal,cust4124_gmail.com,+91 831712193,Female,60,Raipur,Central,New,2025-10-04
4125,Rayaan,Kulkarni,cust4125_hotmail.com,+91 759465733,Male,59,Bangalore,South,Regular,2024-09-21
4126,Qarin,Dar,cust4126_hotmail.com,+91 726802317,Male,21,Kolkata,East,Regular,2023-07-19
4127,Kevin,Baria,cust4127_gmail.com,+91 749281820,Female,30,Kolkata,East,New,2024-01-22
4128,Chakradhar,Bora,cust4128_hotmail.com,+91 980194993,Other,20,Bhubaneswar,East,Occasional,2024-01-24
4129,Kiaan,Kamdar,cust4129_yahoo.com,+91 837124977,Male,31,Bhopal,Central,Regular,2024-09-05
4130,Aarnav,Kade,cust4130_hotmail.com,+91 760191666,Female,51,Pune,West,Regular,2023-06-24
4131,Akshay,Sachdev,cust4131_gmail.com,+91 715119945,Male,19,Nagpur,Central,Regular,2023-06-22
4132,Samuel,Sekhon,cust4132_gmail.com,+91 760988752,Male,25,Chennai,South,Regular,2024-06-14
4133,Jatin,Pillay,cust4133_yahoo.com,+91 794559132,Male,26,Indore,Central,VIP,2023-08-17
4134,Kritika,Venkataraman,cust4134_hotmail.com,+91 810176986,Other,32,Indore,Central,Regular,2024-09-30
4135,Sachi,Jaggi,cust4135_hotmail.com,+91 761136576,Other,46,Kolkata,East,Regular,2024-03-03
4136,Samuel,Ramachandran,cust4136_yahoo.com,+91 946473149,Male,59,Patna,East,Occasional,2023-08-15
4137,Xavier,Suri,cust4137_yahoo.com,+91 936806801,Female,37,Indore,Central,Regular,2023-10-20
4138,Rajeshri,Bawa,cust4138_yahoo.com,+91 761827291,Male,41,Chennai,South,Regular,2024-03-01
4139,Rachita,Sheth,cust4139_gmail.com,+91 944486222,Female,46,New Delhi,North,Regular,2023-01-05
4140,Darpan,Shanker,cust4140_hotmail.com,+91 822311326,Other,57,Mumbai,West,Regular,2023-04-06
4141,Samar,Sachdev,cust4141_gmail.com,+91 717985985,Female,52,Raipur,Central,Occasional,2024-03-25
4142,Lohit,Mander,cust4142_yahoo.com,+91 849195753,Male,27,Chennai,South,Regular,2024-03-22
4143,Pooja,Atwal,cust4143_yahoo.com,+91 740676151,Female,29,Guwahati,East,Occasional,2023-10-03
4144,Dhruv,Sha,cust4144_yahoo.com,+91 835326719,Female,21,Chennai,South,Occasional,2026-05-05
4145,Udarsh,Sengupta,cust4145_gmail.com,+91 713914665,Other,34,Indore,Central,Regular,2024-04-15
4146,Anya,Sood,cust4146_yahoo.com,+91 815194830,Female,34,Kochi,South,Regular,2025-12-05
4147,Naveen,Srinivasan,cust4147_gmail.com,+91 856105950,Female,16,Bangalore,South,Regular,2024-02-23
4148,Kiaan,Badal,cust4148_gmail.com,+91 996843835,Female,33,Ahmedabad,West,Regular,2024-11-11
4149,Vedika,Rajagopalan,cust4149_gmail.com,+91 774208881,Male,56,Pune,West,New,2025-09-29
4150,Yashodhara,Dhillon,cust4150_gmail.com,+91 710197484,Male,37,Jaipur,North,Regular,2025-05-07
4151,Kamala,Vig,cust4151_yahoo.com,+91 912963708,Female,22,Indore,Central,New,2024-02-20
4152,Hardik,Magar,cust4152_hotmail.com,+91 825860692,Female,25,Mumbai,West,Regular,2025-12-07
4153,Dayita,Raval,cust4153_gmail.com,+91 812387510,Other,21,Guwahati,East,New,2025-03-13
4154,Hredhaan,Khurana,cust4154_yahoo.com,+91 975742390,Other,27,Hyderabad,South,Occasional,2023-04-08
4155,Yash,Wagle,cust4155_gmail.com,+91 991671951,Female,55,Bhubaneswar,East,Regular,2024-01-27
4156,Watika,Wadhwa,cust4156_gmail.com,+91 742965669,Male,46,Bangalore,South,Regular,2025-09-01
4157,Anmol,Narang,cust4157_hotmail.com,+91 953332391,Female,46,Jaipur,North,Regular,2023-08-20
4158,Oni,Om,cust4158_gmail.com,+91 828839827,Female,45,Mumbai,West,Regular,2026-04-10
4159,Rishi,Grover,cust4159_gmail.com,+91 837165984,Female,33,Raipur,Central,Regular,2025-01-17
4160,Damini,Sandal,cust4160_yahoo.com,+91 916150248,Male,55,Ahmedabad,West,Occasional,2026-02-12
4161,Anita,Iyengar,cust4161_hotmail.com,+91 954412581,Other,27,Chandigarh,North,New,2025-12-17
4162,Ishanvi,Char,cust4162_yahoo.com,+91 898242707,Male,31,Bhubaneswar,East,Regular,2024-09-16
4163,Rohan,Konda,cust4163_yahoo.com,+91 782633263,Other,31,New Delhi,North,Regular,2025-01-03
4164,Gayathri,Parikh,cust4164_yahoo.com,+91 965780404,Female,43,Indore,Central,VIP,2023-03-13
4165,Wridesh,Walia,cust4165_yahoo.com,+91 847215603,Male,18,Kochi,South,Occasional,2026-03-24
4166,Vedant,Sankar,cust4166_hotmail.com,+91 831443430,Male,27,Jaipur,North,Occasional,2025-02-05
4167,Faraj,Chauhan,cust4167_hotmail.com,+91 921560531,Female,26,Jaipur,North,New,2023-01-26
4168,Vihaan,Roy,cust4168_gmail.com,+91 848170603,Other,38,Indore,Central,Regular,2023-08-01
4169,Unni,Sachar,cust4169_hotmail.com,+91 767728137,Female,37,New Delhi,North,Occasional,2023-11-15
4170,Elijah,Chauhan,cust4170_hotmail.com,+91 767292728,Other,28,Pune,West,Regular,2026-02-21
4171,Ridhi,Deshmukh,cust4171_gmail.com,+91 923126879,Other,49,Raipur,Central,Regular,2025-05-02
4172,Tanish,Kamdar,cust4172_yahoo.com,+91 955544211,Other,23,Raipur,Central,Occasional,2026-02-20
4173,Balhaar,Kunda,cust4173_gmail.com,+91 862956591,Female,39,Bhubaneswar,East,Regular,2023-05-31
4174,Nilima,Dara,cust4174_yahoo.com,+91 752148668,Female,31,Nagpur,Central,New,2025-07-01
4175,Shivani,Kadakia,cust4175_gmail.com,+91 841913948,Other,51,New Delhi,North,Occasional,2025-09-25
4176,Warjas,Dani,cust4176_gmail.com,+91 784692274,Female,47,Chennai,South,Regular,2024-06-13
4177,Wridesh,Basu,cust4177_yahoo.com,+91 890442883,Other,21,Jaipur,North,Regular,2024-01-24
4178,Aradhana,Ganesh,cust4178_hotmail.com,+91 952244111,Female,30,Bhopal,Central,Regular,2025-12-06
4179,Abeer,Suri,cust4179_gmail.com,+91 925649880,Female,22,Raipur,Central,New,2026-03-22
4180,Nisha,Narayanan,cust4180_gmail.com,+91 777976310,Female,53,Indore,Central,Occasional,2026-05-21
4181,Yahvi,Karnik,cust4181_hotmail.com,+91 765600324,Male,15,Lucknow,North,Occasional,2023-05-18
4182,Aadi,Sane,cust4182_hotmail.com,+91 781639396,Male,16,Bhopal,Central,Regular,2024-03-07
4183,Ishanvi,Sethi,cust4183_hotmail.com,+91 885245812,Female,59,Guwahati,East,New,2024-06-26
4184,Nitesh,Bala,cust4184_hotmail.com,+91 752113964,Other,46,Indore,Central,New,2025-12-17
4185,Ansh,Maharaj,cust4185_gmail.com,+91 955596400,Male,34,Raipur,Central,Regular,2023-06-01
4186,Naksh,Kaur,cust4186_hotmail.com,+91 924416353,Female,47,Mumbai,West,Regular,2023-09-25
4187,Praneel,Hayre,cust4187_gmail.com,+91 992412351,Male,22,Guwahati,East,Occasional,2023-03-12
4188,Kevin,Merchant,cust4188_yahoo.com,+91 864722422,Female,53,Ahmedabad,West,New,2023-11-04
4189,Shivani,Kara,cust4189_hotmail.com,+91 833854518,Other,29,Bhopal,Central,Regular,2023-04-06
4190,Azad,Dalal,cust4190_hotmail.com,+91 839600874,Male,17,Patna,East,Regular,2023-07-28
4191,Samarth,Peri,cust4191_hotmail.com,+91 915434518,Other,40,Indore,Central,Occasional,2026-01-29
4192,Chandani,Sankaran,cust4192_gmail.com,+91 939415295,Male,16,Lucknow,North,New,2026-03-21
4193,Dev,Dutt,cust4193_yahoo.com,+91 974554493,Male,59,Patna,East,Occasional,2025-12-04
4194,Abhimanyu,Garg,cust4194_yahoo.com,+91 990188697,Female,21,Kolkata,East,Regular,2024-08-10
4195,Parth,Salvi,cust4195_gmail.com,+91 833986343,Other,42,Jaipur,North,Occasional,2023-02-24
4196,Nakul,Kakar,cust4196_gmail.com,+91 937573355,Other,49,Bhubaneswar,East,VIP,2023-05-12
4197,Ojasvi,Chopra,cust4197_yahoo.com,+91 834394176,Other,27,Bangalore,South,Regular,2023-08-27
4198,Ojas,Lata,cust4198_hotmail.com,+91 981246523,Female,22,Kolkata,East,VIP,2023-12-23
4199,Forum,Sethi,cust4199_gmail.com,+91 713555309,Female,31,Surat,West,Regular,2025-03-19
4200,Tanveer,Sen,cust4200_yahoo.com,+91 849223387,Other,35,Patna,East,New,2025-07-12
4201,Sai,Mallick,cust4201_yahoo.com,+91 718767200,Female,40,Bhubaneswar,East,Occasional,2023-09-25
4202,Tanish,Bahri,cust4202_gmail.com,+91 839584752,Female,16,Pune,West,VIP,2024-02-09
4203,Chakrika,Prashad,cust4203_hotmail.com,+91 934146227,Male,34,Nagpur,Central,Occasional,2024-09-22
4204,Gavin,D’Alia,cust4204_hotmail.com,+91 923514482,Other,42,Surat,West,VIP,2024-12-23
4205,Chatura,Karpe,cust4205_hotmail.com,+91 818620800,Other,54,Indore,Central,VIP,2023-07-16
4206,Isaiah,Srinivas,cust4206_yahoo.com,+91 833669639,Female,25,Chennai,South,Regular,2025-12-23
4207,Krishna,Bera,cust4207_hotmail.com,+91 958134931,Female,49,Patna,East,Regular,2025-10-06
4208,Vincent,Date,cust4208_gmail.com,+91 882299806,Male,20,Patna,East,Occasional,2023-10-07
4209,Yashoda,Borah,cust4209_gmail.com,+91 785855306,Male,48,Kochi,South,Occasional,2023-03-20
4210,Fiyaz,Nori,cust4210_hotmail.com,+91 793334103,Female,56,Lucknow,North,Occasional,2025-04-17
4211,Girik,Lad,cust4211_yahoo.com,+91 793182511,Other,33,Chennai,South,Regular,2025-04-15
4212,Laban,Gokhale,cust4212_gmail.com,+91 835674807,Other,41,Pune,West,Occasional,2024-05-30
4213,Vritti,Jha,cust4213_gmail.com,+91 970764234,Male,59,Jaipur,North,Regular,2024-10-26
4214,Thomas,Chakraborty,cust4214_hotmail.com,+91 756453312,Other,57,Kolkata,East,Occasional,2026-05-12
4215,Riya,Bora,cust4215_yahoo.com,+91 721304507,Male,46,Pune,West,VIP,2023-08-18
4216,Faris,Nagy,cust4216_yahoo.com,+91 949174843,Male,45,Jaipur,North,Occasional,2026-01-24
4217,Anya,Nazareth,cust4217_gmail.com,+91 775604417,Male,53,Guwahati,East,New,2023-09-13
4218,Advay,Bala,cust4218_hotmail.com,+91 997356643,Female,47,Patna,East,VIP,2023-02-21
4219,Arjun,Balasubramanian,cust4219_gmail.com,+91 921527592,Male,49,Mumbai,West,VIP,2025-12-09
4220,Nitesh,Bumb,cust4220_gmail.com,+91 991326716,Female,56,Bhopal,Central,Occasional,2024-05-15
4221,Ranveer,Srivastava,cust4221_gmail.com,+91 929911288,Male,43,Bhopal,Central,Occasional,2025-12-04
4222,Kamya,Bhandari,cust4222_hotmail.com,+91 883456355,Female,52,Indore,Central,Regular,2024-11-12
4223,Atharv,Doctor,cust4223_yahoo.com,+91 715549271,Male,55,Patna,East,Regular,2026-03-08
4224,Ladli,Contractor,cust4224_hotmail.com,+91 920448542,Male,58,Raipur,Central,Occasional,2024-04-30
4225,Bimala,Master,cust4225_yahoo.com,+91 959610665,Male,16,Hyderabad,South,VIP,2025-09-29
4226,Frederick,Divan,cust4226_hotmail.com,+91 814186383,Female,60,Nagpur,Central,New,2023-09-05
4227,Vansha,Mani,cust4227_yahoo.com,+91 866207984,Female,25,Bangalore,South,VIP,2025-11-03
4228,Faraj,Dora,cust4228_gmail.com,+91 746661557,Female,34,Bhopal,Central,Occasional,2025-03-22
4229,Bhavya,Thaker,cust4229_hotmail.com,+91 879762669,Male,42,Patna,East,Occasional,2026-03-31
4230,Brijesh,Murthy,cust4230_yahoo.com,+91 868517125,Male,60,Patna,East,Regular,2026-05-09
4231,Banjeet,Tripathi,cust4231_yahoo.com,+91 740517670,Other,51,Chennai,South,New,2024-12-29
4232,Atharv,Basu,cust4232_hotmail.com,+91 847176814,Female,41,Chandigarh,North,Occasional,2024-12-26
4233,Aarnav,Lal,cust4233_gmail.com,+91 841791352,Female,45,Pune,West,Occasional,2023-03-17
4234,Hemani,Om,cust4234_gmail.com,+91 944462326,Male,36,Surat,West,Regular,2024-08-10
4235,Zaitra,Maharaj,cust4235_hotmail.com,+91 882241804,Other,54,Guwahati,East,Regular,2024-07-15
4236,Nidhi,Purohit,cust4236_hotmail.com,+91 778797923,Female,47,Pune,West,New,2023-08-21
4237,Warinder,Sachar,cust4237_gmail.com,+91 879997679,Female,25,Kochi,South,Regular,2023-07-10
4238,Amruta,Vaidya,cust4238_gmail.com,+91 826375373,Male,35,Raipur,Central,VIP,2026-05-24
4239,Kala,Bawa,cust4239_yahoo.com,+91 917259223,Female,45,Surat,West,Occasional,2024-05-14
4240,Onkar,Prashad,cust4240_hotmail.com,+91 979173507,Other,21,Chennai,South,Occasional,2024-04-26
4241,Balveer,Singhal,cust4241_gmail.com,+91 836882265,Other,52,Kochi,South,Regular,2023-03-07
4242,Sarthak,Khosla,cust4242_yahoo.com,+91 772361192,Female,55,Bangalore,South,Regular,2024-09-23
4243,Triveni,Pant,cust4243_gmail.com,+91 958426426,Other,22,Indore,Central,VIP,2025-07-24
4244,Qasim,Dass,cust4244_gmail.com,+91 969103987,Other,46,Kolkata,East,Occasional,2026-04-14
4245,Amrita,Batta,cust4245_gmail.com,+91 796181340,Other,23,Bhopal,Central,Occasional,2023-04-05
4246,Zayyan,Wadhwa,cust4246_gmail.com,+91 856702397,Other,26,Jaipur,North,Regular,2024-08-31
4247,Abdul,Lal,cust4247_hotmail.com,+91 867473473,Female,35,New Delhi,North,Regular,2025-05-13
4248,Aarna,Goel,cust4248_hotmail.com,+91 929668172,Male,15,Raipur,Central,Occasional,2026-02-13
4249,Wishi,Kothari,cust4249_hotmail.com,+91 817992445,Female,35,Kolkata,East,Regular,2025-01-05
4250,Kritika,Guha,cust4250_hotmail.com,+91 783514106,Male,16,Nagpur,Central,Occasional,2023-10-29
4251,Devansh,Ratta,cust4251_yahoo.com,+91 918775451,Female,27,Kolkata,East,New,2025-10-03
4252,Mohammed,Bhatti,cust4252_gmail.com,+91 798268400,Female,33,Guwahati,East,Occasional,2024-01-12
4253,Mugdha,Merchant,cust4253_hotmail.com,+91 921622186,Other,33,Guwahati,East,Regular,2025-12-18
4254,Damyanti,Reddy,cust4254_yahoo.com,+91 852967911,Female,38,Guwahati,East,Regular,2023-09-23
4255,Ansh,Kibe,cust4255_yahoo.com,+91 744893284,Other,41,Chandigarh,North,VIP,2023-09-04
4256,Kalpit,Pillay,cust4256_hotmail.com,+91 930932744,Other,34,Hyderabad,South,Occasional,2026-03-21
4257,Raagini,Kala,cust4257_gmail.com,+91 858843151,Other,49,Raipur,Central,Occasional,2026-01-31
4258,Zayan,Butala,cust4258_yahoo.com,+91 981137395,Female,21,Chandigarh,North,Regular,2024-04-25
4259,Madhavi,Manne,cust4259_hotmail.com,+91 749639555,Female,31,Jaipur,North,Regular,2023-03-05
4260,Naksh,Pant,cust4260_yahoo.com,+91 940987560,Male,54,Kochi,South,VIP,2024-08-28
4261,Bina,Basak,cust4261_gmail.com,+91 987313122,Other,53,Hyderabad,South,Occasional,2026-03-22
4262,Veer,Pillay,cust4262_yahoo.com,+91 797267186,Male,27,Ahmedabad,West,Regular,2024-09-18
4263,Rachit,Memon,cust4263_gmail.com,+91 988710131,Female,17,Ahmedabad,West,Regular,2025-04-24
4264,Arin,Chad,cust4264_yahoo.com,+91 972234355,Female,18,Surat,West,Regular,2026-02-06
4265,Darika,Sabharwal,cust4265_yahoo.com,+91 877302552,Female,59,Kochi,South,VIP,2024-08-09
4266,Yochana,Wali,cust4266_hotmail.com,+91 822341508,Male,46,Mumbai,West,Regular,2024-03-27
4267,Upkaar,Chopra,cust4267_yahoo.com,+91 884772809,Other,56,Guwahati,East,Regular,2023-02-04
4268,Xiti,Venkataraman,cust4268_gmail.com,+91 959590323,Female,44,Hyderabad,South,VIP,2024-01-11
4269,Garima,Desai,cust4269_yahoo.com,+91 867696221,Female,23,Guwahati,East,VIP,2024-03-03
4270,David,Oak,cust4270_gmail.com,+91 895124267,Female,49,Nagpur,Central,Occasional,2025-08-05
4271,Dakshesh,Manne,cust4271_gmail.com,+91 977241486,Male,52,Ahmedabad,West,Regular,2024-03-26
4272,Tarak,Joshi,cust4272_yahoo.com,+91 796497496,Male,46,Nagpur,Central,Regular,2023-11-14
4273,Aarini,Murty,cust4273_hotmail.com,+91 984500716,Other,15,Raipur,Central,Occasional,2023-10-29
4274,Megha,Kapadia,cust4274_gmail.com,+91 920404225,Male,49,Guwahati,East,Occasional,2023-07-09
4275,Gautam,Chandra,cust4275_hotmail.com,+91 989392724,Other,18,Mumbai,West,Occasional,2023-06-08
4276,Suhani,Vora,cust4276_yahoo.com,+91 833569154,Female,43,Ahmedabad,West,Regular,2025-07-20
4277,Jatin,Bava,cust4277_hotmail.com,+91 929591674,Female,41,Ahmedabad,West,VIP,2026-01-25
4278,Wridesh,Chand,cust4278_hotmail.com,+91 893267662,Female,45,Nagpur,Central,Regular,2023-11-05
4279,Rudra,Tailor,cust4279_gmail.com,+91 788351725,Female,22,Chandigarh,North,New,2025-11-20
4280,Nidhi,Naidu,cust4280_gmail.com,+91 879272672,Male,16,Kolkata,East,Regular,2023-07-29
4281,Niharika,Banerjee,cust4281_hotmail.com,+91 781767762,Other,38,Kolkata,East,Occasional,2023-03-02
4282,Fiyaz,Tiwari,cust4282_yahoo.com,+91 970466130,Male,21,Guwahati,East,Regular,2023-04-30
4283,Falak,Ramachandran,cust4283_gmail.com,+91 932430503,Other,43,Bhopal,Central,Occasional,2026-03-24
4284,Xiti,Ray,cust4284_hotmail.com,+91 841194881,Other,45,Bhubaneswar,East,Occasional,2024-12-18
4285,Abhiram,Anne,cust4285_gmail.com,+91 862848550,Male,48,Chandigarh,North,Regular,2026-01-23
4286,Avi,Balan,cust4286_hotmail.com,+91 960312910,Male,49,Patna,East,Regular,2023-11-21
4287,Gaurika,Sachdeva,cust4287_gmail.com,+91 962232410,Male,58,Jaipur,North,Occasional,2023-06-15
4288,Joshua,Viswanathan,cust4288_gmail.com,+91 788358512,Female,40,Raipur,Central,Regular,2025-05-03
4289,Krishna,Nath,cust4289_yahoo.com,+91 750330503,Female,34,Surat,West,Regular,2024-01-15
4290,Widisha,Lalla,cust4290_hotmail.com,+91 953394205,Other,23,Chennai,South,Regular,2025-09-16
4291,Jagdish,Sagar,cust4291_gmail.com,+91 779767132,Male,19,Guwahati,East,Occasional,2024-03-16
4292,Tanay,Ramanathan,cust4292_yahoo.com,+91 930645109,Female,16,Bhopal,Central,Occasional,2025-08-22
4293,Hiral,Desai,cust4293_gmail.com,+91 841979494,Male,35,Bhopal,Central,VIP,2025-08-05
4294,Deepa,Bobal,cust4294_gmail.com,+91 889528713,Other,17,Surat,West,VIP,2023-04-29
4295,Bhavini,Chopra,cust4295_hotmail.com,+91 721904423,Male,23,Jaipur,North,Occasional,2025-03-28
4296,Upkaar,Kashyap,cust4296_yahoo.com,+91 891567434,Male,47,Lucknow,North,Occasional,2024-03-29
4297,Vansha,Oza,cust4297_gmail.com,+91 963965195,Female,56,Kochi,South,Occasional,2025-04-03
4298,Liam,Reddy,cust4298_gmail.com,+91 935923347,Other,29,Guwahati,East,Regular,2025-06-30
4299,Nakul,Kale,cust4299_hotmail.com,+91 829120195,Other,50,Surat,West,Regular,2023-09-23
4300,Yashasvi,Divan,cust4300_gmail.com,+91 820524989,Female,60,Surat,West,Occasional,2025-07-24
4301,Siya,Maharaj,cust4301_yahoo.com,+91 963388166,Male,15,Chennai,South,Regular,2024-01-09
4302,Omya,Bose,cust4302_gmail.com,+91 993999598,Male,30,Nagpur,Central,Occasional,2024-06-08
4303,Balhaar,Menon,cust4303_gmail.com,+91 742749538,Male,38,Bhubaneswar,East,Occasional,2024-02-01
4304,Nikita,Basak,cust4304_yahoo.com,+91 918230937,Female,57,Ahmedabad,West,Occasional,2025-03-18
4305,Ansh,Nazareth,cust4305_gmail.com,+91 868791277,Other,42,Chennai,South,Regular,2025-09-06
4306,Megha,Sangha,cust4306_yahoo.com,+91 989277822,Other,47,New Delhi,North,New,2025-02-03
4307,Chakradhar,Venkataraman,cust4307_hotmail.com,+91 752317447,Other,55,Lucknow,North,Regular,2026-05-13
4308,Jackson,Dave,cust4308_yahoo.com,+91 965228949,Other,49,Chennai,South,Occasional,2023-05-30
4309,Andrew,Basak,cust4309_gmail.com,+91 975186955,Female,30,Kolkata,East,Occasional,2026-04-27
4310,Zinal,Jani,cust4310_yahoo.com,+91 852967174,Other,30,Nagpur,Central,Occasional,2023-03-28
4311,Mitali,Chakrabarti,cust4311_gmail.com,+91 944733190,Female,47,Mumbai,West,New,2024-08-29
4312,Mitesh,Shah,cust4312_gmail.com,+91 978241785,Female,31,Mumbai,West,VIP,2024-08-23
4313,Simon,Chaudhry,cust4313_gmail.com,+91 854179234,Female,18,Ahmedabad,West,Regular,2024-05-12
4314,Tejas,Kumar,cust4314_yahoo.com,+91 789901839,Male,37,Chandigarh,North,Occasional,2026-04-07
4315,Charles,Sani,cust4315_hotmail.com,+91 829436344,Other,15,Patna,East,Regular,2024-07-06
4316,Qadim,Sarin,cust4316_hotmail.com,+91 839882710,Female,31,Ahmedabad,West,Regular,2025-05-04
4317,Vedika,Sundaram,cust4317_yahoo.com,+91 842788117,Other,18,Bangalore,South,Occasional,2023-06-18
4318,Luke,Kade,cust4318_hotmail.com,+91 955148583,Male,50,Hyderabad,South,Regular,2026-03-31
4319,Bina,Baria,cust4319_gmail.com,+91 784127969,Other,17,Lucknow,North,Regular,2024-02-14
4320,Daksha,Ahluwalia,cust4320_hotmail.com,+91 989262497,Male,24,Pune,West,VIP,2024-01-12
4321,Rishi,Oommen,cust4321_yahoo.com,+91 854842491,Other,24,Ahmedabad,West,New,2024-11-26
4322,Vansha,Wadhwa,cust4322_gmail.com,+91 854850553,Female,49,Surat,West,Occasional,2024-01-04
4323,Chakradhar,Kala,cust4323_gmail.com,+91 947312173,Other,16,Hyderabad,South,Occasional,2024-09-24
4324,Kavya,Dash,cust4324_gmail.com,+91 975461880,Other,43,Mumbai,West,Occasional,2025-09-29
4325,Kamala,Seth,cust4325_hotmail.com,+91 796966679,Other,36,Bhopal,Central,Regular,2023-06-09
4326,Andrew,Batta,cust4326_hotmail.com,+91 876303112,Other,58,Bhopal,Central,New,2025-12-14
4327,Dhruv,Mann,cust4327_yahoo.com,+91 992702977,Female,58,Raipur,Central,Occasional,2024-07-26
4328,Qabil,Babu,cust4328_hotmail.com,+91 853989529,Female,25,Kolkata,East,Occasional,2025-06-10
4329,Aadhya,Gandhi,cust4329_yahoo.com,+91 730558201,Male,49,Guwahati,East,Occasional,2024-12-04
4330,Osha,Prashad,cust4330_hotmail.com,+91 967942436,Female,18,Raipur,Central,Occasional,2026-03-20
4331,Tanmayi,Chakraborty,cust4331_hotmail.com,+91 714597449,Other,57,Indore,Central,New,2024-04-05
4332,Maanav,Wason,cust4332_yahoo.com,+91 916573394,Female,28,Lucknow,North,Occasional,2024-04-04
4333,Leena,Kothari,cust4333_gmail.com,+91 871606294,Other,54,Bhubaneswar,East,Regular,2025-06-18
4334,Harshil,Menon,cust4334_gmail.com,+91 844113798,Other,45,Chennai,South,Regular,2024-05-28
4335,Xiti,Mukherjee,cust4335_hotmail.com,+91 993739866,Male,58,Chandigarh,North,VIP,2026-04-14
4336,Robert,Gill,cust4336_gmail.com,+91 760600284,Male,54,Jaipur,North,Occasional,2025-08-19
4337,Qasim,Kapoor,cust4337_yahoo.com,+91 942228543,Other,20,Chandigarh,North,New,2023-06-18
4338,Lohit,Sani,cust4338_yahoo.com,+91 845595167,Other,16,Guwahati,East,Regular,2026-04-27
4339,Christopher,Reddy,cust4339_hotmail.com,+91 766449530,Female,38,Bhopal,Central,Regular,2025-05-26
4340,Arin,Solanki,cust4340_gmail.com,+91 934111767,Male,15,Jaipur,North,VIP,2025-12-22
4341,Jacob,Shankar,cust4341_yahoo.com,+91 938282192,Other,36,Kolkata,East,Regular,2024-09-10
4342,Riya,Ghosh,cust4342_hotmail.com,+91 847171926,Male,39,Indore,Central,New,2023-02-17
4343,Dayamai,Kari,cust4343_hotmail.com,+91 958124922,Male,33,Pune,West,Regular,2023-12-02
4344,Thomas,Nanda,cust4344_hotmail.com,+91 827317233,Female,34,Bangalore,South,Regular,2025-07-31
4345,Janaki,Kohli,cust4345_hotmail.com,+91 714489149,Female,40,Ahmedabad,West,VIP,2025-10-26
4346,Anay,Mane,cust4346_gmail.com,+91 877644733,Female,25,Patna,East,VIP,2023-08-04
4347,Nikita,Dalal,cust4347_gmail.com,+91 768264925,Male,53,New Delhi,North,VIP,2024-06-19
4348,Radha,Om,cust4348_gmail.com,+91 915843207,Other,56,Surat,West,Regular,2025-12-15
4349,Manan,Ravi,cust4349_hotmail.com,+91 869753990,Female,58,Lucknow,North,Regular,2025-05-03
4350,Jagrati,Din,cust4350_yahoo.com,+91 867706121,Female,29,Ahmedabad,West,Occasional,2026-03-31
4351,Amaira,Chander,cust4351_hotmail.com,+91 850748703,Other,32,Kochi,South,Occasional,2025-10-23
4352,Kritika,Padmanabhan,cust4352_yahoo.com,+91 989833733,Male,52,Indore,Central,Occasional,2024-08-17
4353,Elijah,Kalita,cust4353_gmail.com,+91 879833973,Other,40,Kochi,South,Regular,2025-09-06
4354,Vasatika,Sandhu,cust4354_gmail.com,+91 746423959,Other,28,Bangalore,South,Regular,2025-05-22
4355,Madhav,Gupta,cust4355_hotmail.com,+91 979278126,Female,44,Bangalore,South,Occasional,2025-11-09
4356,Gayathri,Dara,cust4356_yahoo.com,+91 869457445,Male,31,New Delhi,North,Regular,2024-05-02
4357,Amara,Rastogi,cust4357_hotmail.com,+91 921534315,Female,48,Kochi,South,Regular,2023-10-26
4358,Wridesh,Mukhopadhyay,cust4358_hotmail.com,+91 791307153,Female,27,New Delhi,North,Occasional,2023-08-20
4359,Banjeet,Balan,cust4359_gmail.com,+91 832497330,Male,58,Pune,West,Regular,2024-02-27
4360,Udarsh,Agarwal,cust4360_gmail.com,+91 880963933,Other,55,New Delhi,North,New,2025-01-13
4361,Yoshita,Saraf,cust4361_hotmail.com,+91 723270890,Other,38,Chandigarh,North,Occasional,2025-11-03
4362,Lopa,Bhatnagar,cust4362_gmail.com,+91 717507426,Other,58,Ahmedabad,West,Occasional,2024-08-29
4363,Lila,Thakur,cust4363_gmail.com,+91 722236555,Male,21,Guwahati,East,Occasional,2023-07-01
4364,Finn,Hans,cust4364_hotmail.com,+91 977197971,Male,57,Indore,Central,New,2023-04-27
4365,Atharv,Bava,cust4365_gmail.com,+91 826187441,Male,24,Guwahati,East,New,2024-06-04
4366,Daksh,Mallick,cust4366_gmail.com,+91 824174112,Other,43,Patna,East,Occasional,2024-08-05
4367,Elijah,Nagy,cust4367_gmail.com,+91 965380529,Other,34,Guwahati,East,Regular,2024-03-31
4368,Nikita,Goel,cust4368_hotmail.com,+91 949537662,Female,51,Patna,East,Regular,2024-12-04
4369,Rohan,Savant,cust4369_hotmail.com,+91 832425570,Male,43,Bhubaneswar,East,New,2025-03-21
4370,Maanas,Bedi,cust4370_hotmail.com,+91 838796949,Other,51,Raipur,Central,Regular,2024-09-30
4371,Thomas,Mammen,cust4371_yahoo.com,+91 730784766,Male,30,Guwahati,East,Occasional,2024-07-26
4372,Warhi,Sastry,cust4372_yahoo.com,+91 912729461,Female,60,New Delhi,North,Occasional,2023-01-27
4373,Baghyawati,Raman,cust4373_gmail.com,+91 754759886,Other,21,Chandigarh,North,Occasional,2025-07-19
4374,Saumya,Dey,cust4374_hotmail.com,+91 717766414,Male,46,Patna,East,New,2023-04-01
4375,Nisha,De,cust4375_hotmail.com,+91 963177818,Other,20,Chennai,South,Regular,2024-09-18
4376,Hemangini,Bahl,cust4376_hotmail.com,+91 990979335,Other,29,Nagpur,Central,Occasional,2023-08-02
4377,George,Swamy,cust4377_hotmail.com,+91 826874799,Male,52,Nagpur,Central,Occasional,2026-05-25
4378,Urvi,Rajagopalan,cust4378_gmail.com,+91 975189428,Male,59,Chandigarh,North,Occasional,2025-08-29
4379,Ekalinga,Lall,cust4379_gmail.com,+91 713689647,Other,18,Kolkata,East,Regular,2023-09-08
4380,Adya,Bhavsar,cust4380_gmail.com,+91 745935681,Female,28,Jaipur,North,Regular,2024-09-09
4381,Samaksh,Setty,cust4381_gmail.com,+91 798634610,Other,43,Surat,West,Occasional,2023-11-05
4382,Kevin,Murthy,cust4382_yahoo.com,+91 747818366,Female,21,Chennai,South,Occasional,2023-05-19
4383,Onveer,Jain,cust4383_yahoo.com,+91 778602863,Male,33,Guwahati,East,Regular,2026-01-15
4384,Ikbal,Sibal,cust4384_hotmail.com,+91 848233717,Female,55,Raipur,Central,Regular,2024-09-15
4385,Ucchal,Anne,cust4385_gmail.com,+91 876594124,Other,53,Patna,East,Occasional,2023-05-03
4386,Harsh,Brar,cust4386_hotmail.com,+91 896272673,Male,60,Chennai,South,Occasional,2023-09-13
4387,Aadi,Raghavan,cust4387_gmail.com,+91 877908258,Female,39,Nagpur,Central,Regular,2023-09-11
4388,Pahal,Khanna,cust4388_hotmail.com,+91 733445633,Male,21,Patna,East,Regular,2023-12-07
4389,Eesha,Deo,cust4389_yahoo.com,+91 838372107,Female,31,Raipur,Central,Occasional,2025-11-06
4390,Hemani,Puri,cust4390_gmail.com,+91 843578535,Other,36,Raipur,Central,Occasional,2025-02-09
4391,Tejas,Sem,cust4391_gmail.com,+91 961628917,Female,36,Chennai,South,New,2023-10-23
4392,Chaman,Mohanty,cust4392_yahoo.com,+91 718588479,Other,19,Chandigarh,North,Regular,2025-11-03
4393,Chandran,Ganguly,cust4393_hotmail.com,+91 928744666,Other,34,Chennai,South,Regular,2025-07-09
4394,Champak,Dhaliwal,cust4394_yahoo.com,+91 951107740,Other,16,Kolkata,East,Regular,2024-05-16
4395,Yashvi,Bassi,cust4395_gmail.com,+91 877144596,Other,41,Bhubaneswar,East,Regular,2024-04-01
4396,Anya,Mane,cust4396_gmail.com,+91 824331658,Other,57,Raipur,Central,Regular,2024-10-31
4397,Siya,Jayaraman,cust4397_hotmail.com,+91 773648891,Female,30,Kochi,South,Regular,2024-01-03
4398,Harsh,Rao,cust4398_yahoo.com,+91 791994900,Other,23,Nagpur,Central,New,2024-01-24
4399,Hritik,Dhar,cust4399_yahoo.com,+91 978221496,Female,15,Pune,West,Occasional,2025-04-09
4400,Xalak,Varghese,cust4400_gmail.com,+91 772534816,Female,37,Pune,West,Regular,2026-02-24
4401,Falan,Atwal,cust4401_gmail.com,+91 792884692,Male,56,Lucknow,North,Regular,2023-10-17
4402,George,Swamy,cust4402_hotmail.com,+91 838681756,Other,57,Lucknow,North,Occasional,2025-09-19
4403,Qabil,Chaudry,cust4403_hotmail.com,+91 993340924,Other,35,Jaipur,North,Occasional,2025-04-13
4404,Advika,Venkataraman,cust4404_yahoo.com,+91 727569586,Other,19,Mumbai,West,Regular,2023-10-28
4405,Harini,Swamy,cust4405_hotmail.com,+91 751494762,Other,47,Guwahati,East,New,2023-09-24
4406,Raksha,Kaur,cust4406_yahoo.com,+91 797561388,Other,32,Bangalore,South,Regular,2025-12-02
4407,Xavier,Contractor,cust4407_hotmail.com,+91 794296129,Other,49,Mumbai,West,Occasional,2023-12-26
4408,Eiravati,Rege,cust4408_gmail.com,+91 915982512,Other,31,Hyderabad,South,Occasional,2023-10-03
4409,Veer,Sengupta,cust4409_hotmail.com,+91 947133258,Female,59,Raipur,Central,Occasional,2024-06-09
4410,Waida,Sangha,cust4410_yahoo.com,+91 826941525,Female,55,Guwahati,East,Regular,2023-02-05
4411,Jagat,Setty,cust4411_yahoo.com,+91 731343663,Other,39,Patna,East,Regular,2025-11-23
4412,Darsh,Rau,cust4412_yahoo.com,+91 780108473,Male,52,Kochi,South,Occasional,2025-12-23
4413,Nidhi,Vasa,cust4413_gmail.com,+91 941100100,Male,36,New Delhi,North,New,2024-01-02
4414,Alexander,Patla,cust4414_gmail.com,+91 877853590,Other,55,Patna,East,Regular,2026-05-15
4415,Maanas,Chad,cust4415_hotmail.com,+91 768172162,Male,49,Bangalore,South,VIP,2024-08-07
4416,Pranit,Kapur,cust4416_hotmail.com,+91 785578487,Male,56,Patna,East,Regular,2023-09-23
4417,Falak,Dutta,cust4417_gmail.com,+91 754971813,Female,19,Lucknow,North,New,2024-06-26
4418,Jasmit,Aurora,cust4418_yahoo.com,+91 796229565,Female,23,Indore,Central,Occasional,2024-09-03
4419,Sara,Cheema,cust4419_hotmail.com,+91 981518321,Male,36,Chennai,South,Occasional,2025-04-17
4420,Nidhi,Doctor,cust4420_hotmail.com,+91 759305672,Other,52,Chennai,South,Occasional,2024-02-16
4421,Owen,Bora,cust4421_hotmail.com,+91 944730431,Other,37,Raipur,Central,Occasional,2023-04-24
4422,Falak,Rao,cust4422_yahoo.com,+91 740468471,Other,48,Jaipur,North,Occasional,2023-08-04
4423,Balveer,Warrior,cust4423_hotmail.com,+91 938368509,Other,56,Patna,East,Regular,2026-03-18
4424,Wahab,Sani,cust4424_hotmail.com,+91 794714127,Female,37,Indore,Central,Regular,2024-02-22
4425,Bhavya,Babu,cust4425_gmail.com,+91 712814751,Female,24,Raipur,Central,Occasional,2025-08-03
4426,Baljiwan,Narayanan,cust4426_gmail.com,+91 986785876,Other,18,Lucknow,North,New,2023-07-17
4427,Victor,Sant,cust4427_hotmail.com,+91 869679435,Male,55,Nagpur,Central,Occasional,2025-07-29
4428,Zashil,Tripathi,cust4428_yahoo.com,+91 975729798,Female,59,Jaipur,North,Regular,2025-07-18
4429,Kalpit,Misra,cust4429_hotmail.com,+91 719675730,Other,22,Ahmedabad,West,Regular,2025-10-04
4430,Yauvani,Bhatti,cust4430_hotmail.com,+91 948648856,Female,45,Chennai,South,Regular,2024-06-08
4431,Bhanumati,Palan,cust4431_yahoo.com,+91 932530288,Male,50,Mumbai,West,New,2023-05-11
4432,Yashica,Shankar,cust4432_gmail.com,+91 979960122,Female,46,Raipur,Central,Occasional,2025-08-30
4433,Ridhi,Chand,cust4433_yahoo.com,+91 994123464,Other,44,New Delhi,North,Occasional,2025-12-16
4434,Wahab,Ratti,cust4434_yahoo.com,+91 794780429,Female,43,Chandigarh,North,Regular,2023-10-06
4435,Vanya,Hayre,cust4435_hotmail.com,+91 899877482,Female,55,Hyderabad,South,Regular,2024-08-29
4436,Rachit,Bal,cust4436_hotmail.com,+91 911101206,Female,36,Lucknow,North,Occasional,2026-04-09
4437,Anvi,Rai,cust4437_gmail.com,+91 758977256,Male,32,Indore,Central,Occasional,2024-12-03
4438,Devansh,Shenoy,cust4438_yahoo.com,+91 914104238,Female,37,Ahmedabad,West,Regular,2025-08-11
4439,Waida,Rajagopalan,cust4439_hotmail.com,+91 827415811,Other,32,Chandigarh,North,Occasional,2025-08-06
4440,Rajata,Tiwari,cust4440_yahoo.com,+91 972263957,Female,33,Lucknow,North,Occasional,2023-08-21
4441,Mitesh,Dayal,cust4441_yahoo.com,+91 841155802,Female,49,Bhubaneswar,East,Regular,2026-01-21
4442,Rohan,Tak,cust4442_hotmail.com,+91 987130732,Other,21,Patna,East,New,2025-03-12
4443,Eesha,Viswanathan,cust4443_gmail.com,+91 963355373,Other,56,New Delhi,North,Regular,2023-03-01
4444,Quincy,Khanna,cust4444_yahoo.com,+91 715794257,Female,25,New Delhi,North,Regular,2024-09-11
4445,Amruta,Balan,cust4445_hotmail.com,+91 841319895,Female,42,Surat,West,New,2023-03-22
4446,Madhavi,Raj,cust4446_hotmail.com,+91 867468845,Female,37,Kochi,South,Regular,2024-07-13
4447,Garima,Shan,cust4447_hotmail.com,+91 859997653,Other,38,Surat,West,VIP,2025-08-20
4448,Azaan,Dash,cust4448_gmail.com,+91 971637271,Female,57,Guwahati,East,Regular,2023-03-01
4449,Patrick,Oommen,cust4449_yahoo.com,+91 715152155,Male,26,Raipur,Central,Regular,2024-03-10
4450,Zayan,Gopal,cust4450_hotmail.com,+91 853968355,Other,30,Surat,West,Regular,2024-02-21
4451,Triveni,Ramesh,cust4451_gmail.com,+91 943750741,Male,47,Nagpur,Central,Regular,2024-09-02
4452,Ira,Menon,cust4452_gmail.com,+91 798815418,Female,38,Kolkata,East,VIP,2023-08-07
4453,Yatin,Deol,cust4453_hotmail.com,+91 815537717,Male,36,Patna,East,Occasional,2025-09-18
4454,Amruta,Raman,cust4454_gmail.com,+91 892223302,Other,49,New Delhi,North,Occasional,2025-04-07
4455,Harshil,Oak,cust4455_yahoo.com,+91 945267282,Female,51,Ahmedabad,West,Occasional,2023-10-30
4456,Abha,Buch,cust4456_hotmail.com,+91 929395178,Male,54,Jaipur,North,Occasional,2023-09-13
4457,Falak,Grover,cust4457_hotmail.com,+91 720632105,Other,21,Guwahati,East,Occasional,2025-11-23
4458,Geetika,Subramanian,cust4458_gmail.com,+91 847937298,Other,39,Guwahati,East,VIP,2026-03-28
4459,Lopa,Ganesh,cust4459_hotmail.com,+91 952718258,Other,43,Mumbai,West,Regular,2024-06-17
4460,Netra,Kant,cust4460_hotmail.com,+91 883888377,Other,45,Pune,West,Regular,2023-09-24
4461,Hemal,Wagle,cust4461_hotmail.com,+91 871499813,Other,48,Bhopal,Central,Occasional,2023-12-12
4462,Kala,Chaudry,cust4462_gmail.com,+91 890855192,Male,59,Kochi,South,New,2026-04-29
4463,Hitesh,Raman,cust4463_yahoo.com,+91 850636790,Female,18,Guwahati,East,Occasional,2025-02-22
4464,Atharv,Suri,cust4464_hotmail.com,+91 891425266,Other,19,Bangalore,South,New,2024-07-22
4465,Libni,Nair,cust4465_gmail.com,+91 751298779,Other,19,Kolkata,East,Regular,2024-02-13
4466,Ekani,Sura,cust4466_hotmail.com,+91 899966601,Female,34,Kolkata,East,VIP,2025-08-05
4467,Advika,Kapur,cust4467_gmail.com,+91 957650880,Female,43,Nagpur,Central,Regular,2024-03-22
4468,Damini,Dar,cust4468_hotmail.com,+91 791274525,Other,48,Ahmedabad,West,Regular,2023-10-29
4469,Falan,Chowdhury,cust4469_yahoo.com,+91 767987314,Other,21,Chandigarh,North,Occasional,2025-03-06
4470,Veda,Gala,cust4470_gmail.com,+91 823275854,Other,30,Chennai,South,Occasional,2025-07-19
4471,Gauri,Keer,cust4471_yahoo.com,+91 932306280,Other,38,Ahmedabad,West,Occasional,2023-11-06
4472,Baljiwan,Chadha,cust4472_yahoo.com,+91 850956611,Female,19,Jaipur,North,New,2026-05-17
4473,Meera,Mohanty,cust4473_gmail.com,+91 844889312,Other,36,Patna,East,Regular,2023-11-23
4474,Chaaya,Setty,cust4474_gmail.com,+91 835237607,Other,59,Pune,West,VIP,2024-05-20
4475,Falak,Jain,cust4475_gmail.com,+91 891134232,Female,48,Bangalore,South,Occasional,2024-05-22
4476,Oscar,Pau,cust4476_hotmail.com,+91 972497337,Male,33,Chandigarh,North,Regular,2023-12-03
4477,Oni,Soni,cust4477_hotmail.com,+91 810285765,Other,39,Chennai,South,New,2023-11-30
4478,Gunbir,Khanna,cust4478_yahoo.com,+91 860384175,Other,60,Hyderabad,South,Regular,2025-03-25
4479,Edhitha,Bath,cust4479_gmail.com,+91 752254196,Male,38,Kochi,South,Occasional,2024-11-25
4480,Amaira,Doctor,cust4480_hotmail.com,+91 939459974,Other,21,Lucknow,North,Regular,2025-08-22
4481,Ikbal,Mander,cust4481_gmail.com,+91 815369847,Other,57,Kochi,South,Regular,2025-09-26
4482,Irya,Goel,cust4482_yahoo.com,+91 791869245,Female,30,Pune,West,Regular,2023-02-24
4483,Jairaj,Viswanathan,cust4483_yahoo.com,+91 814427841,Male,38,Patna,East,Occasional,2024-08-17
4484,Darpan,Deep,cust4484_yahoo.com,+91 724331727,Female,16,Bangalore,South,VIP,2025-05-22
4485,Anita,Patel,cust4485_gmail.com,+91 891269301,Female,32,Pune,West,VIP,2023-01-11
4486,Yoshita,Vyas,cust4486_hotmail.com,+91 881913780,Female,29,Kolkata,East,Regular,2024-01-01
4487,Ijaya,Ratti,cust4487_gmail.com,+91 775479704,Female,50,Ahmedabad,West,VIP,2026-04-06
4488,Ganga,Sangha,cust4488_yahoo.com,+91 982896549,Male,34,Chennai,South,Occasional,2023-08-01
4489,Ekta,Toor,cust4489_yahoo.com,+91 856600828,Male,28,Kolkata,East,Occasional,2023-04-01
4490,Shivani,Yohannan,cust4490_yahoo.com,+91 926515744,Female,39,Bangalore,South,VIP,2026-05-15
4491,Chanchal,Ganesh,cust4491_gmail.com,+91 868479126,Female,21,Mumbai,West,Regular,2024-03-10
4492,Geetika,Uppal,cust4492_yahoo.com,+91 896958501,Female,37,Mumbai,West,Occasional,2025-02-04
4493,Ati,Nori,cust4493_hotmail.com,+91 851647506,Other,52,Indore,Central,Regular,2026-02-24
4494,Pahal,Patla,cust4494_yahoo.com,+91 747286143,Male,31,Hyderabad,South,Regular,2025-07-02
4495,Bhavna,Gokhale,cust4495_hotmail.com,+91 918687207,Male,17,Chandigarh,North,Occasional,2026-05-08
4496,Daksha,Dani,cust4496_gmail.com,+91 941490877,Male,30,Raipur,Central,Regular,2023-07-20
4497,Priya,Natarajan,cust4497_gmail.com,+91 928953150,Female,24,New Delhi,North,Occasional,2025-12-12
4498,Abeer,Baral,cust4498_gmail.com,+91 730667521,Male,58,Jaipur,North,New,2023-07-31
4499,Damyanti,Pradhan,cust4499_hotmail.com,+91 926751394,Male,36,Lucknow,North,Regular,2023-08-31
4500,Vincent,Bora,cust4500_gmail.com,+91 929274394,Other,30,Chennai,South,VIP,2023-12-23
4501,Jack,Nanda,cust4501_yahoo.com,+91 711127198,Other,27,Hyderabad,South,Regular,2023-07-23
4502,Sathvik,Ahluwalia,cust4502_yahoo.com,+91 996264371,Other,57,Bhopal,Central,Regular,2023-04-18
4503,Vasana,Bandi,cust4503_hotmail.com,+91 739443335,Other,25,Chandigarh,North,Occasional,2024-06-12
4504,Pavani,Gopal,cust4504_hotmail.com,+91 862288702,Other,32,Kolkata,East,New,2023-11-14
4505,Bhanumati,Mitter,cust4505_yahoo.com,+91 972919484,Female,33,Nagpur,Central,VIP,2023-06-05
4506,Leela,Raju,cust4506_hotmail.com,+91 956320484,Female,19,Raipur,Central,New,2025-03-18
4507,Vritti,Dhawan,cust4507_yahoo.com,+91 969140711,Male,18,Jaipur,North,Regular,2025-08-21
4508,Tristan,Sampath,cust4508_yahoo.com,+91 772292224,Male,36,Kochi,South,Regular,2025-12-08
4509,Ridhi,Master,cust4509_hotmail.com,+91 835539291,Male,52,Kochi,South,Regular,2025-09-17
4510,Mason,Ahuja,cust4510_gmail.com,+91 868300656,Other,26,Surat,West,Occasional,2024-10-04
4511,Yutika,Ganesh,cust4511_yahoo.com,+91 865270708,Male,25,Hyderabad,South,Regular,2024-07-23
4512,Shaurya,Boase,cust4512_hotmail.com,+91 920301612,Male,35,Hyderabad,South,Regular,2024-03-23
4513,Oscar,Cherian,cust4513_hotmail.com,+91 913494248,Female,46,Hyderabad,South,Occasional,2023-12-06
4514,Ranveer,Bhatnagar,cust4514_gmail.com,+91 997198384,Male,34,Nagpur,Central,VIP,2023-07-27
4515,Luke,Amble,cust4515_hotmail.com,+91 785258357,Male,38,Ahmedabad,West,Regular,2023-11-07
4516,George,Bhargava,cust4516_yahoo.com,+91 939995814,Other,56,Jaipur,North,Regular,2024-04-18
4517,Abhiram,Chana,cust4517_hotmail.com,+91 988808293,Male,27,Surat,West,Occasional,2026-02-20
4518,Ojasvi,Lala,cust4518_yahoo.com,+91 835979450,Male,50,Bhubaneswar,East,Occasional,2024-01-16
4519,Samar,Sheth,cust4519_yahoo.com,+91 967620759,Other,52,Hyderabad,South,Regular,2023-09-06
4520,Noah,Sinha,cust4520_yahoo.com,+91 912448348,Other,17,Indore,Central,Occasional,2023-02-07
4521,Gagan,Shah,cust4521_gmail.com,+91 856684453,Other,18,Ahmedabad,West,Occasional,2025-03-16
4522,Pratyush,Palla,cust4522_yahoo.com,+91 738286858,Female,59,Chennai,South,Occasional,2026-05-07
4523,Ekani,Lad,cust4523_hotmail.com,+91 781531994,Female,19,New Delhi,North,Occasional,2024-12-22
4524,Amaira,Sule,cust4524_gmail.com,+91 860797567,Other,33,Nagpur,Central,Regular,2024-07-18
4525,Mohammed,Bali,cust4525_yahoo.com,+91 922375660,Other,30,Pune,West,Occasional,2024-08-11
4526,Gautam,Vaidya,cust4526_hotmail.com,+91 991889490,Male,51,Bhubaneswar,East,Regular,2023-08-10
4527,Sudiksha,Raja,cust4527_hotmail.com,+91 732440938,Other,23,Kochi,South,Occasional,2026-02-26
4528,Wridesh,Chaudry,cust4528_yahoo.com,+91 724863783,Other,18,Ahmedabad,West,New,2025-05-10
4529,Qabil,Sarraf,cust4529_gmail.com,+91 832769410,Other,19,Ahmedabad,West,Regular,2023-03-24
4530,Upasna,Gill,cust4530_gmail.com,+91 974126904,Female,56,Guwahati,East,New,2025-09-29
4531,Tanveer,Issac,cust4531_yahoo.com,+91 882511409,Other,45,Mumbai,West,VIP,2024-12-11
4532,Teerth,Grewal,cust4532_gmail.com,+91 746962884,Female,35,Kochi,South,Occasional,2026-05-07
4533,Qabil,Gera,cust4533_gmail.com,+91 844970843,Female,29,Bangalore,South,Regular,2024-05-21
4534,Tanish,Sabharwal,cust4534_gmail.com,+91 748989160,Female,59,Kolkata,East,Occasional,2025-06-14
4535,Prisha,Narain,cust4535_hotmail.com,+91 829962828,Male,32,Kochi,South,Regular,2023-06-06
4536,Faqid,Mitter,cust4536_gmail.com,+91 752792963,Other,41,New Delhi,North,Occasional,2025-06-28
4537,Maanas,Khalsa,cust4537_gmail.com,+91 919865290,Male,25,Lucknow,North,New,2025-05-09
4538,Januja,Konda,cust4538_hotmail.com,+91 966388548,Female,50,Kochi,South,Regular,2024-05-20
4539,Samar,Nagarajan,cust4539_hotmail.com,+91 995490397,Other,33,Guwahati,East,Regular,2025-04-19
4540,Amara,Sahni,cust4540_gmail.com,+91 894854130,Male,44,Patna,East,Occasional,2024-04-23
4541,Ubika,Tailor,cust4541_gmail.com,+91 723238401,Other,33,New Delhi,North,Occasional,2025-01-29
4542,Maya,Mann,cust4542_gmail.com,+91 991404231,Female,21,Lucknow,North,Regular,2023-09-08
4543,Gaurangi,Lal,cust4543_yahoo.com,+91 985768120,Female,16,Raipur,Central,Regular,2023-01-31
4544,Wishi,Dada,cust4544_gmail.com,+91 917549273,Male,59,Indore,Central,Regular,2025-06-16
4545,Reva,Agate,cust4545_gmail.com,+91 713390682,Other,53,Lucknow,North,Regular,2024-11-25
4546,Owen,Sarraf,cust4546_gmail.com,+91 820233175,Male,18,Bhubaneswar,East,Regular,2025-06-06
4547,Christopher,Narula,cust4547_gmail.com,+91 754479904,Male,15,Pune,West,Regular,2023-09-09
4548,Upadhriti,Vyas,cust4548_yahoo.com,+91 814496525,Other,15,Surat,West,Occasional,2025-11-01
4549,Isaiah,Kala,cust4549_yahoo.com,+91 744218371,Other,48,Bhubaneswar,East,Regular,2026-01-21
4550,Eta,Devi,cust4550_hotmail.com,+91 782459223,Female,32,Lucknow,North,Occasional,2026-01-04
4551,Zilmil,Kibe,cust4551_gmail.com,+91 929166450,Male,29,Guwahati,East,Occasional,2025-05-17
4552,Ayaan,Chaudhari,cust4552_gmail.com,+91 725181826,Female,42,New Delhi,North,Regular,2023-08-20
4553,Janya,Ranganathan,cust4553_hotmail.com,+91 757731297,Female,31,Kolkata,East,Regular,2026-05-17
4554,Chatura,Guha,cust4554_gmail.com,+91 851110746,Other,31,Kolkata,East,New,2026-05-13
4555,Chaitanya,Lanka,cust4555_hotmail.com,+91 837224969,Female,59,Patna,East,VIP,2023-02-28
4556,Udyati,Venkataraman,cust4556_hotmail.com,+91 728107549,Male,24,Kochi,South,Regular,2025-01-29
4557,Raksha,Palla,cust4557_hotmail.com,+91 932407120,Female,50,Lucknow,North,Occasional,2025-02-24
4558,Kashish,Varkey,cust4558_yahoo.com,+91 926425884,Other,29,Chandigarh,North,Occasional,2023-11-24
4559,Warjas,Warrior,cust4559_yahoo.com,+91 911696853,Male,56,Kolkata,East,Occasional,2023-10-14
4560,Banjeet,Jaggi,cust4560_gmail.com,+91 744891160,Other,16,Bangalore,South,Occasional,2023-04-05
4561,Chasmum,Keer,cust4561_yahoo.com,+91 989562824,Male,22,Indore,Central,New,2024-03-08
4562,Finn,Nagi,cust4562_gmail.com,+91 992289628,Other,48,Bhopal,Central,Regular,2025-09-29
4563,Ekalinga,Palan,cust4563_gmail.com,+91 985984363,Female,54,Mumbai,West,Regular,2024-12-15
4564,Girik,Bajaj,cust4564_gmail.com,+91 748824438,Other,17,Ahmedabad,West,Regular,2023-11-23
4565,Oliver,Pall,cust4565_hotmail.com,+91 771348645,Other,60,Bhubaneswar,East,Regular,2025-09-25
4566,George,Mitter,cust4566_gmail.com,+91 880164999,Female,20,Raipur,Central,VIP,2023-02-07
4567,Aradhana,Vaidya,cust4567_gmail.com,+91 927815999,Other,44,Jaipur,North,Regular,2025-01-12
4568,Ronith,Ahluwalia,cust4568_hotmail.com,+91 964604582,Male,46,Pune,West,Occasional,2023-03-30
4569,Upma,Butala,cust4569_gmail.com,+91 874168111,Female,46,Kochi,South,VIP,2024-10-07
4570,Xalak,Chander,cust4570_hotmail.com,+91 988911328,Male,55,Chennai,South,Regular,2025-12-02
4571,Maanav,Rao,cust4571_gmail.com,+91 755565690,Other,26,Hyderabad,South,VIP,2023-06-28
4572,Matthew,Doshi,cust4572_gmail.com,+91 820948827,Female,39,Hyderabad,South,Occasional,2025-09-10
4573,Nakul,Dalal,cust4573_hotmail.com,+91 785931433,Female,22,New Delhi,North,Occasional,2023-11-18
4574,Triveni,Rout,cust4574_yahoo.com,+91 981984528,Male,52,Guwahati,East,Regular,2025-12-24
4575,Liam,Bera,cust4575_gmail.com,+91 944101789,Male,30,New Delhi,North,Occasional,2026-03-15
4576,Gaurav,D’Alia,cust4576_gmail.com,+91 995588500,Other,45,Bhopal,Central,Regular,2025-07-30
4577,Neha,Cheema,cust4577_gmail.com,+91 839923311,Other,28,Kolkata,East,Occasional,2024-08-17
4578,Benjamin,Dara,cust4578_hotmail.com,+91 860819514,Male,56,Nagpur,Central,New,2023-10-08
4579,Azad,Sekhon,cust4579_gmail.com,+91 855120638,Other,56,Kolkata,East,VIP,2026-01-26
4580,Hemal,Wadhwa,cust4580_yahoo.com,+91 987154661,Male,28,Lucknow,North,VIP,2026-01-28
4581,Rudra,Kala,cust4581_gmail.com,+91 798826704,Female,47,Bhopal,Central,Occasional,2024-01-22
4582,Reyansh,Sankar,cust4582_yahoo.com,+91 849919179,Female,52,Ahmedabad,West,Occasional,2024-04-01
4583,Sathvik,Yadav,cust4583_gmail.com,+91 837527167,Male,40,Mumbai,West,VIP,2024-06-07
4584,Praneel,Shah,cust4584_hotmail.com,+91 984724143,Other,43,Jaipur,North,Regular,2025-10-22
4585,Charvi,Verma,cust4585_gmail.com,+91 924859417,Other,54,Indore,Central,New,2025-10-30
4586,Baghyawati,Goda,cust4586_gmail.com,+91 943724114,Female,30,Kochi,South,Regular,2023-08-21
4587,Bhavani,Bajaj,cust4587_hotmail.com,+91 882953812,Female,20,Chandigarh,North,New,2023-05-20
4588,Megha,Vohra,cust4588_gmail.com,+91 857123809,Female,57,Guwahati,East,Occasional,2025-11-27
4589,Abhiram,Narain,cust4589_gmail.com,+91 892991303,Female,21,Pune,West,Regular,2024-06-07
4590,Bhavini,Prashad,cust4590_gmail.com,+91 926281735,Other,35,Bhubaneswar,East,VIP,2023-08-22
4591,Rishi,Peri,cust4591_yahoo.com,+91 814302697,Other,18,Bhopal,Central,Regular,2023-01-27
4592,Lajita,Bhatti,cust4592_hotmail.com,+91 866970468,Other,40,Bhubaneswar,East,Regular,2026-01-25
4593,Aarav,Kala,cust4593_hotmail.com,+91 750354364,Female,57,Pune,West,Occasional,2026-02-17
4594,Hemani,Dave,cust4594_hotmail.com,+91 927608101,Male,48,Bhubaneswar,East,Regular,2025-11-02
4595,Watika,Badal,cust4595_gmail.com,+91 713312604,Other,49,Chandigarh,North,Regular,2025-06-25
4596,Sudiksha,Dani,cust4596_gmail.com,+91 791246921,Male,15,New Delhi,North,Occasional,2023-12-22
4597,Rayaan,Samra,cust4597_yahoo.com,+91 811711801,Male,54,Chennai,South,VIP,2024-03-03
4598,Eta,Zacharia,cust4598_yahoo.com,+91 976647925,Female,37,Bhubaneswar,East,Regular,2025-05-03
4599,Damyanti,De,cust4599_gmail.com,+91 912610505,Male,31,Guwahati,East,Regular,2024-08-24
4600,Aashi,Borde,cust4600_hotmail.com,+91 785395862,Female,57,Indore,Central,Occasional,2023-02-12
4601,Nachiket,Bal,cust4601_gmail.com,+91 928228806,Female,25,Kolkata,East,New,2026-04-24
4602,Chatura,Sami,cust4602_gmail.com,+91 712448375,Female,56,Patna,East,Occasional,2025-01-18
4603,Neel,Srinivas,cust4603_gmail.com,+91 812863969,Other,26,Jaipur,North,Occasional,2024-07-16
4604,Warda,Mall,cust4604_gmail.com,+91 952698245,Female,20,Surat,West,Occasional,2025-05-16
4605,Darsh,Savant,cust4605_hotmail.com,+91 974927510,Female,31,Nagpur,Central,New,2023-09-16
4606,Frederick,Sankar,cust4606_yahoo.com,+91 984560381,Male,37,Bhopal,Central,Regular,2026-01-25
4607,Anthony,Sachar,cust4607_gmail.com,+91 732338654,Other,33,Indore,Central,Occasional,2025-07-06
4608,Jonathan,Manda,cust4608_hotmail.com,+91 848361329,Other,60,Kolkata,East,Occasional,2023-07-21
4609,Hredhaan,Oommen,cust4609_yahoo.com,+91 992137735,Female,18,Patna,East,Occasional,2025-10-06
4610,Nathan,Amble,cust4610_gmail.com,+91 969717413,Male,43,Bhubaneswar,East,Regular,2024-02-10
4611,Bhavika,Bali,cust4611_gmail.com,+91 937769361,Other,26,Bangalore,South,Occasional,2025-12-25
4612,Jeet,Badal,cust4612_hotmail.com,+91 885269757,Male,46,New Delhi,North,Occasional,2023-04-02
4613,Nidra,Taneja,cust4613_hotmail.com,+91 861841774,Male,20,Pune,West,Regular,2024-07-18
4614,Siya,Pillay,cust4614_yahoo.com,+91 861852104,Female,48,Bangalore,South,New,2026-04-08
4615,Darika,Bhattacharyya,cust4615_yahoo.com,+91 758537994,Male,35,Kolkata,East,Occasional,2026-05-07
4616,Ijaya,Prabhu,cust4616_yahoo.com,+91 930822417,Other,23,Raipur,Central,Occasional,2024-11-18
4617,Orinder,Koshy,cust4617_yahoo.com,+91 783323670,Other,36,Bhubaneswar,East,Regular,2024-10-22
4618,Hitesh,Devan,cust4618_yahoo.com,+91 890444118,Other,59,Lucknow,North,Regular,2025-01-14
4619,Radha,Agate,cust4619_gmail.com,+91 935864359,Male,39,Raipur,Central,New,2024-12-18
4620,Daniel,Dani,cust4620_hotmail.com,+91 742401721,Other,48,Kolkata,East,Regular,2023-03-10
4621,Balvan,Johal,cust4621_gmail.com,+91 961912438,Other,29,Jaipur,North,Regular,2023-07-10
4622,Nitara,Karpe,cust4622_gmail.com,+91 894306122,Male,45,Bhopal,Central,VIP,2026-02-18
4623,Mohini,Majumdar,cust4623_gmail.com,+91 747822639,Other,59,Indore,Central,Regular,2024-11-29
4624,Neel,Sampath,cust4624_hotmail.com,+91 817627827,Male,55,Kolkata,East,Occasional,2025-01-29
4625,Agastya,Varughese,cust4625_gmail.com,+91 732720640,Female,24,Chennai,South,Occasional,2023-03-08
4626,Jeevika,Sem,cust4626_gmail.com,+91 775313304,Female,46,Ahmedabad,West,Occasional,2026-02-02
4627,Azaan,Chokshi,cust4627_yahoo.com,+91 849248458,Other,16,Lucknow,North,Regular,2023-08-19
4628,Darsh,Sheth,cust4628_gmail.com,+91 715940304,Other,53,Pune,West,Regular,2025-12-30
4629,Yashoda,Basak,cust4629_yahoo.com,+91 964557557,Female,36,New Delhi,North,Regular,2023-10-31
4630,Harsh,Koshy,cust4630_gmail.com,+91 950595914,Male,55,Lucknow,North,Occasional,2024-12-04
4631,Veer,Natarajan,cust4631_gmail.com,+91 760979563,Other,28,Kolkata,East,Regular,2024-12-18
4632,Bhavna,Patel,cust4632_hotmail.com,+91 742583387,Female,20,Kolkata,East,New,2023-03-16
4633,Vyanjana,Mital,cust4633_gmail.com,+91 729730423,Other,42,Chandigarh,North,Regular,2024-03-04
4634,Nandini,Gill,cust4634_gmail.com,+91 930816370,Other,56,Lucknow,North,Regular,2026-05-29
4635,Ronith,Bakshi,cust4635_gmail.com,+91 877265812,Male,43,Ahmedabad,West,Occasional,2025-12-29
4636,Radhika,Gopal,cust4636_yahoo.com,+91 759169366,Male,40,Guwahati,East,VIP,2025-05-27
4637,Isha,Sekhon,cust4637_yahoo.com,+91 958413126,Male,18,Bhubaneswar,East,VIP,2025-04-05
4638,Pushti,Kulkarni,cust4638_yahoo.com,+91 896623909,Female,27,Bhopal,Central,New,2025-12-28
4639,Samarth,Dara,cust4639_hotmail.com,+91 876355740,Male,50,Surat,West,Regular,2023-02-16
4640,Gauri,Issac,cust4640_hotmail.com,+91 810237329,Female,34,Guwahati,East,New,2023-01-09
4641,Sai,Rau,cust4641_gmail.com,+91 824297562,Female,32,Kolkata,East,Occasional,2026-04-22
4642,Aachal,Sarkar,cust4642_yahoo.com,+91 930528938,Other,37,Jaipur,North,Occasional,2024-11-13
4643,Manthan,Brar,cust4643_yahoo.com,+91 938783485,Male,45,Bhubaneswar,East,Regular,2024-11-09
4644,Devansh,Vohra,cust4644_gmail.com,+91 853790944,Female,31,Kochi,South,VIP,2025-06-27
4645,Vaishnavi,Bahl,cust4645_gmail.com,+91 856735466,Other,36,Pune,West,Regular,2023-08-03
4646,Amaira,Rau,cust4646_yahoo.com,+91 916976692,Male,31,Pune,West,Regular,2023-03-31
4647,Harish,Mukhopadhyay,cust4647_yahoo.com,+91 860466616,Female,60,Ahmedabad,West,Occasional,2024-10-23
4648,Aryan,Bir,cust4648_gmail.com,+91 993579494,Male,59,Indore,Central,New,2025-08-31
4649,Sanya,Sunder,cust4649_hotmail.com,+91 840623653,Male,36,Kochi,South,New,2023-03-20
4650,Jeet,Krishnan,cust4650_gmail.com,+91 898630338,Male,32,Kochi,South,Occasional,2024-12-27
4651,Adweta,Keer,cust4651_hotmail.com,+91 784734805,Male,57,Pune,West,Regular,2023-01-31
4652,Ekansh,Madan,cust4652_hotmail.com,+91 832922387,Female,18,Chennai,South,Regular,2026-04-08
4653,Divya,Krish,cust4653_hotmail.com,+91 964627637,Female,39,Mumbai,West,Occasional,2023-01-05
4654,Dominic,Nadig,cust4654_gmail.com,+91 967510304,Other,31,Indore,Central,New,2026-01-04
4655,Aadhya,Thaker,cust4655_gmail.com,+91 866924576,Male,21,Kochi,South,Regular,2023-03-07
4656,Chameli,Taneja,cust4656_yahoo.com,+91 878187449,Male,41,Guwahati,East,Regular,2025-07-04
4657,Waida,Kapur,cust4657_hotmail.com,+91 972316487,Male,45,Patna,East,Occasional,2026-05-01
4658,Rushil,Sheth,cust4658_hotmail.com,+91 747120815,Male,55,Kochi,South,New,2023-04-12
4659,Jai,Sachdeva,cust4659_yahoo.com,+91 863987893,Female,60,New Delhi,North,Regular,2024-11-12
4660,Brinda,Chaudry,cust4660_yahoo.com,+91 994506732,Other,49,Chennai,South,Occasional,2025-07-25
4661,Hardik,Dixit,cust4661_gmail.com,+91 832854177,Female,47,Raipur,Central,Regular,2024-08-16
4662,Bhavini,Bawa,cust4662_yahoo.com,+91 990285228,Other,31,Surat,West,Regular,2025-01-23
4663,Amaira,Kothari,cust4663_gmail.com,+91 797566204,Female,40,Raipur,Central,Occasional,2025-01-15
4664,Ekantika,Sarkar,cust4664_gmail.com,+91 983467571,Other,54,Lucknow,North,Regular,2023-09-28
4665,Yutika,Mann,cust4665_hotmail.com,+91 734423254,Other,53,Bhubaneswar,East,Occasional,2023-11-24
4666,Ishaan,Sehgal,cust4666_gmail.com,+91 738895552,Female,30,Jaipur,North,Regular,2025-06-02
4667,Aishani,Gandhi,cust4667_yahoo.com,+91 822167454,Female,35,Pune,West,Occasional,2023-04-15
4668,Liam,Bal,cust4668_gmail.com,+91 924946679,Male,36,Hyderabad,South,Regular,2025-10-22
4669,Charan,Varma,cust4669_yahoo.com,+91 765567583,Female,56,New Delhi,North,Regular,2024-12-26
4670,Onveer,Cherian,cust4670_gmail.com,+91 722912968,Male,40,Bhopal,Central,New,2025-04-19
4671,Christopher,Dutt,cust4671_hotmail.com,+91 935297509,Male,33,Ahmedabad,West,Regular,2024-09-30
4672,Ayaan,Lad,cust4672_gmail.com,+91 841348811,Male,26,Mumbai,West,Occasional,2025-10-30
4673,Fiyaz,Keer,cust4673_yahoo.com,+91 753407814,Male,40,New Delhi,North,Regular,2025-04-27
4674,Yochana,Thaman,cust4674_hotmail.com,+91 985784719,Female,37,Indore,Central,Occasional,2025-11-29
4675,Manan,Choudhury,cust4675_gmail.com,+91 722819924,Male,45,Guwahati,East,VIP,2024-11-27
4676,Anthony,Yogi,cust4676_hotmail.com,+91 935291142,Female,19,Patna,East,New,2024-11-21
4677,Bimala,Trivedi,cust4677_gmail.com,+91 859923984,Female,27,Chennai,South,Occasional,2025-08-30
4678,Mohini,Lad,cust4678_yahoo.com,+91 965340529,Female,55,Patna,East,New,2023-04-20
4679,Lakshit,Dyal,cust4679_gmail.com,+91 884619997,Other,22,Ahmedabad,West,VIP,2025-04-11
4680,Ishani,Vig,cust4680_hotmail.com,+91 867879297,Male,51,Patna,East,Regular,2024-12-02
4681,Viraj,Sarraf,cust4681_hotmail.com,+91 745243988,Other,52,Chandigarh,North,Regular,2026-02-19
4682,Raksha,Apte,cust4682_hotmail.com,+91 788949279,Male,32,Bhopal,Central,Regular,2024-08-03
4683,David,Bal,cust4683_yahoo.com,+91 887779594,Male,49,Chennai,South,New,2023-09-26
4684,Chakradhar,Sahota,cust4684_yahoo.com,+91 827995221,Other,21,Jaipur,North,Regular,2025-04-19
4685,Urvashi,Chander,cust4685_gmail.com,+91 785729617,Other,27,Jaipur,North,Occasional,2024-05-12
4686,Lajita,Chada,cust4686_yahoo.com,+91 810899782,Male,58,Indore,Central,New,2023-10-21
4687,Neha,Chand,cust4687_hotmail.com,+91 864180545,Female,50,Nagpur,Central,New,2025-07-14
4688,Frado,Dugar,cust4688_hotmail.com,+91 740139417,Other,16,Chandigarh,North,VIP,2025-11-03
4689,Anamika,Gandhi,cust4689_hotmail.com,+91 912181923,Female,59,Ahmedabad,West,Occasional,2025-02-15
4690,Pallavi,Thaman,cust4690_gmail.com,+91 763100466,Male,46,Lucknow,North,Regular,2025-11-07
4691,Manya,Sood,cust4691_hotmail.com,+91 725452372,Other,51,Bangalore,South,Regular,2024-12-20
4692,Chandresh,Loke,cust4692_gmail.com,+91 797585709,Other,21,Bhopal,Central,Occasional,2025-09-14
4693,Isha,Karnik,cust4693_hotmail.com,+91 740488399,Other,19,Indore,Central,Regular,2025-07-03
4694,Aarna,Chakrabarti,cust4694_hotmail.com,+91 926118961,Other,38,Bhubaneswar,East,New,2023-07-03
4695,Isaiah,Pant,cust4695_yahoo.com,+91 782127999,Female,19,Pune,West,Regular,2024-10-19
4696,Warda,Kothari,cust4696_gmail.com,+91 753943777,Male,28,Indore,Central,New,2023-03-10
4697,Bhanumati,Kapur,cust4697_yahoo.com,+91 847315723,Other,34,Kolkata,East,Regular,2025-01-27
4698,Krishna,Pandya,cust4698_gmail.com,+91 836229160,Other,15,Chennai,South,New,2026-01-27
4699,Triveni,Rao,cust4699_gmail.com,+91 835442306,Male,55,Kolkata,East,New,2026-04-25
4700,Chakradev,Sama,cust4700_hotmail.com,+91 754542862,Male,26,Lucknow,North,New,2024-03-30
4701,Barkha,Puri,cust4701_yahoo.com,+91 973144371,Female,41,Indore,Central,Regular,2025-09-20
4702,Yuvraj,Lanka,cust4702_hotmail.com,+91 797514683,Female,28,Ahmedabad,West,Regular,2025-04-29
4703,Atharv,Lata,cust4703_yahoo.com,+91 967874911,Female,58,Mumbai,West,New,2024-10-28
4704,Devika,Doshi,cust4704_gmail.com,+91 982309478,Male,27,Mumbai,West,Occasional,2025-03-05
4705,Advay,Dua,cust4705_hotmail.com,+91 984175810,Other,40,Jaipur,North,Occasional,2024-11-20
4706,Harsh,Raju,cust4706_gmail.com,+91 913739988,Female,58,Guwahati,East,New,2024-06-09
4707,Ishani,Kibe,cust4707_hotmail.com,+91 896616970,Other,39,Bangalore,South,Occasional,2023-09-06
4708,Anvi,Dass,cust4708_gmail.com,+91 787366247,Other,52,Lucknow,North,VIP,2024-09-23
4709,Tristan,Lata,cust4709_hotmail.com,+91 991432595,Female,47,Bhopal,Central,Occasional,2025-02-19
4710,Yachana,Kari,cust4710_hotmail.com,+91 813319563,Male,45,Indore,Central,Regular,2024-09-13
4711,Rajata,Devan,cust4711_yahoo.com,+91 880909668,Male,41,Jaipur,North,Occasional,2023-03-05
4712,Varsha,Dora,cust4712_hotmail.com,+91 917567358,Male,48,Ahmedabad,West,Regular,2024-09-05
4713,Ekansh,Sandal,cust4713_gmail.com,+91 812840706,Male,37,Indore,Central,Occasional,2024-11-22
4714,Dev,Chakraborty,cust4714_yahoo.com,+91 817861173,Male,50,Lucknow,North,Regular,2025-08-26
4715,Tanish,Chowdhury,cust4715_hotmail.com,+91 710138382,Female,47,Kolkata,East,Occasional,2023-04-25
4716,Yuvraj,Parmar,cust4716_hotmail.com,+91 927798296,Other,57,Mumbai,West,Regular,2026-03-21
4717,Nihal,Jayaraman,cust4717_hotmail.com,+91 946794433,Other,25,New Delhi,North,Regular,2026-03-19
4718,Hritik,Kaul,cust4718_gmail.com,+91 856541180,Male,32,Kochi,South,Regular,2024-09-24
4719,Nikita,Acharya,cust4719_yahoo.com,+91 717726295,Male,57,Kochi,South,Regular,2025-01-08
4720,Yuvraj,Bassi,cust4720_yahoo.com,+91 823608925,Other,42,Pune,West,Regular,2023-10-17
4721,Yasti,Chandra,cust4721_yahoo.com,+91 730356868,Other,60,Lucknow,North,VIP,2024-05-13
4722,Anthony,Gandhi,cust4722_yahoo.com,+91 962932178,Male,23,Bhubaneswar,East,Regular,2024-05-31
4723,Chasmum,Tandon,cust4723_gmail.com,+91 799965752,Other,18,Bhubaneswar,East,VIP,2024-03-08
4724,Jeet,Chatterjee,cust4724_yahoo.com,+91 738812123,Other,22,Jaipur,North,Regular,2024-02-12
4725,Azad,Hans,cust4725_hotmail.com,+91 890499766,Female,44,Raipur,Central,New,2024-05-08
4726,Anusha,Bala,cust4726_hotmail.com,+91 992917296,Other,39,Hyderabad,South,Occasional,2024-03-25
4727,Neelima,Bhatnagar,cust4727_yahoo.com,+91 846502273,Male,26,Lucknow,North,Occasional,2024-10-08
4728,Veda,Bhattacharyya,cust4728_hotmail.com,+91 987758157,Female,35,Chandigarh,North,New,2026-03-19
4729,Aarna,Yohannan,cust4729_hotmail.com,+91 988476107,Female,54,Indore,Central,Occasional,2023-07-16
4730,Benjamin,Agate,cust4730_yahoo.com,+91 918546656,Other,29,Pune,West,Regular,2026-03-15
4731,Maanav,Chatterjee,cust4731_yahoo.com,+91 720126816,Female,47,Surat,West,Regular,2024-12-18
4732,Saanvi,Madan,cust4732_yahoo.com,+91 757696181,Male,37,Bhubaneswar,East,Occasional,2023-05-04
4733,Henry,Kara,cust4733_yahoo.com,+91 853193665,Female,34,Indore,Central,Occasional,2025-03-14
4734,Qasim,Ramesh,cust4734_hotmail.com,+91 842352741,Other,35,Pune,West,Regular,2025-08-25
4735,Alka,Sami,cust4735_hotmail.com,+91 780412244,Male,31,Chandigarh,North,Occasional,2024-08-07
4736,Yuvraj,Randhawa,cust4736_hotmail.com,+91 917779265,Other,16,Patna,East,New,2025-10-27
4737,Ria,Muni,cust4737_hotmail.com,+91 832493421,Other,21,Indore,Central,Occasional,2025-08-18
4738,Devika,Chana,cust4738_yahoo.com,+91 749740443,Male,46,Chennai,South,Occasional,2024-08-15
4739,Advika,Murthy,cust4739_hotmail.com,+91 856880984,Male,39,Jaipur,North,Regular,2024-06-12
4740,Indrajit,Dash,cust4740_hotmail.com,+91 717241387,Male,19,Pune,West,Regular,2023-03-18
4741,Pranit,Bhardwaj,cust4741_hotmail.com,+91 718388534,Male,34,New Delhi,North,Occasional,2023-07-29
4742,Vanya,Patel,cust4742_gmail.com,+91 769757589,Female,47,Bangalore,South,Occasional,2026-04-28
4743,Lakshmi,Basu,cust4743_yahoo.com,+91 988241856,Female,23,Lucknow,North,New,2025-12-18
4744,Ekavir,Som,cust4744_gmail.com,+91 764154858,Other,34,Kolkata,East,Occasional,2023-06-26
4745,David,Karan,cust4745_hotmail.com,+91 976560812,Other,26,Guwahati,East,Regular,2024-10-18
4746,Megha,Johal,cust4746_yahoo.com,+91 819165316,Other,37,Raipur,Central,VIP,2025-04-15
4747,Yuvraj,Roy,cust4747_hotmail.com,+91 989489562,Female,25,Guwahati,East,Occasional,2024-05-03
4748,Jeremiah,Chaudhry,cust4748_hotmail.com,+91 962618126,Male,17,Patna,East,Regular,2025-10-03
4749,Abha,Narang,cust4749_yahoo.com,+91 816773899,Female,37,Lucknow,North,Occasional,2025-06-18
4750,Daksh,Raghavan,cust4750_yahoo.com,+91 728963907,Male,45,Bangalore,South,Occasional,2025-07-20
4751,Chandran,Bakshi,cust4751_hotmail.com,+91 799478683,Male,29,Lucknow,North,Regular,2023-01-12
4752,Charvi,Deshpande,cust4752_yahoo.com,+91 748337317,Other,22,Hyderabad,South,Regular,2025-10-16
4753,Zashil,Gola,cust4753_gmail.com,+91 989780582,Female,34,Chandigarh,North,Occasional,2025-04-03
4754,Krisha,Prashad,cust4754_hotmail.com,+91 824214718,Male,48,Guwahati,East,Occasional,2024-03-31
4755,Radhika,Sankar,cust4755_yahoo.com,+91 725478605,Male,49,Nagpur,Central,New,2024-03-01
4756,Chandresh,Narain,cust4756_yahoo.com,+91 735606220,Other,35,Hyderabad,South,Occasional,2024-09-29
4757,Neel,Atwal,cust4757_yahoo.com,+91 761408233,Male,28,Raipur,Central,Regular,2024-02-12
4758,Pallavi,Patla,cust4758_yahoo.com,+91 978838392,Female,60,Chennai,South,Regular,2024-05-03
4759,Saanvi,Oak,cust4759_hotmail.com,+91 745572762,Female,50,Bhopal,Central,Regular,2026-03-20
4760,Shravya,Morar,cust4760_yahoo.com,+91 998570742,Female,19,New Delhi,North,VIP,2023-02-15
4761,Rehaan,Toor,cust4761_hotmail.com,+91 845150161,Other,24,Bhubaneswar,East,Occasional,2023-12-09
4762,Pavani,De,cust4762_gmail.com,+91 849336552,Male,53,Ahmedabad,West,Occasional,2023-02-14
4763,Kala,Kuruvilla,cust4763_yahoo.com,+91 746416651,Female,40,Guwahati,East,Occasional,2026-04-30
4764,Kalpit,Gour,cust4764_yahoo.com,+91 977177516,Male,19,Kolkata,East,Occasional,2024-08-15
4765,Bimala,Bhagat,cust4765_gmail.com,+91 747943556,Other,44,Guwahati,East,Regular,2024-06-06
4766,Gaurika,Palan,cust4766_gmail.com,+91 947483817,Other,23,Guwahati,East,Regular,2024-09-07
4767,Aditya,Sandal,cust4767_gmail.com,+91 991204755,Other,48,Hyderabad,South,Occasional,2023-03-25
4768,Jagat,Gill,cust4768_gmail.com,+91 873434975,Female,33,Indore,Central,Regular,2023-10-18
4769,Pratyush,Seth,cust4769_yahoo.com,+91 991460451,Female,57,Chennai,South,Regular,2024-04-01
4770,Urvi,Mukhopadhyay,cust4770_yahoo.com,+91 886902836,Other,18,Kolkata,East,Regular,2025-01-13
4771,Diya,Bhavsar,cust4771_yahoo.com,+91 991482445,Female,28,Kolkata,East,VIP,2023-07-28
4772,Hemang,Brar,cust4772_gmail.com,+91 723894368,Female,21,New Delhi,North,Regular,2023-02-13
4773,Harish,Chanda,cust4773_yahoo.com,+91 723753287,Other,51,Chennai,South,Occasional,2024-03-12
4774,Zayan,Walla,cust4774_hotmail.com,+91 926364153,Female,38,Surat,West,Regular,2025-02-20
4775,Lipika,Bhasin,cust4775_gmail.com,+91 870395749,Male,49,Chennai,South,Regular,2025-09-20
4776,Alexander,Chokshi,cust4776_yahoo.com,+91 849259877,Other,32,Pune,West,Regular,2026-03-27
4777,Zaitra,Randhawa,cust4777_yahoo.com,+91 927900257,Other,16,Pune,West,Regular,2025-07-03
4778,Warda,Datta,cust4778_gmail.com,+91 763399684,Male,40,Lucknow,North,VIP,2026-01-09
4779,Oscar,Parmar,cust4779_yahoo.com,+91 717948997,Female,58,Kochi,South,Regular,2023-05-03
4780,Agastya,Mahajan,cust4780_yahoo.com,+91 789521562,Female,29,Surat,West,Regular,2026-05-05
4781,Nilima,Lall,cust4781_gmail.com,+91 940264220,Male,51,Mumbai,West,Regular,2023-07-29
4782,Pavani,Borra,cust4782_gmail.com,+91 757850101,Male,42,Bhopal,Central,Occasional,2025-09-19
4783,Indrajit,Gala,cust4783_gmail.com,+91 890216789,Other,36,Chandigarh,North,New,2026-02-08
4784,Zayan,Karnik,cust4784_hotmail.com,+91 954229322,Female,40,Nagpur,Central,Regular,2023-11-13
4785,Varenya,Oommen,cust4785_gmail.com,+91 913919134,Male,58,Mumbai,West,Regular,2026-03-26
4786,Hiral,Raju,cust4786_hotmail.com,+91 814404159,Female,41,Raipur,Central,Regular,2024-10-30
4787,Triya,Palla,cust4787_hotmail.com,+91 799950577,Female,35,Bangalore,South,Regular,2023-03-16
4788,Jyoti,Lanka,cust4788_hotmail.com,+91 783517128,Other,36,Guwahati,East,Occasional,2023-09-20
4789,Dayita,Datta,cust4789_gmail.com,+91 896915316,Male,32,Pune,West,New,2023-09-29
4790,Viraj,Thakur,cust4790_yahoo.com,+91 746322180,Female,58,Bangalore,South,VIP,2025-11-09
4791,Janaki,Loyal,cust4791_gmail.com,+91 728674577,Male,31,Guwahati,East,Occasional,2024-01-29
4792,Pushti,Kumar,cust4792_yahoo.com,+91 934851509,Other,46,Nagpur,Central,New,2023-02-18
4793,Jhalak,Mangal,cust4793_hotmail.com,+91 772892501,Male,59,Kochi,South,Occasional,2025-10-11
4794,Hamsini,Dhingra,cust4794_gmail.com,+91 976158220,Male,21,Raipur,Central,VIP,2024-12-26
4795,Isaac,Dey,cust4795_gmail.com,+91 832803694,Other,24,Bangalore,South,New,2023-04-30
4796,Sara,Mangal,cust4796_hotmail.com,+91 728315576,Female,46,Bhopal,Central,Regular,2023-08-28
4797,Vyanjana,Chad,cust4797_yahoo.com,+91 760768347,Other,55,Ahmedabad,West,Regular,2025-08-13
4798,Mitali,Jhaveri,cust4798_gmail.com,+91 862135385,Other,22,Surat,West,New,2024-11-12
4799,Chaaya,Ganesan,cust4799_yahoo.com,+91 856432746,Male,34,Kochi,South,Regular,2025-10-29
4800,Azaan,Handa,cust4800_hotmail.com,+91 985684580,Male,18,Bhopal,Central,Regular,2023-09-21
4801,Ladli,Gara,cust4801_gmail.com,+91 959727949,Male,17,Surat,West,Regular,2025-04-17
4802,Irya,Arora,cust4802_hotmail.com,+91 788977537,Male,57,Kolkata,East,Occasional,2025-01-07
4803,Darsh,Bhavsar,cust4803_hotmail.com,+91 785866145,Female,31,Ahmedabad,West,Regular,2025-04-23
4804,Lila,Koshy,cust4804_gmail.com,+91 994524569,Male,17,Kolkata,East,Regular,2026-05-02
4805,Falguni,Hayer,cust4805_gmail.com,+91 740561937,Female,26,Chennai,South,New,2024-02-01
4806,Victor,Nair,cust4806_hotmail.com,+91 851927506,Other,15,Surat,West,Regular,2024-08-23
4807,Yahvi,Dhillon,cust4807_yahoo.com,+91 985132514,Male,35,Mumbai,West,Occasional,2025-04-27
4808,Veer,Narayanan,cust4808_gmail.com,+91 961596719,Male,19,Hyderabad,South,Occasional,2025-08-27
4809,Advik,Banik,cust4809_hotmail.com,+91 824284455,Other,53,Chandigarh,North,Occasional,2024-04-19
4810,Hemang,Varma,cust4810_gmail.com,+91 761711398,Other,23,Patna,East,Occasional,2026-05-08
4811,Meghana,Sastry,cust4811_yahoo.com,+91 779363172,Female,50,Hyderabad,South,Regular,2026-01-15
4812,Bhavini,Varkey,cust4812_gmail.com,+91 861483795,Male,46,Guwahati,East,Regular,2025-02-23
4813,Hemani,Gera,cust4813_yahoo.com,+91 940546543,Other,15,Ahmedabad,West,Regular,2024-10-22
4814,Aachal,Parsa,cust4814_yahoo.com,+91 946148626,Male,27,Bhopal,Central,Occasional,2024-01-30
4815,Prisha,Bera,cust4815_hotmail.com,+91 760970750,Other,22,Kochi,South,Regular,2024-02-11
4816,Janaki,Bhatti,cust4816_yahoo.com,+91 876515491,Female,56,Bhopal,Central,Occasional,2023-11-23
4817,Teerth,Seshadri,cust4817_hotmail.com,+91 957527443,Female,30,Indore,Central,VIP,2025-07-25
4818,Hredhaan,Aurora,cust4818_hotmail.com,+91 856113730,Male,27,Jaipur,North,Occasional,2026-05-03
4819,Ekani,Khosla,cust4819_hotmail.com,+91 789259673,Female,17,Lucknow,North,Regular,2025-12-02
4820,Jatin,Din,cust4820_hotmail.com,+91 828798214,Male,28,Kochi,South,Occasional,2025-07-14
4821,Yadavi,Vala,cust4821_hotmail.com,+91 882333692,Male,26,Surat,West,Occasional,2024-12-10
4822,Libni,Sandal,cust4822_hotmail.com,+91 843261610,Other,41,Bhubaneswar,East,Occasional,2024-02-01
4823,Yoshita,Dubey,cust4823_hotmail.com,+91 941504848,Other,51,Hyderabad,South,New,2025-03-30
4824,Darsh,Mohan,cust4824_yahoo.com,+91 813795582,Male,26,Bhopal,Central,Occasional,2025-07-19
4825,Kiaan,Srinivas,cust4825_gmail.com,+91 888614207,Other,55,Indore,Central,New,2025-01-17
4826,Shivani,Devan,cust4826_yahoo.com,+91 913703918,Other,47,Kolkata,East,Occasional,2024-03-02
4827,Viraj,Bansal,cust4827_gmail.com,+91 789312336,Female,40,New Delhi,North,Occasional,2024-08-08
4828,Lakshmi,Krishnan,cust4828_gmail.com,+91 852948230,Female,26,Patna,East,Regular,2026-02-06
4829,Kevin,Jani,cust4829_hotmail.com,+91 872338916,Male,23,Nagpur,Central,Occasional,2024-02-21
4830,Upkaar,Sengupta,cust4830_gmail.com,+91 723919422,Male,37,Patna,East,Regular,2025-10-04
4831,Warinder,Khanna,cust4831_hotmail.com,+91 889985692,Male,27,Mumbai,West,Occasional,2025-03-21
4832,Harshil,Dora,cust4832_gmail.com,+91 822187821,Female,57,Kochi,South,Regular,2026-05-15
4833,Xalak,Balan,cust4833_yahoo.com,+91 961277893,Male,33,Chandigarh,North,Occasional,2025-09-30
4834,Shivansh,Gera,cust4834_hotmail.com,+91 784535536,Male,15,Mumbai,West,New,2023-09-02
4835,Chandran,Kala,cust4835_gmail.com,+91 792688515,Female,40,Surat,West,Occasional,2025-03-10
4836,Jairaj,Basu,cust4836_gmail.com,+91 775187317,Other,23,Kolkata,East,Occasional,2023-08-15
4837,Qasim,Karpe,cust4837_gmail.com,+91 983221696,Male,60,Patna,East,Regular,2023-01-24
4838,Amol,Bhatnagar,cust4838_hotmail.com,+91 816893520,Female,28,Surat,West,Regular,2023-01-04
4839,Libni,Shenoy,cust4839_yahoo.com,+91 868855990,Male,41,Nagpur,Central,Occasional,2025-03-21
4840,Ishwar,Bath,cust4840_gmail.com,+91 984177711,Other,39,Ahmedabad,West,New,2024-08-12
4841,Vasana,Raju,cust4841_gmail.com,+91 733241302,Female,39,Guwahati,East,Regular,2025-02-28
4842,Fiyaz,Merchant,cust4842_gmail.com,+91 747340561,Other,57,Ahmedabad,West,VIP,2023-01-18
4843,Leela,Chander,cust4843_yahoo.com,+91 829403721,Other,21,Pune,West,New,2024-08-01
4844,Wahab,Mann,cust4844_yahoo.com,+91 773579580,Male,32,Kochi,South,Occasional,2023-04-06
4845,Yagnesh,Chada,cust4845_hotmail.com,+91 722978290,Male,58,Pune,West,Regular,2025-10-06
4846,Champak,Subramanian,cust4846_yahoo.com,+91 921784850,Male,58,Chandigarh,North,Occasional,2025-03-03
4847,Lakshit,Hayer,cust4847_yahoo.com,+91 723564434,Female,21,Chennai,South,VIP,2024-10-16
4848,Nilima,Mutti,cust4848_hotmail.com,+91 781434115,Other,47,Chennai,South,Occasional,2024-04-25
4849,Guneet,Banerjee,cust4849_gmail.com,+91 713405421,Female,28,Hyderabad,South,Occasional,2026-05-12
4850,Anay,Shankar,cust4850_yahoo.com,+91 893536849,Male,27,Mumbai,West,New,2023-11-05
4851,Aarush,Pingle,cust4851_yahoo.com,+91 966179719,Male,58,Pune,West,New,2023-10-11
4852,Ladli,Sarma,cust4852_gmail.com,+91 754367556,Male,55,Chandigarh,North,Regular,2024-05-26
4853,Anmol,Batra,cust4853_yahoo.com,+91 791748618,Male,25,Ahmedabad,West,Regular,2024-05-29
4854,Madhavi,Sami,cust4854_yahoo.com,+91 983244805,Female,58,Chandigarh,North,Regular,2024-11-03
4855,Ethan,Arya,cust4855_hotmail.com,+91 985843360,Other,36,Patna,East,Occasional,2023-05-23
4856,Kamala,Mistry,cust4856_gmail.com,+91 854571221,Other,58,Jaipur,North,Occasional,2024-09-02
4857,Gautam,Kar,cust4857_yahoo.com,+91 992626187,Other,42,Indore,Central,Occasional,2026-01-06
4858,Sanya,Naik,cust4858_gmail.com,+91 935209409,Other,35,Ahmedabad,West,Regular,2023-01-03
4859,Amruta,Singh,cust4859_gmail.com,+91 737629544,Male,22,Bhubaneswar,East,Occasional,2024-09-11
4860,Alexander,Pillai,cust4860_hotmail.com,+91 859183541,Other,21,Guwahati,East,Regular,2025-03-23
4861,Robert,Sani,cust4861_yahoo.com,+91 738563798,Female,16,Lucknow,North,Regular,2026-03-26
4862,Samaksh,Menon,cust4862_hotmail.com,+91 726610817,Female,31,Kochi,South,Regular,2025-05-01
4863,Krishna,Warrior,cust4863_hotmail.com,+91 732210564,Male,48,Bhubaneswar,East,Occasional,2023-08-07
4864,Nidhi,Dutta,cust4864_yahoo.com,+91 997497736,Male,43,Nagpur,Central,Regular,2025-05-31
4865,Tripti,Aurora,cust4865_hotmail.com,+91 716379191,Female,50,Raipur,Central,Regular,2025-07-31
4866,Rachita,Venkatesh,cust4866_hotmail.com,+91 923760486,Male,43,Bhopal,Central,Occasional,2023-12-30
4867,Jagat,Sodhi,cust4867_hotmail.com,+91 981494806,Other,31,Bhubaneswar,East,Regular,2025-05-28
4868,Vedhika,Bora,cust4868_yahoo.com,+91 928753472,Male,37,Mumbai,West,Regular,2025-11-25
4869,Kamala,Sanghvi,cust4869_gmail.com,+91 810366500,Female,21,Chandigarh,North,Regular,2023-02-17
4870,Sudiksha,Brahmbhatt,cust4870_hotmail.com,+91 944150332,Other,53,Pune,West,New,2024-07-17
4871,Krishna,Bajaj,cust4871_hotmail.com,+91 846453550,Female,41,Kochi,South,Occasional,2024-12-06
4872,Warjas,Date,cust4872_gmail.com,+91 826464775,Male,18,Lucknow,North,Occasional,2025-07-12
4873,Kevin,Sankar,cust4873_hotmail.com,+91 917323621,Female,36,Patna,East,Occasional,2023-05-16
4874,Jagrati,Sha,cust4874_hotmail.com,+91 736252732,Male,54,Hyderabad,South,New,2026-04-01
4875,Rachit,Rai,cust4875_gmail.com,+91 755648816,Female,58,Patna,East,Occasional,2025-03-21
4876,Farhan,Ahluwalia,cust4876_hotmail.com,+91 869519353,Other,47,Indore,Central,Regular,2024-04-15
4877,Liam,Bora,cust4877_yahoo.com,+91 892814376,Male,29,Patna,East,Regular,2024-07-26
4878,Gautami,Uppal,cust4878_yahoo.com,+91 832614609,Female,21,Patna,East,VIP,2024-07-15
4879,Triveni,Sur,cust4879_yahoo.com,+91 791450711,Female,36,Chandigarh,North,Regular,2023-07-02
4880,Gautam,Devi,cust4880_yahoo.com,+91 764781681,Female,48,Chennai,South,Occasional,2024-03-27
4881,Lekha,Goyal,cust4881_gmail.com,+91 878522341,Other,18,Bhopal,Central,Occasional,2024-04-06
4882,Maanav,Mand,cust4882_gmail.com,+91 851811742,Other,32,Patna,East,Regular,2023-05-31
4883,Neha,Devi,cust4883_yahoo.com,+91 948324187,Other,34,Bhopal,Central,New,2025-08-03
4884,Peter,Gaba,cust4884_gmail.com,+91 755358417,Male,17,Lucknow,North,Occasional,2024-02-18
4885,Vansha,Natt,cust4885_hotmail.com,+91 828663469,Male,46,Guwahati,East,Regular,2025-07-25
4886,Falan,Sengupta,cust4886_gmail.com,+91 795808596,Female,55,Mumbai,West,Occasional,2025-07-01
4887,Aishani,Peri,cust4887_yahoo.com,+91 869541489,Female,29,Jaipur,North,VIP,2026-01-03
4888,Henry,Pal,cust4888_hotmail.com,+91 972428178,Other,57,Guwahati,East,Occasional,2023-07-24
4889,Kashish,Sunder,cust4889_gmail.com,+91 993462884,Female,21,Indore,Central,Occasional,2024-04-01
4890,Radhika,Tiwari,cust4890_gmail.com,+91 739387924,Female,41,Mumbai,West,Regular,2024-05-10
4891,Lohit,Date,cust4891_yahoo.com,+91 918611151,Male,47,Lucknow,North,Regular,2023-01-05
4892,Aadi,Badami,cust4892_hotmail.com,+91 928942425,Male,20,Hyderabad,South,Occasional,2025-02-10
4893,Dev,Rastogi,cust4893_gmail.com,+91 784804464,Male,17,Bangalore,South,VIP,2023-03-19
4894,Hema,Rout,cust4894_yahoo.com,+91 896948966,Female,43,Lucknow,North,Regular,2025-12-29
4895,Tripti,Garg,cust4895_gmail.com,+91 857429229,Other,30,Indore,Central,Regular,2023-03-24
4896,Arya,Singhal,cust4896_gmail.com,+91 973453591,Female,59,Bangalore,South,Occasional,2023-07-31
4897,Nicholas,Narang,cust4897_hotmail.com,+91 846239944,Other,39,Surat,West,Regular,2025-02-20
4898,Ati,Ahluwalia,cust4898_gmail.com,+91 979414847,Other,41,Hyderabad,South,Regular,2026-05-08
4899,Vedika,Venkatesh,cust4899_hotmail.com,+91 947674304,Male,18,Indore,Central,Occasional,2023-05-19
4900,Qadim,Dyal,cust4900_hotmail.com,+91 725532913,Male,18,Mumbai,West,Regular,2025-03-13
4901,Sneha,Khosla,cust4901_gmail.com,+91 735474754,Other,51,Ahmedabad,West,Regular,2024-02-11
4902,Oni,Bora,cust4902_yahoo.com,+91 971857740,Female,27,Mumbai,West,Regular,2023-07-31
4903,Kashvi,Ahuja,cust4903_yahoo.com,+91 824660836,Other,24,Bangalore,South,Occasional,2025-04-22
4904,Daniel,Panchal,cust4904_hotmail.com,+91 895117544,Male,57,Jaipur,North,Regular,2023-04-13
4905,Daniel,Chand,cust4905_gmail.com,+91 958572750,Male,57,Hyderabad,South,Occasional,2025-09-23
4906,Kamya,Agarwal,cust4906_hotmail.com,+91 729990341,Other,49,New Delhi,North,Occasional,2025-06-11
4907,Ubika,Chopra,cust4907_hotmail.com,+91 927916960,Male,57,Guwahati,East,Occasional,2023-10-04
4908,Divya,Grewal,cust4908_yahoo.com,+91 864417376,Male,57,Bhubaneswar,East,VIP,2023-05-14
4909,Caleb,Patil,cust4909_gmail.com,+91 867810289,Female,48,Jaipur,North,Regular,2023-05-06
4910,Ridhi,Bera,cust4910_hotmail.com,+91 812779260,Male,29,Raipur,Central,Occasional,2026-05-18
4911,Ryan,Bassi,cust4911_gmail.com,+91 719586748,Male,37,Pune,West,Occasional,2023-07-31
4912,Ekavir,Sani,cust4912_hotmail.com,+91 915715758,Male,16,Ahmedabad,West,Occasional,2024-12-19
4913,Alexander,Agrawal,cust4913_yahoo.com,+91 776485730,Female,30,Nagpur,Central,Occasional,2024-05-02
4914,Gabriel,Thaman,cust4914_hotmail.com,+91 871331325,Male,28,Bangalore,South,New,2024-02-03
4915,Devika,Narang,cust4915_hotmail.com,+91 837879402,Female,49,Kochi,South,Occasional,2026-05-04
4916,Utkarsh,Dhaliwal,cust4916_hotmail.com,+91 860633730,Other,51,Chennai,South,Occasional,2024-03-31
4917,Upadhriti,Sachdev,cust4917_hotmail.com,+91 852856286,Other,16,Chennai,South,VIP,2025-03-21
4918,Tanay,Sachar,cust4918_yahoo.com,+91 848892415,Other,50,Lucknow,North,Occasional,2025-05-12
4919,Aarini,Mallick,cust4919_yahoo.com,+91 844158475,Male,21,Patna,East,Occasional,2023-07-24
4920,Jack,Sachdev,cust4920_hotmail.com,+91 796237274,Male,21,Raipur,Central,Occasional,2026-04-04
4921,Yutika,Dhaliwal,cust4921_yahoo.com,+91 988155237,Female,37,Guwahati,East,Occasional,2023-05-17
4922,Deepa,Yohannan,cust4922_gmail.com,+91 713313280,Other,15,Bhopal,Central,Occasional,2023-11-11
4923,Ekavir,Banik,cust4923_yahoo.com,+91 972234620,Male,19,New Delhi,North,VIP,2023-11-28
4924,Chakradev,Dube,cust4924_yahoo.com,+91 953937952,Male,43,Kochi,South,Regular,2024-05-31
4925,Neha,Kapadia,cust4925_hotmail.com,+91 837574157,Male,56,Mumbai,West,VIP,2026-04-18
4926,Ekapad,Sidhu,cust4926_yahoo.com,+91 937312818,Other,16,Raipur,Central,Occasional,2023-10-12
4927,Jagvi,Sarma,cust4927_yahoo.com,+91 859539547,Male,49,Chennai,South,Occasional,2023-11-28
4928,Wyatt,Nazareth,cust4928_gmail.com,+91 846527264,Male,21,Bangalore,South,New,2025-03-25
4929,Darpan,Ravi,cust4929_yahoo.com,+91 954675281,Female,55,Chennai,South,Occasional,2024-10-15
4930,Radhika,Barad,cust4930_hotmail.com,+91 830165693,Female,25,Surat,West,Occasional,2025-04-27
4931,Sara,Hari,cust4931_hotmail.com,+91 982411995,Other,34,Mumbai,West,VIP,2024-10-28
4932,Theodore,Krishnamurthy,cust4932_yahoo.com,+91 766537966,Female,27,Surat,West,Occasional,2025-05-01
4933,Yahvi,Hayer,cust4933_hotmail.com,+91 847888620,Female,37,Bhopal,Central,Occasional,2025-04-21
4934,Peter,Nadkarni,cust4934_gmail.com,+91 884466779,Female,35,Surat,West,Occasional,2024-04-16
4935,Chanchal,Ravi,cust4935_gmail.com,+91 781516982,Female,38,Kolkata,East,New,2024-08-17
4936,Champak,Narayanan,cust4936_yahoo.com,+91 984523386,Female,36,Chandigarh,North,VIP,2025-04-19
4937,Sanaya,Sawhney,cust4937_yahoo.com,+91 927994963,Female,36,Mumbai,West,Regular,2023-03-24
4938,Chandresh,Ramaswamy,cust4938_yahoo.com,+91 764368486,Female,54,Kolkata,East,Regular,2025-12-30
4939,Gautami,Pandey,cust4939_gmail.com,+91 916904895,Other,34,Mumbai,West,Occasional,2024-11-28
4940,Mekhala,Dutta,cust4940_gmail.com,+91 959325619,Other,60,Kolkata,East,Occasional,2024-07-19
4941,Qadim,Andra,cust4941_hotmail.com,+91 947204527,Male,24,Chennai,South,Occasional,2025-05-27
4942,Gauri,Nair,cust4942_gmail.com,+91 930128754,Other,54,Mumbai,West,Regular,2023-02-22
4943,Wakeeta,More,cust4943_hotmail.com,+91 738674112,Male,26,Pune,West,Occasional,2023-03-08
4944,Harsh,Kaur,cust4944_gmail.com,+91 827604487,Other,30,Ahmedabad,West,Regular,2023-02-12
4945,Harish,Shere,cust4945_hotmail.com,+91 843704973,Other,45,Lucknow,North,Occasional,2023-05-10
4946,Girish,Bahl,cust4946_gmail.com,+91 986436382,Male,38,Mumbai,West,Occasional,2024-08-25
4947,Chakrika,Saxena,cust4947_hotmail.com,+91 950328747,Other,29,Bhopal,Central,Regular,2024-05-25
4948,Chatura,Goel,cust4948_gmail.com,+91 954328456,Female,56,Mumbai,West,Occasional,2024-08-27
4949,Arjun,Ravi,cust4949_hotmail.com,+91 970767795,Male,35,Pune,West,VIP,2025-09-11
4950,Kamala,Kaur,cust4950_yahoo.com,+91 921608783,Male,34,New Delhi,North,Occasional,2025-08-22
4951,Fiyaz,Goel,cust4951_gmail.com,+91 720394721,Male,42,Patna,East,Regular,2024-02-21
4952,Krishna,Gopal,cust4952_yahoo.com,+91 988835198,Other,18,Kolkata,East,Regular,2023-05-09
4953,Ishanvi,Bhargava,cust4953_gmail.com,+91 887869498,Other,55,Lucknow,North,Occasional,2024-05-02
4954,Omisha,Bedi,cust4954_gmail.com,+91 817128967,Other,60,Raipur,Central,Regular,2023-09-03
4955,Indrajit,Nazareth,cust4955_gmail.com,+91 743788397,Other,37,Bhubaneswar,East,Occasional,2024-05-11
4956,Qadim,Palan,cust4956_hotmail.com,+91 748266117,Male,58,Pune,West,Occasional,2026-01-22
4957,Aashi,Sarraf,cust4957_hotmail.com,+91 779742516,Other,35,Mumbai,West,Regular,2025-12-02
4958,Harinakshi,Balay,cust4958_yahoo.com,+91 832432436,Other,17,Chandigarh,North,Occasional,2025-08-17
4959,Caleb,Tailor,cust4959_gmail.com,+91 787149687,Female,28,Mumbai,West,Regular,2024-03-14
4960,Saanvi,Halder,cust4960_gmail.com,+91 884488773,Male,16,Guwahati,East,New,2026-04-03
4961,Chandran,Pandya,cust4961_hotmail.com,+91 885382215,Other,28,Kolkata,East,Occasional,2024-12-21
4962,Jasmit,Bala,cust4962_gmail.com,+91 881309488,Other,53,Jaipur,North,Regular,2026-02-28
4963,Dominic,Bava,cust4963_gmail.com,+91 772574854,Other,18,Ahmedabad,West,Occasional,2025-11-01
4964,Bhavna,Kalita,cust4964_yahoo.com,+91 886958772,Male,22,Bhopal,Central,Occasional,2024-09-01
4965,Advik,Jani,cust4965_hotmail.com,+91 765121971,Other,48,Bhubaneswar,East,Occasional,2026-04-15
4966,Jagat,Aggarwal,cust4966_yahoo.com,+91 711273828,Male,29,Guwahati,East,Regular,2025-06-18
4967,Jonathan,Balay,cust4967_gmail.com,+91 943474700,Male,60,Jaipur,North,Occasional,2024-06-24
4968,Chakradev,Toor,cust4968_hotmail.com,+91 836820367,Female,53,Indore,Central,Regular,2024-10-27
4969,Bhavani,Bhatt,cust4969_gmail.com,+91 964305309,Other,45,Chennai,South,Regular,2025-12-21
4970,Charita,Chandra,cust4970_gmail.com,+91 920348849,Other,49,Nagpur,Central,Occasional,2025-04-23
4971,Gayathri,Ghosh,cust4971_hotmail.com,+91 781628190,Male,55,Raipur,Central,Occasional,2025-10-12
4972,Hiral,Kohli,cust4972_yahoo.com,+91 739915584,Other,54,New Delhi,North,Regular,2024-07-11
4973,Harini,Din,cust4973_gmail.com,+91 744340270,Male,32,Hyderabad,South,Regular,2025-12-01
4974,Lipika,Bobal,cust4974_gmail.com,+91 822248601,Other,47,Kolkata,East,Regular,2024-07-15
4975,Nikita,Sur,cust4975_hotmail.com,+91 775596877,Male,54,Raipur,Central,Occasional,2023-04-03
4976,Agastya,Bahl,cust4976_yahoo.com,+91 932276854,Male,18,Indore,Central,Occasional,2025-06-16
4977,Priya,Bhargava,cust4977_gmail.com,+91 846631400,Male,57,Hyderabad,South,Occasional,2025-06-06
4978,Lila,Sarna,cust4978_yahoo.com,+91 972627894,Male,50,Chennai,South,Regular,2025-04-29
4979,Chaitanya,Khurana,cust4979_yahoo.com,+91 714920397,Female,24,Ahmedabad,West,Occasional,2024-02-13
4980,Amara,Dass,cust4980_hotmail.com,+91 990290623,Male,33,Mumbai,West,Regular,2025-02-17
4981,Rishi,Mani,cust4981_yahoo.com,+91 725652919,Female,56,Mumbai,West,Occasional,2023-12-05
4982,Kavya,Kar,cust4982_gmail.com,+91 873792382,Male,28,Bangalore,South,Regular,2025-06-21
4983,Maya,Swaminathan,cust4983_yahoo.com,+91 995584687,Female,25,Bangalore,South,Regular,2023-01-05
4984,Naksh,Natt,cust4984_yahoo.com,+91 741455633,Male,22,Chandigarh,North,Regular,2024-08-08
4985,Tejas,Dyal,cust4985_hotmail.com,+91 720743999,Male,36,Bhopal,Central,New,2023-01-13
4986,Advay,Bora,cust4986_yahoo.com,+91 880476394,Other,40,Raipur,Central,Regular,2024-06-24
4987,Ladli,Munshi,cust4987_yahoo.com,+91 791154527,Female,25,Chandigarh,North,VIP,2023-11-27
4988,Mahika,Gour,cust4988_yahoo.com,+91 811568959,Male,57,Bangalore,South,Regular,2023-07-21
4989,Tripti,Yogi,cust4989_yahoo.com,+91 759256948,Other,51,Ahmedabad,West,Regular,2023-06-14
4990,Darsh,Grover,cust4990_hotmail.com,+91 922207345,Male,32,Chennai,South,Regular,2023-10-13
4991,Mason,Kanda,cust4991_gmail.com,+91 984434127,Other,52,Raipur,Central,Regular,2025-06-08
4992,Ganga,Chandran,cust4992_gmail.com,+91 875699707,Other,31,Indore,Central,Regular,2024-04-23
4993,Azad,Baral,cust4993_hotmail.com,+91 966244460,Other,33,Nagpur,Central,Regular,2023-01-24
4994,Chakradhar,Parekh,cust4994_gmail.com,+91 842905954,Female,34,Bangalore,South,New,2024-10-17
4995,Odika,Uppal,cust4995_yahoo.com,+91 839682363,Female,52,Chandigarh,North,VIP,2023-01-09
4996,Akshay,Doshi,cust4996_gmail.com,+91 746408364,Female,34,Surat,West,Regular,2024-01-13
4997,Leena,Ramaswamy,cust4997_yahoo.com,+91 918917399,Female,35,Surat,West,Regular,2023-05-18
4998,Laban,Ahuja,cust4998_yahoo.com,+91 850985117,Female,50,Kochi,South,Occasional,2023-12-08
4999,Gaurika,Shan,cust4999_yahoo.com,+91 770671400,Male,24,Lucknow,North,VIP,2025-11-19
5000,Shravya,Naik,cust5000_hotmail.com,+91 899723732,Male,46,Indore,Central,Regular,2026-03-17
5001,Gagan,Garg,cust5001_hotmail.com,+91 772596595,Other,23,Bhopal,Central,Occasional,2023-10-17
5002,Pallavi,Muni,cust5002_gmail.com,+91 829267363,Female,22,Kolkata,East,Regular,2026-02-18
5003,Chakradhar,Kashyap,cust5003_gmail.com,+91 777793315,Other,32,Mumbai,West,Occasional,2024-09-05
5004,Praneel,Anand,cust5004_hotmail.com,+91 733335985,Female,44,Chennai,South,New,2024-10-13
5005,Tanvi,Pingle,cust5005_yahoo.com,+91 786594453,Female,28,Chandigarh,North,Occasional,2023-08-08
5006,Rachit,Brahmbhatt,cust5006_yahoo.com,+91 730340710,Female,53,New Delhi,North,Occasional,2025-03-19
5007,Ubika,Bakshi,cust5007_hotmail.com,+91 738481263,Female,21,Raipur,Central,New,2024-12-18
5008,Jonathan,Agarwal,cust5008_yahoo.com,+91 791571474,Other,37,Nagpur,Central,Occasional,2025-07-14
5009,Gavin,Padmanabhan,cust5009_gmail.com,+91 730189640,Female,53,Bhopal,Central,Regular,2023-06-27
5010,Abeer,Golla,cust5010_gmail.com,+91 781635454,Other,47,Mumbai,West,Occasional,2023-12-17
5011,Om,Chaudhary,cust5011_hotmail.com,+91 722918716,Other,54,Indore,Central,Regular,2024-11-01
5012,Onveer,Bir,cust5012_yahoo.com,+91 981340392,Female,23,Indore,Central,Occasional,2026-05-20
5013,Jeet,Vig,cust5013_hotmail.com,+91 735773702,Female,56,Chandigarh,North,New,2025-03-25
5014,Aayush,Pau,cust5014_hotmail.com,+91 835292390,Male,51,Ahmedabad,West,Occasional,2025-01-29
5015,Radha,Cherian,cust5015_gmail.com,+91 911376151,Male,51,Chandigarh,North,Occasional,2023-05-27
5016,Rajeshri,Kakar,cust5016_hotmail.com,+91 745893300,Female,55,Hyderabad,South,New,2025-02-20
5017,Gaurangi,Bumb,cust5017_hotmail.com,+91 920797858,Other,44,New Delhi,North,Regular,2024-07-30
5018,Dhriti,Sheth,cust5018_hotmail.com,+91 747763332,Male,15,Patna,East,Occasional,2025-07-03
5019,Oliver,Chandra,cust5019_yahoo.com,+91 871614344,Female,51,Patna,East,Occasional,2024-12-31
5020,Zansi,Basu,cust5020_hotmail.com,+91 731474607,Male,54,Kolkata,East,Occasional,2025-05-13
5021,Harinakshi,Khalsa,cust5021_yahoo.com,+91 716250410,Other,22,Raipur,Central,Occasional,2023-03-20
5022,Tarak,Bhavsar,cust5022_hotmail.com,+91 745397767,Female,54,Bhopal,Central,Regular,2025-04-11
5023,Mohammed,Trivedi,cust5023_hotmail.com,+91 984743934,Female,19,Chandigarh,North,Regular,2024-08-06
5024,Orinder,Upadhyay,cust5024_yahoo.com,+91 782574604,Male,47,Bhopal,Central,Occasional,2025-01-15
5025,Deepa,Bera,cust5025_hotmail.com,+91 817209647,Female,18,Chandigarh,North,VIP,2024-05-30
5026,Yoshita,Devi,cust5026_gmail.com,+91 769548499,Male,18,Ahmedabad,West,Regular,2023-05-30
5027,Vansha,Gaba,cust5027_gmail.com,+91 827447963,Male,45,Hyderabad,South,Regular,2026-01-27
5028,Peter,Kala,cust5028_hotmail.com,+91 759980520,Male,49,New Delhi,North,Regular,2023-03-25
5029,Joshua,Karnik,cust5029_gmail.com,+91 892342661,Other,32,Pune,West,New,2024-04-02
5030,Nachiket,Bhargava,cust5030_yahoo.com,+91 979375921,Other,38,Kolkata,East,Occasional,2025-10-26
5031,Arunima,Mallick,cust5031_yahoo.com,+91 723278706,Male,19,Patna,East,Occasional,2023-05-18
5032,Siddharth,Deep,cust5032_hotmail.com,+91 827438945,Male,22,Kochi,South,Regular,2024-03-09
5033,Imaran,Bhatti,cust5033_yahoo.com,+91 721153257,Other,39,Indore,Central,Regular,2025-03-26
5034,Rohan,Anne,cust5034_hotmail.com,+91 759901565,Female,58,Kolkata,East,Regular,2024-07-13
5035,Agastya,Datta,cust5035_gmail.com,+91 783263433,Male,33,Chennai,South,Occasional,2023-07-16
5036,Sarthak,Bedi,cust5036_yahoo.com,+91 945606485,Other,29,Bhubaneswar,East,Occasional,2025-09-11
5037,Manthan,Kanda,cust5037_gmail.com,+91 855709962,Female,18,Kolkata,East,Regular,2026-01-14
5038,Reva,Tank,cust5038_yahoo.com,+91 946262953,Female,28,Pune,West,Regular,2023-07-22
5039,Harshil,Kohli,cust5039_yahoo.com,+91 859863965,Female,23,Surat,West,Regular,2023-07-17
5040,Rishi,Barman,cust5040_gmail.com,+91 848759550,Male,52,Guwahati,East,VIP,2026-01-20
5041,Girik,Sahni,cust5041_yahoo.com,+91 747841874,Male,25,Ahmedabad,West,Occasional,2025-02-20
5042,Niharika,Kulkarni,cust5042_yahoo.com,+91 756395718,Female,43,Surat,West,Occasional,2023-03-15
5043,Aarnav,Bhandari,cust5043_yahoo.com,+91 820732962,Male,56,Bhubaneswar,East,New,2023-11-03
5044,Vihaan,Sarraf,cust5044_yahoo.com,+91 989597327,Female,19,Jaipur,North,Regular,2026-01-16
5045,Ishani,Rao,cust5045_hotmail.com,+91 853340679,Female,53,New Delhi,North,Regular,2024-12-14
5046,Udarsh,Deo,cust5046_gmail.com,+91 997425386,Other,26,New Delhi,North,Regular,2023-05-30
5047,Arin,Edwin,cust5047_hotmail.com,+91 943318960,Male,55,Lucknow,North,Regular,2025-11-28
5048,Ojasvi,Borah,cust5048_yahoo.com,+91 777923624,Other,30,Chandigarh,North,Regular,2023-05-20
5049,Kritika,Baria,cust5049_gmail.com,+91 938537367,Other,35,Ahmedabad,West,Regular,2024-04-08
5050,Tejas,Dar,cust5050_gmail.com,+91 967688678,Female,60,Raipur,Central,Regular,2025-06-23
5051,Yug,Majumdar,cust5051_gmail.com,+91 830747694,Other,56,Chennai,South,New,2024-02-14
5052,Lila,Ramanathan,cust5052_gmail.com,+91 931916588,Female,35,Pune,West,Regular,2025-08-21
5053,Finn,Jain,cust5053_gmail.com,+91 951163926,Other,59,Surat,West,New,2023-08-23
5054,Vidhi,Atwal,cust5054_hotmail.com,+91 750338158,Female,47,Guwahati,East,Regular,2024-10-14
5055,Jeevika,Ravi,cust5055_hotmail.com,+91 866634790,Other,53,Indore,Central,Regular,2023-03-28
5056,Omisha,Ramaswamy,cust5056_yahoo.com,+91 796976262,Other,33,New Delhi,North,Regular,2024-07-26
5057,Banjeet,Rajagopal,cust5057_gmail.com,+91 831321549,Female,21,Jaipur,North,VIP,2026-03-15
5058,Meera,Dua,cust5058_gmail.com,+91 957989727,Other,56,Jaipur,North,Regular,2025-12-24
5059,Yauvani,Ramesh,cust5059_yahoo.com,+91 854563156,Other,38,Mumbai,West,Regular,2025-06-04
5060,Darpan,Mitter,cust5060_hotmail.com,+91 941485178,Other,29,Bangalore,South,Occasional,2024-07-15
5061,Aachal,Mital,cust5061_hotmail.com,+91 862380909,Female,21,New Delhi,North,Occasional,2024-03-21
5062,Ridhi,Sankar,cust5062_yahoo.com,+91 994395172,Other,57,Patna,East,VIP,2023-02-26
5063,Damini,Gulati,cust5063_hotmail.com,+91 911496681,Female,29,Guwahati,East,Regular,2023-11-02
5064,Omaja,Padmanabhan,cust5064_gmail.com,+91 721567179,Male,27,Nagpur,Central,New,2023-12-16
5065,Krisha,Ganesh,cust5065_yahoo.com,+91 968203641,Male,31,Kochi,South,Regular,2024-04-14
5066,Kai,Ganguly,cust5066_yahoo.com,+91 870918814,Other,29,Kolkata,East,Regular,2023-10-22
5067,Radha,Dalal,cust5067_gmail.com,+91 767453724,Other,25,Chandigarh,North,Regular,2023-07-29
5068,Manan,Kumer,cust5068_gmail.com,+91 712509752,Male,53,Kolkata,East,New,2024-04-04
5069,Nirja,Devan,cust5069_hotmail.com,+91 710708805,Female,44,Guwahati,East,VIP,2026-05-05
5070,Ekani,Lata,cust5070_hotmail.com,+91 890791805,Male,40,Bhopal,Central,Regular,2024-06-17
5071,Harrison,Varma,cust5071_hotmail.com,+91 710639446,Female,30,New Delhi,North,Occasional,2023-08-24
5072,Balveer,Walla,cust5072_hotmail.com,+91 712202106,Female,24,New Delhi,North,Occasional,2025-09-15
5073,Guneet,Reddy,cust5073_gmail.com,+91 960673948,Male,28,Bangalore,South,New,2025-02-04
5074,Wriddhish,Mukhopadhyay,cust5074_hotmail.com,+91 714224952,Female,19,Indore,Central,Occasional,2025-09-20
5075,Lajita,Lall,cust5075_gmail.com,+91 882300908,Other,32,Indore,Central,Occasional,2023-05-12
5076,Hamsini,Khatri,cust5076_gmail.com,+91 865730630,Female,45,New Delhi,North,Occasional,2023-11-09
5077,Baghyawati,Sharma,cust5077_gmail.com,+91 949181183,Female,42,New Delhi,North,Regular,2026-01-23
5078,Dakshesh,Patla,cust5078_hotmail.com,+91 756214681,Other,39,Hyderabad,South,Regular,2024-07-21
5079,Umang,Korpal,cust5079_yahoo.com,+91 959224543,Other,43,Chennai,South,Regular,2024-01-02
5080,Bakhshi,Khosla,cust5080_gmail.com,+91 751359974,Male,34,Chandigarh,North,Occasional,2023-11-11
5081,Jasmit,Wadhwa,cust5081_yahoo.com,+91 814260823,Female,32,Raipur,Central,New,2023-05-03
5082,Ayaan,Prakash,cust5082_hotmail.com,+91 928433953,Other,31,Bangalore,South,Occasional,2024-09-22
5083,Kala,Sibal,cust5083_hotmail.com,+91 854732957,Other,36,Lucknow,North,VIP,2024-02-19
5084,Amruta,Tata,cust5084_yahoo.com,+91 893885241,Male,41,Chennai,South,Regular,2024-08-29
5085,Sudiksha,Ratti,cust5085_hotmail.com,+91 794574744,Male,35,Pune,West,Regular,2026-05-21
5086,Amrita,Nayak,cust5086_gmail.com,+91 934257102,Male,24,Guwahati,East,VIP,2026-01-11
5087,Wriddhish,Sarkar,cust5087_yahoo.com,+91 926114340,Other,21,Jaipur,North,Occasional,2024-07-14
5088,Urmi,Madan,cust5088_yahoo.com,+91 969386414,Female,48,Guwahati,East,New,2025-05-26
5089,Yadavi,Raja,cust5089_gmail.com,+91 773299729,Other,18,Kochi,South,VIP,2024-08-23
5090,Sathvik,Mand,cust5090_gmail.com,+91 799692495,Male,41,Surat,West,Regular,2024-10-31
5091,Peter,Oza,cust5091_yahoo.com,+91 958132747,Male,25,Guwahati,East,New,2023-05-03
5092,Anthony,Wason,cust5092_hotmail.com,+91 888712171,Other,55,Raipur,Central,VIP,2024-07-28
5093,Gaurangi,Mohan,cust5093_hotmail.com,+91 886435985,Female,31,Kolkata,East,New,2023-01-13
5094,Harita,Goyal,cust5094_yahoo.com,+91 862452579,Other,44,Ahmedabad,West,Occasional,2023-05-16
5095,Luke,Naidu,cust5095_yahoo.com,+91 967213452,Other,27,Jaipur,North,Regular,2025-07-14
5096,Lakshmi,Ranganathan,cust5096_yahoo.com,+91 776969575,Other,28,Patna,East,Regular,2025-06-13
5097,Qabil,Chowdhury,cust5097_gmail.com,+91 851363874,Female,49,Kochi,South,Occasional,2024-11-24
5098,Sudiksha,Majumdar,cust5098_gmail.com,+91 947538805,Female,34,Kochi,South,Regular,2023-01-22
5099,Jhalak,Dani,cust5099_yahoo.com,+91 913837128,Male,24,Mumbai,West,Occasional,2024-01-08
5100,Lekha,Das,cust5100_yahoo.com,+91 851874971,Female,51,Pune,West,Regular,2023-10-10
5101,Alka,Hayre,cust5101_gmail.com,+91 741412908,Male,36,Hyderabad,South,Occasional,2023-03-23
5102,Nakul,Sagar,cust5102_gmail.com,+91 875928265,Female,23,Chennai,South,Occasional,2026-05-16
5103,Edhitha,More,cust5103_gmail.com,+91 895477410,Female,53,Raipur,Central,New,2024-04-12
5104,Daksh,Sethi,cust5104_hotmail.com,+91 988660100,Male,22,Bangalore,South,Regular,2026-01-20
5105,Thomas,Shankar,cust5105_gmail.com,+91 919474788,Male,44,Guwahati,East,Regular,2024-10-03
5106,Andrew,Balan,cust5106_hotmail.com,+91 724180464,Female,48,New Delhi,North,Regular,2023-06-11
5107,Jairaj,Tandon,cust5107_hotmail.com,+91 755349724,Male,32,Patna,East,Regular,2025-09-29
5108,Oliver,Dhar,cust5108_gmail.com,+91 969996839,Female,40,New Delhi,North,Regular,2024-07-07
5109,Jyoti,Sekhon,cust5109_gmail.com,+91 786559752,Female,38,Indore,Central,VIP,2023-05-04
5110,Avni,Nadkarni,cust5110_gmail.com,+91 818139771,Male,53,Patna,East,Occasional,2025-05-15
5111,Janani,Mammen,cust5111_hotmail.com,+91 984975371,Male,33,New Delhi,North,Regular,2023-11-21
5112,Rachita,Tiwari,cust5112_yahoo.com,+91 838241868,Female,15,Jaipur,North,Occasional,2023-10-01
5113,Amara,Tara,cust5113_gmail.com,+91 828557758,Other,41,Surat,West,Occasional,2024-02-08
5114,Widisha,Hari,cust5114_hotmail.com,+91 932491984,Other,27,Indore,Central,New,2023-06-24
5115,Aryan,Wadhwa,cust5115_yahoo.com,+91 938811756,Female,21,Guwahati,East,Regular,2023-09-12
5116,Harita,Divan,cust5116_gmail.com,+91 768447334,Other,53,Bangalore,South,Occasional,2026-05-22
5117,Turvi,Sethi,cust5117_gmail.com,+91 744970290,Female,42,Kolkata,East,Occasional,2024-11-21
5118,Qushi,Ratta,cust5118_hotmail.com,+91 713913485,Other,57,Pune,West,New,2025-06-15
5119,Niharika,Guha,cust5119_gmail.com,+91 835618851,Male,27,Surat,West,Occasional,2024-05-18
5120,Aarush,Choudhury,cust5120_yahoo.com,+91 848825841,Female,23,Indore,Central,Occasional,2024-12-28
5121,Chakradhar,Parikh,cust5121_gmail.com,+91 755645391,Female,57,Nagpur,Central,Regular,2023-04-07
5122,Dev,Bakshi,cust5122_yahoo.com,+91 827915620,Female,52,Chennai,South,Regular,2024-11-13
5123,Zilmil,Bath,cust5123_gmail.com,+91 968677669,Female,52,Chennai,South,Occasional,2024-05-20
5124,Max,Sule,cust5124_hotmail.com,+91 898402127,Female,56,Chennai,South,New,2023-02-09
5125,Kabir,Bhatti,cust5125_yahoo.com,+91 724407751,Male,52,Bangalore,South,Occasional,2023-10-04
5126,Ekaja,Sheth,cust5126_hotmail.com,+91 877429919,Female,32,New Delhi,North,Regular,2023-10-17
5127,Jagdish,Sandal,cust5127_gmail.com,+91 866820734,Other,49,Indore,Central,Regular,2023-10-30
5128,Charvi,Karan,cust5128_hotmail.com,+91 737342680,Other,36,Kochi,South,Occasional,2025-07-27
5129,Jatin,Kalla,cust5129_yahoo.com,+91 990230770,Other,37,New Delhi,North,Occasional,2025-12-11
5130,Gabriel,Talwar,cust5130_gmail.com,+91 791478509,Other,59,Chennai,South,Regular,2025-04-01
5131,Rushil,Dara,cust5131_gmail.com,+91 755261418,Male,38,Patna,East,Occasional,2023-02-24
5132,Hiral,Panchal,cust5132_hotmail.com,+91 722855933,Male,22,Kolkata,East,VIP,2024-08-10
5133,Zarna,Raman,cust5133_gmail.com,+91 795311473,Female,50,Mumbai,West,Regular,2023-08-28
5134,Avi,Grewal,cust5134_hotmail.com,+91 932227444,Other,20,Chennai,South,Regular,2026-01-24
5135,Vedhika,Koshy,cust5135_yahoo.com,+91 780607660,Female,45,Nagpur,Central,VIP,2026-02-02
5136,Kashvi,Pandey,cust5136_hotmail.com,+91 987320456,Female,59,Jaipur,North,Occasional,2023-07-18
5137,Tanay,Keer,cust5137_gmail.com,+91 845651889,Male,26,Indore,Central,Regular,2025-11-26
5138,Matthew,Savant,cust5138_gmail.com,+91 964904387,Male,27,Kochi,South,Occasional,2023-09-20
5139,Ranveer,Vig,cust5139_hotmail.com,+91 729100759,Female,53,Bangalore,South,Occasional,2025-12-22
5140,Owen,Agarwal,cust5140_yahoo.com,+91 994839820,Other,45,Raipur,Central,Occasional,2025-08-02
5141,Urvi,Kapadia,cust5141_yahoo.com,+91 823422327,Female,40,Kochi,South,Occasional,2024-07-18
5142,Kai,Karan,cust5142_yahoo.com,+91 966981866,Other,37,Bangalore,South,VIP,2023-12-17
5143,Gagan,Tripathi,cust5143_yahoo.com,+91 923800757,Other,23,Guwahati,East,New,2024-10-25
5144,Upasna,Ranganathan,cust5144_gmail.com,+91 876437678,Other,32,Nagpur,Central,Regular,2023-02-23
5145,Tripti,Bath,cust5145_hotmail.com,+91 736201884,Other,20,Bhubaneswar,East,Regular,2023-03-18
5146,Lopa,Tank,cust5146_gmail.com,+91 731496866,Female,23,Bhubaneswar,East,Regular,2023-10-19
5147,Yashasvi,Dutt,cust5147_gmail.com,+91 994903110,Other,60,Chandigarh,North,Regular,2026-04-02
5148,Balvan,Chaudhary,cust5148_gmail.com,+91 797478857,Male,22,Patna,East,Occasional,2024-08-15
5149,Jeet,Dugal,cust5149_yahoo.com,+91 921537938,Other,37,Hyderabad,South,Regular,2025-02-02
5150,Irya,Kapadia,cust5150_hotmail.com,+91 940918735,Female,47,Bangalore,South,New,2023-06-04
5151,Qadim,Chakraborty,cust5151_yahoo.com,+91 897429377,Other,34,Lucknow,North,New,2025-11-18
5152,Radhika,Lala,cust5152_hotmail.com,+91 892399901,Male,36,Bangalore,South,Occasional,2025-10-31
5153,Neha,Sridhar,cust5153_gmail.com,+91 825763400,Female,41,Guwahati,East,Occasional,2024-02-06
5154,Saanvi,Lala,cust5154_gmail.com,+91 722511350,Other,27,Mumbai,West,Occasional,2024-05-18
5155,Shaurya,Kalita,cust5155_hotmail.com,+91 965301140,Male,36,Pune,West,Regular,2023-08-14
5156,Lucky,Edwin,cust5156_hotmail.com,+91 958513995,Other,18,Surat,West,Regular,2023-08-26
5157,Anay,Cherian,cust5157_hotmail.com,+91 768836490,Female,42,Jaipur,North,Regular,2025-02-28
5158,Zehaan,Dube,cust5158_yahoo.com,+91 956828251,Male,42,Bhubaneswar,East,Regular,2024-03-29
5159,Mitesh,Gour,cust5159_gmail.com,+91 962481454,Other,28,Chandigarh,North,Regular,2025-05-20
5160,Irya,Ravel,cust5160_gmail.com,+91 793826365,Female,19,Surat,West,Regular,2026-02-14
5161,Qadim,Nazareth,cust5161_gmail.com,+91 835682546,Other,48,Mumbai,West,Regular,2024-08-08
5162,Chandran,Ramachandran,cust5162_gmail.com,+91 816107105,Other,19,Chennai,South,Occasional,2024-07-31
5163,Varenya,Konda,cust5163_gmail.com,+91 823496747,Other,28,Bangalore,South,Occasional,2025-09-14
5164,Ishwar,Wali,cust5164_gmail.com,+91 796695746,Other,56,Indore,Central,Regular,2025-10-03
5165,Mekhala,Swamy,cust5165_yahoo.com,+91 983926325,Other,50,New Delhi,North,Occasional,2024-02-26
5166,Warinder,Ahuja,cust5166_yahoo.com,+91 722523440,Other,15,Chandigarh,North,Regular,2023-06-12
5167,Divya,Karnik,cust5167_hotmail.com,+91 956567531,Female,15,Indore,Central,Regular,2025-11-05
5168,Jairaj,Naik,cust5168_gmail.com,+91 897962427,Other,23,Chandigarh,North,Regular,2024-04-18
5169,Ekbal,Kannan,cust5169_yahoo.com,+91 752231802,Other,48,Chennai,South,Occasional,2023-01-22
5170,Nandini,Bhandari,cust5170_hotmail.com,+91 853912867,Female,20,Bangalore,South,Regular,2023-09-29
5171,Bhavini,Rastogi,cust5171_gmail.com,+91 720966729,Male,44,Patna,East,New,2026-05-03
5172,Urvashi,Pau,cust5172_yahoo.com,+91 751240830,Male,46,Bhopal,Central,Occasional,2025-06-05
5173,Dipta,Malhotra,cust5173_yahoo.com,+91 888352603,Female,42,Patna,East,Occasional,2023-04-09
5174,Janaki,Nagar,cust5174_yahoo.com,+91 751547871,Other,42,New Delhi,North,Occasional,2023-03-11
5175,Elijah,Ghosh,cust5175_hotmail.com,+91 786212566,Female,25,Mumbai,West,Regular,2025-06-02
5176,Ekalinga,Pillay,cust5176_gmail.com,+91 934523276,Other,49,Ahmedabad,West,Regular,2025-10-21
5177,Amrita,Bora,cust5177_gmail.com,+91 752124292,Male,27,Chennai,South,Regular,2024-10-27
5178,Hema,Narayan,cust5178_yahoo.com,+91 963965749,Female,47,Chandigarh,North,Regular,2025-05-29
5179,Anay,Chand,cust5179_hotmail.com,+91 947538816,Other,35,Bhubaneswar,East,Regular,2024-02-26
5180,Keya,Kakar,cust5180_hotmail.com,+91 972322729,Male,50,Pune,West,Occasional,2026-01-24
5181,Shravya,Taneja,cust5181_yahoo.com,+91 875656601,Female,45,Jaipur,North,Regular,2024-05-13
5182,Darpan,Sood,cust5182_gmail.com,+91 718448167,Male,28,Lucknow,North,Regular,2023-10-15
5183,Andrew,Kulkarni,cust5183_gmail.com,+91 994525430,Male,59,Bhubaneswar,East,Regular,2023-08-01
5184,Nathan,Aurora,cust5184_gmail.com,+91 938658602,Other,32,Raipur,Central,Regular,2024-11-06
5185,Watika,Char,cust5185_gmail.com,+91 821269447,Male,30,Kolkata,East,Occasional,2025-08-25
5186,Gaurav,Doctor,cust5186_yahoo.com,+91 713534477,Female,44,Bhopal,Central,Occasional,2026-02-06
5187,Saksham,Kohli,cust5187_hotmail.com,+91 856531882,Female,25,Kochi,South,New,2023-04-24
5188,Netra,Shere,cust5188_hotmail.com,+91 916987341,Female,53,Chandigarh,North,Regular,2024-10-29
5189,Sudiksha,Ravi,cust5189_gmail.com,+91 868362418,Other,21,Guwahati,East,VIP,2025-05-30
5190,Urvi,Kale,cust5190_gmail.com,+91 970224867,Male,22,Nagpur,Central,Occasional,2025-05-29
5191,Pooja,Swaminathan,cust5191_yahoo.com,+91 945136737,Male,30,New Delhi,North,Regular,2023-09-14
5192,Fariq,Goyal,cust5192_gmail.com,+91 997216597,Female,27,Bhopal,Central,Occasional,2023-12-26
5193,Lopa,Bala,cust5193_yahoo.com,+91 795111547,Male,40,Bangalore,South,Regular,2024-11-11
5194,Vaishnavi,Salvi,cust5194_yahoo.com,+91 944586620,Male,47,Bhubaneswar,East,Regular,2024-06-10
5195,Sarthak,More,cust5195_gmail.com,+91 975411458,Other,47,Raipur,Central,Occasional,2024-01-04
5196,Gavin,Raja,cust5196_yahoo.com,+91 984588187,Female,21,Bhubaneswar,East,Regular,2023-06-29
5197,Raghav,Balasubramanian,cust5197_hotmail.com,+91 947526168,Female,56,Indore,Central,New,2024-04-24
5198,Gaurika,Gopal,cust5198_gmail.com,+91 932919330,Other,55,Chandigarh,North,Occasional,2025-11-10
5199,Maanav,Bath,cust5199_gmail.com,+91 993976840,Male,28,Mumbai,West,New,2023-07-13
5200,Ekapad,Pandey,cust5200_gmail.com,+91 964655776,Female,53,Guwahati,East,Occasional,2023-07-08
5201,Ikshita,Sunder,cust5201_yahoo.com,+91 739291494,Male,36,Pune,West,VIP,2026-04-18
5202,Barkha,Shan,cust5202_yahoo.com,+91 743196198,Female,32,Bangalore,South,Occasional,2024-02-27
5203,Abhimanyu,Bedi,cust5203_gmail.com,+91 822925328,Female,28,Chandigarh,North,Regular,2025-01-15
5204,Osha,Shetty,cust5204_yahoo.com,+91 870547154,Other,30,Nagpur,Central,Occasional,2023-08-06
5205,Dayamai,Saran,cust5205_yahoo.com,+91 713652376,Other,55,Raipur,Central,Occasional,2024-04-20
5206,Chameli,Sem,cust5206_hotmail.com,+91 850310634,Male,42,Kochi,South,Occasional,2024-09-14
5207,Dayamai,Chakraborty,cust5207_yahoo.com,+91 982559521,Male,46,Kolkata,East,Regular,2024-11-30
5208,Lekha,Palan,cust5208_yahoo.com,+91 890428513,Female,19,Jaipur,North,New,2023-11-09
5209,Bahadurjit,Kurian,cust5209_yahoo.com,+91 935781624,Female,55,Bangalore,South,Regular,2025-12-08
5210,Arin,Ray,cust5210_gmail.com,+91 732991151,Male,17,Ahmedabad,West,Occasional,2023-02-21
5211,Divya,Kannan,cust5211_yahoo.com,+91 713988279,Female,32,Mumbai,West,Regular,2024-07-02
5212,Baljiwan,Raju,cust5212_yahoo.com,+91 842287349,Male,46,Kolkata,East,Occasional,2023-11-06
5213,Pooja,Grewal,cust5213_yahoo.com,+91 891252418,Male,19,Bangalore,South,Regular,2025-05-27
5214,Farhan,Choudhary,cust5214_hotmail.com,+91 971992946,Other,40,Kolkata,East,Regular,2024-11-16
5215,Ishita,Devan,cust5215_hotmail.com,+91 994934851,Female,33,Chandigarh,North,Occasional,2025-05-28
5216,Lajita,Kapoor,cust5216_yahoo.com,+91 723606239,Male,46,Bhopal,Central,New,2025-12-17
5217,Chandran,Prabhakar,cust5217_hotmail.com,+91 953188591,Male,36,Bhopal,Central,New,2023-11-16
5218,Abhiram,Gola,cust5218_yahoo.com,+91 738247380,Male,58,Guwahati,East,VIP,2024-12-24
5219,Imaran,Edwin,cust5219_hotmail.com,+91 963815759,Male,55,Surat,West,Regular,2024-06-27
5220,Turvi,Sachdev,cust5220_hotmail.com,+91 771194382,Female,37,Raipur,Central,Regular,2023-09-08
5221,Pooja,Mistry,cust5221_gmail.com,+91 998543897,Other,47,Bhubaneswar,East,Regular,2023-11-17
5222,Dipta,Mann,cust5222_hotmail.com,+91 899868559,Other,44,Kochi,South,Regular,2023-05-02
5223,Gautami,Ramaswamy,cust5223_yahoo.com,+91 783704684,Male,27,Kolkata,East,New,2025-08-22
5224,Odika,Saran,cust5224_gmail.com,+91 871101781,Female,46,Indore,Central,Occasional,2024-03-13
5225,Ganga,Lala,cust5225_yahoo.com,+91 966691982,Male,42,Jaipur,North,Occasional,2024-04-08
5226,Timothy,Mohanty,cust5226_hotmail.com,+91 766617968,Female,33,Ahmedabad,West,New,2026-03-03
5227,Elijah,Mody,cust5227_hotmail.com,+91 979608612,Male,55,New Delhi,North,Occasional,2024-02-04
5228,Meghana,Konda,cust5228_hotmail.com,+91 882414855,Female,53,Bhubaneswar,East,Regular,2023-07-08
5229,Aarna,Majumdar,cust5229_hotmail.com,+91 948715766,Other,47,Raipur,Central,Regular,2024-01-12
5230,Bhavani,Kara,cust5230_hotmail.com,+91 710314839,Other,52,Pune,West,Regular,2024-12-01
5231,Nimrat,Lalla,cust5231_gmail.com,+91 813763801,Other,28,Guwahati,East,Regular,2024-02-23
5232,Onveer,Dhingra,cust5232_gmail.com,+91 846435595,Other,60,Surat,West,Occasional,2025-03-27
5233,Falguni,Tella,cust5233_yahoo.com,+91 784246366,Male,41,Bhubaneswar,East,Regular,2023-03-16
5234,Vansha,Kamdar,cust5234_hotmail.com,+91 729277454,Male,44,New Delhi,North,Regular,2023-07-19
5235,Anamika,Chaudhry,cust5235_gmail.com,+91 763502413,Male,30,Mumbai,West,Occasional,2025-11-05
5236,Hemang,Anand,cust5236_hotmail.com,+91 850478856,Other,56,Mumbai,West,Occasional,2023-09-02
5237,Kai,Bhat,cust5237_hotmail.com,+91 929775534,Female,42,Bangalore,South,Regular,2024-11-23
5238,Ishwar,Srinivas,cust5238_gmail.com,+91 810306668,Female,24,Surat,West,Occasional,2023-09-27
5239,Eta,Mitra,cust5239_hotmail.com,+91 717150247,Female,31,Indore,Central,Regular,2025-01-13
5240,Reyansh,Mangat,cust5240_hotmail.com,+91 790570770,Female,52,Raipur,Central,Regular,2024-06-24
5241,Nitara,Prabhakar,cust5241_yahoo.com,+91 887350773,Other,55,Raipur,Central,Regular,2026-01-07
5242,Kevin,Dass,cust5242_gmail.com,+91 935841300,Male,48,Bhopal,Central,Regular,2025-01-04
5243,Advaith,Basak,cust5243_yahoo.com,+91 961634694,Other,48,Patna,East,Regular,2024-01-15
5244,Rachita,Modi,cust5244_yahoo.com,+91 781991837,Female,42,Indore,Central,New,2024-03-08
5245,Manbir,Kapoor,cust5245_hotmail.com,+91 728355440,Female,17,Chandigarh,North,Regular,2023-04-10
5246,Ayaan,Dhaliwal,cust5246_hotmail.com,+91 972338850,Female,55,Bhopal,Central,Regular,2023-03-26
5247,Hredhaan,Deshpande,cust5247_gmail.com,+91 942711513,Female,16,New Delhi,North,Occasional,2024-07-06
5248,Triya,Nath,cust5248_yahoo.com,+91 988842459,Male,18,Chennai,South,Occasional,2023-11-13
5249,Manya,Gupta,cust5249_yahoo.com,+91 762778746,Other,42,Patna,East,Regular,2024-07-07
5250,Geetika,Sinha,cust5250_gmail.com,+91 866567858,Female,43,New Delhi,North,Occasional,2025-06-23
5251,Qushi,Brar,cust5251_hotmail.com,+91 939818716,Female,45,Raipur,Central,VIP,2025-05-12
5252,Tejas,Biswas,cust5252_yahoo.com,+91 983548371,Female,42,New Delhi,North,Occasional,2025-08-04
5253,Jalsa,Misra,cust5253_gmail.com,+91 756320808,Male,46,Bhopal,Central,Regular,2026-01-01
5254,Falak,Ranganathan,cust5254_yahoo.com,+91 759220156,Female,60,Patna,East,Regular,2024-02-07
5255,Frado,Bora,cust5255_gmail.com,+91 970610292,Other,39,Chennai,South,Regular,2023-12-10
5256,Kamala,Bava,cust5256_gmail.com,+91 788649943,Other,41,Nagpur,Central,Occasional,2025-04-22
5257,Qadim,Halder,cust5257_yahoo.com,+91 948121509,Male,30,Jaipur,North,New,2024-04-05
5258,Krishna,Bandi,cust5258_gmail.com,+91 861968308,Female,53,Patna,East,Occasional,2023-09-02
5259,Dayita,Shankar,cust5259_yahoo.com,+91 999635430,Female,17,Patna,East,VIP,2023-10-30
5260,Alka,Ray,cust5260_gmail.com,+91 992829811,Male,37,Chennai,South,Occasional,2023-10-12
5261,Hritik,Bahl,cust5261_yahoo.com,+91 985623539,Other,42,New Delhi,North,New,2025-10-16
5262,Shravya,Sagar,cust5262_hotmail.com,+91 892916997,Other,35,Bhopal,Central,Occasional,2023-12-27
5263,Meghana,Zachariah,cust5263_gmail.com,+91 913417615,Female,44,Mumbai,West,Occasional,2026-02-25
5264,Dipta,Dhaliwal,cust5264_hotmail.com,+91 838956393,Female,35,Surat,West,Regular,2023-02-20
5265,Lakshmi,Bedi,cust5265_gmail.com,+91 960202832,Other,18,Bhubaneswar,East,Regular,2024-03-11
5266,Gaurav,Sur,cust5266_yahoo.com,+91 729264244,Female,59,Raipur,Central,Regular,2025-10-12
5267,Devansh,Shroff,cust5267_yahoo.com,+91 740134110,Female,24,Kolkata,East,Regular,2024-03-20
5268,Baljiwan,Mittal,cust5268_gmail.com,+91 917976967,Female,45,Kochi,South,Occasional,2023-10-20
5269,Dalbir,Dubey,cust5269_gmail.com,+91 898676349,Other,49,Raipur,Central,Occasional,2024-05-09
5270,Jeevika,Batta,cust5270_gmail.com,+91 840991667,Female,39,Mumbai,West,Occasional,2025-04-13
5271,Avni,Sami,cust5271_yahoo.com,+91 919258879,Female,17,New Delhi,North,Regular,2023-09-09
5272,Pratyush,Sen,cust5272_yahoo.com,+91 888979888,Male,54,New Delhi,North,Occasional,2024-06-09
5273,Nathaniel,Issac,cust5273_gmail.com,+91 882324987,Other,52,Ahmedabad,West,New,2026-02-07
5274,Zinal,Dua,cust5274_hotmail.com,+91 850464546,Female,36,Hyderabad,South,Regular,2023-07-27
5275,Vivaan,Andra,cust5275_gmail.com,+91 878729416,Male,32,Hyderabad,South,Occasional,2026-05-17
5276,Krish,Narayanan,cust5276_yahoo.com,+91 767511677,Other,53,Chennai,South,Regular,2023-01-26
5277,Hritik,Kale,cust5277_gmail.com,+91 750544697,Other,35,Jaipur,North,Occasional,2025-06-10
5278,Victor,Bains,cust5278_gmail.com,+91 894789882,Male,42,Chandigarh,North,Occasional,2023-01-16
5279,Zehaan,Rege,cust5279_yahoo.com,+91 762214766,Female,19,New Delhi,North,Occasional,2023-11-03
5280,Ekansh,Das,cust5280_hotmail.com,+91 774763215,Female,19,Raipur,Central,Regular,2024-11-16
5281,Tanmayi,Patla,cust5281_gmail.com,+91 883913715,Other,29,Bangalore,South,Occasional,2024-10-26
5282,Prisha,Dhar,cust5282_yahoo.com,+91 826658551,Female,48,Bangalore,South,Occasional,2024-11-10
5283,Idika,Murty,cust5283_gmail.com,+91 983340107,Male,56,Raipur,Central,Regular,2025-08-05
5284,Dakshesh,Ghose,cust5284_yahoo.com,+91 719614467,Female,18,Mumbai,West,Regular,2026-03-08
5285,Kamala,Kade,cust5285_gmail.com,+91 783198253,Other,56,Jaipur,North,Regular,2025-09-23
5286,Oscar,Kashyap,cust5286_hotmail.com,+91 982531433,Other,31,Ahmedabad,West,Occasional,2023-05-02
5287,Aarna,Sura,cust5287_gmail.com,+91 844115708,Other,30,Indore,Central,Occasional,2025-06-22
5288,Ayush,Kalita,cust5288_yahoo.com,+91 818737889,Female,26,Bhubaneswar,East,New,2024-01-01
5289,Karan,Batra,cust5289_gmail.com,+91 968413642,Female,45,Lucknow,North,VIP,2026-01-18
5290,Chaman,Shanker,cust5290_gmail.com,+91 713978904,Male,18,Guwahati,East,Occasional,2025-04-19
5291,Amol,Chand,cust5291_yahoo.com,+91 949378741,Other,40,Kolkata,East,New,2026-05-27
5292,Nicholas,Gade,cust5292_hotmail.com,+91 796897843,Male,29,Mumbai,West,New,2026-01-19
5293,Kevin,Master,cust5293_gmail.com,+91 957980485,Female,42,Chandigarh,North,Occasional,2026-05-23
5294,Dalbir,Sarna,cust5294_hotmail.com,+91 912954623,Female,38,Mumbai,West,Occasional,2024-08-02
5295,Aashi,Shere,cust5295_hotmail.com,+91 878688317,Female,45,Guwahati,East,Occasional,2024-10-04
5296,Harsh,Soni,cust5296_hotmail.com,+91 872372331,Other,44,Bangalore,South,Regular,2026-04-20
5297,Warhi,Nagi,cust5297_yahoo.com,+91 751990256,Other,20,Indore,Central,Occasional,2025-09-15
5298,Hitesh,Goswami,cust5298_yahoo.com,+91 925127241,Male,44,Raipur,Central,Regular,2024-10-05
5299,Libni,Parsa,cust5299_hotmail.com,+91 833357791,Male,56,Surat,West,Regular,2023-03-19
5300,Utkarsh,Yadav,cust5300_yahoo.com,+91 984150233,Male,42,New Delhi,North,Occasional,2025-04-21
5301,Upasna,Divan,cust5301_yahoo.com,+91 834747665,Female,21,Hyderabad,South,Occasional,2023-08-28
5302,Devansh,Gole,cust5302_gmail.com,+91 941200369,Other,38,Bangalore,South,New,2025-02-24
5303,Banjeet,Oza,cust5303_yahoo.com,+91 736416495,Other,28,Kochi,South,Occasional,2024-05-06
5304,Baghyawati,Kumar,cust5304_hotmail.com,+91 929922473,Female,41,Kochi,South,Regular,2024-09-04
5305,Manan,Kota,cust5305_yahoo.com,+91 914865774,Female,36,Raipur,Central,New,2026-01-30
5306,Raghav,Seth,cust5306_hotmail.com,+91 956669689,Male,57,New Delhi,North,Regular,2024-01-22
5307,Faraj,Grewal,cust5307_gmail.com,+91 857985154,Female,20,Bangalore,South,New,2026-04-10
5308,Frado,Chadha,cust5308_gmail.com,+91 998864924,Other,36,Pune,West,Regular,2023-07-21
5309,Tanvi,Varghese,cust5309_gmail.com,+91 889829919,Female,32,New Delhi,North,Occasional,2023-07-05
5310,Hiral,Sagar,cust5310_hotmail.com,+91 924455785,Other,55,Lucknow,North,New,2024-01-02
5311,Chandresh,Borah,cust5311_yahoo.com,+91 862194710,Female,57,Lucknow,North,Occasional,2025-08-12
5312,Vedhika,Manne,cust5312_hotmail.com,+91 714103988,Female,41,Mumbai,West,New,2023-03-18
5313,Umang,Dora,cust5313_yahoo.com,+91 864649666,Female,38,Patna,East,Regular,2023-02-26
5314,Zayan,Pant,cust5314_gmail.com,+91 997508325,Male,46,Ahmedabad,West,New,2023-06-10
5315,Eesha,Choudhary,cust5315_yahoo.com,+91 887735460,Female,54,Guwahati,East,Occasional,2025-07-18
5316,Orinder,Gill,cust5316_gmail.com,+91 826338921,Female,50,Hyderabad,South,Regular,2023-06-08
5317,Lipika,Kumar,cust5317_gmail.com,+91 864375622,Male,34,Patna,East,Occasional,2025-02-03
5318,Suhani,Gopal,cust5318_gmail.com,+91 859264661,Male,48,Chandigarh,North,Regular,2023-12-09
5319,Jalsa,Mann,cust5319_gmail.com,+91 794483869,Other,28,Chennai,South,Regular,2023-02-03
5320,Isaiah,Prashad,cust5320_gmail.com,+91 719793301,Other,37,Mumbai,West,Regular,2023-08-13
5321,Ekani,Lad,cust5321_hotmail.com,+91 772618396,Male,45,Chandigarh,North,Regular,2024-08-08
5322,Lavanya,Handa,cust5322_gmail.com,+91 767274866,Other,26,Surat,West,Regular,2025-09-30
5323,Aarav,Zacharia,cust5323_gmail.com,+91 819724815,Female,41,Indore,Central,Occasional,2026-02-23
5324,Bimala,Menon,cust5324_yahoo.com,+91 953782635,Other,32,Chennai,South,Occasional,2023-11-11
5325,Andrew,Mody,cust5325_hotmail.com,+91 950812797,Other,58,Jaipur,North,Regular,2024-11-18
5326,Xalak,Trivedi,cust5326_hotmail.com,+91 845128986,Female,43,Chandigarh,North,Regular,2025-03-16
5327,Ganga,Arora,cust5327_yahoo.com,+91 963206863,Other,46,Patna,East,Regular,2025-06-20
5328,Ansh,Ganesan,cust5328_gmail.com,+91 983929968,Female,18,Surat,West,Regular,2024-12-22
5329,Krishna,Tripathi,cust5329_hotmail.com,+91 843252436,Other,22,Bhopal,Central,Regular,2024-08-04
5330,Ekbal,Munshi,cust5330_gmail.com,+91 850179699,Female,57,Lucknow,North,Regular,2024-06-26
5331,Sara,Taneja,cust5331_yahoo.com,+91 965342418,Male,50,Lucknow,North,Regular,2026-05-09
5332,Qabil,Ranganathan,cust5332_yahoo.com,+91 967149951,Male,56,Chandigarh,North,Occasional,2025-08-27
5333,Shaurya,Dutta,cust5333_hotmail.com,+91 851317351,Female,46,Mumbai,West,Occasional,2025-09-12
5334,Edhitha,Sachdeva,cust5334_gmail.com,+91 756490727,Male,21,Pune,West,Regular,2026-02-25
5335,Qasim,Sethi,cust5335_yahoo.com,+91 819459585,Other,29,Chandigarh,North,Regular,2024-02-21
5336,Eiravati,Garde,cust5336_gmail.com,+91 989190306,Male,32,Bhubaneswar,East,VIP,2025-01-06
5337,Mitesh,Badal,cust5337_yahoo.com,+91 910598213,Male,51,Kolkata,East,Regular,2024-07-11
5338,Mohini,Palla,cust5338_hotmail.com,+91 749696467,Female,21,Lucknow,North,Regular,2023-05-06
5339,Lucky,Desai,cust5339_gmail.com,+91 779598978,Other,28,Ahmedabad,West,Regular,2023-05-11
5340,Jyoti,Dugar,cust5340_gmail.com,+91 960536843,Male,19,Chandigarh,North,Occasional,2025-10-13
5341,Bhavika,Dada,cust5341_gmail.com,+91 840632631,Other,19,Indore,Central,Regular,2025-07-09
5342,Nirja,Kamdar,cust5342_gmail.com,+91 769830273,Other,27,Nagpur,Central,Occasional,2024-05-16
5343,Eesha,Mutti,cust5343_hotmail.com,+91 749840494,Female,32,New Delhi,North,Regular,2023-08-24
5344,Neelima,Kaul,cust5344_yahoo.com,+91 910486787,Male,15,Jaipur,North,Regular,2025-12-25
5345,Ubika,Dube,cust5345_hotmail.com,+91 775590336,Other,28,New Delhi,North,VIP,2024-01-15
5346,Orinder,Minhas,cust5346_hotmail.com,+91 840831242,Other,44,Kochi,South,Regular,2024-09-26
5347,Pranit,Basak,cust5347_yahoo.com,+91 888977431,Male,18,Kochi,South,Regular,2026-04-01
5348,Faqid,Nayak,cust5348_hotmail.com,+91 815439699,Other,18,Hyderabad,South,Regular,2024-08-08
5349,Yoshita,Bala,cust5349_hotmail.com,+91 828268528,Male,57,Chennai,South,New,2024-02-07
5350,Harinakshi,Chatterjee,cust5350_gmail.com,+91 836676579,Male,27,Pune,West,Occasional,2025-11-04
5351,Hredhaan,Kapoor,cust5351_hotmail.com,+91 994455928,Male,54,Mumbai,West,Occasional,2023-11-15
5352,Banjeet,Bassi,cust5352_yahoo.com,+91 791488943,Female,18,Pune,West,Occasional,2025-04-16
5353,Udarsh,Dugar,cust5353_gmail.com,+91 842111817,Male,35,Raipur,Central,Regular,2025-06-10
5354,Fiyaz,Goel,cust5354_gmail.com,+91 821910170,Female,53,Bangalore,South,Occasional,2025-09-24
5355,Oscar,Bose,cust5355_yahoo.com,+91 863417834,Female,18,Jaipur,North,New,2023-05-27
5356,Chaman,Vaidya,cust5356_hotmail.com,+91 764141143,Female,41,Chennai,South,Regular,2026-03-09
5357,Kashish,Yohannan,cust5357_gmail.com,+91 776365308,Male,38,Bhopal,Central,New,2023-06-24
5358,Omisha,Wason,cust5358_yahoo.com,+91 986426686,Other,34,Bhopal,Central,Regular,2024-11-07
5359,Chanchal,Anand,cust5359_gmail.com,+91 818756594,Male,32,Bhopal,Central,New,2024-09-15
5360,Imaran,Wali,cust5360_yahoo.com,+91 889555569,Other,37,Pune,West,Regular,2026-04-01
5361,Dalbir,Ramachandran,cust5361_yahoo.com,+91 975789732,Male,57,Mumbai,West,Regular,2024-02-12
5362,Kiaan,Acharya,cust5362_gmail.com,+91 764602517,Other,42,Patna,East,Regular,2024-04-19
5363,Lipika,Goel,cust5363_hotmail.com,+91 710180271,Male,23,Kolkata,East,Occasional,2026-05-19
5364,Widisha,Sathe,cust5364_hotmail.com,+91 976604464,Other,28,Hyderabad,South,Occasional,2025-02-19
5365,Varsha,Konda,cust5365_yahoo.com,+91 846854623,Male,28,Pune,West,Occasional,2025-03-25
5366,Falak,Rama,cust5366_hotmail.com,+91 868395677,Other,47,Ahmedabad,West,Occasional,2025-03-20
5367,Baghyawati,Rastogi,cust5367_hotmail.com,+91 781809230,Other,38,Kochi,South,Regular,2024-09-16
5368,Jagat,Saran,cust5368_hotmail.com,+91 934449805,Male,30,Pune,West,New,2024-04-27
5369,Teerth,Minhas,cust5369_hotmail.com,+91 818601300,Male,58,Pune,West,New,2023-07-20
5370,Isaac,Dhaliwal,cust5370_hotmail.com,+91 878841687,Male,55,Guwahati,East,Occasional,2023-10-08
5371,Maanav,Gola,cust5371_gmail.com,+91 755587898,Female,35,Chennai,South,Regular,2024-11-08
5372,Qadim,Badal,cust5372_yahoo.com,+91 795178139,Other,28,New Delhi,North,Occasional,2023-10-28
5373,Devansh,Bath,cust5373_yahoo.com,+91 927314696,Male,36,Hyderabad,South,New,2025-12-08
5374,Zehaan,Wali,cust5374_gmail.com,+91 886624329,Male,23,Jaipur,North,Regular,2023-09-11
5375,Isaiah,Manda,cust5375_hotmail.com,+91 743229268,Female,41,Nagpur,Central,Occasional,2026-05-21
5376,Yasti,Choudhury,cust5376_gmail.com,+91 926216402,Other,31,Kochi,South,Regular,2025-01-24
5377,Sanya,Dube,cust5377_yahoo.com,+91 914373429,Female,22,Kolkata,East,Occasional,2025-01-01
5378,Arunima,Vyas,cust5378_gmail.com,+91 873663612,Other,17,Guwahati,East,Occasional,2025-07-02
5379,Naveen,Varkey,cust5379_hotmail.com,+91 887202313,Other,26,New Delhi,North,Regular,2025-10-09
5380,Indrajit,Bahri,cust5380_gmail.com,+91 797502294,Male,36,Pune,West,Regular,2023-11-06
5381,Rachana,Sami,cust5381_yahoo.com,+91 915312296,Other,60,Surat,West,Regular,2023-12-07
5382,Om,Agate,cust5382_gmail.com,+91 753555184,Male,51,Bhopal,Central,Regular,2023-02-02
5383,Ijaya,Hegde,cust5383_hotmail.com,+91 922462400,Other,36,Hyderabad,South,Regular,2023-01-09
5384,Gayathri,Hari,cust5384_hotmail.com,+91 930745490,Female,15,Guwahati,East,New,2023-09-08
5385,Ranbir,Char,cust5385_gmail.com,+91 812792697,Female,29,Chennai,South,VIP,2024-09-07
5386,Chakradhar,Narain,cust5386_gmail.com,+91 920714841,Other,38,Raipur,Central,VIP,2024-05-14
5387,Yash,Wagle,cust5387_gmail.com,+91 960683685,Female,53,Raipur,Central,Occasional,2024-02-24
5388,Aarav,Pant,cust5388_hotmail.com,+91 925742681,Other,33,Indore,Central,Occasional,2025-05-04
5389,Neel,Sahni,cust5389_hotmail.com,+91 732340775,Female,20,Bhubaneswar,East,Occasional,2025-12-06
5390,David,Bhasin,cust5390_yahoo.com,+91 821470444,Male,22,New Delhi,North,Regular,2023-09-23
5391,Rachana,Gade,cust5391_yahoo.com,+91 836441309,Male,27,Surat,West,Regular,2024-09-10
5392,Rajata,Kohli,cust5392_gmail.com,+91 985719511,Male,41,Kolkata,East,New,2026-03-20
5393,Samuel,Thaker,cust5393_hotmail.com,+91 879953863,Other,32,Raipur,Central,Regular,2023-10-03
5394,Samar,Kala,cust5394_yahoo.com,+91 717829787,Male,59,Chandigarh,North,Regular,2024-08-21
5395,Fiyaz,Tiwari,cust5395_yahoo.com,+91 942962572,Other,28,Lucknow,North,Occasional,2024-09-25
5396,Ishaan,Rau,cust5396_gmail.com,+91 835180118,Other,36,Bhubaneswar,East,Regular,2025-09-13
5397,Suhani,Cheema,cust5397_gmail.com,+91 736796156,Other,57,Kolkata,East,Occasional,2024-09-09
5398,Dalaja,Chopra,cust5398_gmail.com,+91 815670744,Other,49,Bhubaneswar,East,New,2024-11-05
5399,Ranveer,Dubey,cust5399_hotmail.com,+91 887293439,Other,48,Surat,West,Regular,2023-04-26
5400,Naksh,Iyer,cust5400_gmail.com,+91 743680383,Male,36,Pune,West,Regular,2025-02-24
5401,Michael,Chaudhary,cust5401_hotmail.com,+91 980543146,Female,42,Jaipur,North,Regular,2026-01-18
5402,Yashoda,Kapur,cust5402_yahoo.com,+91 797379148,Other,56,New Delhi,North,Occasional,2025-04-19
5403,Triya,Bhatnagar,cust5403_hotmail.com,+91 748863206,Female,33,Indore,Central,VIP,2023-10-18
5404,Eshana,Bahri,cust5404_yahoo.com,+91 920820347,Male,58,Lucknow,North,Regular,2025-01-10
5405,Waida,Rajan,cust5405_gmail.com,+91 961324902,Other,41,Pune,West,Regular,2025-01-19
5406,Caleb,Sami,cust5406_hotmail.com,+91 867238427,Female,59,Hyderabad,South,Regular,2025-10-07
5407,Kamala,Ganesh,cust5407_gmail.com,+91 837714841,Female,40,Hyderabad,South,VIP,2026-01-28
5408,Harish,Lata,cust5408_gmail.com,+91 778185564,Female,33,Pune,West,Occasional,2025-09-13
5409,Falan,Datta,cust5409_yahoo.com,+91 940684816,Female,59,Pune,West,Occasional,2026-04-11
5410,Sai,Rout,cust5410_gmail.com,+91 767912932,Other,42,Bhubaneswar,East,Occasional,2025-07-31
5411,Yahvi,Choudhry,cust5411_yahoo.com,+91 780763662,Other,21,Bangalore,South,Regular,2024-12-16
5412,Oni,Walla,cust5412_hotmail.com,+91 743263898,Female,49,Surat,West,VIP,2025-07-10
5413,Chandani,Palla,cust5413_hotmail.com,+91 787880962,Male,44,Kolkata,East,Occasional,2024-01-19
5414,Pranav,Badal,cust5414_hotmail.com,+91 755987203,Other,58,Chandigarh,North,Regular,2025-02-11
5415,Matthew,Raman,cust5415_yahoo.com,+91 893318341,Female,22,New Delhi,North,Regular,2026-02-10
5416,Mohini,Walla,cust5416_yahoo.com,+91 773712585,Male,15,Chennai,South,Occasional,2024-07-26
5417,Onkar,Pandya,cust5417_hotmail.com,+91 769881590,Other,37,Lucknow,North,Occasional,2026-04-01
5418,Lakshit,Naik,cust5418_yahoo.com,+91 821604241,Male,17,Chennai,South,Occasional,2023-05-27
5419,Darika,Tripathi,cust5419_hotmail.com,+91 713107304,Male,26,Pune,West,Regular,2023-11-14
5420,Nicholas,Oza,cust5420_yahoo.com,+91 842168295,Female,30,Guwahati,East,VIP,2025-05-28
5421,Anjali,Saran,cust5421_hotmail.com,+91 963615332,Male,54,Lucknow,North,Regular,2023-12-14
5422,Aditya,Saxena,cust5422_hotmail.com,+91 762771542,Male,27,Nagpur,Central,Regular,2025-09-15
5423,Laban,Bajaj,cust5423_yahoo.com,+91 988130311,Male,56,Pune,West,New,2024-04-07
5424,Vaishnavi,Dhar,cust5424_hotmail.com,+91 755940490,Male,55,Mumbai,West,Regular,2024-02-21
5425,Pallavi,Modi,cust5425_gmail.com,+91 736510413,Female,41,Guwahati,East,New,2024-10-02
5426,Raksha,Randhawa,cust5426_yahoo.com,+91 948432272,Male,26,Chennai,South,Occasional,2026-04-02
5427,Aarush,Shankar,cust5427_yahoo.com,+91 897321950,Male,34,Hyderabad,South,Occasional,2023-02-03
5428,Widisha,Kumer,cust5428_hotmail.com,+91 967880727,Other,51,Pune,West,Regular,2025-12-01
5429,Bhavani,Ravi,cust5429_yahoo.com,+91 868422662,Female,30,Surat,West,New,2024-06-30
5430,Yashodhara,Hari,cust5430_hotmail.com,+91 795722608,Male,15,Chennai,South,New,2023-04-27
5431,Yamini,Mittal,cust5431_gmail.com,+91 846190247,Male,27,Bhubaneswar,East,New,2026-05-30
5432,Turvi,Kibe,cust5432_yahoo.com,+91 729415367,Female,44,Lucknow,North,Occasional,2024-09-30
5433,Zilmil,Oza,cust5433_gmail.com,+91 723509301,Female,24,Chandigarh,North,Regular,2024-12-12
5434,Hredhaan,Rai,cust5434_yahoo.com,+91 883217358,Other,21,Jaipur,North,New,2024-09-11
5435,Ayaan,Lanka,cust5435_yahoo.com,+91 990506305,Female,41,Pune,West,New,2026-04-21
5436,Advaith,Ganesan,cust5436_hotmail.com,+91 919291994,Male,40,Kochi,South,New,2024-05-05
5437,Yutika,Ramesh,cust5437_gmail.com,+91 759598528,Female,47,Ahmedabad,West,Occasional,2025-09-21
5438,Onveer,Dani,cust5438_gmail.com,+91 949499590,Female,55,Guwahati,East,New,2024-05-22
5439,Mohini,Dewan,cust5439_yahoo.com,+91 962826299,Other,15,Kochi,South,New,2023-09-12
5440,Mekhala,Ratta,cust5440_yahoo.com,+91 726599729,Male,50,Jaipur,North,Occasional,2023-03-02
5441,Darsh,Badami,cust5441_hotmail.com,+91 810275756,Male,41,Bhopal,Central,Occasional,2025-05-08
5442,Anika,Warrior,cust5442_yahoo.com,+91 959172403,Other,53,Kolkata,East,Regular,2023-10-06
5443,Zinal,Chawla,cust5443_gmail.com,+91 868463532,Male,22,Lucknow,North,New,2024-07-11
5444,Ranveer,Barman,cust5444_yahoo.com,+91 884434807,Other,24,Jaipur,North,Regular,2023-01-01
5445,Dalaja,Zachariah,cust5445_hotmail.com,+91 968679420,Male,60,Patna,East,Regular,2025-01-19
5446,Urvi,Lala,cust5446_hotmail.com,+91 958491171,Male,58,Mumbai,West,New,2024-01-04
5447,Idika,Sagar,cust5447_gmail.com,+91 730849445,Other,43,Bhopal,Central,Occasional,2023-06-14
5448,Manthan,Sekhon,cust5448_yahoo.com,+91 882115295,Male,18,Lucknow,North,Occasional,2023-01-23
5449,Champak,Acharya,cust5449_gmail.com,+91 971854957,Other,19,Chennai,South,VIP,2023-01-20
5450,Hemani,Ramakrishnan,cust5450_hotmail.com,+91 713951963,Female,56,Jaipur,North,Regular,2023-03-13
5451,Harsh,Parekh,cust5451_hotmail.com,+91 952819993,Other,21,Chennai,South,Occasional,2024-09-18
5452,Anay,Parmar,cust5452_yahoo.com,+91 829250301,Male,17,Hyderabad,South,Occasional,2023-11-12
5453,Gunbir,Lal,cust5453_hotmail.com,+91 929327329,Other,51,Chennai,South,Occasional,2024-03-30
5454,Raksha,Menon,cust5454_yahoo.com,+91 925346741,Male,54,Mumbai,West,Occasional,2023-10-25
5455,Charles,Thakkar,cust5455_yahoo.com,+91 968716261,Other,43,Patna,East,Occasional,2024-11-28
5456,Anirudh,Dani,cust5456_hotmail.com,+91 930351500,Female,15,Guwahati,East,Occasional,2026-01-25
5457,Neel,Sachdeva,cust5457_hotmail.com,+91 959929993,Male,41,Pune,West,Regular,2025-01-03
5458,Azaan,Chowdhury,cust5458_hotmail.com,+91 875485446,Other,44,Ahmedabad,West,Regular,2023-02-24
5459,Samar,Sane,cust5459_yahoo.com,+91 758640166,Male,34,Chandigarh,North,Occasional,2026-03-11
5460,Jason,Batta,cust5460_gmail.com,+91 990226701,Other,47,Nagpur,Central,Occasional,2025-12-04
5461,Chakrika,Mitter,cust5461_yahoo.com,+91 975181164,Male,28,Bangalore,South,VIP,2024-02-26
5462,Caleb,Ramaswamy,cust5462_yahoo.com,+91 937699222,Male,33,Lucknow,North,New,2023-07-24
5463,Hemal,Sami,cust5463_hotmail.com,+91 991548705,Male,41,Indore,Central,Regular,2024-03-02
5464,Kavya,Gala,cust5464_yahoo.com,+91 810565871,Other,32,Bangalore,South,Occasional,2024-09-14
5465,Krishna,Dhar,cust5465_gmail.com,+91 840967994,Female,25,Mumbai,West,Regular,2023-03-01
5466,Ekiya,Padmanabhan,cust5466_hotmail.com,+91 993106245,Other,60,Bhopal,Central,Occasional,2023-07-01
5467,Rajata,Sridhar,cust5467_gmail.com,+91 796486706,Female,28,Mumbai,West,New,2025-07-16
5468,Pavani,Gokhale,cust5468_gmail.com,+91 776858638,Female,36,Patna,East,New,2024-05-04
5469,Jeet,Anand,cust5469_yahoo.com,+91 740618206,Male,27,Chandigarh,North,Regular,2023-10-08
5470,Tanveer,Menon,cust5470_yahoo.com,+91 947178138,Other,30,Surat,West,Regular,2024-01-02
5471,Ayushman,Kuruvilla,cust5471_yahoo.com,+91 952715374,Female,22,Hyderabad,South,Occasional,2026-05-17
5472,Varsha,Ramachandran,cust5472_yahoo.com,+91 777458185,Other,42,Chennai,South,Regular,2024-04-22
5473,Bhavya,Nanda,cust5473_yahoo.com,+91 846906894,Male,32,Kolkata,East,Occasional,2025-04-20
5474,Udant,Sarkar,cust5474_yahoo.com,+91 734274801,Female,54,Bhubaneswar,East,VIP,2025-07-16
5475,Gopal,Kata,cust5475_hotmail.com,+91 993203446,Male,48,New Delhi,North,Occasional,2023-09-23
5476,Dhriti,Ahuja,cust5476_yahoo.com,+91 957638183,Male,22,Mumbai,West,Occasional,2023-12-16
5477,Laksh,Mani,cust5477_yahoo.com,+91 815234295,Female,38,New Delhi,North,Regular,2023-05-08
5478,Ijaya,Kamdar,cust5478_gmail.com,+91 775706115,Other,21,Surat,West,Occasional,2026-02-05
5479,Daksh,Aggarwal,cust5479_hotmail.com,+91 941444539,Male,29,New Delhi,North,Occasional,2023-09-16
5480,Meera,Datta,cust5480_hotmail.com,+91 816246563,Female,21,Guwahati,East,Regular,2024-01-23
5481,Gavin,Bir,cust5481_hotmail.com,+91 991668669,Female,32,Bhopal,Central,New,2023-10-15
5482,Urmi,Khalsa,cust5482_hotmail.com,+91 919974730,Male,27,Raipur,Central,Occasional,2026-04-25
5483,Ubika,Talwar,cust5483_gmail.com,+91 895554865,Female,17,Bhopal,Central,Regular,2023-08-11
5484,Anika,Wason,cust5484_hotmail.com,+91 942585338,Other,15,New Delhi,North,New,2024-10-23
5485,Yatin,Pal,cust5485_hotmail.com,+91 931196320,Male,22,Indore,Central,Occasional,2025-04-27
5486,Ekani,Nair,cust5486_gmail.com,+91 921950857,Female,34,Pune,West,Occasional,2024-05-13
5487,Dalaja,Garde,cust5487_hotmail.com,+91 858680575,Female,49,Lucknow,North,Occasional,2023-10-09
5488,Logan,Munshi,cust5488_gmail.com,+91 962326407,Female,52,Pune,West,New,2024-06-21
5489,Jack,Thakkar,cust5489_yahoo.com,+91 967529638,Male,53,New Delhi,North,Regular,2024-09-22
5490,Jyoti,Chad,cust5490_yahoo.com,+91 743206733,Male,38,Ahmedabad,West,Regular,2025-01-30
5491,Christopher,Nayar,cust5491_gmail.com,+91 737126553,Other,39,Jaipur,North,New,2023-04-14
5492,Champak,Patil,cust5492_yahoo.com,+91 899208497,Male,58,Chandigarh,North,Occasional,2025-04-01
5493,George,Kuruvilla,cust5493_yahoo.com,+91 898651790,Female,23,Nagpur,Central,Occasional,2025-07-19
5494,Damyanti,Luthra,cust5494_yahoo.com,+91 949886635,Male,19,Chandigarh,North,Occasional,2024-12-06
5495,Jasmit,Kala,cust5495_yahoo.com,+91 887243331,Other,32,Raipur,Central,Regular,2023-12-24
5496,Lohit,Mishra,cust5496_yahoo.com,+91 866245971,Female,34,Mumbai,West,Regular,2026-04-14
5497,Chakrika,Choudhury,cust5497_yahoo.com,+91 783519973,Male,27,Patna,East,Occasional,2025-04-01
5498,Ishani,Mital,cust5498_hotmail.com,+91 984176517,Male,15,Patna,East,New,2023-07-04
5499,Tripti,Iyengar,cust5499_yahoo.com,+91 899261984,Male,27,Ahmedabad,West,VIP,2025-06-06
5500,Samar,Bansal,cust5500_yahoo.com,+91 817815921,Male,39,Indore,Central,Regular,2024-03-25
5501,Vrinda,Uppal,cust5501_hotmail.com,+91 827202814,Male,49,Raipur,Central,Occasional,2023-12-26
5502,Tristan,Hayer,cust5502_gmail.com,+91 942844836,Female,56,Bhopal,Central,VIP,2023-02-17
5503,Teerth,Sama,cust5503_gmail.com,+91 898567190,Male,25,Surat,West,Occasional,2025-04-03
5504,Ekapad,Iyer,cust5504_gmail.com,+91 898384203,Female,58,Surat,West,Regular,2026-05-08
5505,Qabil,Sane,cust5505_gmail.com,+91 822443569,Female,22,Guwahati,East,New,2025-09-27
5506,Urvi,Toor,cust5506_hotmail.com,+91 812207634,Male,59,Jaipur,North,Occasional,2025-03-07
5507,Ekansh,Pandit,cust5507_gmail.com,+91 964602746,Female,52,Pune,West,Occasional,2023-09-29
5508,Vaishnavi,Hegde,cust5508_gmail.com,+91 953240453,Female,44,Patna,East,Regular,2025-01-15
5509,Radhika,Gour,cust5509_yahoo.com,+91 940292455,Other,53,Mumbai,West,Occasional,2024-03-19
5510,Dev,Munshi,cust5510_gmail.com,+91 776527167,Other,47,Nagpur,Central,Regular,2025-11-28
5511,Sai,Mohan,cust5511_yahoo.com,+91 836386248,Male,25,Bhopal,Central,Occasional,2023-07-09
5512,Simon,Narang,cust5512_hotmail.com,+91 725807806,Male,15,Bhubaneswar,East,VIP,2024-05-22
5513,Vasudha,Vala,cust5513_gmail.com,+91 982946322,Other,15,Hyderabad,South,Occasional,2023-12-18
5514,Yauvani,Chhabra,cust5514_yahoo.com,+91 772932995,Male,41,Mumbai,West,Regular,2023-06-07
5515,Vanya,Guha,cust5515_yahoo.com,+91 815996447,Male,42,Mumbai,West,Regular,2024-10-21
5516,Lakshmi,Taneja,cust5516_gmail.com,+91 880600138,Female,58,Jaipur,North,Occasional,2024-03-09
5517,Varenya,Savant,cust5517_hotmail.com,+91 888157246,Other,58,Indore,Central,New,2026-02-16
5518,Nicholas,Rao,cust5518_hotmail.com,+91 834504719,Female,19,Indore,Central,Occasional,2024-08-11
5519,Dayita,Kapur,cust5519_gmail.com,+91 776530373,Other,48,Indore,Central,Occasional,2023-04-12
5520,Laban,Kurian,cust5520_yahoo.com,+91 885524181,Male,41,Kochi,South,Occasional,2024-09-07
5521,Qushi,Lala,cust5521_yahoo.com,+91 818566826,Other,44,Guwahati,East,Regular,2025-09-04
5522,Ayush,Bansal,cust5522_gmail.com,+91 983823406,Other,58,Raipur,Central,Occasional,2023-03-23
5523,Harini,Srinivasan,cust5523_gmail.com,+91 879747728,Female,44,Kolkata,East,New,2023-03-16
5524,Anay,Wali,cust5524_gmail.com,+91 943198806,Other,23,Indore,Central,Regular,2025-06-16
5525,Harini,Gade,cust5525_gmail.com,+91 756139911,Female,49,Kochi,South,Occasional,2025-11-28
5526,Frederick,Zachariah,cust5526_hotmail.com,+91 751540266,Female,31,Bhubaneswar,East,Regular,2025-12-30
5527,Bina,Mani,cust5527_gmail.com,+91 978645775,Other,39,Indore,Central,Regular,2024-09-28
5528,Chaitaly,Ramakrishnan,cust5528_yahoo.com,+91 738687215,Male,51,Nagpur,Central,Regular,2025-10-07
5529,Yoshita,Varughese,cust5529_yahoo.com,+91 820405996,Female,25,Kolkata,East,VIP,2026-02-17
5530,Tanvi,Prabhakar,cust5530_yahoo.com,+91 978979417,Other,28,Chennai,South,Occasional,2025-08-19
5531,Kamala,Swaminathan,cust5531_yahoo.com,+91 747499281,Female,34,Bangalore,South,Regular,2023-09-23
5532,Ijaya,Venkatesh,cust5532_gmail.com,+91 833320520,Female,57,Patna,East,Regular,2025-09-13
5533,Indrajit,Behl,cust5533_gmail.com,+91 994684111,Male,30,Hyderabad,South,Regular,2025-03-16
5534,Ekbal,Sastry,cust5534_hotmail.com,+91 974390922,Female,30,Ahmedabad,West,New,2023-08-11
5535,Turvi,Yohannan,cust5535_hotmail.com,+91 786429403,Other,53,Bangalore,South,Regular,2025-06-25
5536,Ethan,Devan,cust5536_yahoo.com,+91 895292158,Female,45,Kolkata,East,Occasional,2025-10-22
5537,Raghav,Seth,cust5537_gmail.com,+91 983725756,Other,55,New Delhi,North,Occasional,2025-04-01
5538,Akshay,Narasimhan,cust5538_hotmail.com,+91 863169576,Female,16,Nagpur,Central,Occasional,2024-12-18
5539,Chandani,Lala,cust5539_yahoo.com,+91 737831960,Male,37,Mumbai,West,Regular,2025-04-01
5540,Amaira,Jhaveri,cust5540_yahoo.com,+91 960236170,Female,18,Chennai,South,New,2023-06-03
5541,Nathaniel,Virk,cust5541_yahoo.com,+91 913454564,Male,52,Indore,Central,New,2025-02-10
5542,Henry,Butala,cust5542_gmail.com,+91 717883362,Male,34,Ahmedabad,West,Regular,2025-03-24
5543,Teerth,Balan,cust5543_gmail.com,+91 940142483,Female,43,Surat,West,New,2026-02-01
5544,Yadavi,Om,cust5544_yahoo.com,+91 733122267,Female,22,Bhubaneswar,East,Regular,2025-03-31
5545,Ishaan,Bumb,cust5545_hotmail.com,+91 782817122,Other,35,Bhopal,Central,Regular,2025-04-13
5546,Vyanjana,Yohannan,cust5546_gmail.com,+91 792589825,Other,40,New Delhi,North,Occasional,2024-01-17
5547,Gayathri,Apte,cust5547_gmail.com,+91 795953321,Male,24,Chandigarh,North,New,2024-03-03
5548,Ojas,Cheema,cust5548_yahoo.com,+91 792576593,Male,38,Pune,West,Regular,2026-02-20
5549,Champak,Prabhakar,cust5549_yahoo.com,+91 879432309,Female,26,Bhubaneswar,East,Regular,2024-12-28
5550,Pavani,Sampath,cust5550_hotmail.com,+91 893675718,Male,47,Ahmedabad,West,New,2023-08-18
5551,Timothy,Prakash,cust5551_gmail.com,+91 870989748,Female,33,Chandigarh,North,Regular,2023-11-19
5552,Dhriti,Thaman,cust5552_hotmail.com,+91 966662480,Other,40,Ahmedabad,West,Occasional,2025-09-02
5553,Ansh,Shetty,cust5553_hotmail.com,+91 932383240,Other,43,Mumbai,West,Occasional,2026-03-12
5554,Eiravati,Hayer,cust5554_gmail.com,+91 926967768,Other,54,Surat,West,Occasional,2023-01-19
5555,Megha,Bahri,cust5555_hotmail.com,+91 828287783,Female,48,Mumbai,West,Regular,2025-11-11
5556,Jairaj,Dara,cust5556_hotmail.com,+91 780578592,Male,48,Chennai,South,Regular,2026-03-02
5557,Fariq,Anne,cust5557_gmail.com,+91 881589781,Female,46,Mumbai,West,Regular,2024-01-10
5558,Jeremiah,Som,cust5558_yahoo.com,+91 967774838,Male,19,Guwahati,East,New,2025-04-07
5559,Divya,Palla,cust5559_gmail.com,+91 978549973,Male,26,Jaipur,North,Regular,2023-07-28
5560,Pooja,Basak,cust5560_hotmail.com,+91 895652617,Male,48,Raipur,Central,Occasional,2024-01-14
5561,Falak,Warrior,cust5561_gmail.com,+91 711438802,Other,59,Bhubaneswar,East,VIP,2023-04-02
5562,Jason,Basak,cust5562_yahoo.com,+91 861279247,Other,19,Surat,West,Regular,2025-02-19
5563,Darsh,Deshmukh,cust5563_yahoo.com,+91 778838514,Female,35,Surat,West,Occasional,2024-05-24
5564,Triya,Jhaveri,cust5564_yahoo.com,+91 718400173,Male,58,Pune,West,New,2023-11-26
5565,Hemal,Wali,cust5565_yahoo.com,+91 974757961,Other,45,Bhopal,Central,Occasional,2023-04-19
5566,Ladli,Ratti,cust5566_gmail.com,+91 964422906,Other,21,Raipur,Central,New,2023-11-16
5567,Farhan,Kalla,cust5567_hotmail.com,+91 723606114,Female,37,Surat,West,Occasional,2024-11-14
5568,Yashodhara,Rattan,cust5568_hotmail.com,+91 723934804,Female,36,Raipur,Central,Regular,2024-06-25
5569,Shaurya,Pandit,cust5569_gmail.com,+91 819855236,Female,31,Hyderabad,South,New,2024-01-17
5570,Darpan,Amble,cust5570_hotmail.com,+91 994853715,Male,38,Ahmedabad,West,Occasional,2026-05-25
5571,Ekanta,Sani,cust5571_gmail.com,+91 824488656,Male,30,Raipur,Central,Regular,2024-06-02
5572,Bishakha,Seshadri,cust5572_hotmail.com,+91 925184319,Female,56,Hyderabad,South,Regular,2024-07-23
5573,Gabriel,Natt,cust5573_yahoo.com,+91 745715631,Male,18,New Delhi,North,VIP,2024-01-18
5574,Wriddhish,Sura,cust5574_hotmail.com,+91 950935974,Female,36,Nagpur,Central,Regular,2024-08-06
5575,Ishanvi,Palan,cust5575_gmail.com,+91 992321253,Female,50,Patna,East,Regular,2023-10-16
5576,Ladli,Mannan,cust5576_gmail.com,+91 794823167,Male,50,Indore,Central,Occasional,2023-06-07
5577,Brijesh,Desai,cust5577_hotmail.com,+91 943738629,Female,30,Kochi,South,Regular,2024-09-02
5578,Urishilla,Sunder,cust5578_gmail.com,+91 859714628,Other,46,Indore,Central,Regular,2024-01-08
5579,Ayaan,Dutt,cust5579_hotmail.com,+91 944875442,Female,42,Raipur,Central,Regular,2024-12-10
5580,Oviya,Radhakrishnan,cust5580_yahoo.com,+91 790247365,Female,34,Jaipur,North,Regular,2025-07-12
5581,Hemal,Krish,cust5581_yahoo.com,+91 979729843,Female,16,Nagpur,Central,Occasional,2023-01-08
5582,Fitan,Purohit,cust5582_yahoo.com,+91 948578637,Male,27,Guwahati,East,New,2023-10-03
5583,Ekapad,Sachar,cust5583_gmail.com,+91 861837439,Female,47,Patna,East,New,2024-02-03
5584,Henry,Shenoy,cust5584_yahoo.com,+91 844877407,Male,39,Raipur,Central,New,2023-02-24
5585,Samarth,Natt,cust5585_hotmail.com,+91 977800386,Male,23,Bangalore,South,Occasional,2025-09-12
5586,Chandani,Rout,cust5586_yahoo.com,+91 884351801,Female,51,Jaipur,North,Occasional,2025-09-13
5587,Kashvi,Dash,cust5587_gmail.com,+91 728241138,Other,26,Indore,Central,New,2023-03-08
5588,Aarav,Deshmukh,cust5588_yahoo.com,+91 727760801,Other,47,Lucknow,North,Regular,2023-10-21
5589,Abhiram,Lalla,cust5589_gmail.com,+91 814432397,Other,21,Kochi,South,Occasional,2023-11-29
5590,Oni,Joshi,cust5590_yahoo.com,+91 811101884,Male,49,Pune,West,New,2025-01-25
5591,Yashodhara,Chaudry,cust5591_yahoo.com,+91 819729155,Female,17,Guwahati,East,Regular,2023-07-28
5592,Aashi,Madan,cust5592_yahoo.com,+91 840393878,Male,44,Kochi,South,Occasional,2025-09-11
5593,Victor,Nadig,cust5593_gmail.com,+91 869362644,Male,34,Pune,West,Regular,2023-06-30
5594,Nisha,Basu,cust5594_yahoo.com,+91 727323337,Male,49,Bangalore,South,New,2023-02-03
5595,Neelima,Lad,cust5595_hotmail.com,+91 865592341,Male,18,Ahmedabad,West,Occasional,2025-02-08
5596,Aarush,Ghose,cust5596_gmail.com,+91 719735532,Other,32,Nagpur,Central,Occasional,2026-03-20
5597,Arunima,Upadhyay,cust5597_yahoo.com,+91 727377310,Other,20,Raipur,Central,New,2025-02-24
5598,Anamika,Nagarajan,cust5598_yahoo.com,+91 874613728,Female,48,Jaipur,North,Regular,2026-04-03
5599,Warjas,Narasimhan,cust5599_hotmail.com,+91 712588656,Other,22,Bhopal,Central,Regular,2023-06-23
5600,Sudiksha,Deshpande,cust5600_yahoo.com,+91 794522561,Female,18,Chennai,South,Regular,2026-03-08
5601,Sudiksha,Lata,cust5601_gmail.com,+91 853407853,Female,45,Bhopal,Central,Regular,2023-07-11
5602,Pavani,Dar,cust5602_gmail.com,+91 739959212,Male,38,Raipur,Central,Occasional,2023-02-03
5603,Leela,Madan,cust5603_hotmail.com,+91 796142233,Male,34,Guwahati,East,Regular,2026-03-22
5604,Bakhshi,Jain,cust5604_yahoo.com,+91 964336685,Other,32,Ahmedabad,West,New,2026-04-04
5605,Yahvi,Virk,cust5605_gmail.com,+91 937825201,Female,15,Nagpur,Central,Occasional,2023-11-20
5606,Wakeeta,Jha,cust5606_hotmail.com,+91 996453615,Female,60,Jaipur,North,Regular,2025-02-26
5607,Saanvi,Parmer,cust5607_hotmail.com,+91 798922584,Other,37,Patna,East,VIP,2024-12-30
5608,Vivaan,Kala,cust5608_yahoo.com,+91 787258498,Other,34,Kochi,South,Regular,2023-12-12
5609,Vaishnavi,Sengupta,cust5609_gmail.com,+91 966933266,Male,48,Jaipur,North,New,2024-03-17
5610,Girindra,Kaul,cust5610_hotmail.com,+91 765524855,Female,60,Indore,Central,Occasional,2024-01-26
5611,Advik,Chowdhury,cust5611_yahoo.com,+91 893739944,Male,35,Raipur,Central,Occasional,2023-01-14
5612,Yauvani,Saini,cust5612_gmail.com,+91 997745219,Other,51,Indore,Central,Occasional,2023-10-27
5613,Joshua,Randhawa,cust5613_gmail.com,+91 940453523,Other,24,Pune,West,Regular,2023-10-17
5614,Aishani,Ganesan,cust5614_gmail.com,+91 719982223,Male,47,Mumbai,West,Regular,2024-06-25
5615,Ekansh,Garde,cust5615_gmail.com,+91 927283230,Male,18,New Delhi,North,Regular,2024-02-11
5616,Bakhshi,Parekh,cust5616_yahoo.com,+91 985340689,Male,60,Hyderabad,South,Regular,2023-05-13
5617,Krish,Amble,cust5617_yahoo.com,+91 859172969,Female,43,New Delhi,North,Regular,2024-12-18
5618,Ati,Bhatti,cust5618_gmail.com,+91 878285369,Female,44,New Delhi,North,Occasional,2026-03-23
5619,Warda,Magar,cust5619_gmail.com,+91 834681145,Male,40,Indore,Central,Regular,2023-03-29
5620,Tanveer,Dutta,cust5620_yahoo.com,+91 990845614,Other,38,Chandigarh,North,Regular,2025-05-27
5621,Wriddhish,Borra,cust5621_gmail.com,+91 835224534,Male,16,Kolkata,East,Regular,2024-07-30
5622,Vasudha,More,cust5622_gmail.com,+91 949991448,Male,15,Mumbai,West,Regular,2025-08-23
5623,Maanas,Dhawan,cust5623_yahoo.com,+91 817807811,Other,58,Hyderabad,South,Regular,2025-09-12
5624,Udyati,Bala,cust5624_hotmail.com,+91 887933363,Other,55,Mumbai,West,Occasional,2025-04-25
5625,Vaishnavi,Dora,cust5625_hotmail.com,+91 963487578,Female,40,Bhubaneswar,East,Occasional,2026-02-08
5626,Aadhya,Ray,cust5626_gmail.com,+91 745269831,Other,47,Surat,West,Regular,2024-08-28
5627,Peter,Prakash,cust5627_gmail.com,+91 924316878,Male,43,New Delhi,North,Regular,2023-10-12
5628,Chanchal,Dhawan,cust5628_gmail.com,+91 922117876,Female,45,Bhubaneswar,East,Regular,2025-02-09
5629,Akshay,Lanka,cust5629_hotmail.com,+91 751967840,Male,57,Hyderabad,South,Occasional,2024-03-25
5630,Tanish,Gera,cust5630_yahoo.com,+91 831757847,Female,24,Hyderabad,South,New,2025-09-30
5631,Hritik,Walla,cust5631_hotmail.com,+91 815218450,Female,32,Hyderabad,South,Regular,2023-06-04
5632,Balendra,Hans,cust5632_yahoo.com,+91 878531934,Female,42,Guwahati,East,VIP,2023-03-22
5633,Raagini,Chaudhary,cust5633_hotmail.com,+91 886188972,Male,22,New Delhi,North,Occasional,2024-08-17
5634,Tanveer,Bedi,cust5634_yahoo.com,+91 944611722,Other,30,Patna,East,Occasional,2024-08-15
5635,Manthan,Rastogi,cust5635_yahoo.com,+91 983187392,Other,18,Chennai,South,Regular,2023-01-19
5636,Omkaar,Bhalla,cust5636_gmail.com,+91 750816455,Male,55,Raipur,Central,Regular,2025-12-14
5637,Bakhshi,Balay,cust5637_hotmail.com,+91 774592479,Other,46,Indore,Central,Occasional,2026-04-25
5638,Warjas,Raman,cust5638_yahoo.com,+91 937212621,Male,29,Bhubaneswar,East,Occasional,2024-06-04
5639,Krishna,Boase,cust5639_hotmail.com,+91 816781859,Male,49,Bhopal,Central,Regular,2026-01-25
5640,Ronith,Rout,cust5640_hotmail.com,+91 950116207,Other,57,Surat,West,Regular,2024-07-13
5641,Azaan,Anne,cust5641_yahoo.com,+91 956832792,Male,34,Indore,Central,New,2025-06-25
5642,Vamakshi,Munshi,cust5642_gmail.com,+91 938264512,Male,32,Nagpur,Central,New,2024-12-23
5643,Gopal,Talwar,cust5643_gmail.com,+91 867355334,Male,46,Kolkata,East,Occasional,2023-04-04
5644,Gauri,Arora,cust5644_gmail.com,+91 834511145,Female,37,New Delhi,North,Regular,2023-08-01
5645,Triya,Kalita,cust5645_hotmail.com,+91 770691338,Male,20,Raipur,Central,Occasional,2026-05-25
5646,Gaurav,Gupta,cust5646_gmail.com,+91 792763592,Female,44,Bhopal,Central,Regular,2024-12-17
5647,Siya,Garg,cust5647_gmail.com,+91 912407218,Female,47,Indore,Central,Regular,2025-10-13
5648,Ikbal,Jayaraman,cust5648_hotmail.com,+91 859512984,Other,21,Kolkata,East,Regular,2023-05-26
5649,Benjamin,Upadhyay,cust5649_yahoo.com,+91 926984189,Other,60,Bhopal,Central,VIP,2024-08-14
5650,Madhavi,Tandon,cust5650_gmail.com,+91 848324469,Other,50,Bhubaneswar,East,Occasional,2023-04-28
5651,Jagdish,Bakshi,cust5651_yahoo.com,+91 735807486,Female,27,Chandigarh,North,Regular,2023-10-16
5652,Ati,Reddy,cust5652_gmail.com,+91 985517692,Other,21,Pune,West,Occasional,2024-05-06
5653,Indrajit,Ganesh,cust5653_hotmail.com,+91 850762504,Other,49,Kolkata,East,Regular,2025-02-09
5654,Urvi,Ahuja,cust5654_yahoo.com,+91 885491386,Other,57,Ahmedabad,West,Occasional,2023-04-17
5655,Damini,Konda,cust5655_yahoo.com,+91 983780256,Female,36,Bangalore,South,Occasional,2024-02-03
5656,Maanav,Kar,cust5656_yahoo.com,+91 735918953,Male,37,Bhopal,Central,Occasional,2023-03-25
5657,Karan,Gour,cust5657_yahoo.com,+91 890351360,Female,33,Raipur,Central,Occasional,2024-03-31
5658,Girik,Ranganathan,cust5658_gmail.com,+91 881659345,Male,20,Lucknow,North,New,2023-08-13
5659,Hema,Golla,cust5659_gmail.com,+91 767965929,Other,43,Kochi,South,Occasional,2023-08-12
5660,Anamika,Butala,cust5660_gmail.com,+91 884955802,Male,55,Chennai,South,Occasional,2025-07-01
5661,Anay,Magar,cust5661_yahoo.com,+91 759778585,Other,20,Bangalore,South,New,2026-02-12
5662,Sanaya,Som,cust5662_gmail.com,+91 725106331,Other,33,Guwahati,East,VIP,2026-02-26
5663,Arin,Joshi,cust5663_hotmail.com,+91 818610418,Male,35,Chandigarh,North,Regular,2024-08-06
5664,Osha,Pandit,cust5664_yahoo.com,+91 988167614,Female,32,Mumbai,West,Occasional,2023-10-11
5665,Umang,De,cust5665_yahoo.com,+91 711997945,Male,20,New Delhi,North,Regular,2023-05-27
5666,Farhan,Shroff,cust5666_hotmail.com,+91 745944660,Other,52,Jaipur,North,VIP,2024-09-27
5667,Arjun,Desai,cust5667_yahoo.com,+91 941954906,Male,56,New Delhi,North,Occasional,2024-04-11
5668,Jagrati,Zachariah,cust5668_yahoo.com,+91 981985843,Other,19,Lucknow,North,Occasional,2024-06-19
5669,Lavanya,Bansal,cust5669_gmail.com,+91 846355760,Male,43,Guwahati,East,Occasional,2023-06-23
5670,Hitesh,Choudhry,cust5670_yahoo.com,+91 776848859,Female,34,Ahmedabad,West,Regular,2023-06-14
5671,Gavin,Garde,cust5671_yahoo.com,+91 991658862,Female,27,Indore,Central,Regular,2025-04-14
5672,Nidhi,Mangal,cust5672_hotmail.com,+91 849599145,Other,55,Bhubaneswar,East,New,2025-04-19
5673,Odika,Kumer,cust5673_yahoo.com,+91 898221717,Other,26,Lucknow,North,Occasional,2025-07-31
5674,Priya,Varkey,cust5674_hotmail.com,+91 738634234,Other,39,Indore,Central,Regular,2025-05-13
5675,Jonathan,Kala,cust5675_yahoo.com,+91 984487656,Other,19,Chandigarh,North,Regular,2024-10-16
5676,Daniel,Andra,cust5676_hotmail.com,+91 984221494,Other,51,Guwahati,East,Occasional,2024-08-12
5677,Amruta,Muni,cust5677_yahoo.com,+91 913791958,Female,47,Kochi,South,Occasional,2025-03-27
5678,Arjun,Vaidya,cust5678_hotmail.com,+91 847651850,Female,42,Guwahati,East,Regular,2024-02-07
5679,Raksha,Chakrabarti,cust5679_hotmail.com,+91 950714575,Female,46,Raipur,Central,Regular,2023-12-25
5680,Bachittar,Swaminathan,cust5680_yahoo.com,+91 850134849,Male,41,Bangalore,South,Occasional,2023-06-20
5681,Kalpit,Chada,cust5681_yahoo.com,+91 738679344,Female,32,Hyderabad,South,Regular,2025-08-20
5682,Caleb,Bedi,cust5682_yahoo.com,+91 932544610,Other,50,Mumbai,West,Occasional,2024-04-12
5683,Saksham,Ramaswamy,cust5683_hotmail.com,+91 841760938,Male,49,Surat,West,New,2025-06-06
5684,Joshua,Hora,cust5684_yahoo.com,+91 756259183,Female,44,Ahmedabad,West,New,2026-02-08
5685,Arya,Zachariah,cust5685_yahoo.com,+91 737103753,Male,36,Hyderabad,South,Occasional,2023-12-25
5686,Rajeshri,Madan,cust5686_yahoo.com,+91 977115268,Other,60,Patna,East,Occasional,2025-03-03
5687,Yamini,Dugar,cust5687_gmail.com,+91 860733874,Female,28,Chennai,South,VIP,2023-03-02
5688,Nirja,Nagar,cust5688_yahoo.com,+91 914549712,Female,52,Bhopal,Central,Occasional,2023-12-14
5689,Rachit,Divan,cust5689_hotmail.com,+91 734801778,Female,56,Indore,Central,Regular,2024-11-01
5690,Om,Bhatti,cust5690_gmail.com,+91 889180676,Female,46,Pune,West,Regular,2023-01-16
5691,Vyanjana,Divan,cust5691_gmail.com,+91 946654860,Other,40,Kolkata,East,Regular,2023-11-06
5692,Falguni,Agarwal,cust5692_gmail.com,+91 888641746,Male,35,Chandigarh,North,Occasional,2024-07-12
5693,Tejas,Agate,cust5693_gmail.com,+91 764482950,Female,18,Patna,East,New,2026-03-28
5694,Andrew,Venkataraman,cust5694_yahoo.com,+91 790812898,Female,59,Mumbai,West,Occasional,2023-02-02
5695,Bishakha,Rau,cust5695_yahoo.com,+91 774721488,Female,25,Patna,East,Occasional,2024-01-22
5696,Indrajit,Agrawal,cust5696_gmail.com,+91 941246967,Male,21,Kolkata,East,Regular,2024-01-07
5697,Gautam,Dara,cust5697_yahoo.com,+91 718793986,Female,54,Guwahati,East,VIP,2025-03-12
5698,Nidra,Agate,cust5698_gmail.com,+91 710374904,Female,36,Kolkata,East,Occasional,2023-07-05
5699,George,Rajagopalan,cust5699_hotmail.com,+91 770929180,Other,48,Bhopal,Central,New,2025-06-19
5700,Max,Keer,cust5700_gmail.com,+91 720348207,Male,50,Indore,Central,Occasional,2026-03-15
5701,Warda,Jaggi,cust5701_yahoo.com,+91 734419494,Female,21,Kolkata,East,New,2025-11-30
5702,Tripti,Basu,cust5702_yahoo.com,+91 821594823,Male,31,Chandigarh,North,New,2026-02-26
5703,Gayathri,Mital,cust5703_hotmail.com,+91 848435187,Female,26,Surat,West,New,2023-01-14
5704,Pavani,Srinivasan,cust5704_yahoo.com,+91 919524912,Female,34,Chennai,South,Occasional,2023-05-08
5705,Yash,Baria,cust5705_gmail.com,+91 861298124,Other,59,Lucknow,North,Regular,2024-08-26
5706,Yutika,Malhotra,cust5706_hotmail.com,+91 849621509,Other,36,Hyderabad,South,VIP,2023-02-05
5707,Zaid,Saraf,cust5707_gmail.com,+91 751283922,Female,35,Bhubaneswar,East,Occasional,2023-12-07
5708,Yash,Sehgal,cust5708_gmail.com,+91 762474336,Other,40,New Delhi,North,Regular,2023-05-31
5709,Frederick,Nadkarni,cust5709_gmail.com,+91 888537964,Other,55,Chandigarh,North,Occasional,2023-05-30
5710,Kala,Lad,cust5710_yahoo.com,+91 922941966,Other,28,Guwahati,East,Regular,2025-10-25
5711,Lohit,More,cust5711_gmail.com,+91 845660543,Male,32,Ahmedabad,West,Occasional,2025-02-17
5712,Ranbir,Lad,cust5712_hotmail.com,+91 813684117,Male,57,Lucknow,North,Regular,2023-01-29
5713,Ekapad,Patil,cust5713_gmail.com,+91 815487313,Other,53,Mumbai,West,Regular,2023-01-19
5714,William,Mall,cust5714_yahoo.com,+91 736248566,Female,20,Surat,West,VIP,2024-05-18
5715,Ayushman,Sekhon,cust5715_yahoo.com,+91 845870341,Male,48,Mumbai,West,Regular,2024-09-30
5716,Zashil,Mander,cust5716_hotmail.com,+91 981200689,Other,25,Kolkata,East,Occasional,2024-08-05
5717,Anjali,Ravel,cust5717_yahoo.com,+91 759979316,Other,30,Mumbai,West,Occasional,2025-12-29
5718,Manbir,Bera,cust5718_gmail.com,+91 750696325,Female,23,Hyderabad,South,New,2024-11-17
5719,Lakshit,Loke,cust5719_hotmail.com,+91 925213811,Female,53,Bhubaneswar,East,Regular,2023-04-01
5720,Amol,Dewan,cust5720_hotmail.com,+91 937102127,Male,42,Mumbai,West,Regular,2026-01-25
5721,Gavin,Tripathi,cust5721_gmail.com,+91 793737274,Other,32,Bangalore,South,Regular,2026-04-11
5722,Tristan,Varghese,cust5722_yahoo.com,+91 773560509,Other,22,Guwahati,East,Occasional,2023-08-03
5723,Bhavya,Agarwal,cust5723_gmail.com,+91 889929187,Male,21,Raipur,Central,Regular,2025-07-15
5724,Lohit,Bandi,cust5724_hotmail.com,+91 751678225,Male,30,Bhopal,Central,Occasional,2024-08-30
5725,Xiti,Boase,cust5725_yahoo.com,+91 841460542,Male,25,Pune,West,Occasional,2024-06-22
5726,Ekta,Deshpande,cust5726_yahoo.com,+91 749462814,Other,55,Raipur,Central,VIP,2024-02-12
5727,Jagrati,Hans,cust5727_yahoo.com,+91 823372912,Other,43,Mumbai,West,Occasional,2023-12-20
5728,Nathaniel,Kapadia,cust5728_yahoo.com,+91 778782724,Other,49,Chandigarh,North,Regular,2024-04-29
5729,Anay,Anand,cust5729_yahoo.com,+91 859660264,Female,21,Bhopal,Central,Regular,2024-12-06
5730,Nathaniel,Chandra,cust5730_hotmail.com,+91 810317635,Other,42,Patna,East,New,2023-05-16
5731,Garima,Chhabra,cust5731_hotmail.com,+91 730322242,Male,23,Surat,West,Regular,2023-08-05
5732,Omya,Boase,cust5732_hotmail.com,+91 937502624,Female,20,Patna,East,Regular,2023-06-30
5733,Falak,Pal,cust5733_hotmail.com,+91 827633896,Female,46,Mumbai,West,New,2023-10-02
5734,Bhavini,Rao,cust5734_gmail.com,+91 888107384,Female,31,Nagpur,Central,Regular,2023-01-28
5735,Darsh,Shetty,cust5735_hotmail.com,+91 837379375,Female,19,Chandigarh,North,VIP,2023-02-19
5736,Theodore,Bhakta,cust5736_yahoo.com,+91 914495807,Other,35,Bhubaneswar,East,Regular,2023-09-26
5737,Nilima,Bajwa,cust5737_gmail.com,+91 941747231,Male,32,Pune,West,Regular,2024-10-24
5738,Joshua,Kibe,cust5738_hotmail.com,+91 957221690,Female,52,Pune,West,Regular,2023-05-13
5739,Tara,Chadha,cust5739_gmail.com,+91 843605239,Female,60,Chandigarh,North,Occasional,2023-08-11
5740,Parth,Iyer,cust5740_gmail.com,+91 813538533,Other,26,Lucknow,North,Regular,2023-05-20
5741,Prisha,Biswas,cust5741_yahoo.com,+91 832291126,Other,34,New Delhi,North,Regular,2025-06-01
5742,Jeremiah,Balan,cust5742_hotmail.com,+91 888986392,Male,50,Guwahati,East,New,2023-05-20
5743,Kavya,Apte,cust5743_yahoo.com,+91 884232539,Other,22,Chennai,South,Regular,2024-02-15
5744,Pushti,Saran,cust5744_yahoo.com,+91 864662236,Male,18,Bhopal,Central,New,2026-02-16
5745,Aarna,Muni,cust5745_yahoo.com,+91 712841585,Other,56,Indore,Central,Occasional,2023-12-15
5746,Chakradhar,Mody,cust5746_hotmail.com,+91 784947232,Male,37,Jaipur,North,Regular,2026-01-31
5747,Maanas,Sarraf,cust5747_yahoo.com,+91 985380885,Other,24,New Delhi,North,Regular,2023-10-04
5748,Charita,Rajagopal,cust5748_gmail.com,+91 920316150,Female,25,Ahmedabad,West,Regular,2023-12-06
5749,Gaurang,Natarajan,cust5749_gmail.com,+91 911271422,Other,20,Bhopal,Central,VIP,2023-06-16
5750,Jasmit,Tata,cust5750_hotmail.com,+91 981917239,Female,38,Hyderabad,South,Occasional,2023-01-11
5751,Samarth,More,cust5751_yahoo.com,+91 998928856,Female,57,Bhopal,Central,Regular,2026-03-01
5752,Aashi,Keer,cust5752_yahoo.com,+91 739282960,Female,25,Hyderabad,South,Regular,2023-08-20
5753,Oviya,Chacko,cust5753_yahoo.com,+91 870757132,Other,15,Indore,Central,Regular,2025-05-17
5754,Omkaar,Gade,cust5754_yahoo.com,+91 754150488,Female,49,Indore,Central,Regular,2024-09-28
5755,Harrison,Date,cust5755_yahoo.com,+91 975675915,Male,52,Surat,West,Regular,2026-03-21
5756,Qadim,Ramesh,cust5756_yahoo.com,+91 779434219,Other,37,Bhopal,Central,Regular,2025-11-03
5757,Yashodhara,Ramanathan,cust5757_yahoo.com,+91 963492146,Other,16,Hyderabad,South,New,2023-01-06
5758,Lila,Panchal,cust5758_hotmail.com,+91 883387212,Other,21,Raipur,Central,Occasional,2025-12-28
5759,Mugdha,Dua,cust5759_gmail.com,+91 740515402,Other,47,Lucknow,North,Occasional,2026-05-01
5760,Faraj,Sathe,cust5760_yahoo.com,+91 954728789,Male,57,Kochi,South,Occasional,2024-03-04
5761,Riya,Uppal,cust5761_yahoo.com,+91 983536618,Female,32,Jaipur,North,Occasional,2025-04-27
5762,Chaaya,Solanki,cust5762_yahoo.com,+91 927677801,Male,59,Chennai,South,Regular,2026-05-12
5763,Nathaniel,Bhasin,cust5763_hotmail.com,+91 849772981,Male,26,Guwahati,East,Occasional,2023-05-06
5764,Janaki,Aurora,cust5764_gmail.com,+91 986877431,Other,46,Nagpur,Central,Regular,2023-11-19
5765,Ikbal,Uppal,cust5765_yahoo.com,+91 993608152,Female,17,Nagpur,Central,Regular,2024-10-03
5766,Vasudha,Mitra,cust5766_gmail.com,+91 916337475,Other,27,New Delhi,North,Regular,2025-02-16
5767,Wahab,Munshi,cust5767_yahoo.com,+91 724740581,Other,26,Chennai,South,Regular,2023-07-15
5768,Damyanti,Bera,cust5768_yahoo.com,+91 757428645,Other,49,Lucknow,North,Occasional,2023-11-22
5769,Oni,Radhakrishnan,cust5769_hotmail.com,+91 794764378,Male,57,Guwahati,East,Regular,2026-02-01
5770,Indrajit,Dora,cust5770_gmail.com,+91 718451411,Female,24,Kolkata,East,New,2023-08-25
5771,Rachita,Krishnan,cust5771_hotmail.com,+91 974735925,Other,36,New Delhi,North,Occasional,2024-06-06
5772,Ishani,Gade,cust5772_yahoo.com,+91 759433787,Other,52,Indore,Central,Regular,2026-02-20
5773,Orinder,Badal,cust5773_yahoo.com,+91 893499533,Male,34,Patna,East,Occasional,2024-02-03
5774,Aradhana,Mandal,cust5774_hotmail.com,+91 767370123,Male,15,Pune,West,Occasional,2025-10-22
5775,Jatin,Chaudhuri,cust5775_hotmail.com,+91 710519353,Male,50,Indore,Central,Regular,2023-05-17
5776,Waida,Hayre,cust5776_hotmail.com,+91 759455891,Male,31,Ahmedabad,West,New,2026-01-08
5777,Faris,Wali,cust5777_gmail.com,+91 975722740,Male,57,Nagpur,Central,Occasional,2025-05-05
5778,Zaid,Agate,cust5778_hotmail.com,+91 994438979,Other,35,Raipur,Central,VIP,2024-12-21
5779,Vivaan,Mohanty,cust5779_gmail.com,+91 840510693,Female,50,Kolkata,East,New,2024-10-28
5780,Bhavna,Tella,cust5780_hotmail.com,+91 887830362,Female,49,Jaipur,North,New,2024-06-08
5781,Dhruv,Wable,cust5781_hotmail.com,+91 944150637,Female,17,Bangalore,South,Occasional,2023-10-05
5782,Oni,Yadav,cust5782_gmail.com,+91 885433510,Male,54,New Delhi,North,Occasional,2024-03-06
5783,Nidhi,Lad,cust5783_gmail.com,+91 720507581,Male,52,Bhopal,Central,New,2024-09-21
5784,Guneet,Chaudhuri,cust5784_gmail.com,+91 812880956,Female,59,Kochi,South,Regular,2024-06-23
5785,Gavin,Dyal,cust5785_yahoo.com,+91 753677938,Female,51,Chandigarh,North,Occasional,2023-10-10
5786,Rohan,Mallick,cust5786_gmail.com,+91 924161484,Male,43,Bhubaneswar,East,Regular,2024-04-28
5787,Quincy,Kota,cust5787_gmail.com,+91 958478200,Female,16,Indore,Central,Occasional,2026-05-31
5788,Neelima,Behl,cust5788_yahoo.com,+91 958436320,Male,46,Pune,West,Regular,2023-07-04
5789,Panini,Agrawal,cust5789_gmail.com,+91 878300708,Other,27,Ahmedabad,West,Regular,2025-08-07
5790,Lucky,Chaudhry,cust5790_hotmail.com,+91 952362678,Female,30,Surat,West,Regular,2025-02-10
5791,Yashasvi,Rajan,cust5791_gmail.com,+91 876661626,Male,22,Kolkata,East,VIP,2026-02-07
5792,Samaksh,Gade,cust5792_gmail.com,+91 995344280,Other,18,Raipur,Central,Regular,2023-04-01
5793,Saksham,Cheema,cust5793_hotmail.com,+91 712602742,Other,48,Kolkata,East,Regular,2025-12-21
5794,Chandran,Buch,cust5794_gmail.com,+91 932434443,Male,48,Patna,East,Occasional,2024-11-24
5795,Bachittar,Arya,cust5795_gmail.com,+91 966574528,Male,21,New Delhi,North,New,2024-03-04
5796,Vaishnavi,Dada,cust5796_gmail.com,+91 944418229,Female,31,New Delhi,North,Regular,2024-04-07
5797,Watika,Chaudhary,cust5797_hotmail.com,+91 894242923,Male,37,Kolkata,East,Occasional,2023-06-16
5798,Oeshi,Bath,cust5798_hotmail.com,+91 733446362,Female,34,Bhubaneswar,East,New,2024-12-25
5799,Lipika,Dugal,cust5799_yahoo.com,+91 995917461,Female,20,Nagpur,Central,Occasional,2023-06-13
5800,Charan,Tripathi,cust5800_yahoo.com,+91 912965168,Other,57,Lucknow,North,Occasional,2025-11-28
5801,Bhavani,Shukla,cust5801_hotmail.com,+91 892407418,Female,51,New Delhi,North,Regular,2023-06-03
5802,Janya,Andra,cust5802_hotmail.com,+91 854352664,Male,54,Pune,West,Regular,2024-05-25
5803,Faraj,Jha,cust5803_yahoo.com,+91 859860511,Female,46,Bangalore,South,Regular,2023-07-07
5804,Udant,Nazareth,cust5804_hotmail.com,+91 833114963,Other,30,Chennai,South,Regular,2024-06-13
5805,Jagdish,Bajaj,cust5805_yahoo.com,+91 973109514,Other,37,Surat,West,Occasional,2023-09-15
5806,Sachi,Virk,cust5806_hotmail.com,+91 857875159,Male,45,New Delhi,North,Regular,2023-09-16
5807,Urishilla,Devan,cust5807_yahoo.com,+91 815791916,Male,54,Kochi,South,Regular,2023-01-06
5808,Daksh,Karan,cust5808_yahoo.com,+91 927249570,Male,22,Indore,Central,Occasional,2025-07-19
5809,Ojasvi,Cherian,cust5809_yahoo.com,+91 787761334,Male,37,Guwahati,East,Regular,2023-06-23
5810,Yauvani,Choudhry,cust5810_hotmail.com,+91 890558277,Male,41,Kolkata,East,Regular,2023-02-12
5811,Mohammed,Dayal,cust5811_gmail.com,+91 765200294,Male,36,Indore,Central,Occasional,2024-12-31
5812,Leena,Krishnamurthy,cust5812_yahoo.com,+91 720787961,Female,50,Pune,West,Regular,2025-11-17
5813,Jai,Wason,cust5813_gmail.com,+91 917152270,Other,35,Hyderabad,South,New,2025-01-31
5814,Hamsini,Karan,cust5814_gmail.com,+91 961582851,Female,34,Bangalore,South,VIP,2025-01-23
5815,Oni,Cherian,cust5815_gmail.com,+91 957325338,Other,22,Kolkata,East,Occasional,2024-11-26
5816,Bhavini,Aurora,cust5816_hotmail.com,+91 974325431,Female,41,Surat,West,Regular,2023-10-10
5817,Jeevika,Pandey,cust5817_yahoo.com,+91 797209895,Female,47,Raipur,Central,Regular,2026-01-27
5818,Azad,Aurora,cust5818_gmail.com,+91 882254213,Female,37,Hyderabad,South,Regular,2025-02-16
5819,Aarini,Memon,cust5819_gmail.com,+91 876578869,Female,19,Raipur,Central,Regular,2025-10-08
5820,Krishna,Kala,cust5820_yahoo.com,+91 736235264,Other,21,Hyderabad,South,Regular,2026-05-25
5821,Nicholas,Dara,cust5821_yahoo.com,+91 722624259,Female,20,Indore,Central,Occasional,2023-10-17
5822,Baljiwan,Rajagopalan,cust5822_hotmail.com,+91 896189237,Female,38,Ahmedabad,West,Regular,2025-06-27
5823,Lavanya,Pandey,cust5823_yahoo.com,+91 747115975,Other,56,Jaipur,North,VIP,2025-11-05
5824,Mitali,Sodhi,cust5824_gmail.com,+91 844814826,Other,36,Indore,Central,Occasional,2024-02-08
5825,Saanvi,Parikh,cust5825_gmail.com,+91 884873828,Other,39,Guwahati,East,Regular,2024-08-27
5826,Jagat,Korpal,cust5826_hotmail.com,+91 723597225,Female,23,Kochi,South,VIP,2024-11-09
5827,Lucky,Chakraborty,cust5827_yahoo.com,+91 898374225,Other,55,Ahmedabad,West,New,2024-07-20
5828,Jack,Ray,cust5828_yahoo.com,+91 889838276,Female,28,Bhubaneswar,East,New,2023-03-27
5829,Lipika,Bora,cust5829_gmail.com,+91 832232336,Male,43,Jaipur,North,Regular,2023-08-14
5830,Aditya,Kalla,cust5830_gmail.com,+91 794847297,Male,59,Bhubaneswar,East,Regular,2025-01-16
5831,Chakradhar,Virk,cust5831_yahoo.com,+91 930167167,Other,19,Chandigarh,North,Regular,2024-07-19
5832,Naksh,Manda,cust5832_gmail.com,+91 788797692,Female,28,Bhopal,Central,Occasional,2026-04-29
5833,Isaiah,Yohannan,cust5833_gmail.com,+91 942228148,Female,55,Guwahati,East,New,2025-12-27
5834,Laksh,Mani,cust5834_hotmail.com,+91 941176141,Female,19,New Delhi,North,VIP,2025-06-16
5835,Yahvi,Bhatti,cust5835_gmail.com,+91 860136149,Other,36,New Delhi,North,Regular,2024-03-30
5836,Advaith,Mitra,cust5836_gmail.com,+91 859527647,Other,40,Lucknow,North,Occasional,2023-02-06
5837,Pavani,Borde,cust5837_gmail.com,+91 986466315,Male,45,New Delhi,North,Occasional,2026-02-21
5838,Veer,Batra,cust5838_gmail.com,+91 977335945,Female,51,Hyderabad,South,New,2024-05-06
5839,Jyoti,Bobal,cust5839_yahoo.com,+91 837285414,Male,32,Indore,Central,Occasional,2023-06-06
5840,Janya,Rama,cust5840_hotmail.com,+91 886936842,Female,60,Indore,Central,Regular,2025-01-09
5841,Netra,Konda,cust5841_gmail.com,+91 849318685,Female,37,Guwahati,East,New,2024-03-27
5842,Forum,Kaul,cust5842_yahoo.com,+91 840880174,Female,25,Bangalore,South,New,2025-11-03
5843,Gautam,Chander,cust5843_gmail.com,+91 743564367,Other,52,Ahmedabad,West,Occasional,2025-05-04
5844,Anay,Dani,cust5844_yahoo.com,+91 775371795,Female,44,New Delhi,North,Occasional,2024-05-21
5845,Osha,Lad,cust5845_gmail.com,+91 737758830,Male,32,Jaipur,North,Occasional,2025-02-13
5846,Yashasvi,Samra,cust5846_gmail.com,+91 895915409,Female,49,Nagpur,Central,Regular,2025-02-01
5847,Urmi,Koshy,cust5847_hotmail.com,+91 949408436,Other,20,Surat,West,Occasional,2024-05-12
5848,Ekani,Choudhry,cust5848_gmail.com,+91 869243735,Other,52,Bangalore,South,Regular,2024-06-07
5849,Faraj,Sen,cust5849_yahoo.com,+91 771165324,Other,27,Kochi,South,Occasional,2025-04-28
5850,Guneet,Desai,cust5850_gmail.com,+91 926551512,Male,33,Lucknow,North,Occasional,2024-05-26
5851,Kashish,Tank,cust5851_hotmail.com,+91 986460430,Male,31,Jaipur,North,Regular,2025-07-09
5852,Harita,Pathak,cust5852_yahoo.com,+91 924956312,Other,43,Chennai,South,Regular,2023-06-02
5853,Krisha,Bath,cust5853_hotmail.com,+91 891981783,Female,28,Chandigarh,North,VIP,2023-08-29
5854,Triya,Dyal,cust5854_gmail.com,+91 740973726,Other,54,Raipur,Central,Occasional,2025-07-18
5855,Leela,Bahl,cust5855_gmail.com,+91 830152831,Other,45,Surat,West,Regular,2026-02-14
5856,Brinda,Saran,cust5856_hotmail.com,+91 794901755,Other,52,Bangalore,South,New,2024-04-04
5857,Ati,Sami,cust5857_yahoo.com,+91 982942185,Other,47,Bhopal,Central,Occasional,2024-07-28
5858,Lohit,Bansal,cust5858_yahoo.com,+91 840737612,Male,34,Chennai,South,Occasional,2024-12-28
5859,Riya,Chaudry,cust5859_gmail.com,+91 814500621,Male,22,Ahmedabad,West,Regular,2023-04-11
5860,Samar,Bhat,cust5860_hotmail.com,+91 768614441,Female,40,Lucknow,North,Occasional,2024-12-16
5861,Jason,Pathak,cust5861_yahoo.com,+91 860265791,Male,44,Patna,East,New,2024-12-21
5862,Vasana,Wali,cust5862_hotmail.com,+91 925412375,Male,38,Chennai,South,Regular,2024-02-14
5863,Victor,Srivastava,cust5863_hotmail.com,+91 885716563,Other,36,Mumbai,West,Regular,2026-03-15
5864,Darsh,Kalita,cust5864_gmail.com,+91 859867317,Female,30,New Delhi,North,Occasional,2026-01-27
5865,Eesha,Mohanty,cust5865_gmail.com,+91 810191228,Female,56,Ahmedabad,West,Regular,2025-01-26
5866,Amol,Grewal,cust5866_yahoo.com,+91 736180231,Other,18,Lucknow,North,New,2025-04-03
5867,Elijah,Mitra,cust5867_hotmail.com,+91 983632732,Male,60,Bhopal,Central,Regular,2024-04-05
5868,Tripti,Golla,cust5868_yahoo.com,+91 729829140,Other,25,Bhopal,Central,Occasional,2024-05-18
5869,Neel,Gera,cust5869_yahoo.com,+91 862901706,Female,43,Mumbai,West,VIP,2023-03-19
5870,Meera,Wable,cust5870_yahoo.com,+91 930665268,Other,39,Patna,East,Occasional,2024-02-08
5871,Shravya,Grewal,cust5871_hotmail.com,+91 912782107,Male,53,Bhubaneswar,East,New,2023-08-18
5872,Charita,Bath,cust5872_yahoo.com,+91 898972400,Male,52,Guwahati,East,Occasional,2025-03-12
5873,Priya,Krishna,cust5873_gmail.com,+91 954705118,Other,22,Chennai,South,Regular,2024-10-09
5874,Sanaya,Purohit,cust5874_hotmail.com,+91 716221265,Female,36,Chennai,South,Regular,2023-01-16
5875,Maanas,Sridhar,cust5875_gmail.com,+91 859539695,Other,29,Kochi,South,Regular,2023-11-18
5876,Samuel,Nigam,cust5876_gmail.com,+91 865405397,Other,16,Guwahati,East,Regular,2026-01-02
5877,Nandini,Soni,cust5877_yahoo.com,+91 733222175,Other,54,Lucknow,North,Occasional,2026-02-02
5878,Lakshit,Parmar,cust5878_hotmail.com,+91 754483427,Male,29,Surat,West,Regular,2025-12-10
5879,Tejas,Wadhwa,cust5879_yahoo.com,+91 810257496,Female,53,Bhubaneswar,East,Regular,2023-07-14
5880,Yamini,Soman,cust5880_hotmail.com,+91 936844501,Female,18,Mumbai,West,Regular,2026-01-26
5881,Niharika,Balan,cust5881_yahoo.com,+91 935693253,Other,49,Chennai,South,Occasional,2023-03-22
5882,Maya,Kaur,cust5882_gmail.com,+91 984641114,Female,21,Raipur,Central,VIP,2025-03-14
5883,Gaurika,Prabhakar,cust5883_gmail.com,+91 846419851,Other,27,Pune,West,VIP,2023-03-31
5884,Abeer,Palan,cust5884_gmail.com,+91 823360988,Other,21,Hyderabad,South,Regular,2024-02-08
5885,Maanav,Som,cust5885_gmail.com,+91 891265608,Male,31,Kochi,South,Occasional,2025-12-03
5886,Omya,Chacko,cust5886_yahoo.com,+91 954154287,Other,56,New Delhi,North,Occasional,2025-06-16
5887,Shivani,Sanghvi,cust5887_yahoo.com,+91 939716553,Other,45,Chandigarh,North,Occasional,2025-07-15
5888,Aditya,Murthy,cust5888_gmail.com,+91 875478699,Male,21,Indore,Central,New,2026-04-21
5889,Ekanta,Sabharwal,cust5889_yahoo.com,+91 843274944,Other,33,Indore,Central,Occasional,2025-11-25
5890,Urvi,Tella,cust5890_hotmail.com,+91 749207886,Other,34,Bhubaneswar,East,Regular,2023-03-31
5891,Xalak,Nori,cust5891_yahoo.com,+91 975980875,Male,48,Lucknow,North,Regular,2024-12-20
5892,Nathan,Sarin,cust5892_gmail.com,+91 899510724,Male,52,Nagpur,Central,Occasional,2024-01-31
5893,Ayaan,Khurana,cust5893_hotmail.com,+91 768747886,Other,52,Bangalore,South,VIP,2025-06-30
5894,Manan,Golla,cust5894_yahoo.com,+91 946790114,Other,34,Chandigarh,North,Occasional,2024-02-08
5895,Neha,De,cust5895_yahoo.com,+91 789808695,Male,34,Patna,East,Regular,2023-11-23
5896,Samuel,Gole,cust5896_gmail.com,+91 750770929,Female,51,Indore,Central,Regular,2026-02-05
5897,Patrick,Gill,cust5897_hotmail.com,+91 858602941,Male,44,Nagpur,Central,Regular,2026-01-01
5898,Vasatika,Chauhan,cust5898_gmail.com,+91 845517852,Male,39,Bhubaneswar,East,Occasional,2023-08-17
5899,Falan,Shetty,cust5899_yahoo.com,+91 797553203,Female,39,Bhubaneswar,East,Regular,2026-03-29
5900,Vrishti,Sandhu,cust5900_hotmail.com,+91 924196514,Other,48,Kolkata,East,Regular,2025-10-08
5901,Vyanjana,Chhabra,cust5901_yahoo.com,+91 773220540,Female,48,Pune,West,Regular,2023-07-07
5902,Dakshesh,Menon,cust5902_gmail.com,+91 891353379,Female,28,Patna,East,Regular,2023-09-13
5903,Kamya,Comar,cust5903_yahoo.com,+91 713269773,Male,50,New Delhi,North,Occasional,2025-08-16
5904,Netra,Kaul,cust5904_gmail.com,+91 918376178,Other,18,Lucknow,North,Regular,2024-02-21
5905,Parth,Chawla,cust5905_yahoo.com,+91 968931412,Male,44,Bangalore,South,Regular,2024-08-05
5906,Abhiram,Johal,cust5906_hotmail.com,+91 970682546,Female,21,Indore,Central,New,2025-06-17
5907,Rachit,Balan,cust5907_gmail.com,+91 917290856,Male,19,Pune,West,Regular,2023-10-06
5908,Odika,Atwal,cust5908_gmail.com,+91 811621125,Female,46,Pune,West,VIP,2026-03-06
5909,Qarin,Rao,cust5909_yahoo.com,+91 956559375,Other,27,Kochi,South,Regular,2024-02-18
5910,Faras,Bhat,cust5910_yahoo.com,+91 832793417,Female,58,Pune,West,Regular,2025-02-08
5911,Aryan,Bora,cust5911_yahoo.com,+91 790426943,Other,57,Kochi,South,Regular,2025-04-28
5912,Anirudh,Kalita,cust5912_gmail.com,+91 926982101,Other,45,Guwahati,East,Occasional,2024-12-22
5913,Rishi,Sehgal,cust5913_gmail.com,+91 740817218,Male,48,Kochi,South,Occasional,2024-09-13
5914,Advay,Bali,cust5914_yahoo.com,+91 736947409,Other,32,Chandigarh,North,Regular,2024-06-15
5915,Rushil,Joshi,cust5915_gmail.com,+91 780276683,Female,56,Raipur,Central,VIP,2025-06-25
5916,Tara,Goswami,cust5916_yahoo.com,+91 986613147,Female,23,Chennai,South,Occasional,2024-10-03
5917,Krisha,Kapur,cust5917_gmail.com,+91 876304529,Male,59,Mumbai,West,Regular,2024-03-10
5918,Nathaniel,Mallick,cust5918_yahoo.com,+91 823801996,Other,58,Bhubaneswar,East,New,2024-11-15
5919,Wyatt,Ahluwalia,cust5919_hotmail.com,+91 868434183,Female,37,Kolkata,East,Regular,2024-11-04
5920,Bachittar,Rao,cust5920_yahoo.com,+91 912956877,Female,42,Patna,East,VIP,2023-12-12
5921,Darsh,Dugar,cust5921_yahoo.com,+91 976250111,Male,58,Bhopal,Central,VIP,2024-02-09
5922,Ekta,Chopra,cust5922_hotmail.com,+91 763753593,Other,50,Kochi,South,Regular,2025-08-14
5923,Theodore,Kar,cust5923_gmail.com,+91 950307104,Female,54,Surat,West,Regular,2025-07-26
5924,Nakul,Tak,cust5924_gmail.com,+91 775660205,Male,40,Hyderabad,South,Occasional,2024-12-18
5925,Gagan,Dutta,cust5925_hotmail.com,+91 732834253,Other,29,Chennai,South,Regular,2025-04-20
5926,Lila,Kapadia,cust5926_yahoo.com,+91 827374173,Female,40,Hyderabad,South,Occasional,2023-07-03
5927,Champak,Misra,cust5927_hotmail.com,+91 992783183,Other,31,Bhopal,Central,Occasional,2025-10-10
5928,Daniel,Dass,cust5928_yahoo.com,+91 931786268,Other,28,Nagpur,Central,Occasional,2024-10-28
5929,Oni,Sethi,cust5929_yahoo.com,+91 948535872,Male,40,Hyderabad,South,Regular,2026-01-21
5930,Garima,Garg,cust5930_yahoo.com,+91 775824196,Male,47,Raipur,Central,Regular,2025-09-30
5931,Daksha,Parekh,cust5931_gmail.com,+91 939556870,Male,59,Bangalore,South,Regular,2023-09-16
5932,Vrinda,Lanka,cust5932_hotmail.com,+91 894465945,Female,34,Bangalore,South,Regular,2025-07-02
5933,Kashvi,Bajaj,cust5933_yahoo.com,+91 716994370,Female,48,Hyderabad,South,New,2026-03-09
5934,Aadi,Tiwari,cust5934_hotmail.com,+91 831279773,Female,36,Raipur,Central,Occasional,2026-01-27
5935,Charvi,Agate,cust5935_yahoo.com,+91 772359627,Male,38,Patna,East,Occasional,2024-11-06
5936,Warhi,Patla,cust5936_yahoo.com,+91 838248851,Female,18,Bhopal,Central,Occasional,2026-03-08
5937,Omkaar,Basu,cust5937_hotmail.com,+91 792900663,Other,30,Chandigarh,North,VIP,2023-02-03
5938,Harshil,Garg,cust5938_hotmail.com,+91 895490594,Male,38,Guwahati,East,New,2023-01-16
5939,Noah,Grewal,cust5939_gmail.com,+91 750579960,Female,29,Surat,West,Regular,2023-03-14
5940,Chandani,Khanna,cust5940_hotmail.com,+91 773884703,Other,17,Pune,West,Regular,2024-07-30
5941,Ati,Lad,cust5941_hotmail.com,+91 751547708,Other,33,Nagpur,Central,Occasional,2023-02-20
5942,Bakhshi,Kar,cust5942_gmail.com,+91 931574856,Male,48,Guwahati,East,Regular,2025-06-08
5943,Ijaya,Hans,cust5943_gmail.com,+91 961258386,Other,49,Chandigarh,North,VIP,2023-09-01
5944,Oscar,Ahuja,cust5944_gmail.com,+91 743772236,Male,44,Nagpur,Central,Regular,2023-11-17
5945,Ishita,Bhavsar,cust5945_gmail.com,+91 767254155,Other,20,Chandigarh,North,Regular,2024-01-16
5946,Kavya,Narula,cust5946_yahoo.com,+91 851753438,Male,36,New Delhi,North,Occasional,2023-08-28
5947,Ishaan,Kara,cust5947_yahoo.com,+91 841477214,Female,17,Guwahati,East,New,2023-04-03
5948,Falguni,Bandi,cust5948_gmail.com,+91 898719908,Female,53,Bhubaneswar,East,Occasional,2024-03-16
5949,Yamini,Mane,cust5949_hotmail.com,+91 825817508,Other,46,Indore,Central,Occasional,2024-09-20
5950,Sathvik,Hari,cust5950_gmail.com,+91 731393869,Male,51,Indore,Central,Occasional,2026-05-01
5951,Nicholas,Menon,cust5951_gmail.com,+91 937329409,Male,22,Bangalore,South,New,2023-10-27
5952,Nihal,Sandhu,cust5952_gmail.com,+91 950908801,Female,16,Kolkata,East,New,2024-09-04
5953,Avi,Palan,cust5953_hotmail.com,+91 775976110,Male,27,Hyderabad,South,Occasional,2023-01-12
5954,Vihaan,Das,cust5954_gmail.com,+91 766853325,Male,21,Pune,West,Regular,2026-03-05
5955,Amruta,Madan,cust5955_gmail.com,+91 744664627,Other,55,Nagpur,Central,New,2026-05-10
5956,Dakshesh,Sawhney,cust5956_yahoo.com,+91 973818473,Other,51,Indore,Central,Occasional,2023-09-09
5957,Maya,Munshi,cust5957_hotmail.com,+91 798281757,Male,52,Raipur,Central,Regular,2026-03-13
5958,Krish,Bhalla,cust5958_gmail.com,+91 928634340,Other,59,Kolkata,East,Occasional,2025-07-22
5959,Xavier,Taneja,cust5959_yahoo.com,+91 922744139,Male,41,Raipur,Central,Regular,2023-08-10
5960,Faqid,Srivastava,cust5960_yahoo.com,+91 963301141,Female,29,Surat,West,Occasional,2023-11-04
5961,Kamya,Mall,cust5961_gmail.com,+91 879502591,Other,17,Kolkata,East,Regular,2024-04-24
5962,Alexander,Rajagopalan,cust5962_gmail.com,+91 845700165,Female,22,Guwahati,East,Occasional,2023-04-12
5963,Amrita,Chander,cust5963_hotmail.com,+91 843784270,Male,43,New Delhi,North,Occasional,2025-07-13
5964,Sara,Oommen,cust5964_hotmail.com,+91 839115854,Female,21,Chennai,South,New,2023-11-12
5965,Guneet,Deo,cust5965_gmail.com,+91 874408279,Male,29,Chandigarh,North,VIP,2026-05-22
5966,Sanya,Borra,cust5966_hotmail.com,+91 898951481,Male,25,Kochi,South,Regular,2024-09-06
5967,Harish,Subramaniam,cust5967_yahoo.com,+91 995250347,Female,19,Pune,West,New,2023-12-22
5968,Nandini,Dave,cust5968_yahoo.com,+91 759492984,Female,29,Pune,West,Occasional,2023-12-27
5969,Urvashi,Nagar,cust5969_gmail.com,+91 884549235,Female,44,Guwahati,East,Regular,2024-03-01
5970,Yashoda,Rastogi,cust5970_yahoo.com,+91 755293819,Female,34,Lucknow,North,New,2025-11-03
5971,Harshil,Dhar,cust5971_hotmail.com,+91 788490911,Female,49,Surat,West,Regular,2024-08-18
5972,Pavani,Dara,cust5972_yahoo.com,+91 974601196,Other,42,Raipur,Central,Occasional,2023-02-09
5973,Veer,Bala,cust5973_gmail.com,+91 782195881,Other,46,Patna,East,Regular,2026-04-05
5974,Nathan,Walia,cust5974_yahoo.com,+91 840874946,Male,53,Kochi,South,VIP,2025-06-06
5975,Laksh,Madan,cust5975_gmail.com,+91 712132593,Male,59,Indore,Central,Regular,2024-05-04
5976,Ojas,Cherian,cust5976_gmail.com,+91 762308588,Other,55,Bangalore,South,Regular,2023-10-24
5977,Victor,Narula,cust5977_yahoo.com,+91 916312287,Other,26,Raipur,Central,Regular,2024-07-03
5978,Eesha,Chandra,cust5978_yahoo.com,+91 739739790,Other,24,Indore,Central,Regular,2023-01-16
5979,Liam,Chaudhry,cust5979_hotmail.com,+91 894810458,Female,33,Ahmedabad,West,Occasional,2023-11-23
5980,Henry,Mistry,cust5980_gmail.com,+91 973826714,Female,26,Patna,East,Regular,2025-09-20
5981,Chandran,Varughese,cust5981_yahoo.com,+91 849124517,Male,40,Guwahati,East,Occasional,2025-10-31
5982,Triya,Dey,cust5982_yahoo.com,+91 797890484,Male,22,Bhubaneswar,East,Regular,2025-01-23
5983,Jonathan,Prasad,cust5983_hotmail.com,+91 858187941,Male,50,Patna,East,Regular,2024-12-25
5984,Zayan,Deep,cust5984_gmail.com,+91 973630980,Male,46,Bhopal,Central,Occasional,2026-02-25
5985,Yachana,Keer,cust5985_hotmail.com,+91 919280184,Male,25,Indore,Central,New,2023-05-26
5986,Ekanta,Zacharia,cust5986_gmail.com,+91 924474544,Other,45,Chennai,South,VIP,2024-01-31
5987,Pranit,Amble,cust5987_yahoo.com,+91 751874957,Male,21,Kochi,South,Occasional,2025-07-06
5988,Vasudha,Tailor,cust5988_gmail.com,+91 774985395,Female,33,Chennai,South,Regular,2026-04-13
5989,Waida,Raja,cust5989_hotmail.com,+91 813841201,Other,25,Hyderabad,South,Regular,2024-11-01
5990,Sathvik,Keer,cust5990_gmail.com,+91 841290147,Male,51,Bangalore,South,New,2023-11-05
5991,Qushi,Pandya,cust5991_gmail.com,+91 925257398,Other,45,Bhopal,Central,New,2025-07-03
5992,Dakshesh,Gandhi,cust5992_yahoo.com,+91 969625311,Female,16,Guwahati,East,Regular,2024-07-10
5993,Bimala,Sant,cust5993_yahoo.com,+91 944151729,Male,54,Chandigarh,North,Regular,2024-12-26
5994,Zinal,Nath,cust5994_hotmail.com,+91 772525798,Male,49,Bhubaneswar,East,New,2023-03-31
5995,Jagrati,Vyas,cust5995_hotmail.com,+91 993204830,Female,53,Mumbai,West,Occasional,2025-02-21
5996,Onveer,Nagi,cust5996_hotmail.com,+91 851169738,Other,24,Kolkata,East,VIP,2023-10-26
5997,Vanya,Deshmukh,cust5997_yahoo.com,+91 775444193,Female,51,Surat,West,Regular,2024-11-10
5998,Orinder,Badami,cust5998_hotmail.com,+91 897455749,Other,52,Surat,West,Occasional,2026-05-09
5999,Amaira,Rao,cust5999_yahoo.com,+91 769472985,Male,26,Mumbai,West,Occasional,2025-02-28
6000,Om,Patil,cust6000_yahoo.com,+91 753583904,Male,57,Raipur,Central,Occasional,2023-07-14
6001,Eiravati,Prakash,cust6001_gmail.com,+91 888354835,Male,22,Jaipur,North,Occasional,2023-12-03
6002,Manya,Ganguly,cust6002_hotmail.com,+91 844392793,Male,51,Kochi,South,Occasional,2026-05-05
6003,Orinder,Goswami,cust6003_yahoo.com,+91 911563690,Male,35,Mumbai,West,Occasional,2023-09-05
6004,Hitesh,Walla,cust6004_gmail.com,+91 866252343,Female,54,Ahmedabad,West,Regular,2023-01-14
6005,Nidra,Ganguly,cust6005_yahoo.com,+91 766427182,Other,41,Patna,East,Regular,2024-07-01
6006,Orinder,Sabharwal,cust6006_gmail.com,+91 761872594,Female,54,Chandigarh,North,New,2024-11-25
6007,Zayan,Gole,cust6007_hotmail.com,+91 769837239,Female,25,New Delhi,North,Occasional,2025-07-03
6008,Gautam,Gara,cust6008_gmail.com,+91 878115322,Female,40,Chandigarh,North,VIP,2023-01-20
6009,Anusha,Chahal,cust6009_yahoo.com,+91 796835286,Female,53,Ahmedabad,West,VIP,2024-01-17
6010,Parth,Apte,cust6010_gmail.com,+91 812781948,Female,35,Nagpur,Central,Occasional,2025-06-04
6011,Omisha,Ramesh,cust6011_gmail.com,+91 944684283,Male,23,Ahmedabad,West,Occasional,2025-07-29
6012,Sachi,Baral,cust6012_gmail.com,+91 927238957,Male,52,Surat,West,Regular,2025-12-13
6013,Mohini,Acharya,cust6013_yahoo.com,+91 972891407,Male,47,Mumbai,West,Occasional,2024-09-28
6014,Charles,Patel,cust6014_yahoo.com,+91 779852147,Other,37,Kochi,South,Occasional,2024-06-16
6015,Qasim,Bhavsar,cust6015_yahoo.com,+91 794913966,Female,31,Kolkata,East,Regular,2023-10-29
6016,Balveer,Bahl,cust6016_hotmail.com,+91 934182548,Female,25,Chandigarh,North,Regular,2024-03-18
6017,Falan,Bedi,cust6017_hotmail.com,+91 943434506,Other,27,New Delhi,North,New,2023-12-26
6018,Frado,Kanda,cust6018_gmail.com,+91 985506206,Female,26,Lucknow,North,Regular,2026-03-27
6019,Sai,Yohannan,cust6019_hotmail.com,+91 874933427,Female,27,Chandigarh,North,New,2024-07-29
6020,Krish,Dyal,cust6020_yahoo.com,+91 920536828,Other,41,Raipur,Central,Occasional,2023-10-03
6021,Girik,Chadha,cust6021_hotmail.com,+91 723688662,Female,47,Chandigarh,North,Occasional,2024-12-21
6022,Lavanya,Ahluwalia,cust6022_hotmail.com,+91 834910285,Other,20,Ahmedabad,West,Regular,2023-12-12
6023,Oni,Bail,cust6023_hotmail.com,+91 869392588,Female,58,Bhubaneswar,East,Regular,2023-03-14
6024,Triya,Sunder,cust6024_hotmail.com,+91 953855447,Other,50,Kolkata,East,Occasional,2023-08-12
6025,Ekani,Ratta,cust6025_yahoo.com,+91 863390870,Other,29,Chennai,South,New,2023-02-27
6026,Indrajit,Sahota,cust6026_gmail.com,+91 719843944,Female,35,Bhubaneswar,East,Regular,2024-09-13
6027,Rajata,Dayal,cust6027_yahoo.com,+91 720757452,Female,39,Kochi,South,Regular,2025-01-06
6028,Tejas,Vora,cust6028_hotmail.com,+91 757228561,Other,52,Kolkata,East,Regular,2024-03-13
6029,Advaith,Aurora,cust6029_hotmail.com,+91 840936204,Female,42,Lucknow,North,Occasional,2024-07-03
6030,Vedant,Sheth,cust6030_gmail.com,+91 897511749,Male,34,Surat,West,Occasional,2024-05-20
6031,Anika,Sampath,cust6031_gmail.com,+91 852436811,Male,49,Hyderabad,South,Regular,2023-11-07
6032,Pavani,Din,cust6032_gmail.com,+91 739769191,Other,31,Bhopal,Central,Occasional,2024-11-21
6033,Indrajit,Jha,cust6033_gmail.com,+91 951691802,Female,25,Chennai,South,Occasional,2025-11-11
6034,Nirja,Contractor,cust6034_gmail.com,+91 865429312,Female,31,Bangalore,South,Regular,2026-05-06
6035,Aashi,Mandal,cust6035_hotmail.com,+91 912121255,Male,49,Kolkata,East,New,2025-09-25
6036,Radhika,Mistry,cust6036_gmail.com,+91 731865528,Male,40,New Delhi,North,Regular,2023-05-25
6037,Hardik,Ramachandran,cust6037_yahoo.com,+91 775834623,Other,40,Chandigarh,North,Occasional,2023-11-07
6038,Bhavna,Dada,cust6038_hotmail.com,+91 773811597,Female,41,Mumbai,West,Regular,2024-03-04
6039,Tripti,Gokhale,cust6039_yahoo.com,+91 817876187,Male,24,Chennai,South,Regular,2023-11-02
6040,Lipika,Virk,cust6040_yahoo.com,+91 757307567,Female,35,Indore,Central,New,2024-12-30
6041,Osha,Balay,cust6041_yahoo.com,+91 969985504,Male,40,Kochi,South,New,2025-01-10
6042,Sathvik,Krishnamurthy,cust6042_hotmail.com,+91 787870905,Female,27,Patna,East,Regular,2025-12-11
6043,Pranit,Bath,cust6043_yahoo.com,+91 770798145,Other,22,New Delhi,North,Regular,2024-03-30
6044,Ekaraj,Solanki,cust6044_yahoo.com,+91 779326403,Female,50,Ahmedabad,West,New,2024-10-27
6045,Harish,Vaidya,cust6045_hotmail.com,+91 951109566,Female,50,Mumbai,West,Occasional,2024-06-12
6046,Anmol,Chadha,cust6046_yahoo.com,+91 738218977,Male,35,Bangalore,South,New,2024-11-16
6047,Ranbir,Gera,cust6047_yahoo.com,+91 858277205,Other,46,Chennai,South,Regular,2025-08-20
6048,Qadim,Barman,cust6048_gmail.com,+91 823405209,Female,39,Jaipur,North,Regular,2025-12-19
6049,Theodore,Saxena,cust6049_yahoo.com,+91 983673291,Other,27,Guwahati,East,Occasional,2024-03-21
6050,Amara,Brahmbhatt,cust6050_yahoo.com,+91 766641502,Other,17,Patna,East,Regular,2024-02-19
6051,Theodore,Luthra,cust6051_yahoo.com,+91 962320468,Other,38,Nagpur,Central,New,2023-09-19
6052,Gautami,Hegde,cust6052_hotmail.com,+91 794714786,Male,51,New Delhi,North,Occasional,2024-10-27
6053,Aadhya,Sen,cust6053_hotmail.com,+91 834444690,Male,38,Ahmedabad,West,Regular,2024-08-26
6054,Advay,Gandhi,cust6054_yahoo.com,+91 856378682,Other,46,New Delhi,North,VIP,2026-03-27
6055,Kala,Kar,cust6055_yahoo.com,+91 896778701,Female,51,Nagpur,Central,Regular,2024-03-31
6056,Laksh,Sahota,cust6056_hotmail.com,+91 727138755,Male,28,Pune,West,Occasional,2026-03-28
6057,Benjamin,Mand,cust6057_hotmail.com,+91 819352957,Other,55,Kolkata,East,Regular,2025-06-01
6058,Oscar,Hora,cust6058_hotmail.com,+91 722923999,Male,15,Pune,West,VIP,2024-12-27
6059,Amaira,Bhatnagar,cust6059_hotmail.com,+91 855247182,Other,17,Guwahati,East,New,2024-11-04
6060,Aarush,Nori,cust6060_gmail.com,+91 850406279,Other,37,Nagpur,Central,Occasional,2023-01-19
6061,Geetika,Munshi,cust6061_yahoo.com,+91 959932245,Other,26,Surat,West,Regular,2025-02-17
6062,Amrita,Ghosh,cust6062_gmail.com,+91 822571190,Female,16,Lucknow,North,Regular,2026-02-26
6063,Arya,Keer,cust6063_yahoo.com,+91 928734321,Male,59,Guwahati,East,New,2024-08-30
6064,Amol,Bali,cust6064_hotmail.com,+91 758357795,Female,48,Kolkata,East,Occasional,2026-04-27
6065,Thomas,Sood,cust6065_hotmail.com,+91 934675747,Female,51,Hyderabad,South,Occasional,2026-04-28
6066,Adweta,Sane,cust6066_gmail.com,+91 891242155,Female,34,Mumbai,West,Regular,2023-05-01
6067,Vrinda,Roy,cust6067_hotmail.com,+91 935814107,Female,58,New Delhi,North,New,2024-04-18
6068,Chaaya,Kapadia,cust6068_yahoo.com,+91 731470451,Female,28,Patna,East,Occasional,2023-05-26
6069,Adweta,Majumdar,cust6069_gmail.com,+91 939259813,Male,40,Bhubaneswar,East,Occasional,2025-02-23
6070,Charan,Randhawa,cust6070_hotmail.com,+91 764992903,Female,28,Hyderabad,South,Regular,2024-12-10
6071,Fitan,Seth,cust6071_hotmail.com,+91 997857240,Male,29,Kochi,South,New,2024-08-05
6072,Ojasvi,Kunda,cust6072_yahoo.com,+91 864594472,Female,16,Lucknow,North,Regular,2024-06-29
6073,Karan,Rama,cust6073_gmail.com,+91 820654422,Other,59,Lucknow,North,Regular,2024-12-27
6074,Ekalinga,Pillai,cust6074_hotmail.com,+91 725808120,Male,32,Kochi,South,Occasional,2024-09-19
6075,Gagan,Venkataraman,cust6075_yahoo.com,+91 815697652,Male,18,Hyderabad,South,Occasional,2024-04-06
6076,Bahadurjit,Bhasin,cust6076_gmail.com,+91 794693958,Female,41,Bhopal,Central,Occasional,2025-03-14
6077,Vaishnavi,Ganesan,cust6077_hotmail.com,+91 947782639,Female,40,Chandigarh,North,Regular,2024-12-04
6078,Advay,Varughese,cust6078_yahoo.com,+91 754289969,Male,44,Nagpur,Central,Regular,2023-06-20
6079,Banjeet,Sha,cust6079_hotmail.com,+91 856809545,Female,33,Nagpur,Central,Regular,2024-06-03
6080,Lekha,Bahri,cust6080_yahoo.com,+91 853123188,Female,53,Hyderabad,South,Regular,2025-05-23
6081,Januja,Sabharwal,cust6081_yahoo.com,+91 866419724,Other,32,Pune,West,Regular,2024-01-02
6082,Geetika,Bansal,cust6082_gmail.com,+91 859159727,Male,37,Hyderabad,South,Regular,2023-02-21
6083,Yug,Sawhney,cust6083_yahoo.com,+91 980560177,Female,59,Indore,Central,Regular,2026-01-01
6084,Yashodhara,Korpal,cust6084_gmail.com,+91 868610560,Other,54,Jaipur,North,Regular,2024-10-21
6085,Meghana,Subramanian,cust6085_hotmail.com,+91 885351629,Male,39,Chennai,South,Occasional,2023-02-12
6086,Siddharth,Bains,cust6086_yahoo.com,+91 718602446,Male,55,Kochi,South,Regular,2024-11-14
6087,Jai,Deshmukh,cust6087_gmail.com,+91 948594579,Male,56,Kochi,South,Regular,2025-01-01
6088,Qadim,Salvi,cust6088_yahoo.com,+91 955621246,Female,44,Chandigarh,North,New,2026-02-15
6089,Avni,Bumb,cust6089_hotmail.com,+91 959976736,Female,52,Bhubaneswar,East,New,2025-01-08
6090,Yauvani,Seth,cust6090_hotmail.com,+91 913755350,Male,60,Surat,West,Regular,2023-01-26
6091,Yashica,Sankar,cust6091_yahoo.com,+91 744785892,Other,58,Nagpur,Central,Occasional,2025-10-02
6092,Yadavi,Narayan,cust6092_hotmail.com,+91 935518644,Other,44,Pune,West,Regular,2023-12-05
6093,Chakradhar,Ram,cust6093_yahoo.com,+91 813424505,Female,20,Indore,Central,Regular,2025-07-17
6094,Samesh,Sachdeva,cust6094_gmail.com,+91 715605406,Female,53,Ahmedabad,West,Occasional,2026-03-13
6095,Omkaar,Varma,cust6095_hotmail.com,+91 823188481,Other,50,Chandigarh,North,Occasional,2024-04-18
6096,Yahvi,Subramaniam,cust6096_yahoo.com,+91 774548953,Female,23,New Delhi,North,Occasional,2025-08-17
6097,Divya,Naidu,cust6097_gmail.com,+91 763619318,Other,56,New Delhi,North,Regular,2023-02-07
6098,Chasmum,Devi,cust6098_gmail.com,+91 833161499,Other,18,Patna,East,Regular,2025-11-07
6099,Tamanna,Bhargava,cust6099_yahoo.com,+91 971527724,Female,15,New Delhi,North,Regular,2023-07-03
6100,Pahal,Brahmbhatt,cust6100_hotmail.com,+91 880906228,Male,19,Chennai,South,Occasional,2025-10-03
6101,Saanvi,Balan,cust6101_yahoo.com,+91 910809234,Male,57,Surat,West,Regular,2024-09-15
6102,Samesh,Grover,cust6102_gmail.com,+91 970900352,Male,23,Kolkata,East,Regular,2024-08-30
6103,Ekaraj,Ratti,cust6103_gmail.com,+91 725285345,Other,17,Bhubaneswar,East,Occasional,2026-03-30
6104,Alexander,Som,cust6104_gmail.com,+91 982881943,Other,55,Chennai,South,VIP,2025-06-16
6105,Peter,Upadhyay,cust6105_hotmail.com,+91 766240893,Male,20,Bhubaneswar,East,Occasional,2025-06-20
6106,Nathaniel,Swaminathan,cust6106_gmail.com,+91 719637808,Male,39,Surat,West,Occasional,2023-05-05
6107,Mitesh,Sahota,cust6107_hotmail.com,+91 782650606,Other,49,Kolkata,East,New,2025-05-22
6108,Samar,Kaul,cust6108_yahoo.com,+91 950408402,Male,38,Chennai,South,Occasional,2024-05-16
6109,Tanvi,Ahuja,cust6109_hotmail.com,+91 729467399,Male,43,New Delhi,North,VIP,2023-05-21
6110,Darika,Lala,cust6110_gmail.com,+91 823341466,Male,56,Raipur,Central,Occasional,2024-10-18
6111,Bishakha,Dugar,cust6111_gmail.com,+91 910560974,Female,41,Lucknow,North,Regular,2024-09-21
6112,Wahab,Chahal,cust6112_hotmail.com,+91 997493808,Other,23,Kolkata,East,Occasional,2023-11-17
6113,Wazir,Narain,cust6113_yahoo.com,+91 998213294,Female,20,Pune,West,Regular,2026-04-12
6114,Anirudh,Chowdhury,cust6114_yahoo.com,+91 880765108,Other,44,Pune,West,Occasional,2025-12-03
6115,Omya,Sengupta,cust6115_gmail.com,+91 854782630,Other,32,Chandigarh,North,Regular,2024-07-11
6116,Praneel,Bhatt,cust6116_hotmail.com,+91 730554837,Male,45,Mumbai,West,New,2024-08-13
6117,Reva,Gupta,cust6117_gmail.com,+91 916533875,Male,42,Jaipur,North,New,2024-06-12
6118,Aarna,Wali,cust6118_gmail.com,+91 885296869,Male,33,Chennai,South,Regular,2024-07-25
6119,Vincent,Vala,cust6119_hotmail.com,+91 985139515,Male,43,Ahmedabad,West,Regular,2024-02-26
6120,Arunima,Korpal,cust6120_gmail.com,+91 781296115,Other,41,Bangalore,South,Regular,2026-04-20
6121,Manan,Borra,cust6121_yahoo.com,+91 972205119,Male,58,Ahmedabad,West,Occasional,2025-12-19
6122,Isaac,Sachdeva,cust6122_yahoo.com,+91 854376289,Female,29,Pune,West,Regular,2026-01-30
6123,Abdul,Raju,cust6123_hotmail.com,+91 943679973,Male,44,Chennai,South,Regular,2025-02-18
6124,Anika,Kapadia,cust6124_hotmail.com,+91 975959766,Other,56,Surat,West,Occasional,2024-08-08
6125,Hemal,Wable,cust6125_hotmail.com,+91 838444126,Male,26,Hyderabad,South,New,2023-06-26
6126,Charles,Chauhan,cust6126_yahoo.com,+91 893505755,Female,52,Kochi,South,VIP,2026-03-19
6127,Zayyan,Dhar,cust6127_hotmail.com,+91 738588109,Female,36,Chennai,South,Occasional,2025-10-07
6128,Girik,Narasimhan,cust6128_gmail.com,+91 827266286,Other,20,Guwahati,East,Occasional,2025-03-04
6129,Saumya,Batra,cust6129_gmail.com,+91 949112749,Male,24,Bangalore,South,Regular,2023-11-07
6130,Chatura,Dugal,cust6130_yahoo.com,+91 738794947,Male,49,Pune,West,Regular,2025-01-09
6131,Chanchal,Basak,cust6131_yahoo.com,+91 755955133,Female,18,Chennai,South,Regular,2025-09-06
6132,Samar,Balasubramanian,cust6132_hotmail.com,+91 935512486,Male,41,Surat,West,Occasional,2023-03-16
6133,Azad,Vasa,cust6133_hotmail.com,+91 958848737,Female,34,Kochi,South,Occasional,2025-09-04
6134,Suhani,Dutta,cust6134_yahoo.com,+91 951972810,Other,22,Raipur,Central,Occasional,2023-04-12
6135,Noah,Sachdeva,cust6135_hotmail.com,+91 951353812,Female,25,Ahmedabad,West,Occasional,2023-08-22
6136,Chaman,Mistry,cust6136_hotmail.com,+91 850695419,Male,24,Guwahati,East,Occasional,2023-09-28
6137,Ayushman,Bahl,cust6137_yahoo.com,+91 863509335,Male,30,Chandigarh,North,Occasional,2024-05-21
6138,Zaitra,Tripathi,cust6138_hotmail.com,+91 722447365,Other,22,Bangalore,South,Regular,2023-08-17
6139,Harinakshi,Gour,cust6139_hotmail.com,+91 868105874,Other,37,Chennai,South,Occasional,2025-06-19
6140,Unni,Majumdar,cust6140_gmail.com,+91 996366132,Male,42,Mumbai,West,Regular,2025-10-01
6141,Oni,Zacharia,cust6141_gmail.com,+91 822285534,Female,45,Surat,West,Occasional,2023-04-27
6142,Isaiah,Rajan,cust6142_gmail.com,+91 838456203,Female,27,Mumbai,West,Occasional,2024-10-19
6143,Urmi,Ravi,cust6143_yahoo.com,+91 782321326,Female,34,Ahmedabad,West,Occasional,2023-09-24
6144,Alexander,Bali,cust6144_hotmail.com,+91 752809644,Female,24,Surat,West,Regular,2023-07-25
6145,Anay,Khatri,cust6145_hotmail.com,+91 872510137,Other,36,Bangalore,South,Occasional,2023-07-27
6146,Tanmayi,Bhandari,cust6146_hotmail.com,+91 895881543,Other,20,Guwahati,East,Regular,2023-07-06
6147,Parth,Sama,cust6147_gmail.com,+91 843199419,Male,39,Bhopal,Central,Regular,2026-03-22
6148,Aishani,Mand,cust6148_yahoo.com,+91 936621701,Other,24,Raipur,Central,Regular,2025-11-10
6149,Eshana,Raj,cust6149_hotmail.com,+91 986329584,Female,28,Bangalore,South,Occasional,2023-12-06
6150,Qarin,Kulkarni,cust6150_yahoo.com,+91 720878851,Other,20,Bangalore,South,Occasional,2025-10-08
6151,Vedhika,Ahuja,cust6151_gmail.com,+91 943945369,Female,43,Raipur,Central,Occasional,2025-03-21
6152,Advay,Merchant,cust6152_hotmail.com,+91 710568164,Male,49,Guwahati,East,Regular,2023-10-05
6153,Luke,Misra,cust6153_gmail.com,+91 842957217,Other,57,Chandigarh,North,Occasional,2025-10-18
6154,Kashvi,Kale,cust6154_yahoo.com,+91 895184616,Other,60,Kochi,South,Occasional,2025-10-18
6155,Anirudh,Chana,cust6155_gmail.com,+91 783669789,Female,44,New Delhi,North,Regular,2025-07-15
6156,Tara,Patla,cust6156_gmail.com,+91 783166696,Female,52,Lucknow,North,Occasional,2023-12-13
6157,Qadim,Lata,cust6157_hotmail.com,+91 725592395,Other,25,Nagpur,Central,Regular,2023-01-14
6158,Nidhi,Bhargava,cust6158_gmail.com,+91 849129403,Male,37,Pune,West,Regular,2024-12-02
6159,Krisha,Sen,cust6159_gmail.com,+91 952972962,Other,47,Hyderabad,South,Occasional,2025-08-05
6160,Chaaya,Kibe,cust6160_yahoo.com,+91 924150861,Male,30,Kochi,South,Regular,2023-07-24
6161,Kiaan,Morar,cust6161_gmail.com,+91 982219137,Male,16,Pune,West,Regular,2024-05-09
6162,Isha,Kapadia,cust6162_hotmail.com,+91 814954876,Female,22,Bhopal,Central,New,2024-06-30
6163,Pavani,Kumer,cust6163_hotmail.com,+91 993683688,Female,55,Chennai,South,Regular,2026-04-01
6164,Fariq,Walia,cust6164_yahoo.com,+91 793442153,Male,47,Kochi,South,VIP,2026-03-17
6165,Jhalak,Mallick,cust6165_hotmail.com,+91 816374792,Female,23,Raipur,Central,Occasional,2026-05-11
6166,Xavier,Ratta,cust6166_hotmail.com,+91 737429385,Other,57,Surat,West,VIP,2023-01-26
6167,Yashvi,Din,cust6167_gmail.com,+91 993640262,Male,29,Bhubaneswar,East,New,2024-02-27
6168,Siya,Tara,cust6168_gmail.com,+91 972507737,Other,57,Nagpur,Central,VIP,2024-07-01
6169,Kala,Malhotra,cust6169_hotmail.com,+91 946177279,Other,20,Bhubaneswar,East,Regular,2025-03-15
6170,Nirja,Doshi,cust6170_gmail.com,+91 887758309,Male,46,Surat,West,VIP,2024-09-13
6171,Vihaan,Sangha,cust6171_gmail.com,+91 738442242,Female,40,Patna,East,Regular,2023-07-17
6172,Neha,Sheth,cust6172_hotmail.com,+91 741966630,Male,49,Kochi,South,Regular,2024-08-15
6173,Nikita,Mander,cust6173_hotmail.com,+91 830957735,Male,47,Surat,West,Regular,2026-04-19
6174,Kai,Pradhan,cust6174_hotmail.com,+91 815856920,Other,18,Ahmedabad,West,Occasional,2023-04-25
6175,Vedhika,Ghosh,cust6175_gmail.com,+91 858687724,Male,32,Surat,West,Occasional,2024-04-27
6176,Chandresh,Kunda,cust6176_gmail.com,+91 915225545,Female,42,Nagpur,Central,Occasional,2026-03-08
6177,Lila,Gour,cust6177_gmail.com,+91 877717440,Female,29,Raipur,Central,Occasional,2025-07-28
6178,Kabir,Apte,cust6178_yahoo.com,+91 788314142,Female,29,Surat,West,Occasional,2024-09-30
6179,Mitali,Bora,cust6179_yahoo.com,+91 812353903,Male,49,Jaipur,North,New,2024-10-09
6180,Nikita,Goel,cust6180_gmail.com,+91 866757912,Other,33,Kolkata,East,New,2025-06-03
6181,Krishna,Dubey,cust6181_hotmail.com,+91 767854637,Other,15,Kochi,South,Occasional,2024-06-19
6182,Yug,Kale,cust6182_yahoo.com,+91 780543429,Female,49,Kolkata,East,New,2026-02-19
6183,Vansha,Ratta,cust6183_hotmail.com,+91 824806250,Female,17,Chandigarh,North,Regular,2026-03-13
6184,Ucchal,Tandon,cust6184_yahoo.com,+91 858425544,Female,39,Bhubaneswar,East,Regular,2025-03-10
6185,Rachit,Pradhan,cust6185_yahoo.com,+91 780783873,Female,22,Patna,East,Regular,2025-08-07
6186,Charvi,Dara,cust6186_gmail.com,+91 732315981,Other,18,Bhopal,Central,New,2023-01-20
6187,Orinder,Bawa,cust6187_hotmail.com,+91 772708867,Male,51,Bangalore,South,Occasional,2024-01-31
6188,Yatin,Chandran,cust6188_yahoo.com,+91 978556676,Female,60,Bangalore,South,Occasional,2024-01-26
6189,Ranveer,Chad,cust6189_gmail.com,+91 739305443,Male,43,Kolkata,East,Occasional,2023-11-07
6190,Neha,Anne,cust6190_gmail.com,+91 890582825,Other,37,Bhopal,Central,Occasional,2023-07-15
6191,Ekalinga,Mann,cust6191_yahoo.com,+91 785952796,Other,54,Jaipur,North,Regular,2023-01-07
6192,Unnati,Rastogi,cust6192_gmail.com,+91 736554114,Male,33,Bangalore,South,Regular,2023-03-19
6193,Ekalinga,Mody,cust6193_hotmail.com,+91 794665429,Other,18,Bhubaneswar,East,New,2025-08-16
6194,Utkarsh,Bandi,cust6194_yahoo.com,+91 920182331,Other,53,Bhubaneswar,East,Regular,2025-10-09
6195,Ekavir,Kalla,cust6195_yahoo.com,+91 964866419,Female,54,Hyderabad,South,Regular,2026-02-09
6196,Anay,Jayaraman,cust6196_hotmail.com,+91 721344661,Other,15,Kochi,South,Occasional,2023-07-03
6197,Warhi,Nagy,cust6197_gmail.com,+91 740544867,Other,44,Hyderabad,South,Occasional,2025-06-12
6198,Upma,Deo,cust6198_gmail.com,+91 817390610,Male,58,Kochi,South,Regular,2025-09-14
6199,Radhika,Narang,cust6199_hotmail.com,+91 821785837,Female,35,Nagpur,Central,Occasional,2025-07-07
6200,Chameli,Dutta,cust6200_hotmail.com,+91 711507816,Other,54,Indore,Central,Occasional,2024-08-19
6201,Krishna,Minhas,cust6201_gmail.com,+91 718860735,Male,46,Hyderabad,South,Occasional,2026-05-05
6202,Matthew,Bhakta,cust6202_hotmail.com,+91 976694315,Other,56,Nagpur,Central,Occasional,2024-05-26
6203,Vivaan,Nayar,cust6203_gmail.com,+91 981713912,Male,48,New Delhi,North,Occasional,2023-10-11
6204,Vedhika,Sandhu,cust6204_yahoo.com,+91 728844916,Male,24,Chandigarh,North,Occasional,2023-02-18
6205,Harsh,Lal,cust6205_hotmail.com,+91 876342920,Other,17,Bhubaneswar,East,Regular,2025-08-03
6206,Nandini,Dass,cust6206_hotmail.com,+91 775648308,Male,34,Ahmedabad,West,Occasional,2025-08-21
6207,Bahadurjit,Pingle,cust6207_yahoo.com,+91 841597398,Male,23,Ahmedabad,West,Regular,2026-04-21
6208,Karan,Agrawal,cust6208_gmail.com,+91 952662369,Female,45,Mumbai,West,Occasional,2025-04-09
6209,Janya,Korpal,cust6209_hotmail.com,+91 926619786,Male,55,Jaipur,North,Regular,2025-01-06
6210,Saumya,Rege,cust6210_yahoo.com,+91 818711986,Female,20,New Delhi,North,VIP,2023-01-05
6211,Qushi,Nath,cust6211_yahoo.com,+91 932345417,Other,20,Kochi,South,VIP,2023-06-06
6212,Bina,Ahuja,cust6212_yahoo.com,+91 815429721,Male,58,Chennai,South,Regular,2023-08-26
6213,Damyanti,Swaminathan,cust6213_yahoo.com,+91 764959673,Female,33,New Delhi,North,Regular,2024-01-21
6214,Nihal,Nadkarni,cust6214_gmail.com,+91 896652725,Female,41,Chandigarh,North,Regular,2023-07-07
6215,Rishi,Subramaniam,cust6215_hotmail.com,+91 966818291,Other,51,Guwahati,East,New,2023-04-23
6216,Diya,Ravel,cust6216_gmail.com,+91 785604475,Female,60,Bangalore,South,Occasional,2025-08-19
6217,Charles,Taneja,cust6217_yahoo.com,+91 949164148,Male,16,New Delhi,North,Occasional,2023-01-20
6218,Ronith,Gara,cust6218_gmail.com,+91 932316148,Other,39,Chennai,South,Regular,2025-02-09
6219,Inaya,Bhatia,cust6219_gmail.com,+91 930965959,Female,35,Chandigarh,North,New,2025-02-10
6220,Gabriel,Gola,cust6220_gmail.com,+91 913143417,Other,53,Pune,West,New,2024-10-12
6221,Gauri,Bobal,cust6221_hotmail.com,+91 882124482,Female,17,Lucknow,North,Occasional,2023-08-16
6222,Zaitra,Sule,cust6222_gmail.com,+91 770866114,Other,31,Nagpur,Central,Regular,2023-11-05
6223,Tripti,Baria,cust6223_gmail.com,+91 712636948,Female,43,Lucknow,North,Occasional,2023-11-23
6224,Qarin,Memon,cust6224_yahoo.com,+91 838264269,Male,48,Bhubaneswar,East,New,2024-04-08
6225,Saumya,Mangat,cust6225_hotmail.com,+91 796296429,Male,50,Mumbai,West,Occasional,2024-03-03
6226,Aadi,Madan,cust6226_yahoo.com,+91 771866588,Male,15,Bangalore,South,VIP,2025-08-03
6227,Atharv,Sawhney,cust6227_hotmail.com,+91 927303438,Female,16,Hyderabad,South,Regular,2024-10-31
6228,Ojasvi,Dave,cust6228_gmail.com,+91 757584154,Other,47,Bhubaneswar,East,New,2025-04-10
6229,Dominic,Ahluwalia,cust6229_hotmail.com,+91 960973136,Male,31,Bhopal,Central,Regular,2024-05-04
6230,Odika,Nagy,cust6230_gmail.com,+91 845325928,Male,60,Lucknow,North,Regular,2024-12-31
6231,Ekbal,Sinha,cust6231_hotmail.com,+91 895422563,Female,33,Jaipur,North,Occasional,2026-04-22
6232,Ishanvi,Chakraborty,cust6232_yahoo.com,+91 717378936,Male,16,Pune,West,Regular,2023-02-22
6233,William,Ganesan,cust6233_hotmail.com,+91 774221468,Other,57,Lucknow,North,Occasional,2025-12-15
6234,Idika,Brar,cust6234_yahoo.com,+91 765228716,Female,24,Pune,West,Regular,2025-07-10
6235,Leela,Hans,cust6235_yahoo.com,+91 986923711,Other,32,Indore,Central,Occasional,2024-06-30
6236,Ethan,Pandya,cust6236_hotmail.com,+91 835343318,Male,19,Nagpur,Central,Regular,2023-02-27
6237,Hemangini,Pal,cust6237_hotmail.com,+91 958858980,Other,37,Bhopal,Central,Regular,2023-01-03
6238,Farhan,Chandran,cust6238_yahoo.com,+91 730240109,Other,55,Nagpur,Central,Occasional,2026-02-26
6239,Abha,Madan,cust6239_hotmail.com,+91 948873607,Other,58,Pune,West,Occasional,2024-12-02
6240,Manya,Pau,cust6240_gmail.com,+91 818317979,Other,26,Kochi,South,New,2026-05-28
6241,Jackson,Rao,cust6241_gmail.com,+91 779293799,Female,38,Surat,West,New,2025-07-24
6242,Vyanjana,Solanki,cust6242_gmail.com,+91 824744271,Female,17,Indore,Central,Regular,2025-10-01
6243,Bhavani,Apte,cust6243_hotmail.com,+91 885618331,Other,32,Mumbai,West,VIP,2023-03-20
6244,Advik,Mukhopadhyay,cust6244_yahoo.com,+91 993531746,Male,18,Guwahati,East,Regular,2024-01-17
6245,Jacob,Zacharia,cust6245_yahoo.com,+91 840416952,Male,53,Jaipur,North,Occasional,2024-04-29
6246,Yuvraj,Doctor,cust6246_gmail.com,+91 757468326,Male,56,Patna,East,Occasional,2023-01-29
6247,Arjun,Kadakia,cust6247_hotmail.com,+91 723606435,Female,23,Raipur,Central,Occasional,2023-05-07
6248,Meera,Dyal,cust6248_hotmail.com,+91 794262361,Male,16,Raipur,Central,New,2024-08-17
6249,Balveer,Khare,cust6249_hotmail.com,+91 883302605,Male,60,New Delhi,North,Regular,2026-02-10
6250,Mohini,Mallick,cust6250_hotmail.com,+91 753139754,Other,17,Indore,Central,Regular,2024-07-31
6251,Ansh,Saxena,cust6251_hotmail.com,+91 811787643,Other,52,Raipur,Central,Regular,2025-12-13
6252,Advik,Doshi,cust6252_yahoo.com,+91 754183743,Male,50,Bhubaneswar,East,New,2025-04-19
6253,Nakul,Nigam,cust6253_gmail.com,+91 833213751,Female,34,Jaipur,North,Occasional,2024-05-14
6254,Barkha,Sarkar,cust6254_hotmail.com,+91 839826385,Male,33,Nagpur,Central,Regular,2024-08-16
6255,Samuel,Jani,cust6255_hotmail.com,+91 989526726,Female,27,Bhopal,Central,Occasional,2025-07-21
6256,Hema,Sahni,cust6256_gmail.com,+91 820955919,Female,38,Bangalore,South,Occasional,2024-01-03
6257,Christopher,Gupta,cust6257_hotmail.com,+91 834854857,Female,29,Kolkata,East,VIP,2023-11-07
6258,Charita,Lall,cust6258_gmail.com,+91 881214470,Other,51,Chennai,South,Occasional,2024-12-28
6259,Yashica,Bera,cust6259_yahoo.com,+91 876581399,Other,33,Bhopal,Central,Regular,2025-02-20
6260,Brijesh,Tiwari,cust6260_hotmail.com,+91 890111246,Male,53,Patna,East,VIP,2025-01-27
6261,Vasudha,Basak,cust6261_hotmail.com,+91 797915107,Other,29,New Delhi,North,Occasional,2025-07-29
6262,Benjamin,Dalal,cust6262_hotmail.com,+91 811603452,Other,38,New Delhi,North,New,2023-09-19
6263,George,Zachariah,cust6263_hotmail.com,+91 763320358,Male,47,Guwahati,East,Regular,2025-12-22
6264,Baghyawati,Kapadia,cust6264_gmail.com,+91 837408367,Male,55,Pune,West,New,2025-12-12
6265,Ryan,Dhillon,cust6265_yahoo.com,+91 928334667,Male,24,Ahmedabad,West,Occasional,2023-05-23
6266,Harish,Char,cust6266_yahoo.com,+91 739568768,Female,20,Indore,Central,Occasional,2024-08-11
6267,Anya,Nigam,cust6267_hotmail.com,+91 728596224,Female,34,Mumbai,West,Regular,2025-04-14
6268,Hemal,Gaba,cust6268_yahoo.com,+91 778412545,Female,48,Ahmedabad,West,Occasional,2023-03-15
6269,Quincy,Dar,cust6269_gmail.com,+91 736987270,Male,27,Kochi,South,Occasional,2024-01-10
6270,Neha,Bali,cust6270_yahoo.com,+91 749724367,Female,30,Hyderabad,South,New,2025-07-11
6271,Nathan,Din,cust6271_gmail.com,+91 813263488,Other,37,Kochi,South,Regular,2024-12-07
6272,Upkaar,Singhal,cust6272_hotmail.com,+91 881151269,Female,30,Pune,West,Occasional,2024-05-02
6273,Vamakshi,Sood,cust6273_yahoo.com,+91 922616462,Male,56,Bangalore,South,Regular,2023-01-11
6274,Arya,Minhas,cust6274_yahoo.com,+91 997905195,Female,31,Indore,Central,Regular,2024-07-18
6275,Dakshesh,Wali,cust6275_hotmail.com,+91 772751892,Female,32,Bhopal,Central,New,2026-02-02
6276,Laksh,Hegde,cust6276_gmail.com,+91 873193646,Other,56,Lucknow,North,Occasional,2025-11-20
6277,Devansh,Mann,cust6277_yahoo.com,+91 814516253,Male,19,Jaipur,North,Occasional,2024-11-20
6278,Ethan,Nori,cust6278_hotmail.com,+91 754366548,Male,27,Kolkata,East,Occasional,2026-03-04
6279,Anita,Sama,cust6279_yahoo.com,+91 751429455,Male,59,Kochi,South,Regular,2024-01-14
6280,Nikita,Deo,cust6280_yahoo.com,+91 792461574,Female,44,Mumbai,West,Occasional,2024-08-24
6281,Yuvraj,Narain,cust6281_hotmail.com,+91 842678238,Other,24,Indore,Central,Occasional,2023-10-07
6282,Keya,Agate,cust6282_yahoo.com,+91 827645749,Female,38,Kochi,South,Occasional,2026-03-24
6283,Agastya,Devi,cust6283_hotmail.com,+91 775875963,Other,26,Mumbai,West,Occasional,2023-12-27
6284,Ethan,Warrior,cust6284_yahoo.com,+91 967381482,Female,41,Bhubaneswar,East,Regular,2024-08-20
6285,Kai,Prakash,cust6285_yahoo.com,+91 772539991,Female,27,Bhopal,Central,New,2023-01-26
6286,Saumya,Ahuja,cust6286_gmail.com,+91 835482873,Female,29,Patna,East,Regular,2025-05-12
6287,Zansi,Rattan,cust6287_gmail.com,+91 841154611,Female,18,Bangalore,South,Occasional,2024-08-26
6288,Charles,Ramaswamy,cust6288_gmail.com,+91 712363275,Other,49,Lucknow,North,New,2024-05-28
6289,Meghana,Randhawa,cust6289_gmail.com,+91 718150281,Male,40,Patna,East,Regular,2023-03-06
6290,Abhiram,Prabhakar,cust6290_gmail.com,+91 843799398,Female,53,Surat,West,Regular,2024-11-05
6291,Gagan,Sanghvi,cust6291_yahoo.com,+91 828201509,Male,16,Guwahati,East,Occasional,2023-07-20
6292,Jai,Apte,cust6292_gmail.com,+91 985567924,Male,32,Mumbai,West,Occasional,2023-01-13
6293,Caleb,Dani,cust6293_gmail.com,+91 936372727,Other,59,Bhopal,Central,New,2025-06-30
6294,Warjas,Balakrishnan,cust6294_gmail.com,+91 935472324,Female,54,Bhubaneswar,East,Occasional,2023-04-02
6295,Krishna,Bajaj,cust6295_hotmail.com,+91 751398253,Male,60,Surat,West,Occasional,2024-07-20
6296,Harinakshi,Dugar,cust6296_hotmail.com,+91 777651717,Female,56,Kochi,South,New,2024-02-12
6297,Triveni,Prabhakar,cust6297_hotmail.com,+91 736541166,Male,52,Guwahati,East,Regular,2023-11-07
6298,Jeevika,Kashyap,cust6298_gmail.com,+91 728223818,Male,56,Guwahati,East,Regular,2024-12-27
6299,Rachit,Ramanathan,cust6299_gmail.com,+91 818405371,Other,46,Bhubaneswar,East,Regular,2025-06-11
6300,Qushi,Bassi,cust6300_gmail.com,+91 838329553,Female,39,Bangalore,South,Occasional,2023-03-18
6301,Ikshita,Tailor,cust6301_yahoo.com,+91 827571508,Other,24,Kolkata,East,Occasional,2024-12-20
6302,Ekanta,Kurian,cust6302_yahoo.com,+91 894151871,Other,40,Pune,West,Regular,2025-10-24
6303,Laksh,Bassi,cust6303_yahoo.com,+91 932312825,Other,28,Chandigarh,North,Occasional,2025-09-05
6304,Baghyawati,Mangal,cust6304_yahoo.com,+91 972872309,Female,57,Indore,Central,Occasional,2024-03-20
6305,Yoshita,Chana,cust6305_gmail.com,+91 719211615,Other,44,Patna,East,Occasional,2023-12-16
6306,Amol,Dara,cust6306_hotmail.com,+91 892981687,Male,48,Chandigarh,North,Regular,2025-05-15
6307,Lopa,Pall,cust6307_hotmail.com,+91 924149461,Other,58,Chennai,South,Occasional,2025-05-01
6308,Siddharth,Mander,cust6308_yahoo.com,+91 848899521,Male,48,Raipur,Central,Regular,2024-06-28
6309,Ganga,Rao,cust6309_yahoo.com,+91 867731792,Other,31,New Delhi,North,Regular,2026-03-29
6310,Oliver,Prabhakar,cust6310_gmail.com,+91 792508894,Other,56,Bhopal,Central,Regular,2023-09-01
6311,Wakeeta,Talwar,cust6311_gmail.com,+91 988141657,Other,43,Patna,East,Occasional,2023-07-11
6312,Nikita,Rai,cust6312_gmail.com,+91 839762925,Other,42,Kochi,South,Occasional,2024-05-04
6313,Nilima,Chauhan,cust6313_yahoo.com,+91 789484494,Female,29,Guwahati,East,New,2023-12-31
6314,Dayita,Sampath,cust6314_gmail.com,+91 811118909,Male,43,Kochi,South,Regular,2023-08-05
6315,Advaith,Minhas,cust6315_yahoo.com,+91 981382216,Male,60,Lucknow,North,Regular,2024-11-26
6316,Mitesh,Sama,cust6316_yahoo.com,+91 916200167,Other,44,Bhopal,Central,Regular,2025-09-21
6317,Karan,Hegde,cust6317_yahoo.com,+91 970711112,Male,46,Hyderabad,South,Regular,2023-01-25
6318,Dev,Pau,cust6318_hotmail.com,+91 932482524,Male,60,Raipur,Central,VIP,2026-05-27
6319,Avi,Bobal,cust6319_yahoo.com,+91 780756103,Male,23,Bhubaneswar,East,New,2024-07-21
6320,Aayush,Bir,cust6320_yahoo.com,+91 732795408,Male,33,Indore,Central,Occasional,2023-11-06
6321,Gautam,Sampath,cust6321_yahoo.com,+91 851194584,Other,59,Kolkata,East,Occasional,2023-12-24
6322,Diya,Sampath,cust6322_gmail.com,+91 833969513,Female,37,Raipur,Central,New,2023-05-26
6323,Ria,Bhatia,cust6323_yahoo.com,+91 977305301,Male,51,Lucknow,North,Regular,2024-06-22
6324,Praneel,Kumer,cust6324_yahoo.com,+91 983828221,Male,26,Nagpur,Central,Occasional,2023-07-20
6325,Shaurya,Korpal,cust6325_hotmail.com,+91 842689671,Female,38,Indore,Central,Regular,2023-04-27
6326,Damyanti,Sathe,cust6326_hotmail.com,+91 750681666,Female,31,Pune,West,New,2024-05-22
6327,Daksh,Prashad,cust6327_yahoo.com,+91 848579258,Other,18,Kolkata,East,Occasional,2024-02-17
6328,Jasmit,Kala,cust6328_gmail.com,+91 898435925,Female,24,Kochi,South,Occasional,2026-02-11
6329,Ekaja,Sibal,cust6329_hotmail.com,+91 942582213,Other,47,Guwahati,East,Occasional,2025-11-22
6330,Eiravati,Sharma,cust6330_gmail.com,+91 915601337,Female,60,Chandigarh,North,Regular,2023-03-26
6331,Fariq,Vohra,cust6331_hotmail.com,+91 882582581,Male,40,New Delhi,North,Regular,2025-06-08
6332,Mitali,Saran,cust6332_hotmail.com,+91 711125763,Male,30,New Delhi,North,Occasional,2025-06-13
6333,Nidhi,Kala,cust6333_yahoo.com,+91 775270239,Male,30,Bhubaneswar,East,Regular,2024-04-11
6334,Lipika,Dasgupta,cust6334_hotmail.com,+91 949203269,Male,31,Hyderabad,South,New,2024-05-27
6335,Robert,Naidu,cust6335_hotmail.com,+91 923251858,Other,16,Patna,East,Regular,2024-01-01
6336,Warda,Lalla,cust6336_hotmail.com,+91 823181293,Other,51,Mumbai,West,Occasional,2025-08-01
6337,Triveni,Randhawa,cust6337_hotmail.com,+91 752811420,Female,21,Ahmedabad,West,Regular,2025-11-07
6338,Kavya,Sidhu,cust6338_gmail.com,+91 988673325,Female,41,Bhubaneswar,East,Regular,2023-01-11
6339,Quincy,Kibe,cust6339_hotmail.com,+91 993996280,Male,41,Nagpur,Central,Regular,2026-04-14
6340,Vanya,Som,cust6340_hotmail.com,+91 972256160,Female,57,Raipur,Central,Occasional,2025-12-14
6341,Alka,Konda,cust6341_gmail.com,+91 711515203,Other,34,Lucknow,North,Regular,2023-05-18
6342,Harish,Grewal,cust6342_gmail.com,+91 989396563,Other,17,Chennai,South,Occasional,2025-09-24
6343,Jagvi,Sankaran,cust6343_yahoo.com,+91 983846859,Female,50,Indore,Central,Regular,2023-02-09
6344,Teerth,Gupta,cust6344_gmail.com,+91 819161364,Male,34,Bhopal,Central,Occasional,2024-01-11
6345,Varenya,Kala,cust6345_hotmail.com,+91 738775532,Other,31,Kolkata,East,Regular,2025-12-08
6346,Shivansh,Ravel,cust6346_yahoo.com,+91 978640578,Female,47,Indore,Central,Regular,2023-07-27
6347,Balveer,Grewal,cust6347_hotmail.com,+91 728759921,Other,44,Jaipur,North,Occasional,2024-02-07
6348,Ekanta,Khatri,cust6348_gmail.com,+91 795654860,Female,46,Kolkata,East,Regular,2023-07-27
6349,Triveni,Puri,cust6349_hotmail.com,+91 942284957,Male,51,Nagpur,Central,Regular,2024-09-05
6350,Rachit,Kuruvilla,cust6350_gmail.com,+91 969849879,Other,46,Jaipur,North,Regular,2025-07-11
6351,Urvashi,Khalsa,cust6351_hotmail.com,+91 821362783,Male,27,Indore,Central,Regular,2024-11-13
6352,Nathaniel,Kapur,cust6352_hotmail.com,+91 825903108,Other,31,Bhubaneswar,East,Occasional,2026-01-06
6353,Hamsini,Dhaliwal,cust6353_gmail.com,+91 799991799,Male,50,Hyderabad,South,New,2025-04-10
6354,William,Gopal,cust6354_gmail.com,+91 998294328,Male,31,Surat,West,Occasional,2023-08-01
6355,Girindra,Krishnamurthy,cust6355_hotmail.com,+91 748979271,Other,20,Indore,Central,VIP,2025-06-12
6356,Dhruv,Sampath,cust6356_hotmail.com,+91 860579422,Other,46,Surat,West,Regular,2023-01-01
6357,Vedant,Gill,cust6357_hotmail.com,+91 942211441,Other,41,Mumbai,West,VIP,2023-10-21
6358,Chaaya,Devi,cust6358_gmail.com,+91 838253218,Male,52,Bangalore,South,Regular,2024-03-09
6359,Warda,Bobal,cust6359_hotmail.com,+91 999508216,Female,44,Chennai,South,Regular,2024-04-06
6360,Manthan,Andra,cust6360_hotmail.com,+91 936824138,Other,17,Chennai,South,Occasional,2025-07-07
6361,Garima,Nagi,cust6361_gmail.com,+91 829601315,Male,32,Bhubaneswar,East,VIP,2025-01-20
6362,Amruta,Oommen,cust6362_gmail.com,+91 824332892,Female,26,Raipur,Central,Regular,2024-05-24
6363,Dakshesh,Savant,cust6363_yahoo.com,+91 780756871,Female,52,New Delhi,North,Regular,2024-08-27
6364,Ekaraj,Jaggi,cust6364_hotmail.com,+91 929248177,Male,29,Bhopal,Central,Regular,2024-11-08
6365,Jeet,Balan,cust6365_gmail.com,+91 951906816,Female,17,Kolkata,East,Regular,2023-12-10
6366,Maya,Mane,cust6366_gmail.com,+91 831734405,Male,27,Raipur,Central,VIP,2026-01-18
6367,Mohammed,Gour,cust6367_yahoo.com,+91 852226241,Male,51,Kochi,South,Regular,2023-11-28
6368,Matthew,Dave,cust6368_yahoo.com,+91 928649849,Other,36,Chandigarh,North,Regular,2025-08-29
6369,Unni,Sibal,cust6369_gmail.com,+91 940222488,Other,17,Guwahati,East,Occasional,2024-11-29
6370,Faqid,Sachdeva,cust6370_hotmail.com,+91 835847834,Other,33,Kochi,South,Occasional,2023-11-13
6371,Bahadurjit,Rao,cust6371_yahoo.com,+91 960863197,Female,23,Guwahati,East,Occasional,2025-02-25
6372,Vanya,Bala,cust6372_yahoo.com,+91 850903892,Other,25,Chandigarh,North,New,2024-04-09
6373,Sarthak,Pathak,cust6373_gmail.com,+91 952317180,Other,40,New Delhi,North,New,2023-01-06
6374,Kritika,Banerjee,cust6374_yahoo.com,+91 880801445,Female,54,Surat,West,Regular,2024-01-05
6375,Dhriti,Gara,cust6375_hotmail.com,+91 724949233,Female,53,Jaipur,North,Regular,2025-08-12
6376,Daksha,Deshmukh,cust6376_hotmail.com,+91 831971317,Male,50,Indore,Central,Occasional,2025-02-21
6377,Frado,Barad,cust6377_hotmail.com,+91 889509427,Female,59,Pune,West,Occasional,2024-03-22
6378,Chameli,Bera,cust6378_gmail.com,+91 951430367,Male,49,Ahmedabad,West,Occasional,2025-01-04
6379,Anamika,Badami,cust6379_hotmail.com,+91 916413346,Female,52,Mumbai,West,Occasional,2025-02-09
6380,Radha,Solanki,cust6380_yahoo.com,+91 979987411,Other,32,Bhubaneswar,East,Occasional,2025-10-03
6381,Oliver,Sangha,cust6381_yahoo.com,+91 884874135,Male,51,Kolkata,East,Occasional,2025-02-25
6382,Lakshit,Prabhu,cust6382_hotmail.com,+91 896759235,Male,21,Nagpur,Central,New,2024-10-14
6383,Qushi,Dutta,cust6383_gmail.com,+91 773576610,Male,27,Indore,Central,VIP,2023-01-04
6384,Yash,Ravel,cust6384_gmail.com,+91 712266693,Female,29,Indore,Central,Regular,2023-03-04
6385,Ishanvi,Raval,cust6385_yahoo.com,+91 754244677,Female,46,Guwahati,East,Occasional,2025-02-28
6386,Ekavir,Mandal,cust6386_hotmail.com,+91 822822896,Other,24,Pune,West,New,2024-10-01
6387,Amara,Murty,cust6387_hotmail.com,+91 757325354,Male,23,Kolkata,East,Occasional,2024-11-26
6388,Sathvik,Chawla,cust6388_hotmail.com,+91 912411876,Other,20,Nagpur,Central,Regular,2025-01-24
6389,Vedhika,Mall,cust6389_hotmail.com,+91 722231787,Male,22,Bhubaneswar,East,Regular,2023-12-05
6390,Faras,Kurian,cust6390_hotmail.com,+91 849762626,Other,37,Ahmedabad,West,VIP,2026-05-11
6391,Yashawini,Sane,cust6391_gmail.com,+91 712794807,Other,19,Surat,West,Regular,2026-01-01
6392,Divya,Murthy,cust6392_gmail.com,+91 823352593,Male,46,Indore,Central,Occasional,2025-07-04
6393,Sarthak,Dhar,cust6393_yahoo.com,+91 991745442,Male,21,Patna,East,Occasional,2024-03-14
6394,Rajata,Minhas,cust6394_gmail.com,+91 773276158,Female,34,Kolkata,East,VIP,2026-04-19
6395,Karan,Kapadia,cust6395_hotmail.com,+91 848120205,Male,25,Chennai,South,VIP,2023-07-18
6396,Lakshmi,Chaudhuri,cust6396_gmail.com,+91 991993310,Female,56,Nagpur,Central,Occasional,2024-02-04
6397,Naksh,Walla,cust6397_hotmail.com,+91 853473943,Male,17,Kochi,South,Regular,2023-06-06
6398,Hemang,Narayan,cust6398_hotmail.com,+91 720263641,Female,42,Indore,Central,Occasional,2023-04-26
6399,Harinakshi,Kari,cust6399_yahoo.com,+91 854492400,Female,40,Guwahati,East,New,2024-03-23
6400,Aayush,Bora,cust6400_gmail.com,+91 736881254,Female,17,Bhopal,Central,Occasional,2023-01-26
6401,Shravya,Sarkar,cust6401_hotmail.com,+91 955295187,Female,52,Indore,Central,New,2025-11-30
6402,Nihal,Devan,cust6402_gmail.com,+91 970932134,Other,19,Indore,Central,Occasional,2025-12-21
6403,Daksha,Tank,cust6403_yahoo.com,+91 817902743,Other,60,Kolkata,East,Regular,2025-07-07
6404,Neel,Om,cust6404_yahoo.com,+91 869651899,Female,29,Hyderabad,South,Regular,2023-09-26
6405,Triya,Thaman,cust6405_hotmail.com,+91 813620929,Male,48,Bhubaneswar,East,Occasional,2026-01-15
6406,Devansh,Varghese,cust6406_hotmail.com,+91 935739520,Female,51,Hyderabad,South,Regular,2025-02-02
6407,Lohit,Dave,cust6407_gmail.com,+91 837252355,Other,46,Surat,West,Regular,2025-03-28
6408,Vasudha,Bhardwaj,cust6408_yahoo.com,+91 793188352,Other,29,Bhopal,Central,Regular,2024-11-30
6409,Bina,Bir,cust6409_yahoo.com,+91 961801729,Male,56,Chandigarh,North,Regular,2025-10-18
6410,Chandran,Rajagopalan,cust6410_hotmail.com,+91 929558358,Female,38,Lucknow,North,VIP,2025-03-22
6411,Ryan,Kumer,cust6411_hotmail.com,+91 895636271,Other,39,Surat,West,Regular,2023-04-30
6412,Kala,Rattan,cust6412_yahoo.com,+91 838743877,Male,48,Kolkata,East,Occasional,2025-09-24
6413,Anika,Raman,cust6413_gmail.com,+91 916289427,Female,40,Jaipur,North,Regular,2024-12-27
6414,Ekta,Varma,cust6414_yahoo.com,+91 865148406,Female,34,Raipur,Central,VIP,2026-03-15
6415,Sachi,Luthra,cust6415_hotmail.com,+91 828809793,Male,41,Chennai,South,Regular,2025-12-02
6416,Lila,Hans,cust6416_hotmail.com,+91 817362513,Male,34,Kochi,South,Regular,2026-04-18
6417,Wyatt,Aggarwal,cust6417_hotmail.com,+91 869502496,Male,59,Chandigarh,North,VIP,2025-04-21
6418,Mitesh,Jaggi,cust6418_yahoo.com,+91 788820592,Male,48,Pune,West,Regular,2024-11-21
6419,Chandresh,Bhargava,cust6419_hotmail.com,+91 887900329,Female,46,Surat,West,Regular,2023-07-05
6420,Omisha,Chacko,cust6420_yahoo.com,+91 932363272,Female,45,Patna,East,Occasional,2023-08-07
6421,Kevin,Amble,cust6421_gmail.com,+91 972755522,Other,21,Jaipur,North,Regular,2024-09-14
6422,Ekantika,Parekh,cust6422_yahoo.com,+91 730386954,Female,60,Bhopal,Central,Occasional,2024-10-12
6423,Shivani,Toor,cust6423_yahoo.com,+91 982714964,Female,33,Raipur,Central,Occasional,2026-02-11
6424,Ganga,Tata,cust6424_hotmail.com,+91 898974138,Other,41,Indore,Central,Occasional,2024-03-07
6425,Mohini,Naidu,cust6425_yahoo.com,+91 861192840,Female,15,Jaipur,North,Regular,2025-03-23
6426,Jagrati,Tak,cust6426_yahoo.com,+91 728431910,Female,48,Chandigarh,North,New,2026-03-13
6427,Orinder,Kumar,cust6427_yahoo.com,+91 713487971,Other,25,Nagpur,Central,Regular,2023-06-05
6428,Anvi,Ahluwalia,cust6428_gmail.com,+91 888298744,Female,59,Chandigarh,North,Occasional,2024-10-31
6429,Libni,Viswanathan,cust6429_yahoo.com,+91 733126444,Female,31,Raipur,Central,Regular,2023-03-23
6430,Oeshi,Wali,cust6430_gmail.com,+91 874531868,Other,34,Bangalore,South,Regular,2024-06-08
6431,Dakshesh,Parikh,cust6431_gmail.com,+91 884484241,Male,16,Kolkata,East,New,2024-03-28
6432,Lavanya,Pandit,cust6432_yahoo.com,+91 826603131,Male,40,Hyderabad,South,Regular,2024-10-06
6433,Hredhaan,Dube,cust6433_gmail.com,+91 879707438,Male,39,Bangalore,South,Occasional,2024-05-20
6434,Chasmum,Lad,cust6434_gmail.com,+91 756765169,Female,25,Chennai,South,Occasional,2024-02-03
6435,Yauvani,Sodhi,cust6435_yahoo.com,+91 982931525,Female,29,Lucknow,North,Occasional,2026-04-10
6436,Maanas,Jaggi,cust6436_gmail.com,+91 816447970,Male,17,Ahmedabad,West,VIP,2023-01-08
6437,Niharika,Warrior,cust6437_yahoo.com,+91 761758490,Other,41,Mumbai,West,VIP,2025-04-02
6438,Yauvani,Kaul,cust6438_yahoo.com,+91 882260756,Other,31,Indore,Central,Regular,2023-01-27
6439,Benjamin,Bhatt,cust6439_yahoo.com,+91 990623352,Female,25,Indore,Central,Regular,2024-12-31
6440,Yatan,Rege,cust6440_gmail.com,+91 724209521,Male,49,Surat,West,Occasional,2023-01-31
6441,Chanchal,Loyal,cust6441_gmail.com,+91 987783817,Male,26,Kolkata,East,Occasional,2023-03-12
6442,Yauvani,Sabharwal,cust6442_gmail.com,+91 987503458,Other,42,Lucknow,North,New,2023-11-26
6443,Chakradev,Natarajan,cust6443_hotmail.com,+91 880213883,Other,38,Indore,Central,New,2023-09-27
6444,Udant,Balasubramanian,cust6444_hotmail.com,+91 718423347,Female,50,Bhopal,Central,Regular,2023-03-17
6445,Arunima,Biswas,cust6445_gmail.com,+91 846704301,Other,33,Guwahati,East,Regular,2026-04-21
6446,Advik,Sant,cust6446_hotmail.com,+91 747758245,Male,42,Pune,West,New,2024-02-23
6447,Vamakshi,Sundaram,cust6447_hotmail.com,+91 865849987,Female,19,Bhubaneswar,East,Regular,2023-04-13
6448,Krishna,Mahajan,cust6448_yahoo.com,+91 992178518,Female,15,Ahmedabad,West,Occasional,2025-01-26
6449,Amruta,Choudhary,cust6449_gmail.com,+91 757549623,Other,46,Bhubaneswar,East,Occasional,2023-08-26
6450,Lopa,Madan,cust6450_hotmail.com,+91 770657261,Other,58,Kolkata,East,New,2024-07-17
6451,Chanchal,Nadkarni,cust6451_gmail.com,+91 990582332,Female,16,Kolkata,East,Regular,2023-01-21
6452,Samarth,Pandya,cust6452_yahoo.com,+91 886609848,Male,60,Indore,Central,Occasional,2024-12-21
6453,Vyanjana,Mistry,cust6453_hotmail.com,+91 785728537,Male,54,Patna,East,Occasional,2026-03-13
6454,Ekanta,Tara,cust6454_hotmail.com,+91 829208586,Female,33,Nagpur,Central,New,2023-01-22
6455,Udant,Krishnamurthy,cust6455_hotmail.com,+91 998659648,Other,32,Bhubaneswar,East,Regular,2025-09-19
6456,Gayathri,Bath,cust6456_gmail.com,+91 848962331,Other,59,Raipur,Central,Occasional,2023-01-30
6457,Rachana,Agarwal,cust6457_gmail.com,+91 857577689,Male,37,Bhubaneswar,East,New,2025-10-18
6458,Zashil,Madan,cust6458_gmail.com,+91 753748534,Other,60,Patna,East,Regular,2026-01-19
6459,Chaitanya,Kaul,cust6459_gmail.com,+91 777182452,Other,42,Raipur,Central,Regular,2025-10-07
6460,Logan,Natarajan,cust6460_hotmail.com,+91 730901592,Other,40,Jaipur,North,Regular,2024-07-03
6461,Anay,Sidhu,cust6461_gmail.com,+91 989390897,Other,53,Chandigarh,North,Regular,2024-03-11
6462,Mitesh,Baria,cust6462_gmail.com,+91 969796811,Female,39,Raipur,Central,Regular,2024-04-29
6463,Ria,Sharaf,cust6463_yahoo.com,+91 778909961,Female,20,Bhubaneswar,East,Occasional,2023-05-30
6464,Rajeshri,Sharma,cust6464_yahoo.com,+91 814694542,Male,21,Bhubaneswar,East,New,2024-03-19
6465,Jasmit,Comar,cust6465_hotmail.com,+91 824189922,Other,46,Raipur,Central,Regular,2025-08-05
6466,Ekalinga,Varghese,cust6466_yahoo.com,+91 762151256,Female,22,Chennai,South,VIP,2024-04-24
6467,Amara,Virk,cust6467_hotmail.com,+91 888525735,Male,41,Chandigarh,North,New,2026-02-20
6468,Saksham,Aggarwal,cust6468_hotmail.com,+91 940319279,Other,26,Kochi,South,Regular,2023-09-04
6469,Kai,Nagarajan,cust6469_hotmail.com,+91 782522915,Male,48,Kochi,South,Regular,2025-03-21
6470,Meghana,Varkey,cust6470_yahoo.com,+91 919872229,Other,17,Kochi,South,VIP,2025-03-18
6471,Osha,Dutt,cust6471_gmail.com,+91 868223479,Male,42,Guwahati,East,Occasional,2023-06-14
6472,Thomas,Ganguly,cust6472_yahoo.com,+91 730733946,Male,49,Surat,West,Regular,2025-10-01
6473,Jalsa,Puri,cust6473_hotmail.com,+91 847180999,Other,39,Nagpur,Central,Regular,2023-02-18
6474,Ati,Gandhi,cust6474_yahoo.com,+91 754143101,Other,42,Chandigarh,North,Occasional,2025-08-25
6475,Vasana,Master,cust6475_hotmail.com,+91 952305151,Male,17,Bhubaneswar,East,Regular,2024-10-14
6476,Hardik,Sawhney,cust6476_gmail.com,+91 975509646,Other,36,Surat,West,Occasional,2023-11-22
6477,Aarnav,Rajagopalan,cust6477_yahoo.com,+91 916118887,Male,39,Hyderabad,South,New,2025-12-23
6478,Tanay,Chadha,cust6478_yahoo.com,+91 849757218,Other,34,Surat,West,Regular,2023-10-10
6479,Gautam,Sidhu,cust6479_hotmail.com,+91 910315392,Other,24,New Delhi,North,VIP,2023-05-24
6480,Mason,Menon,cust6480_gmail.com,+91 773128387,Male,42,Guwahati,East,Regular,2025-02-16
6481,Janaki,Oak,cust6481_hotmail.com,+91 995671223,Other,46,Kolkata,East,Occasional,2024-08-15
6482,Oeshi,Bajaj,cust6482_yahoo.com,+91 871211250,Male,30,Bangalore,South,VIP,2024-04-30
6483,Warinder,Deol,cust6483_yahoo.com,+91 760925473,Other,53,Bhubaneswar,East,Occasional,2023-08-26
6484,Maanas,Kannan,cust6484_hotmail.com,+91 963466658,Female,58,New Delhi,North,Regular,2026-01-31
6485,Jagat,Seshadri,cust6485_hotmail.com,+91 930271879,Female,24,Kochi,South,New,2025-01-05
6486,Avi,Doshi,cust6486_gmail.com,+91 913242202,Male,30,Chandigarh,North,New,2025-02-19
6487,Urishilla,Bhalla,cust6487_gmail.com,+91 840716687,Other,31,Mumbai,West,Regular,2023-12-21
6488,Priya,Mutti,cust6488_yahoo.com,+91 919811372,Other,40,Chennai,South,VIP,2026-01-05
6489,Sara,Bhakta,cust6489_hotmail.com,+91 966409115,Female,44,Bhopal,Central,Occasional,2026-05-26
6490,Avni,Shukla,cust6490_yahoo.com,+91 846917215,Female,57,Pune,West,New,2025-05-07
6491,Ekantika,Lad,cust6491_gmail.com,+91 821951714,Female,40,Surat,West,Regular,2025-06-21
6492,Sai,Salvi,cust6492_yahoo.com,+91 933735482,Male,15,Hyderabad,South,Regular,2025-09-01
6493,Dipta,Jain,cust6493_hotmail.com,+91 715882298,Female,23,Raipur,Central,Occasional,2024-05-02
6494,Faras,Zachariah,cust6494_hotmail.com,+91 910669570,Other,24,Bhubaneswar,East,Regular,2025-03-26
6495,Balveer,Sethi,cust6495_hotmail.com,+91 894177846,Other,22,Kolkata,East,Occasional,2025-11-30
6496,Turvi,Varkey,cust6496_gmail.com,+91 787118377,Other,36,Bhopal,Central,Occasional,2023-11-23
6497,Dhruv,Nagi,cust6497_yahoo.com,+91 833715980,Other,20,Chandigarh,North,Occasional,2024-07-01
6498,Dalbir,Mittal,cust6498_yahoo.com,+91 714189674,Female,38,Bangalore,South,Occasional,2025-07-24
6499,Madhavi,Ganesh,cust6499_yahoo.com,+91 724180883,Female,50,Pune,West,Regular,2025-03-03
6500,Shivansh,Tiwari,cust6500_yahoo.com,+91 833290381,Female,21,Bhubaneswar,East,Regular,2025-05-04
6501,Yauvani,Savant,cust6501_yahoo.com,+91 799354966,Other,48,Bhubaneswar,East,Regular,2025-05-05
6502,Arin,Dugal,cust6502_gmail.com,+91 955924694,Other,53,New Delhi,North,Occasional,2023-11-16
6503,Varenya,Rastogi,cust6503_gmail.com,+91 884282807,Male,32,Hyderabad,South,Regular,2025-11-30
6504,Wazir,Rastogi,cust6504_hotmail.com,+91 961542187,Other,37,Mumbai,West,Occasional,2023-08-23
6505,Pranit,Contractor,cust6505_hotmail.com,+91 785602946,Male,39,Hyderabad,South,Occasional,2023-06-18
6506,Ayaan,Nath,cust6506_hotmail.com,+91 934866674,Male,25,Surat,West,Regular,2026-05-06
6507,Harish,Dubey,cust6507_hotmail.com,+91 732924176,Female,22,Mumbai,West,Occasional,2023-05-18
6508,Lila,Chaudhari,cust6508_hotmail.com,+91 817898452,Female,19,Chennai,South,Occasional,2025-10-02
6509,Krish,Bala,cust6509_hotmail.com,+91 824927562,Other,47,New Delhi,North,VIP,2026-04-06
6510,Abhimanyu,Ratti,cust6510_yahoo.com,+91 838630835,Male,34,Kolkata,East,Regular,2025-01-28
6511,Balhaar,Dani,cust6511_gmail.com,+91 717807466,Female,44,Hyderabad,South,VIP,2026-01-16
6512,Kevin,Kanda,cust6512_yahoo.com,+91 957694291,Female,35,Kochi,South,Regular,2024-12-07
6513,Manan,Dhawan,cust6513_yahoo.com,+91 983260715,Female,15,Patna,East,Occasional,2026-04-25
6514,Vihaan,Kapur,cust6514_yahoo.com,+91 966246187,Male,56,Kolkata,East,New,2025-05-09
6515,Yasti,Sarkar,cust6515_hotmail.com,+91 965841173,Male,39,Kolkata,East,Regular,2026-01-02
6516,Suhani,Batra,cust6516_gmail.com,+91 816254248,Male,33,Guwahati,East,VIP,2024-04-16
6517,Diya,Basu,cust6517_yahoo.com,+91 712647311,Male,15,Kochi,South,Occasional,2026-01-13
6518,Falak,Sharma,cust6518_hotmail.com,+91 748826331,Other,55,Bangalore,South,Regular,2025-02-01
6519,Odika,Venkataraman,cust6519_hotmail.com,+91 818900437,Other,30,Bhopal,Central,New,2025-08-12
6520,Rayaan,Nigam,cust6520_yahoo.com,+91 771941336,Male,20,Jaipur,North,Regular,2023-12-16
6521,Sanaya,Arya,cust6521_yahoo.com,+91 976583936,Other,26,Patna,East,Occasional,2025-12-08
6522,Warinder,Chaudhuri,cust6522_gmail.com,+91 915409244,Male,29,Kolkata,East,Occasional,2024-11-18
6523,Tejas,Chaudhry,cust6523_yahoo.com,+91 910114859,Other,45,Kolkata,East,Occasional,2025-10-19
6524,Harini,Basak,cust6524_hotmail.com,+91 768997567,Female,17,Guwahati,East,Occasional,2024-05-26
6525,Eesha,Sarraf,cust6525_hotmail.com,+91 841962886,Male,52,Bhubaneswar,East,Occasional,2026-04-07
6526,Ishita,Datta,cust6526_hotmail.com,+91 849169331,Other,22,Jaipur,North,New,2023-02-20
6527,Vanya,Kapadia,cust6527_hotmail.com,+91 996759443,Female,59,Bhubaneswar,East,Regular,2023-05-26
6528,Ati,Lall,cust6528_gmail.com,+91 831787328,Female,28,Nagpur,Central,Regular,2024-03-01
6529,Jhalak,Upadhyay,cust6529_hotmail.com,+91 981768618,Female,38,Jaipur,North,Occasional,2024-04-28
6530,Henry,Bose,cust6530_yahoo.com,+91 987255748,Other,21,New Delhi,North,Regular,2023-11-22
6531,Darika,Subramanian,cust6531_gmail.com,+91 951349182,Female,36,Chandigarh,North,Occasional,2023-04-10
6532,Harsh,Dua,cust6532_gmail.com,+91 960814111,Female,50,Raipur,Central,Occasional,2025-10-08
6533,Ekantika,Bawa,cust6533_gmail.com,+91 873610438,Female,30,Chennai,South,New,2025-10-03
6534,Sachi,Comar,cust6534_yahoo.com,+91 865649330,Other,38,Indore,Central,Regular,2024-09-14
6535,Maya,Walla,cust6535_hotmail.com,+91 724111967,Other,57,Surat,West,New,2025-09-02
6536,Baljiwan,Sarma,cust6536_yahoo.com,+91 976682991,Male,45,Patna,East,Regular,2023-04-26
6537,Sanya,Yogi,cust6537_gmail.com,+91 721529673,Other,59,Surat,West,Regular,2025-08-17
6538,Vincent,Mittal,cust6538_hotmail.com,+91 888217830,Female,54,Mumbai,West,VIP,2023-08-09
6539,Ishanvi,Sandhu,cust6539_hotmail.com,+91 824713807,Female,39,Lucknow,North,Regular,2024-02-19
6540,Adya,Sabharwal,cust6540_yahoo.com,+91 913489811,Male,42,Bhopal,Central,VIP,2024-03-29
6541,Chaaya,Bakshi,cust6541_gmail.com,+91 893378900,Male,48,Indore,Central,New,2025-06-11
6542,Pallavi,Sane,cust6542_yahoo.com,+91 744978518,Female,44,Pune,West,Regular,2026-04-14
6543,Dominic,Sankaran,cust6543_gmail.com,+91 993920403,Female,46,Bangalore,South,New,2023-02-03
6544,Eiravati,Srinivasan,cust6544_gmail.com,+91 855297448,Other,49,Indore,Central,Occasional,2023-07-29
6545,Wishi,Toor,cust6545_hotmail.com,+91 944313437,Male,57,Bhopal,Central,Occasional,2026-03-24
6546,Jagat,Pant,cust6546_hotmail.com,+91 738170832,Male,41,Mumbai,West,Occasional,2023-11-20
6547,Jasmit,Sethi,cust6547_hotmail.com,+91 741287382,Male,41,Ahmedabad,West,Occasional,2025-02-12
6548,Manan,Sarna,cust6548_gmail.com,+91 888608664,Male,48,Ahmedabad,West,Occasional,2023-09-06
6549,Yashodhara,Ramaswamy,cust6549_hotmail.com,+91 716415335,Female,51,Guwahati,East,New,2023-06-12
6550,Sathvik,Barad,cust6550_gmail.com,+91 824855484,Male,54,Lucknow,North,Regular,2026-04-17
6551,Gaurang,Narula,cust6551_hotmail.com,+91 837908713,Female,25,Bhubaneswar,East,Occasional,2025-05-27
6552,Daksha,Gade,cust6552_gmail.com,+91 865712511,Female,34,Jaipur,North,Occasional,2024-07-26
6553,Parth,Mital,cust6553_gmail.com,+91 860630708,Male,52,Ahmedabad,West,Occasional,2023-12-19
6554,Kashish,Biswas,cust6554_hotmail.com,+91 775293506,Male,52,Chennai,South,Regular,2024-08-06
6555,Aachal,Yogi,cust6555_gmail.com,+91 792784955,Male,49,Indore,Central,Regular,2024-06-22
6556,Rachita,Ramachandran,cust6556_gmail.com,+91 934846117,Other,25,Jaipur,North,VIP,2025-06-24
6557,Sarthak,Mital,cust6557_yahoo.com,+91 992449558,Female,25,Lucknow,North,Occasional,2024-12-25
6558,Leena,Sinha,cust6558_hotmail.com,+91 762851148,Other,19,Raipur,Central,Occasional,2026-05-19
6559,Lopa,Goda,cust6559_hotmail.com,+91 741947886,Other,42,Kolkata,East,Occasional,2024-01-31
6560,Hemani,Parikh,cust6560_hotmail.com,+91 879132900,Other,38,Chandigarh,North,Occasional,2023-07-10
6561,Fitan,Sur,cust6561_yahoo.com,+91 892605599,Male,30,Lucknow,North,Regular,2024-03-16
6562,Ishwar,Samra,cust6562_gmail.com,+91 948701571,Other,33,Bangalore,South,VIP,2026-02-24
6563,Aarush,Nayar,cust6563_gmail.com,+91 950463516,Male,29,Hyderabad,South,Occasional,2024-11-17
6564,Noah,Bose,cust6564_hotmail.com,+91 910932997,Female,26,Kochi,South,Regular,2023-09-08
6565,Girindra,Ravel,cust6565_hotmail.com,+91 983773237,Female,21,Bangalore,South,Regular,2025-10-29
6566,Ekbal,Mangat,cust6566_gmail.com,+91 918353128,Other,59,Bhopal,Central,Regular,2025-05-07
6567,Charita,Mahal,cust6567_hotmail.com,+91 788118460,Female,56,Jaipur,North,Occasional,2023-12-21
6568,Libni,Bhardwaj,cust6568_hotmail.com,+91 963783152,Other,60,Surat,West,Regular,2025-01-14
6569,Aadhya,Jani,cust6569_hotmail.com,+91 785361569,Male,51,Hyderabad,South,Occasional,2025-07-06
6570,Shivani,Mani,cust6570_gmail.com,+91 953843372,Other,27,Guwahati,East,Regular,2025-01-26
6571,Kabir,Dass,cust6571_hotmail.com,+91 929725431,Female,31,Bhubaneswar,East,Regular,2026-02-17
6572,Bhavya,Khurana,cust6572_gmail.com,+91 738110142,Male,29,Kochi,South,Occasional,2024-09-21
6573,Ayush,Doshi,cust6573_yahoo.com,+91 895514931,Male,24,Surat,West,Regular,2026-04-12
6574,Ijaya,Balan,cust6574_hotmail.com,+91 992951147,Male,22,Chennai,South,New,2025-09-12
6575,Leena,Grover,cust6575_gmail.com,+91 811870103,Other,21,Indore,Central,Regular,2026-02-01
6576,Ranbir,Sagar,cust6576_yahoo.com,+91 772779839,Male,47,Nagpur,Central,Regular,2025-05-16
6577,Tripti,Dasgupta,cust6577_hotmail.com,+91 859456526,Male,41,Bhubaneswar,East,Occasional,2024-12-03
6578,Krishna,Sagar,cust6578_yahoo.com,+91 790366885,Female,59,Kolkata,East,Regular,2026-03-05
6579,Faras,Agarwal,cust6579_gmail.com,+91 957183361,Female,30,Patna,East,Regular,2024-11-07
6580,Meera,Khosla,cust6580_yahoo.com,+91 943538858,Female,25,Chennai,South,Regular,2024-05-01
6581,Azad,Desai,cust6581_gmail.com,+91 859136157,Female,54,Nagpur,Central,Regular,2023-09-28
6582,Thomas,Luthra,cust6582_hotmail.com,+91 792257489,Other,21,Indore,Central,Occasional,2023-07-27
6583,Balveer,Bora,cust6583_gmail.com,+91 748198657,Female,38,Mumbai,West,Occasional,2025-07-03
6584,Raksha,Sampath,cust6584_hotmail.com,+91 875719922,Male,40,Mumbai,West,Regular,2026-01-31
6585,Oviya,Sura,cust6585_yahoo.com,+91 957377786,Female,32,Lucknow,North,Occasional,2023-12-09
6586,Amol,Chandra,cust6586_yahoo.com,+91 982944578,Other,44,Surat,West,Regular,2025-08-16
6587,Ekbal,Narang,cust6587_gmail.com,+91 747117146,Male,20,Kolkata,East,Occasional,2024-12-03
6588,Daksha,Majumdar,cust6588_yahoo.com,+91 913400125,Male,55,Pune,West,Regular,2025-09-14
6589,Anusha,Memon,cust6589_gmail.com,+91 785835929,Female,32,Chandigarh,North,Regular,2023-07-06
6590,Nitesh,Kakar,cust6590_gmail.com,+91 768239895,Other,26,Jaipur,North,VIP,2025-08-16
6591,Inaya,Bhatnagar,cust6591_yahoo.com,+91 733125630,Female,23,Pune,West,Regular,2026-04-21
6592,Megha,Patel,cust6592_yahoo.com,+91 875586316,Female,33,Lucknow,North,Regular,2024-04-17
6593,Logan,Puri,cust6593_gmail.com,+91 715834819,Male,44,Kochi,South,Regular,2024-04-22
6594,Leela,Koshy,cust6594_yahoo.com,+91 759853170,Other,47,Kolkata,East,Regular,2023-06-20
6595,Kabir,Raghavan,cust6595_gmail.com,+91 956313861,Other,58,Surat,West,Regular,2026-03-13
6596,Ishanvi,Raj,cust6596_hotmail.com,+91 841928426,Other,35,Chennai,South,Occasional,2023-04-14
6597,Gaurika,Parekh,cust6597_hotmail.com,+91 844207398,Male,30,Nagpur,Central,Regular,2025-09-11
6598,Nakul,Goswami,cust6598_yahoo.com,+91 973230393,Male,30,Lucknow,North,VIP,2026-03-23
6599,Reva,Prashad,cust6599_yahoo.com,+91 814536971,Other,31,Nagpur,Central,Occasional,2025-11-30
6600,Chanchal,Bath,cust6600_gmail.com,+91 756864927,Other,59,Ahmedabad,West,VIP,2023-05-24
6601,Ekiya,Agate,cust6601_gmail.com,+91 852816597,Male,51,Patna,East,Occasional,2023-12-03
6602,Gaurika,Oza,cust6602_gmail.com,+91 777658101,Female,42,Lucknow,North,Regular,2026-02-28
6603,Sathvik,Madan,cust6603_yahoo.com,+91 854106742,Female,35,Ahmedabad,West,New,2026-02-05
6604,Aadhya,Rastogi,cust6604_yahoo.com,+91 771147966,Female,31,Kochi,South,Regular,2025-11-27
6605,Pranit,Walla,cust6605_hotmail.com,+91 955980505,Other,50,Indore,Central,Regular,2023-08-07
6606,Aadi,Mital,cust6606_yahoo.com,+91 777342383,Female,34,Mumbai,West,New,2023-12-22
6607,Wridesh,Kaur,cust6607_gmail.com,+91 843749602,Female,58,Kochi,South,VIP,2026-03-18
6608,Jalsa,Majumdar,cust6608_yahoo.com,+91 812346744,Other,27,Pune,West,Regular,2024-01-28
6609,Fiyaz,Prakash,cust6609_hotmail.com,+91 748136258,Other,21,Kochi,South,Regular,2026-02-09
6610,Brinda,Hora,cust6610_gmail.com,+91 976142743,Female,55,Ahmedabad,West,Occasional,2025-01-19
6611,Girik,Contractor,cust6611_yahoo.com,+91 856292413,Male,55,Surat,West,Occasional,2024-07-09
6612,Tanvi,Vora,cust6612_hotmail.com,+91 835417717,Female,22,Chandigarh,North,Regular,2025-12-18
6613,Edhitha,Kala,cust6613_gmail.com,+91 873560294,Other,51,Lucknow,North,VIP,2024-12-25
6614,Abhiram,Mann,cust6614_gmail.com,+91 834526290,Other,29,Ahmedabad,West,Regular,2023-07-28
6615,Ekanta,Mangal,cust6615_gmail.com,+91 929802176,Male,60,Bhopal,Central,VIP,2025-06-24
6616,Warhi,Saran,cust6616_yahoo.com,+91 737655600,Other,45,New Delhi,North,Regular,2024-11-15
6617,Yoshita,Hari,cust6617_gmail.com,+91 873901672,Male,53,Indore,Central,Occasional,2023-05-28
6618,Kashvi,Thakkar,cust6618_gmail.com,+91 961665893,Other,43,Indore,Central,New,2025-12-20
6619,Harish,Wason,cust6619_yahoo.com,+91 994619405,Female,27,Guwahati,East,Occasional,2023-04-03
6620,Frederick,Muni,cust6620_gmail.com,+91 786655318,Female,29,Chandigarh,North,New,2024-01-13
6621,Frado,Nair,cust6621_gmail.com,+91 747720864,Female,17,Jaipur,North,Regular,2025-06-23
6622,Zashil,Karnik,cust6622_yahoo.com,+91 835710335,Female,32,Mumbai,West,Regular,2023-04-11
6623,Nitara,Garde,cust6623_hotmail.com,+91 941627996,Female,33,Nagpur,Central,Regular,2025-01-17
6624,Alexander,Sunder,cust6624_hotmail.com,+91 757838629,Female,15,Pune,West,Regular,2023-06-11
6625,Tanmayi,Chatterjee,cust6625_gmail.com,+91 876388684,Other,41,Pune,West,Regular,2023-05-01
6626,Nidra,Vohra,cust6626_yahoo.com,+91 738136266,Male,15,New Delhi,North,Regular,2025-08-13
6627,Charvi,Dave,cust6627_yahoo.com,+91 978982508,Female,18,Bhopal,Central,Occasional,2024-10-19
6628,Suhani,Bera,cust6628_yahoo.com,+91 851806472,Other,38,Patna,East,Regular,2026-03-28
6629,Aarnav,Dhar,cust6629_yahoo.com,+91 921945820,Other,44,Mumbai,West,Occasional,2025-09-24
6630,Rudra,Konda,cust6630_hotmail.com,+91 759910529,Female,23,Kolkata,East,Regular,2025-06-17
6631,Kashish,Lall,cust6631_gmail.com,+91 810947363,Female,55,Kochi,South,Occasional,2023-04-23
6632,Rohan,Arora,cust6632_yahoo.com,+91 915154746,Male,26,New Delhi,North,Occasional,2026-01-02
6633,Chatresh,Goyal,cust6633_gmail.com,+91 735429772,Other,52,Bhubaneswar,East,Regular,2023-02-21
6634,Qasim,Thakkar,cust6634_yahoo.com,+91 827480253,Female,46,Nagpur,Central,Regular,2023-03-26
6635,Gautami,Bahl,cust6635_hotmail.com,+91 884171106,Female,38,Bangalore,South,Occasional,2024-06-04
6636,Lakshit,Ganguly,cust6636_yahoo.com,+91 854494329,Female,28,Patna,East,Regular,2024-05-22
6637,Girish,Char,cust6637_yahoo.com,+91 980722175,Female,54,Pune,West,VIP,2026-02-24
6638,Mitesh,Bala,cust6638_yahoo.com,+91 832122909,Male,19,New Delhi,North,Occasional,2026-05-09
6639,Varsha,Bansal,cust6639_gmail.com,+91 759507236,Female,38,Guwahati,East,Occasional,2024-09-27
6640,Faqid,Kunda,cust6640_yahoo.com,+91 847405213,Other,21,Surat,West,Regular,2024-05-04
6641,Lucky,Bahl,cust6641_gmail.com,+91 832195595,Other,26,Nagpur,Central,New,2026-02-21
6642,Panini,Krish,cust6642_gmail.com,+91 719826736,Other,31,Bhubaneswar,East,VIP,2024-09-16
6643,Zilmil,Dhaliwal,cust6643_gmail.com,+91 982969787,Other,20,Surat,West,Regular,2026-02-23
6644,Laban,Mall,cust6644_gmail.com,+91 790527637,Female,33,Kolkata,East,Occasional,2023-07-30
6645,Ekaja,Kata,cust6645_hotmail.com,+91 759993341,Other,59,Indore,Central,Occasional,2023-02-18
6646,Qarin,Goda,cust6646_gmail.com,+91 821413458,Other,56,Kochi,South,New,2023-07-22
6647,Krishna,Dey,cust6647_hotmail.com,+91 840994883,Other,28,Mumbai,West,Regular,2024-08-01
6648,Girish,Batra,cust6648_gmail.com,+91 775265821,Male,32,Chandigarh,North,Occasional,2023-02-12
6649,Sarthak,Kunda,cust6649_hotmail.com,+91 773160399,Other,54,Nagpur,Central,Regular,2023-06-26
6650,Shaurya,Kapoor,cust6650_hotmail.com,+91 859314925,Female,57,Chennai,South,Regular,2024-04-21
6651,Reyansh,Kari,cust6651_hotmail.com,+91 965971446,Female,51,Surat,West,Regular,2023-06-06
6652,Januja,Golla,cust6652_hotmail.com,+91 757230957,Male,25,New Delhi,North,Occasional,2023-09-28
6653,Jackson,Kala,cust6653_gmail.com,+91 955653645,Female,19,Indore,Central,Regular,2024-08-11
6654,Aachal,Nayak,cust6654_yahoo.com,+91 775772665,Female,26,Guwahati,East,Regular,2024-01-13
6655,Bhanumati,Nath,cust6655_gmail.com,+91 741772699,Male,36,Chennai,South,Occasional,2025-11-21
6656,Daksha,Grewal,cust6656_hotmail.com,+91 883798914,Other,33,Chennai,South,Regular,2023-12-03
6657,Chanchal,Misra,cust6657_hotmail.com,+91 861658774,Male,21,Jaipur,North,VIP,2024-09-12
6658,Priya,Ahluwalia,cust6658_gmail.com,+91 870155969,Male,45,Jaipur,North,Regular,2024-11-18
6659,Yauvani,Sani,cust6659_yahoo.com,+91 745284328,Female,43,Indore,Central,Regular,2024-02-14
6660,Amrita,Ghosh,cust6660_hotmail.com,+91 857984765,Other,22,Ahmedabad,West,New,2023-10-28
6661,Ishanvi,Kota,cust6661_yahoo.com,+91 710168516,Other,36,Patna,East,Occasional,2023-03-26
6662,Sudiksha,Solanki,cust6662_hotmail.com,+91 867643192,Female,38,Surat,West,Occasional,2026-03-11
6663,Aradhana,Patel,cust6663_gmail.com,+91 852751788,Female,20,Chandigarh,North,Occasional,2024-01-12
6664,Urmi,Kata,cust6664_yahoo.com,+91 719886321,Female,42,Kochi,South,VIP,2025-08-23
6665,George,Natt,cust6665_hotmail.com,+91 871961263,Male,26,Chandigarh,North,Occasional,2024-09-20
6666,Leela,Raval,cust6666_yahoo.com,+91 722677515,Female,60,Chennai,South,Occasional,2023-10-03
6667,Dominic,Loke,cust6667_yahoo.com,+91 822660777,Female,15,Chandigarh,North,Occasional,2024-05-31
6668,Madhavi,Dugar,cust6668_yahoo.com,+91 951843330,Male,48,Mumbai,West,Occasional,2026-04-01
6669,Yatin,Vaidya,cust6669_gmail.com,+91 769879730,Male,40,Lucknow,North,Occasional,2026-05-08
6670,Omaja,Saha,cust6670_yahoo.com,+91 969705654,Other,52,Indore,Central,Regular,2025-08-20
6671,Amaira,Solanki,cust6671_yahoo.com,+91 723669611,Male,16,Indore,Central,New,2023-06-13
6672,Zaid,Ravel,cust6672_hotmail.com,+91 919441558,Other,31,Raipur,Central,Occasional,2023-12-07
6673,Kamala,Dutta,cust6673_yahoo.com,+91 764428543,Female,45,Chandigarh,North,VIP,2025-12-20
6674,Anika,Ramesh,cust6674_yahoo.com,+91 879647437,Female,22,Raipur,Central,Occasional,2024-11-16
6675,Eesha,Kaul,cust6675_yahoo.com,+91 781949476,Male,24,Bhopal,Central,Occasional,2026-01-22
6676,Nikita,Datta,cust6676_hotmail.com,+91 817167990,Other,36,Surat,West,New,2023-11-20
6677,Harinakshi,Krish,cust6677_gmail.com,+91 812508626,Other,52,Mumbai,West,Occasional,2026-04-04
6678,Samaksh,Rama,cust6678_yahoo.com,+91 992193182,Other,39,New Delhi,North,Occasional,2024-03-25
6679,Matthew,Mishra,cust6679_gmail.com,+91 875156672,Male,35,Guwahati,East,Regular,2025-07-09
6680,Vaishnavi,Bumb,cust6680_gmail.com,+91 857569774,Female,21,Surat,West,Occasional,2024-06-10
6681,Tanvi,Sahota,cust6681_gmail.com,+91 727296196,Female,27,Bhubaneswar,East,Occasional,2025-09-22
6682,Udarsh,Naik,cust6682_yahoo.com,+91 881301727,Other,56,Pune,West,Occasional,2026-03-03
6683,Bhavini,Roy,cust6683_hotmail.com,+91 738932750,Female,55,Bhubaneswar,East,Occasional,2023-11-27
6684,Xiti,Sanghvi,cust6684_gmail.com,+91 723532660,Male,33,Surat,West,Regular,2024-05-25
6685,Atharv,Sachar,cust6685_gmail.com,+91 890163278,Other,29,Hyderabad,South,Occasional,2025-11-04
6686,Manan,Minhas,cust6686_hotmail.com,+91 778218402,Male,44,Patna,East,Regular,2024-09-02
6687,Warjas,Brahmbhatt,cust6687_yahoo.com,+91 960995815,Male,26,Lucknow,North,Occasional,2024-12-31
6688,Irya,Kapur,cust6688_hotmail.com,+91 729457899,Other,51,Patna,East,Occasional,2023-05-30
6689,Fiyaz,Chaudhuri,cust6689_yahoo.com,+91 831221977,Female,15,Pune,West,Occasional,2025-02-15
6690,Yutika,Hegde,cust6690_hotmail.com,+91 766232549,Male,23,Nagpur,Central,Occasional,2026-04-29
6691,Gaurang,Balakrishnan,cust6691_gmail.com,+91 857380695,Female,56,Chandigarh,North,VIP,2024-12-18
6692,Widisha,Joshi,cust6692_yahoo.com,+91 740567431,Male,57,Raipur,Central,Regular,2023-02-05
6693,Ladli,Bhargava,cust6693_yahoo.com,+91 774886820,Other,48,Ahmedabad,West,Regular,2023-07-23
6694,Ojas,Agrawal,cust6694_gmail.com,+91 876225975,Other,43,Patna,East,New,2025-12-09
6695,Pallavi,Subramaniam,cust6695_hotmail.com,+91 963599252,Other,52,Lucknow,North,Regular,2024-03-01
6696,Anirudh,Dey,cust6696_yahoo.com,+91 764991317,Other,43,Kolkata,East,Occasional,2026-01-10
6697,Anvi,Johal,cust6697_gmail.com,+91 867249101,Male,25,Indore,Central,Occasional,2026-02-10
6698,Jason,Mangal,cust6698_yahoo.com,+91 966676985,Male,46,Bhopal,Central,VIP,2023-07-24
6699,Ronith,Mishra,cust6699_yahoo.com,+91 718423783,Female,25,Raipur,Central,New,2026-05-02
6700,Qarin,Naik,cust6700_hotmail.com,+91 841189145,Female,23,Pune,West,Occasional,2024-09-08
6701,Maanas,Gala,cust6701_yahoo.com,+91 737513583,Male,56,Hyderabad,South,New,2024-03-07
6702,Chaman,Padmanabhan,cust6702_yahoo.com,+91 753942894,Other,57,New Delhi,North,Occasional,2025-12-27
6703,Rayaan,Chopra,cust6703_yahoo.com,+91 975320210,Male,59,Kochi,South,New,2023-11-15
6704,Charita,Apte,cust6704_gmail.com,+91 834130567,Male,21,New Delhi,North,Regular,2023-08-04
6705,Adweta,Tiwari,cust6705_hotmail.com,+91 849453125,Male,50,Bhopal,Central,Regular,2024-09-06
6706,Imaran,Golla,cust6706_hotmail.com,+91 979928826,Other,40,Bhubaneswar,East,Occasional,2023-05-05
6707,Leela,Master,cust6707_hotmail.com,+91 845618664,Other,58,Indore,Central,Occasional,2024-10-04
6708,Gaurang,Rout,cust6708_yahoo.com,+91 843659259,Other,25,Surat,West,Regular,2024-12-15
6709,Atharv,Sabharwal,cust6709_hotmail.com,+91 752108410,Female,41,Raipur,Central,Regular,2025-11-10
6710,Udarsh,Kamdar,cust6710_yahoo.com,+91 999900597,Other,33,Kolkata,East,Regular,2025-05-05
6711,Indrajit,Bali,cust6711_gmail.com,+91 865912186,Male,24,Ahmedabad,West,Regular,2023-12-09
6712,Hritik,Gara,cust6712_yahoo.com,+91 895138929,Male,21,New Delhi,North,Regular,2024-08-28
6713,Ayaan,Comar,cust6713_yahoo.com,+91 722807519,Other,18,Mumbai,West,Regular,2026-05-04
6714,Yatin,Magar,cust6714_hotmail.com,+91 961725764,Male,25,Bangalore,South,Regular,2026-04-20
6715,Bahadurjit,Bumb,cust6715_gmail.com,+91 944580284,Female,16,Bangalore,South,Regular,2025-06-27
6716,Vincent,Magar,cust6716_yahoo.com,+91 818924135,Male,52,Patna,East,Regular,2023-12-18
6717,Vamakshi,Saini,cust6717_yahoo.com,+91 955864404,Male,15,Pune,West,Occasional,2023-12-01
6718,Samesh,Mahal,cust6718_hotmail.com,+91 783927503,Female,22,Guwahati,East,Occasional,2025-10-17
6719,Harish,Manda,cust6719_gmail.com,+91 827923603,Female,58,Patna,East,Regular,2026-05-19
6720,Alka,Chakrabarti,cust6720_hotmail.com,+91 816416373,Male,39,Raipur,Central,Regular,2025-05-25
6721,Ekavir,Saraf,cust6721_yahoo.com,+91 855586175,Female,51,Kochi,South,Occasional,2023-04-07
6722,Tarak,Barad,cust6722_gmail.com,+91 899251973,Male,55,Guwahati,East,VIP,2025-07-21
6723,Gavin,Chawla,cust6723_yahoo.com,+91 813574771,Male,50,Bangalore,South,Occasional,2024-01-25
6724,Barkha,Chacko,cust6724_gmail.com,+91 849711235,Other,52,Kochi,South,VIP,2023-01-17
6725,Devika,Edwin,cust6725_gmail.com,+91 782398277,Other,44,Jaipur,North,Regular,2023-03-15
6726,Omisha,Sahni,cust6726_gmail.com,+91 872158526,Male,57,Chennai,South,New,2023-08-22
6727,Bachittar,Bora,cust6727_hotmail.com,+91 750811555,Male,21,Bhopal,Central,Regular,2024-09-19
6728,Balveer,Koshy,cust6728_yahoo.com,+91 874822685,Male,38,Mumbai,West,Occasional,2025-07-24
6729,Jairaj,Iyer,cust6729_yahoo.com,+91 791387905,Female,60,Mumbai,West,Occasional,2023-08-13
6730,Forum,Mittal,cust6730_hotmail.com,+91 860323718,Female,45,Surat,West,VIP,2025-02-18
6731,Nachiket,Bhasin,cust6731_gmail.com,+91 715494312,Male,30,Indore,Central,Regular,2024-02-10
6732,Rudra,Borde,cust6732_yahoo.com,+91 988829588,Other,54,Bhubaneswar,East,Regular,2024-05-10
6733,Vanya,Char,cust6733_yahoo.com,+91 855528387,Female,39,Bhubaneswar,East,Occasional,2023-04-06
6734,Harish,Jha,cust6734_hotmail.com,+91 842688831,Female,20,Guwahati,East,Regular,2025-07-08
6735,Daniel,Buch,cust6735_yahoo.com,+91 945112317,Female,25,Indore,Central,Regular,2024-08-16
6736,Vasana,Chaudhary,cust6736_hotmail.com,+91 899361860,Male,37,Hyderabad,South,Regular,2026-05-07
6737,Warhi,D’Alia,cust6737_gmail.com,+91 898749236,Other,22,Chennai,South,Regular,2023-05-15
6738,Guneet,More,cust6738_gmail.com,+91 883626296,Male,35,New Delhi,North,New,2023-07-30
6739,Chavvi,Shetty,cust6739_hotmail.com,+91 922882732,Female,50,New Delhi,North,Regular,2023-07-30
6740,Neel,Verma,cust6740_hotmail.com,+91 884158430,Female,53,Mumbai,West,Occasional,2023-01-07
6741,Gaurang,Mann,cust6741_gmail.com,+91 855309734,Female,44,Bhopal,Central,Occasional,2025-10-14
6742,Kevin,Walla,cust6742_yahoo.com,+91 878321883,Female,31,New Delhi,North,Regular,2023-07-05
6743,Chandani,Nadig,cust6743_gmail.com,+91 814704439,Female,18,Indore,Central,Occasional,2025-09-08
6744,Falan,Kala,cust6744_yahoo.com,+91 824314540,Female,32,Chennai,South,VIP,2025-01-22
6745,Yashvi,Pillay,cust6745_yahoo.com,+91 929804937,Male,17,Nagpur,Central,Occasional,2025-01-10
6746,Chaitaly,Sangha,cust6746_gmail.com,+91 810295910,Other,21,Nagpur,Central,Regular,2024-08-14
6747,Ekbal,Khare,cust6747_hotmail.com,+91 955688728,Female,38,Lucknow,North,Occasional,2025-07-29
6748,Fariq,Barad,cust6748_hotmail.com,+91 998549213,Male,42,Chennai,South,Regular,2026-05-10
6749,Charvi,Choudhry,cust6749_hotmail.com,+91 725658188,Female,21,Pune,West,Occasional,2025-02-14
6750,Jason,Mangat,cust6750_gmail.com,+91 915786354,Male,24,Jaipur,North,Occasional,2024-08-11
6751,Max,Dani,cust6751_yahoo.com,+91 746373946,Female,59,Hyderabad,South,Occasional,2024-01-23
6752,Chanakya,Borra,cust6752_hotmail.com,+91 719770528,Other,36,Chandigarh,North,VIP,2024-03-17
6753,Fitan,Nayak,cust6753_gmail.com,+91 747518666,Male,46,Indore,Central,New,2024-01-04
6754,Charan,Roy,cust6754_hotmail.com,+91 840589114,Male,26,Kolkata,East,Regular,2024-05-29
6755,Rachita,Goyal,cust6755_yahoo.com,+91 736471433,Female,55,Chennai,South,Occasional,2025-10-27
6756,Niharika,Kulkarni,cust6756_yahoo.com,+91 735780209,Male,24,Guwahati,East,Regular,2023-04-14
6757,Oliver,Naidu,cust6757_gmail.com,+91 742825782,Female,39,Jaipur,North,Regular,2024-06-07
6758,Watika,Muni,cust6758_gmail.com,+91 735811924,Other,39,Patna,East,New,2026-03-22
6759,Liam,Patla,cust6759_yahoo.com,+91 945980364,Male,15,Lucknow,North,Occasional,2023-01-04
6760,Dhruv,Shukla,cust6760_hotmail.com,+91 824812234,Female,15,New Delhi,North,Regular,2025-01-25
6761,Anya,Verma,cust6761_hotmail.com,+91 946363562,Other,38,Nagpur,Central,Regular,2025-04-23
6762,Pooja,Ramakrishnan,cust6762_hotmail.com,+91 771403628,Male,21,Kochi,South,New,2024-07-11
6763,Yashawini,Kant,cust6763_gmail.com,+91 798350538,Male,54,Chennai,South,Regular,2024-03-14
6764,Kala,Cherian,cust6764_hotmail.com,+91 913789103,Male,43,Bhubaneswar,East,Occasional,2023-02-17
6765,Harini,Sant,cust6765_yahoo.com,+91 753435367,Other,47,Bhubaneswar,East,Occasional,2025-09-03
6766,Neelima,Joshi,cust6766_yahoo.com,+91 958190244,Other,27,Raipur,Central,New,2024-06-24
6767,Yamini,Minhas,cust6767_gmail.com,+91 753104590,Other,28,Surat,West,VIP,2024-07-19
6768,Saumya,Chadha,cust6768_yahoo.com,+91 782356799,Female,58,Indore,Central,Occasional,2023-10-14
6769,Madhavi,Raval,cust6769_gmail.com,+91 861552298,Female,21,Patna,East,New,2023-08-31
6770,Janaki,Ravel,cust6770_yahoo.com,+91 798631506,Other,30,Kochi,South,Regular,2026-03-27
6771,Aashi,Raja,cust6771_gmail.com,+91 872123220,Female,57,Raipur,Central,VIP,2023-02-10
6772,Arin,Basak,cust6772_gmail.com,+91 955722944,Male,27,Lucknow,North,New,2025-01-10
6773,Anvi,Choudhry,cust6773_gmail.com,+91 831624946,Male,24,Chennai,South,New,2024-04-01
6774,Kritika,Upadhyay,cust6774_hotmail.com,+91 857860739,Female,39,Indore,Central,VIP,2023-01-08
6775,Pranit,Lad,cust6775_gmail.com,+91 969388412,Other,44,Jaipur,North,Regular,2024-10-15
6776,Yauvani,Saxena,cust6776_gmail.com,+91 920310345,Female,36,Chandigarh,North,Regular,2026-05-08
6777,Aarush,Sabharwal,cust6777_yahoo.com,+91 946233337,Female,35,Hyderabad,South,Occasional,2023-01-08
6778,Daniel,Magar,cust6778_gmail.com,+91 941704918,Male,29,Bhubaneswar,East,Occasional,2025-04-21
6779,Krishna,Yadav,cust6779_gmail.com,+91 899248993,Male,42,Raipur,Central,Regular,2025-01-24
6780,Urmi,Reddy,cust6780_gmail.com,+91 786240699,Other,33,Hyderabad,South,Regular,2023-01-12
6781,Yachana,Choudhry,cust6781_gmail.com,+91 842923468,Female,41,Raipur,Central,Occasional,2023-10-26
6782,Neel,Dey,cust6782_gmail.com,+91 793750959,Other,49,Jaipur,North,Regular,2024-06-29
6783,Manbir,Golla,cust6783_gmail.com,+91 770711946,Other,53,Bhubaneswar,East,New,2023-08-10
6784,Mohammed,Mander,cust6784_gmail.com,+91 787756522,Other,33,Indore,Central,Regular,2025-05-13
6785,Arunima,Sinha,cust6785_yahoo.com,+91 825679850,Female,37,Pune,West,Occasional,2025-04-12
6786,Reyansh,Parmar,cust6786_hotmail.com,+91 939508404,Male,34,Lucknow,North,Occasional,2023-08-30
6787,Chameli,Balay,cust6787_gmail.com,+91 725655614,Other,33,Patna,East,New,2025-07-07
6788,George,Barad,cust6788_hotmail.com,+91 899101669,Female,26,New Delhi,North,New,2024-02-28
6789,Amrita,Sethi,cust6789_hotmail.com,+91 893246461,Male,47,Chandigarh,North,New,2026-03-13
6790,Jack,Kari,cust6790_yahoo.com,+91 831552220,Other,55,Chennai,South,Occasional,2026-05-31
6791,Harsh,D’Alia,cust6791_gmail.com,+91 888193279,Female,49,Lucknow,North,New,2026-04-29
6792,Ayushman,Murthy,cust6792_gmail.com,+91 723751946,Male,58,Nagpur,Central,New,2024-06-23
6793,Saanvi,Dhingra,cust6793_gmail.com,+91 864868843,Female,29,Ahmedabad,West,Regular,2024-05-10
6794,Karan,Amble,cust6794_yahoo.com,+91 748569143,Female,60,Jaipur,North,Regular,2026-04-05
6795,Jacob,Parsa,cust6795_yahoo.com,+91 930471123,Other,39,Kolkata,East,Occasional,2024-03-25
6796,Banjeet,Shetty,cust6796_hotmail.com,+91 710324977,Other,38,Bangalore,South,Occasional,2025-05-14
6797,Ayush,Datta,cust6797_hotmail.com,+91 952184737,Other,58,Kochi,South,New,2024-01-09
6798,Elijah,Bajwa,cust6798_yahoo.com,+91 743132474,Female,38,Chennai,South,Occasional,2023-01-27
6799,Bhavna,Narayan,cust6799_gmail.com,+91 886164909,Male,51,Patna,East,New,2023-06-08
6800,Faras,Natarajan,cust6800_gmail.com,+91 731714259,Female,54,Nagpur,Central,Regular,2024-04-13
6801,Yashvi,Chandran,cust6801_hotmail.com,+91 984912664,Female,33,Jaipur,North,Regular,2026-05-07
6802,Bhavna,Singh,cust6802_hotmail.com,+91 730961138,Female,35,Ahmedabad,West,Regular,2024-02-12
6803,Suhani,Mani,cust6803_hotmail.com,+91 924290714,Male,47,Raipur,Central,Occasional,2024-09-28
6804,Kabir,Bansal,cust6804_gmail.com,+91 741767474,Female,58,Raipur,Central,New,2025-09-03
6805,Yashvi,Kapoor,cust6805_gmail.com,+91 964864320,Male,24,Kochi,South,Regular,2023-05-13
6806,Tristan,Padmanabhan,cust6806_yahoo.com,+91 787980852,Female,37,New Delhi,North,New,2024-08-21
6807,Aryan,Karan,cust6807_yahoo.com,+91 726709483,Female,56,Surat,West,Occasional,2025-05-18
6808,Jack,Dhingra,cust6808_gmail.com,+91 754807533,Male,55,Guwahati,East,Occasional,2025-05-17
6809,Sai,Krishna,cust6809_gmail.com,+91 958310608,Other,33,Bhubaneswar,East,Occasional,2023-12-11
6810,Neha,Atwal,cust6810_yahoo.com,+91 737523502,Other,30,Jaipur,North,New,2026-01-24
6811,Ekantika,Padmanabhan,cust6811_yahoo.com,+91 916230495,Other,55,Raipur,Central,Occasional,2024-05-30
6812,Kashish,Mohan,cust6812_hotmail.com,+91 943120441,Female,29,Chandigarh,North,New,2026-05-03
6813,Ansh,Mall,cust6813_gmail.com,+91 951286290,Female,47,Chandigarh,North,Occasional,2026-04-08
6814,Aadi,Saini,cust6814_hotmail.com,+91 767260573,Other,32,Guwahati,East,New,2025-06-13
6815,Chandran,Misra,cust6815_yahoo.com,+91 821100880,Male,38,New Delhi,North,New,2024-10-29
6816,Zinal,Sanghvi,cust6816_gmail.com,+91 813960341,Other,38,Bhopal,Central,Regular,2023-08-27
6817,Ekalinga,Bava,cust6817_yahoo.com,+91 998679555,Other,31,Lucknow,North,Regular,2024-08-09
6818,Osha,Sharaf,cust6818_gmail.com,+91 844776364,Male,18,Chandigarh,North,Occasional,2024-05-30
6819,Sneha,Mahajan,cust6819_yahoo.com,+91 797428334,Other,33,Kolkata,East,New,2023-12-29
6820,Caleb,Butala,cust6820_yahoo.com,+91 890442286,Female,31,New Delhi,North,Occasional,2024-11-20
6821,Maanas,Sawhney,cust6821_yahoo.com,+91 933155216,Other,38,Kochi,South,Occasional,2024-05-09
6822,Udant,Sahota,cust6822_hotmail.com,+91 993333708,Male,37,Jaipur,North,Regular,2023-05-25
6823,Ekapad,Mistry,cust6823_hotmail.com,+91 951750803,Other,22,Chandigarh,North,Regular,2025-05-20
6824,Dalbir,Dey,cust6824_yahoo.com,+91 851911888,Male,18,Hyderabad,South,Occasional,2025-05-07
6825,Anmol,Vala,cust6825_yahoo.com,+91 971903176,Male,28,Raipur,Central,Regular,2023-12-08
6826,Varenya,Rastogi,cust6826_hotmail.com,+91 794995674,Female,18,Guwahati,East,Regular,2023-10-30
6827,Naveen,Rao,cust6827_yahoo.com,+91 817828529,Male,33,Chandigarh,North,VIP,2025-08-11
6828,Charvi,Sharaf,cust6828_yahoo.com,+91 732664847,Other,32,New Delhi,North,VIP,2024-02-23
6829,Ekantika,Andra,cust6829_hotmail.com,+91 815565735,Other,16,Lucknow,North,Regular,2023-10-08
6830,Qarin,Khosla,cust6830_hotmail.com,+91 722565294,Female,24,Bhopal,Central,New,2024-03-14
6831,Zashil,Ghosh,cust6831_gmail.com,+91 955260258,Female,33,Kolkata,East,Occasional,2023-08-07
6832,Yauvani,Agrawal,cust6832_gmail.com,+91 820400999,Male,50,New Delhi,North,Occasional,2024-04-13
6833,Fariq,Sha,cust6833_hotmail.com,+91 980679236,Female,39,Jaipur,North,Regular,2024-03-01
6834,Darika,Choudhry,cust6834_hotmail.com,+91 770345649,Other,28,Chennai,South,Occasional,2023-07-15
6835,Hema,Koshy,cust6835_yahoo.com,+91 951517127,Other,60,Raipur,Central,New,2024-05-29
6836,Hritik,Narang,cust6836_hotmail.com,+91 875744968,Female,32,Nagpur,Central,Regular,2025-07-21
6837,Divya,Shanker,cust6837_yahoo.com,+91 957603681,Male,57,Bhopal,Central,Occasional,2024-06-09
6838,Ayush,Rajagopalan,cust6838_gmail.com,+91 941708865,Male,31,Mumbai,West,New,2025-06-27
6839,Kritika,Aurora,cust6839_gmail.com,+91 710574767,Other,59,Nagpur,Central,Occasional,2025-02-14
6840,Nitesh,Pillay,cust6840_yahoo.com,+91 842710766,Other,18,Surat,West,Occasional,2024-03-07
6841,William,Kala,cust6841_gmail.com,+91 870217999,Male,34,Hyderabad,South,Occasional,2023-04-06
6842,Maanas,Nigam,cust6842_hotmail.com,+91 929669532,Other,15,Mumbai,West,Occasional,2025-10-17
6843,Bishakha,Parmer,cust6843_gmail.com,+91 888168132,Female,47,Jaipur,North,VIP,2025-07-20
6844,Fitan,Nagy,cust6844_hotmail.com,+91 938584640,Other,18,Indore,Central,Regular,2023-12-12
6845,Liam,Vohra,cust6845_yahoo.com,+91 775770758,Female,32,Lucknow,North,Regular,2025-04-15
6846,Chakradhar,Mammen,cust6846_gmail.com,+91 796237457,Female,40,Ahmedabad,West,Regular,2023-12-18
6847,Radhika,Ramanathan,cust6847_gmail.com,+91 952177188,Other,15,New Delhi,North,Occasional,2023-08-06
6848,Gautam,Savant,cust6848_gmail.com,+91 877755235,Female,19,Pune,West,Regular,2025-12-08
6849,Vedika,Merchant,cust6849_gmail.com,+91 832796999,Female,15,Mumbai,West,New,2023-06-04
6850,Liam,Deep,cust6850_gmail.com,+91 848862906,Other,21,Chandigarh,North,Regular,2025-07-21
6851,Gagan,Reddy,cust6851_yahoo.com,+91 732619477,Male,35,Guwahati,East,New,2024-04-14
6852,Peter,Dar,cust6852_yahoo.com,+91 882337463,Male,33,Patna,East,Occasional,2025-04-21
6853,Wridesh,Goda,cust6853_yahoo.com,+91 835246574,Other,41,New Delhi,North,New,2025-11-29
6854,Shaurya,Soman,cust6854_gmail.com,+91 870562352,Male,20,New Delhi,North,Regular,2024-08-17
6855,Timothy,Date,cust6855_yahoo.com,+91 768775426,Other,52,Chennai,South,Regular,2024-09-07
6856,Bachittar,Kale,cust6856_gmail.com,+91 954783169,Male,55,Ahmedabad,West,Regular,2026-03-13
6857,Naksh,Tella,cust6857_gmail.com,+91 773371939,Other,42,Mumbai,West,New,2023-12-25
6858,Ishita,Amble,cust6858_gmail.com,+91 968891737,Male,48,Patna,East,Occasional,2024-04-14
6859,Chakradev,Sahota,cust6859_gmail.com,+91 928198874,Other,18,New Delhi,North,Regular,2023-08-23
6860,Chanakya,Cherian,cust6860_hotmail.com,+91 956425648,Other,57,Lucknow,North,Occasional,2025-11-09
6861,Yagnesh,Kakar,cust6861_yahoo.com,+91 757328808,Female,43,Kolkata,East,New,2024-01-07
6862,Upkaar,Suri,cust6862_hotmail.com,+91 941234960,Female,38,Guwahati,East,New,2025-08-19
6863,Frado,Bhatia,cust6863_gmail.com,+91 772903107,Female,26,Raipur,Central,Occasional,2025-01-26
6864,Anthony,Gour,cust6864_hotmail.com,+91 736663129,Female,38,Patna,East,Regular,2023-04-01
6865,Harita,Sani,cust6865_gmail.com,+91 965284717,Female,39,Bangalore,South,Occasional,2025-06-22
6866,Madhav,Gour,cust6866_yahoo.com,+91 743273636,Female,51,Patna,East,New,2024-08-08
6867,Avni,Tailor,cust6867_gmail.com,+91 951856802,Female,33,Pune,West,Regular,2024-08-07
6868,Jyoti,Pandya,cust6868_hotmail.com,+91 983439618,Other,53,Chandigarh,North,Occasional,2025-03-09
6869,Aarnav,Sengupta,cust6869_hotmail.com,+91 919787947,Male,29,Hyderabad,South,Regular,2024-04-25
6870,Luke,Karan,cust6870_gmail.com,+91 722589719,Female,35,Lucknow,North,New,2025-08-23
6871,Hemangini,Kalla,cust6871_gmail.com,+91 854866114,Female,33,Ahmedabad,West,Regular,2024-03-19
6872,Vivaan,Butala,cust6872_yahoo.com,+91 897884875,Male,56,Chennai,South,Regular,2026-02-28
6873,Upadhriti,Shroff,cust6873_hotmail.com,+91 764842775,Male,60,Chandigarh,North,Occasional,2025-10-08
6874,Faqid,Mane,cust6874_yahoo.com,+91 817154163,Male,29,Bhubaneswar,East,Regular,2026-04-08
6875,Bimala,Sastry,cust6875_hotmail.com,+91 844916228,Female,22,Indore,Central,Regular,2024-08-08
6876,Yash,Sawhney,cust6876_gmail.com,+91 812483993,Other,58,Chandigarh,North,Occasional,2024-03-23
6877,Jagat,Merchant,cust6877_yahoo.com,+91 910870234,Female,50,Lucknow,North,Occasional,2026-04-30
6878,Hemang,Buch,cust6878_hotmail.com,+91 974614111,Male,43,Chandigarh,North,Occasional,2023-11-01
6879,Wishi,Sangha,cust6879_yahoo.com,+91 852340118,Male,50,Pune,West,New,2024-12-02
6880,Priya,Oak,cust6880_gmail.com,+91 758954712,Male,42,Guwahati,East,Occasional,2026-01-10
6881,Peter,Sinha,cust6881_hotmail.com,+91 889422981,Male,48,Guwahati,East,Occasional,2024-06-19
6882,Omya,Bhavsar,cust6882_gmail.com,+91 951831136,Male,17,Kolkata,East,Occasional,2026-03-26
6883,Nathaniel,Chadha,cust6883_hotmail.com,+91 918828398,Female,59,Nagpur,Central,Regular,2023-02-11
6884,Ekani,Sood,cust6884_hotmail.com,+91 931213246,Female,43,Chandigarh,North,VIP,2025-10-03
6885,Niharika,Borah,cust6885_hotmail.com,+91 821594225,Male,47,Nagpur,Central,Regular,2023-03-27
6886,Darpan,Dugal,cust6886_gmail.com,+91 799830864,Other,45,Chandigarh,North,Regular,2025-08-28
6887,Ekapad,Comar,cust6887_yahoo.com,+91 879767997,Female,35,New Delhi,North,New,2024-01-18
6888,Riya,Bajwa,cust6888_yahoo.com,+91 727781433,Male,50,Kolkata,East,Regular,2025-01-13
6889,Vanya,Sane,cust6889_gmail.com,+91 880192333,Male,16,Raipur,Central,Occasional,2025-09-04
6890,Yatan,Deshmukh,cust6890_gmail.com,+91 757757500,Female,51,Pune,West,Regular,2024-06-04
6891,Vedika,Dasgupta,cust6891_hotmail.com,+91 987983792,Other,30,Pune,West,VIP,2023-11-05
6892,Nachiket,Bora,cust6892_gmail.com,+91 898489269,Other,33,Indore,Central,VIP,2024-07-06
6893,Zansi,Mane,cust6893_hotmail.com,+91 718135545,Male,58,Guwahati,East,New,2024-08-11
6894,Jhalak,Sachdeva,cust6894_gmail.com,+91 918911484,Other,20,Lucknow,North,Occasional,2025-03-07
6895,Fiyaz,Chacko,cust6895_yahoo.com,+91 979541432,Other,27,Hyderabad,South,New,2025-02-12
6896,Devika,Hans,cust6896_gmail.com,+91 812786178,Female,50,Kolkata,East,VIP,2023-08-25
6897,Ayush,Konda,cust6897_yahoo.com,+91 769408870,Male,60,Bhubaneswar,East,Regular,2023-03-04
6898,Yatan,Yogi,cust6898_hotmail.com,+91 746270876,Female,57,Jaipur,North,Occasional,2024-06-06
6899,Manthan,Kohli,cust6899_hotmail.com,+91 996181233,Other,34,Kolkata,East,VIP,2025-12-18
6900,Elijah,Johal,cust6900_gmail.com,+91 793909740,Male,54,Bangalore,South,Regular,2025-12-19
6901,Rajeshri,Padmanabhan,cust6901_hotmail.com,+91 715799495,Male,17,Kochi,South,Occasional,2024-02-08
6902,Yadavi,Rai,cust6902_yahoo.com,+91 955572332,Other,44,Kochi,South,Occasional,2025-10-20
6903,Sathvik,Date,cust6903_yahoo.com,+91 998745403,Female,56,Bhubaneswar,East,Regular,2025-08-09
6904,Aarna,Chauhan,cust6904_yahoo.com,+91 714590229,Female,36,Nagpur,Central,Occasional,2026-03-18
6905,Saksham,Taneja,cust6905_yahoo.com,+91 859368698,Male,34,Mumbai,West,Occasional,2025-10-20
6906,Ekbal,Om,cust6906_gmail.com,+91 975985360,Male,35,Hyderabad,South,Regular,2024-06-16
6907,Liam,Barman,cust6907_gmail.com,+91 889823361,Female,23,Chennai,South,Regular,2025-03-24
6908,Anvi,Balasubramanian,cust6908_yahoo.com,+91 740870501,Female,27,Mumbai,West,Regular,2023-06-02
6909,Nihal,Sangha,cust6909_yahoo.com,+91 737852294,Male,56,Surat,West,Regular,2024-07-02
6910,Qarin,Sankar,cust6910_yahoo.com,+91 939210179,Male,22,Surat,West,Occasional,2024-03-30
6911,Thomas,Pillay,cust6911_gmail.com,+91 799989950,Male,41,Kochi,South,Regular,2026-05-16
6912,Vinaya,Goswami,cust6912_yahoo.com,+91 725316859,Other,38,Indore,Central,Occasional,2023-08-13
6913,Hemani,Kannan,cust6913_gmail.com,+91 719206628,Male,52,Hyderabad,South,VIP,2024-05-05
6914,Jasmit,Ramanathan,cust6914_yahoo.com,+91 916619593,Other,52,Bhopal,Central,Occasional,2025-01-29
6915,Libni,Singh,cust6915_yahoo.com,+91 993942164,Male,27,Hyderabad,South,Occasional,2026-03-13
6916,Ridhi,Vaidya,cust6916_yahoo.com,+91 987675931,Other,42,Indore,Central,Occasional,2024-02-09
6917,Pooja,Dutta,cust6917_gmail.com,+91 929675677,Male,41,Jaipur,North,Occasional,2025-07-03
6918,Bhavna,Pillai,cust6918_gmail.com,+91 744341308,Other,35,Indore,Central,New,2024-03-08
6919,Damyanti,Ray,cust6919_hotmail.com,+91 941478617,Male,60,Raipur,Central,Occasional,2023-02-03
6920,Divya,Ahluwalia,cust6920_yahoo.com,+91 985546612,Female,17,Surat,West,Regular,2023-08-03
6921,Kai,Sahota,cust6921_yahoo.com,+91 732386390,Other,41,Raipur,Central,Regular,2025-06-17
6922,Gauri,Choudhary,cust6922_gmail.com,+91 883642839,Other,55,Hyderabad,South,Occasional,2024-08-18
6923,Chatura,Sama,cust6923_gmail.com,+91 984290802,Male,45,Ahmedabad,West,VIP,2025-11-10
6924,Sara,Sahni,cust6924_hotmail.com,+91 842248915,Female,24,Bangalore,South,New,2026-03-12
6925,Praneel,Kashyap,cust6925_hotmail.com,+91 869496653,Male,51,Mumbai,West,Occasional,2025-02-03
6926,Anthony,Sastry,cust6926_hotmail.com,+91 996721872,Male,21,Kochi,South,Regular,2024-05-11
6927,Tanveer,Kurian,cust6927_hotmail.com,+91 958526793,Female,48,Raipur,Central,Occasional,2026-04-23
6928,Lakshit,Bora,cust6928_gmail.com,+91 744651970,Male,31,Lucknow,North,New,2024-02-23
6929,Imaran,Mitra,cust6929_yahoo.com,+91 868680936,Male,27,Ahmedabad,West,Occasional,2025-06-13
6930,Kamya,Agrawal,cust6930_gmail.com,+91 743452798,Male,43,Kochi,South,VIP,2026-04-30
6931,Rohan,Master,cust6931_yahoo.com,+91 885486517,Female,20,New Delhi,North,New,2023-08-17
6932,Abeer,Mangat,cust6932_yahoo.com,+91 859482631,Other,57,Ahmedabad,West,Regular,2024-12-17
6933,Ubika,Devan,cust6933_yahoo.com,+91 987920829,Other,37,Indore,Central,Regular,2025-02-04
6934,Zinal,Manne,cust6934_hotmail.com,+91 824198362,Male,15,Chandigarh,North,New,2023-06-30
6935,Charles,Shanker,cust6935_gmail.com,+91 885527111,Other,39,Hyderabad,South,New,2025-10-15
6936,Victor,Wagle,cust6936_gmail.com,+91 732878701,Female,38,Nagpur,Central,VIP,2023-11-13
6937,Brinda,Sethi,cust6937_hotmail.com,+91 812921852,Male,32,Ahmedabad,West,Occasional,2023-05-26
6938,Maanas,Kibe,cust6938_gmail.com,+91 778211607,Other,33,Surat,West,Regular,2025-11-23
6939,Nachiket,Bhalla,cust6939_hotmail.com,+91 926542767,Female,28,Surat,West,Occasional,2024-11-21
6940,Anamika,Nadig,cust6940_gmail.com,+91 774694774,Other,45,Indore,Central,New,2025-12-21
6941,Megha,Sura,cust6941_yahoo.com,+91 855730816,Male,17,Bangalore,South,Regular,2026-01-20
6942,Sai,Arora,cust6942_yahoo.com,+91 837299404,Female,15,Surat,West,Occasional,2026-04-04
6943,Niharika,Kanda,cust6943_hotmail.com,+91 853908130,Female,22,Kolkata,East,Occasional,2023-11-03
6944,Zinal,Sandhu,cust6944_gmail.com,+91 839864191,Male,45,Hyderabad,South,Occasional,2023-08-07
6945,Isaiah,Bhavsar,cust6945_gmail.com,+91 899329198,Other,47,Bhubaneswar,East,New,2023-01-07
6946,Max,Bala,cust6946_gmail.com,+91 812881248,Other,40,Pune,West,New,2026-05-18
6947,Zarna,Master,cust6947_hotmail.com,+91 976964427,Female,24,New Delhi,North,Regular,2026-01-23
6948,Jonathan,Rama,cust6948_yahoo.com,+91 766819909,Male,48,Hyderabad,South,Occasional,2024-02-21
6949,Samar,Jayaraman,cust6949_gmail.com,+91 998661388,Female,41,Surat,West,Regular,2026-04-16
6950,Siya,Raj,cust6950_gmail.com,+91 712867813,Female,20,Lucknow,North,Regular,2024-10-18
6951,Yashodhara,Ganesan,cust6951_hotmail.com,+91 770268508,Other,29,Guwahati,East,Occasional,2026-05-12
6952,Nidra,Tara,cust6952_hotmail.com,+91 921389678,Other,43,New Delhi,North,Occasional,2025-04-19
6953,Frederick,Jhaveri,cust6953_yahoo.com,+91 919941615,Male,59,Bhubaneswar,East,New,2026-02-23
6954,Gautami,Kulkarni,cust6954_hotmail.com,+91 823893298,Other,22,Kolkata,East,Occasional,2023-01-14
6955,Radhika,Deol,cust6955_gmail.com,+91 981882243,Other,44,Bhopal,Central,Regular,2024-03-20
6956,Kamala,Saini,cust6956_yahoo.com,+91 943542338,Male,38,Chennai,South,Regular,2025-05-23
6957,Charles,Comar,cust6957_gmail.com,+91 935424386,Other,45,Chandigarh,North,New,2025-06-01
6958,Advika,Pingle,cust6958_gmail.com,+91 824418954,Female,59,Bhubaneswar,East,New,2023-08-15
6959,Tanveer,Prasad,cust6959_gmail.com,+91 896861566,Female,53,Patna,East,New,2025-05-26
6960,Aadi,Brahmbhatt,cust6960_gmail.com,+91 726353294,Female,42,New Delhi,North,Regular,2025-10-11
6961,Bishakha,Raman,cust6961_gmail.com,+91 752463376,Other,25,Jaipur,North,Occasional,2024-05-30
6962,Hemani,Wali,cust6962_hotmail.com,+91 985562562,Other,57,Patna,East,Occasional,2025-01-08
6963,Darpan,Zachariah,cust6963_gmail.com,+91 742952817,Other,36,Lucknow,North,New,2025-12-09
6964,Yashodhara,Banik,cust6964_yahoo.com,+91 760376299,Male,24,Raipur,Central,Regular,2023-12-03
6965,Ekansh,Bhat,cust6965_yahoo.com,+91 726617568,Female,43,Indore,Central,Regular,2024-02-01
6966,Anita,Khurana,cust6966_gmail.com,+91 946138963,Other,15,Ahmedabad,West,Regular,2023-04-06
6967,Nidra,Rajan,cust6967_hotmail.com,+91 983597704,Other,59,New Delhi,North,Occasional,2024-06-25
6968,Faqid,Kala,cust6968_yahoo.com,+91 910170795,Female,51,Surat,West,Regular,2024-06-12
6969,Harshil,Maharaj,cust6969_hotmail.com,+91 883309942,Other,52,Guwahati,East,Occasional,2023-10-24
6970,Teerth,Sood,cust6970_yahoo.com,+91 934497753,Other,60,Kochi,South,VIP,2025-09-30
6971,Ekaja,Pandey,cust6971_hotmail.com,+91 972853796,Other,49,Kolkata,East,New,2024-12-12
6972,Ronith,Basak,cust6972_hotmail.com,+91 983623340,Female,59,Bangalore,South,Regular,2023-03-19
6973,Advik,Chauhan,cust6973_yahoo.com,+91 761233387,Male,15,New Delhi,North,Occasional,2025-09-19
6974,Eesha,Raj,cust6974_yahoo.com,+91 897253832,Other,60,Bangalore,South,Regular,2025-03-13
6975,Imaran,Sur,cust6975_yahoo.com,+91 851521807,Female,27,Guwahati,East,Occasional,2024-11-25
6976,Adweta,Banik,cust6976_gmail.com,+91 952123474,Other,34,Hyderabad,South,Occasional,2025-05-02
6977,Baljiwan,Dubey,cust6977_yahoo.com,+91 911870949,Other,38,Bhubaneswar,East,Occasional,2025-08-02
6978,Harshil,Ravel,cust6978_hotmail.com,+91 710129230,Female,49,Surat,West,New,2026-05-12
6979,Samarth,Sule,cust6979_hotmail.com,+91 794563986,Female,21,Hyderabad,South,New,2025-03-29
6980,Rajata,Chander,cust6980_gmail.com,+91 974775626,Male,18,Chennai,South,Occasional,2023-06-09
6981,Zaitra,Ramachandran,cust6981_yahoo.com,+91 944722260,Male,49,Kochi,South,Occasional,2024-07-22
6982,Zansi,Sami,cust6982_gmail.com,+91 961721888,Other,41,Mumbai,West,Regular,2026-05-25
6983,Upma,Rajan,cust6983_yahoo.com,+91 969422961,Male,21,Chennai,South,Regular,2023-05-13
6984,Saksham,Issac,cust6984_gmail.com,+91 720944975,Female,35,Bangalore,South,Occasional,2024-07-07
6985,Dominic,Soni,cust6985_gmail.com,+91 810281288,Female,24,Indore,Central,Regular,2024-10-04
6986,Ekani,Bala,cust6986_yahoo.com,+91 998186342,Male,27,Jaipur,North,Regular,2026-01-22
6987,Sarthak,Prasad,cust6987_gmail.com,+91 949110730,Female,58,New Delhi,North,Regular,2025-04-13
6988,Ishanvi,Zacharia,cust6988_gmail.com,+91 851475140,Other,43,Hyderabad,South,Occasional,2024-02-02
6989,Ijaya,Sami,cust6989_yahoo.com,+91 798824847,Male,48,Hyderabad,South,Regular,2025-07-02
6990,Mason,Pingle,cust6990_gmail.com,+91 985224325,Female,17,Chennai,South,Occasional,2024-11-14
6991,Wriddhish,Kota,cust6991_hotmail.com,+91 850772928,Other,46,New Delhi,North,VIP,2024-07-20
6992,Yashodhara,Gade,cust6992_yahoo.com,+91 810929871,Female,39,Jaipur,North,Regular,2025-10-16
6993,Lipika,Ratta,cust6993_hotmail.com,+91 775239286,Male,25,Lucknow,North,Regular,2023-09-05
6994,Girindra,Sidhu,cust6994_hotmail.com,+91 983481163,Other,19,Hyderabad,South,VIP,2023-08-09
6995,Gautami,Bassi,cust6995_gmail.com,+91 930838871,Male,22,Hyderabad,South,Regular,2025-01-18
6996,Ganga,Zacharia,cust6996_yahoo.com,+91 950957619,Other,22,Bhopal,Central,Regular,2025-11-24
6997,Priya,Sundaram,cust6997_hotmail.com,+91 814276240,Male,21,Kochi,South,Occasional,2024-10-22
6998,Aayush,Jain,cust6998_gmail.com,+91 716806878,Female,20,Indore,Central,Occasional,2023-11-20
6999,Yutika,Om,cust6999_gmail.com,+91 928194100,Male,36,Nagpur,Central,Occasional,2023-08-24
7000,Turvi,Gola,cust7000_yahoo.com,+91 794653190,Other,33,Nagpur,Central,New,2023-09-02
7001,Leena,Sani,cust7001_hotmail.com,+91 993733763,Male,34,Chennai,South,Occasional,2026-03-17
7002,Tristan,Kumer,cust7002_yahoo.com,+91 921597516,Other,30,Chandigarh,North,VIP,2025-05-20
7003,Kamala,Bhat,cust7003_gmail.com,+91 845921314,Male,22,New Delhi,North,Occasional,2023-04-19
7004,Jeremiah,Vasa,cust7004_yahoo.com,+91 947212101,Male,34,Kolkata,East,Occasional,2024-05-12
7005,Pooja,Chhabra,cust7005_gmail.com,+91 843780456,Male,39,Bhopal,Central,New,2024-04-10
7006,Unni,Halder,cust7006_gmail.com,+91 934747280,Other,60,New Delhi,North,Regular,2023-01-07
7007,Urmi,Dass,cust7007_hotmail.com,+91 998784676,Male,28,Bhubaneswar,East,Occasional,2025-04-11
7008,Tanmayi,Kapur,cust7008_hotmail.com,+91 999229152,Other,55,Chennai,South,Regular,2023-01-13
7009,Ojas,Sule,cust7009_yahoo.com,+91 969733833,Other,21,Surat,West,New,2026-01-15
7010,Tamanna,D’Alia,cust7010_gmail.com,+91 769937927,Male,54,Guwahati,East,Regular,2024-12-29
7011,Yachana,Master,cust7011_gmail.com,+91 712456690,Male,43,Mumbai,West,Regular,2026-03-26
7012,Kabir,Srivastava,cust7012_hotmail.com,+91 931416890,Other,55,Hyderabad,South,Occasional,2024-05-10
7013,Madhavi,Issac,cust7013_gmail.com,+91 712505669,Other,42,Chandigarh,North,New,2025-02-21
7014,Darsh,Anand,cust7014_yahoo.com,+91 824688287,Other,18,Raipur,Central,Occasional,2026-04-27
7015,Madhav,Bora,cust7015_gmail.com,+91 954395146,Other,32,Hyderabad,South,VIP,2023-05-09
7016,Arya,Dhaliwal,cust7016_gmail.com,+91 876772361,Female,35,Kolkata,East,Occasional,2023-08-08
7017,Bina,Suresh,cust7017_gmail.com,+91 993233269,Female,36,Lucknow,North,Occasional,2024-04-03
7018,Charles,Palla,cust7018_hotmail.com,+91 762113397,Other,36,Mumbai,West,Occasional,2025-11-18
7019,Veda,Sekhon,cust7019_yahoo.com,+91 880166389,Other,45,Bhopal,Central,New,2025-10-20
7020,Prisha,Dara,cust7020_hotmail.com,+91 969793198,Female,45,Surat,West,Regular,2023-05-26
7021,Vaishnavi,Chokshi,cust7021_yahoo.com,+91 975197421,Female,30,Jaipur,North,Regular,2025-06-19
7022,Radha,Palla,cust7022_yahoo.com,+91 948937313,Male,16,Pune,West,Occasional,2024-07-20
7023,Tamanna,Ray,cust7023_yahoo.com,+91 874622767,Other,27,Kochi,South,Regular,2024-09-17
7024,Krishna,Viswanathan,cust7024_gmail.com,+91 953804256,Male,17,Jaipur,North,Occasional,2023-03-05
7025,Bhavna,Lata,cust7025_gmail.com,+91 977109293,Female,31,Bhubaneswar,East,Regular,2023-10-30
7026,Jeevika,Doshi,cust7026_gmail.com,+91 888933473,Female,20,Ahmedabad,West,Occasional,2023-01-28
7027,Lakshit,Raghavan,cust7027_hotmail.com,+91 787889453,Other,17,Bhubaneswar,East,Regular,2024-03-13
7028,Janya,Hayre,cust7028_yahoo.com,+91 982849913,Other,23,Ahmedabad,West,Occasional,2026-01-12
7029,Sai,Gopal,cust7029_gmail.com,+91 856376717,Female,20,Lucknow,North,Regular,2025-08-27
7030,Faqid,Kuruvilla,cust7030_gmail.com,+91 767813684,Male,33,Bhopal,Central,New,2023-05-18
7031,Agastya,Shanker,cust7031_gmail.com,+91 733959625,Female,30,Nagpur,Central,Regular,2025-08-26
7032,Bhavani,Sridhar,cust7032_hotmail.com,+91 968994403,Other,24,Nagpur,Central,Regular,2024-07-16
7033,Oviya,Bedi,cust7033_gmail.com,+91 710972384,Other,54,Raipur,Central,New,2024-01-13
7034,Waida,Contractor,cust7034_gmail.com,+91 866644767,Other,58,Mumbai,West,Regular,2024-06-03
7035,Baljiwan,Char,cust7035_gmail.com,+91 779666951,Female,25,Mumbai,West,Occasional,2024-05-25
7036,Mekhala,Doshi,cust7036_yahoo.com,+91 882877264,Other,37,New Delhi,North,Regular,2023-04-18
7037,Azaan,Thaman,cust7037_gmail.com,+91 946490263,Other,30,New Delhi,North,New,2023-01-14
7038,Nandini,Palla,cust7038_hotmail.com,+91 857499328,Female,55,Chandigarh,North,Regular,2023-07-29
7039,Sathvik,Lal,cust7039_yahoo.com,+91 947940795,Male,27,Bangalore,South,Regular,2025-06-07
7040,Tamanna,Jani,cust7040_gmail.com,+91 860941402,Male,15,Indore,Central,Regular,2024-06-06
7041,Bhavya,Tripathi,cust7041_hotmail.com,+91 882392969,Other,20,Ahmedabad,West,Regular,2024-05-09
7042,Samuel,Parmar,cust7042_yahoo.com,+91 889249806,Male,47,Guwahati,East,Regular,2026-01-13
7043,Rachit,Chokshi,cust7043_yahoo.com,+91 870991568,Male,31,Raipur,Central,Occasional,2023-05-19
7044,Neha,Sodhi,cust7044_hotmail.com,+91 863803502,Female,35,Kolkata,East,New,2025-06-05
7045,Zayyan,Rajagopalan,cust7045_gmail.com,+91 837349492,Male,37,Bhubaneswar,East,Regular,2023-05-22
7046,Yashasvi,Sachdev,cust7046_hotmail.com,+91 720157532,Female,51,Kolkata,East,Occasional,2026-01-09
7047,Bhanumati,Khatri,cust7047_gmail.com,+91 788288387,Other,52,Guwahati,East,Occasional,2024-08-24
7048,Sarthak,Chand,cust7048_yahoo.com,+91 835533715,Female,26,Hyderabad,South,Occasional,2023-02-05
7049,Liam,Reddy,cust7049_yahoo.com,+91 833830639,Female,28,Mumbai,West,New,2025-12-12
7050,Madhav,Vasa,cust7050_gmail.com,+91 890396170,Female,46,Nagpur,Central,Occasional,2024-07-20
7051,Maya,Yohannan,cust7051_yahoo.com,+91 917218154,Female,45,Hyderabad,South,New,2024-04-27
7052,Ojas,Tara,cust7052_hotmail.com,+91 915476319,Female,33,Guwahati,East,Occasional,2024-02-14
7053,Bina,Agate,cust7053_gmail.com,+91 880959807,Male,21,Mumbai,West,Regular,2023-07-19
7054,Lohit,Bail,cust7054_hotmail.com,+91 979742752,Other,18,Ahmedabad,West,Occasional,2023-02-23
7055,Chandran,Chadha,cust7055_yahoo.com,+91 858408667,Other,46,Kolkata,East,Regular,2024-08-30
7056,Krishna,Badal,cust7056_yahoo.com,+91 849539918,Female,16,Nagpur,Central,Regular,2025-11-01
7057,Arjun,Nigam,cust7057_yahoo.com,+91 746233650,Other,42,Patna,East,Regular,2023-05-14
7058,Luke,Tandon,cust7058_gmail.com,+91 990245189,Male,44,Kochi,South,Regular,2023-11-20
7059,Samaksh,Bhandari,cust7059_hotmail.com,+91 868337721,Female,18,Bhubaneswar,East,Regular,2024-09-14
7060,Rudra,Keer,cust7060_yahoo.com,+91 897606875,Male,25,Chandigarh,North,New,2025-12-17
7061,Teerth,Raj,cust7061_hotmail.com,+91 967522176,Female,31,Kochi,South,Regular,2024-10-15
7062,Sai,Arya,cust7062_gmail.com,+91 970743221,Female,41,Guwahati,East,Regular,2026-01-12
7063,Dakshesh,Barad,cust7063_hotmail.com,+91 794858230,Female,27,Hyderabad,South,Regular,2023-04-01
7064,Wahab,Bhatti,cust7064_hotmail.com,+91 967278373,Female,59,Nagpur,Central,Regular,2023-03-23
7065,Ishaan,Aggarwal,cust7065_yahoo.com,+91 878835288,Female,42,Chandigarh,North,Regular,2024-11-19
7066,Chaitanya,Ghose,cust7066_hotmail.com,+91 986448760,Male,45,Indore,Central,Occasional,2025-04-05
7067,Vihaan,Nayak,cust7067_hotmail.com,+91 991879117,Male,46,Jaipur,North,New,2025-09-26
7068,Dhruv,Nayak,cust7068_hotmail.com,+91 754503882,Other,41,Hyderabad,South,New,2024-03-08
7069,Pranit,Bedi,cust7069_hotmail.com,+91 792954785,Male,17,Lucknow,North,Occasional,2025-07-21
7070,Victor,Bawa,cust7070_yahoo.com,+91 935656793,Other,39,Mumbai,West,VIP,2026-02-22
7071,Thomas,Sawhney,cust7071_yahoo.com,+91 749732660,Other,53,Raipur,Central,Regular,2026-01-02
7072,Gaurang,Kibe,cust7072_yahoo.com,+91 734113655,Male,52,Indore,Central,Regular,2024-10-21
7073,Onkar,Walla,cust7073_hotmail.com,+91 998771882,Male,16,Surat,West,New,2024-09-03
7074,Yauvani,Butala,cust7074_gmail.com,+91 759176505,Female,40,Lucknow,North,Occasional,2023-02-08
7075,Pushti,Venkatesh,cust7075_gmail.com,+91 835435390,Male,48,Jaipur,North,Regular,2023-08-01
7076,Chavvi,Shanker,cust7076_hotmail.com,+91 911397903,Male,47,Raipur,Central,Occasional,2024-06-25
7077,Tanvi,Aggarwal,cust7077_yahoo.com,+91 971368990,Female,58,Indore,Central,Occasional,2024-02-03
7078,Thomas,Borah,cust7078_gmail.com,+91 942900838,Other,18,Bhubaneswar,East,Regular,2026-01-20
7079,Ikshita,Kala,cust7079_hotmail.com,+91 818946320,Other,49,Bhopal,Central,Occasional,2023-02-26
7080,Yash,Anand,cust7080_hotmail.com,+91 939446785,Other,33,Kochi,South,Occasional,2026-04-26
7081,Widisha,Jain,cust7081_hotmail.com,+91 989123450,Female,43,Ahmedabad,West,New,2024-11-03
7082,Yahvi,Mannan,cust7082_gmail.com,+91 986430235,Male,40,Bangalore,South,VIP,2024-11-26
7083,Jeet,Morar,cust7083_gmail.com,+91 891630274,Other,33,Ahmedabad,West,Regular,2023-05-28
7084,Pahal,Kaul,cust7084_yahoo.com,+91 837148467,Male,22,Guwahati,East,Regular,2025-11-02
7085,Ishani,Balakrishnan,cust7085_hotmail.com,+91 889699545,Male,29,Chandigarh,North,New,2024-09-26
7086,Nidra,Sunder,cust7086_yahoo.com,+91 781954460,Male,40,Patna,East,Occasional,2023-06-11
7087,Guneet,Upadhyay,cust7087_yahoo.com,+91 952558140,Other,55,Kochi,South,New,2025-01-14
7088,Mitali,Dass,cust7088_hotmail.com,+91 741376309,Other,22,Lucknow,North,New,2025-01-13
7089,Tarak,Rege,cust7089_gmail.com,+91 735844429,Other,40,Patna,East,Regular,2025-04-04
7090,Ishita,Bakshi,cust7090_gmail.com,+91 757557190,Male,26,Chennai,South,VIP,2024-11-02
7091,Mekhala,Edwin,cust7091_yahoo.com,+91 926939170,Female,29,Surat,West,Occasional,2026-02-06
7092,Orinder,Dutt,cust7092_gmail.com,+91 933643726,Female,43,Kolkata,East,Occasional,2024-09-15
7093,Rachana,Saran,cust7093_yahoo.com,+91 742478511,Male,34,Raipur,Central,Occasional,2024-10-22
7094,Yutika,Apte,cust7094_hotmail.com,+91 916581507,Male,55,Pune,West,Occasional,2025-03-10
7095,Robert,Sem,cust7095_hotmail.com,+91 796691494,Male,17,Chandigarh,North,Occasional,2025-12-22
7096,Frederick,Rana,cust7096_yahoo.com,+91 839759430,Female,52,Guwahati,East,Occasional,2024-09-08
7097,Rachit,Yogi,cust7097_hotmail.com,+91 819516817,Other,58,Ahmedabad,West,Regular,2023-09-20
7098,Ubika,Manne,cust7098_hotmail.com,+91 759119517,Male,58,Surat,West,New,2023-01-02
7099,Wyatt,Nadkarni,cust7099_hotmail.com,+91 930318171,Male,26,New Delhi,North,Regular,2025-06-25
7100,Hitesh,Deshmukh,cust7100_yahoo.com,+91 764615389,Female,43,Kochi,South,Regular,2025-04-11
7101,Vansha,Srinivasan,cust7101_yahoo.com,+91 915302450,Female,16,New Delhi,North,Regular,2024-06-14
7102,Radha,Naidu,cust7102_hotmail.com,+91 828619836,Male,54,Pune,West,Regular,2023-08-25
7103,Lajita,Minhas,cust7103_gmail.com,+91 747667438,Female,21,Indore,Central,Occasional,2025-02-09
7104,Raghav,Pingle,cust7104_hotmail.com,+91 719932166,Other,34,Patna,East,Occasional,2025-05-02
7105,Aryan,Nadig,cust7105_gmail.com,+91 877562339,Other,27,Guwahati,East,New,2025-04-06
7106,Bina,Dash,cust7106_yahoo.com,+91 864853508,Female,48,Surat,West,Regular,2023-04-23
7107,Lila,Narayan,cust7107_yahoo.com,+91 972313583,Male,15,Bangalore,South,Regular,2023-06-19
7108,Raghav,Boase,cust7108_gmail.com,+91 865969375,Female,29,Raipur,Central,Occasional,2025-05-06
7109,Indira,Randhawa,cust7109_yahoo.com,+91 931480788,Other,43,Mumbai,West,VIP,2025-07-05
7110,Girik,Warrior,cust7110_hotmail.com,+91 830671351,Female,38,Ahmedabad,West,Occasional,2026-05-29
7111,Faris,Comar,cust7111_yahoo.com,+91 832199148,Other,52,Raipur,Central,Regular,2024-11-16
7112,Priya,Baral,cust7112_gmail.com,+91 897904566,Female,52,Indore,Central,Occasional,2025-03-27
7113,Jalsa,Bassi,cust7113_gmail.com,+91 776878949,Male,42,Pune,West,Occasional,2025-10-09
7114,Qarin,Lala,cust7114_yahoo.com,+91 857909831,Other,29,Indore,Central,New,2026-01-20
7115,Pratyush,Virk,cust7115_yahoo.com,+91 864902109,Female,16,Chennai,South,New,2025-07-12
7116,Vyanjana,Palla,cust7116_hotmail.com,+91 785627345,Female,53,Pune,West,New,2025-05-21
7117,Chandran,Kaul,cust7117_hotmail.com,+91 990698407,Other,55,Ahmedabad,West,Regular,2024-12-20
7118,Lohit,Hayre,cust7118_gmail.com,+91 837520336,Other,31,Bangalore,South,Regular,2023-01-26
7119,Harsh,Doctor,cust7119_yahoo.com,+91 915363899,Female,43,Chandigarh,North,Occasional,2023-07-11
7120,Agastya,Bhatt,cust7120_hotmail.com,+91 997921819,Female,34,Indore,Central,Regular,2025-09-11
7121,Mahika,Banik,cust7121_yahoo.com,+91 933368694,Female,21,Hyderabad,South,Regular,2025-02-26
7122,Onveer,Bajaj,cust7122_yahoo.com,+91 883277199,Female,56,Chandigarh,North,Occasional,2024-03-03
7123,Hemangini,Dixit,cust7123_gmail.com,+91 754633592,Other,39,Bangalore,South,Occasional,2025-10-24
7124,Utkarsh,Gulati,cust7124_yahoo.com,+91 780386965,Female,20,Bhubaneswar,East,Regular,2023-09-09
7125,Shivansh,Dani,cust7125_hotmail.com,+91 794610664,Female,58,Kolkata,East,Regular,2025-07-28
7126,Amol,Rajagopalan,cust7126_gmail.com,+91 861521298,Male,23,Mumbai,West,Regular,2025-05-21
7127,Agastya,Tara,cust7127_hotmail.com,+91 714284886,Female,36,Chennai,South,New,2023-03-07
7128,Anmol,Deshpande,cust7128_yahoo.com,+91 752592664,Female,39,Guwahati,East,Regular,2023-10-31
7129,Orinder,Rajan,cust7129_hotmail.com,+91 738248986,Female,21,Patna,East,Regular,2026-05-05
7130,Pallavi,Dewan,cust7130_yahoo.com,+91 964184466,Female,32,Chennai,South,Regular,2026-01-08
7131,Siya,Patla,cust7131_gmail.com,+91 922657794,Female,37,Nagpur,Central,VIP,2025-12-26
7132,Bhavya,Bakshi,cust7132_hotmail.com,+91 798262592,Other,41,Raipur,Central,New,2024-12-30
7133,Warda,Chanda,cust7133_hotmail.com,+91 738596212,Other,16,Indore,Central,Regular,2024-05-22
7134,Aradhana,Mody,cust7134_yahoo.com,+91 738806721,Male,47,Kolkata,East,VIP,2026-03-30
7135,Jhalak,Reddy,cust7135_hotmail.com,+91 833231379,Male,27,Patna,East,Occasional,2025-10-27
7136,Warhi,Kumer,cust7136_gmail.com,+91 922205536,Other,23,Bhubaneswar,East,Regular,2026-04-21
7137,Lajita,Tailor,cust7137_gmail.com,+91 957172221,Male,32,Guwahati,East,Occasional,2026-01-24
7138,Daksha,Kulkarni,cust7138_yahoo.com,+91 759307219,Female,59,Guwahati,East,Regular,2024-07-16
7139,Aachal,Narayanan,cust7139_hotmail.com,+91 828766853,Other,44,Bangalore,South,Occasional,2023-12-07
7140,Avni,Rai,cust7140_hotmail.com,+91 983167679,Male,25,Kolkata,East,Occasional,2023-04-12
7141,Omya,Pandya,cust7141_hotmail.com,+91 765756830,Male,17,Ahmedabad,West,Occasional,2024-10-28
7142,Amrita,Toor,cust7142_gmail.com,+91 979864680,Other,44,Chennai,South,Regular,2023-11-05
7143,Chaman,Karnik,cust7143_hotmail.com,+91 817971891,Other,47,Chennai,South,Occasional,2026-05-06
7144,Pushti,Dutta,cust7144_yahoo.com,+91 748725879,Male,38,Nagpur,Central,Occasional,2024-07-02
7145,Tarak,Saraf,cust7145_yahoo.com,+91 859578785,Other,36,Bhopal,Central,Regular,2025-02-07
7146,Zarna,Munshi,cust7146_gmail.com,+91 862673629,Other,19,Pune,West,Regular,2024-04-10
7147,Ayushman,Sharma,cust7147_yahoo.com,+91 796414935,Other,20,Pune,West,New,2023-08-28
7148,Urishilla,Agrawal,cust7148_hotmail.com,+91 734922277,Female,40,Hyderabad,South,Occasional,2024-07-20
7149,Bina,Kohli,cust7149_gmail.com,+91 948417393,Other,50,New Delhi,North,Occasional,2025-08-03
7150,Nilima,Kamdar,cust7150_hotmail.com,+91 947243915,Male,44,Jaipur,North,Regular,2026-04-16
7151,Zayan,Mital,cust7151_gmail.com,+91 721423587,Other,57,Indore,Central,Occasional,2025-10-04
7152,Qushi,Nazareth,cust7152_hotmail.com,+91 930677543,Other,20,Ahmedabad,West,Occasional,2026-02-06
7153,Ishani,Bajwa,cust7153_hotmail.com,+91 975558128,Male,17,Lucknow,North,Regular,2023-02-19
7154,Dalaja,Nagar,cust7154_gmail.com,+91 864870481,Male,24,Chandigarh,North,New,2026-05-12
7155,Azad,Gill,cust7155_hotmail.com,+91 861257358,Male,33,Jaipur,North,Regular,2024-07-15
7156,Nandini,Sheth,cust7156_gmail.com,+91 714534528,Other,37,Patna,East,Regular,2024-02-23
7157,Abhiram,Behl,cust7157_yahoo.com,+91 734550149,Female,43,Guwahati,East,VIP,2026-02-12
7158,Avni,Gera,cust7158_hotmail.com,+91 871895461,Other,29,Lucknow,North,New,2023-11-03
7159,Rohan,Bath,cust7159_hotmail.com,+91 967668361,Female,59,Bhopal,Central,Regular,2026-03-24
7160,Sanya,Karan,cust7160_hotmail.com,+91 919962792,Female,59,New Delhi,North,New,2024-12-27
7161,Lucky,Murty,cust7161_yahoo.com,+91 961732209,Other,59,Nagpur,Central,VIP,2025-01-31
7162,Hemani,Agrawal,cust7162_gmail.com,+91 972920436,Other,47,Kolkata,East,Occasional,2025-09-13
7163,Ayush,Bhatnagar,cust7163_yahoo.com,+91 964242341,Other,53,Mumbai,West,Regular,2025-05-23
7164,Gautami,Panchal,cust7164_gmail.com,+91 992574169,Male,51,Nagpur,Central,Regular,2023-08-02
7165,Balvan,Deo,cust7165_hotmail.com,+91 723109150,Female,16,Lucknow,North,Regular,2024-07-04
7166,Aayush,Mital,cust7166_yahoo.com,+91 815544771,Other,36,Kolkata,East,New,2025-12-19
7167,Qasim,Chandra,cust7167_yahoo.com,+91 717298554,Other,15,Nagpur,Central,New,2023-02-05
7168,Hemal,Karan,cust7168_gmail.com,+91 836703184,Female,18,Kolkata,East,Regular,2023-11-22
7169,Ucchal,Lanka,cust7169_hotmail.com,+91 770915618,Male,27,Bhubaneswar,East,Regular,2023-08-05
7170,Viraj,Kapur,cust7170_yahoo.com,+91 745583104,Male,20,Patna,East,New,2025-12-02
7171,Ganga,Guha,cust7171_gmail.com,+91 862822818,Other,25,Kolkata,East,New,2025-08-21
7172,Harish,Choudhury,cust7172_gmail.com,+91 930339497,Female,23,Kochi,South,VIP,2026-05-23
7173,Ira,Balakrishnan,cust7173_yahoo.com,+91 723357832,Female,47,Jaipur,North,Occasional,2024-01-07
7174,Nandini,Parmar,cust7174_gmail.com,+91 785612503,Male,23,Patna,East,New,2023-09-17
7175,Aishani,Dixit,cust7175_hotmail.com,+91 735222702,Other,40,New Delhi,North,Occasional,2024-12-16
7176,Lajita,Goswami,cust7176_hotmail.com,+91 885170296,Male,37,Nagpur,Central,New,2024-11-05
7177,Indrajit,Behl,cust7177_hotmail.com,+91 846557637,Male,48,Kochi,South,New,2024-06-18
7178,Warhi,Kapoor,cust7178_hotmail.com,+91 897734227,Female,53,Bhopal,Central,Occasional,2024-07-18
7179,Inaya,Pall,cust7179_yahoo.com,+91 737681223,Other,46,Indore,Central,Regular,2023-10-26
7180,Faris,Lad,cust7180_hotmail.com,+91 789287820,Other,59,Hyderabad,South,Occasional,2024-06-15
7181,Raagini,Baria,cust7181_hotmail.com,+91 777583150,Male,38,Ahmedabad,West,New,2026-03-21
7182,Faris,Kata,cust7182_yahoo.com,+91 898404597,Male,35,Ahmedabad,West,Regular,2025-08-30
7183,Farhan,Sood,cust7183_hotmail.com,+91 763954734,Male,17,Chennai,South,Occasional,2023-05-26
7184,Hemangini,Parmar,cust7184_yahoo.com,+91 948697728,Other,22,Jaipur,North,Regular,2024-04-17
7185,Thomas,Setty,cust7185_hotmail.com,+91 822583937,Other,50,New Delhi,North,Regular,2026-03-20
7186,Omisha,Deshmukh,cust7186_yahoo.com,+91 836804491,Female,15,Raipur,Central,VIP,2023-02-18
7187,Hritik,Sagar,cust7187_yahoo.com,+91 887388243,Female,46,Ahmedabad,West,New,2023-10-17
7188,Yug,Sathe,cust7188_yahoo.com,+91 836270506,Male,59,Kochi,South,Occasional,2023-11-07
7189,Girish,Dey,cust7189_gmail.com,+91 742419380,Female,51,Pune,West,New,2024-08-21
7190,Eesha,Soni,cust7190_yahoo.com,+91 885422174,Male,33,Jaipur,North,Occasional,2025-11-03
7191,Ojas,Sandal,cust7191_yahoo.com,+91 715161693,Other,21,Kochi,South,Occasional,2024-10-19
7192,Oscar,Samra,cust7192_gmail.com,+91 816237715,Male,46,Ahmedabad,West,New,2023-06-07
7193,Aarini,Vora,cust7193_gmail.com,+91 987583122,Male,42,Nagpur,Central,Occasional,2025-03-08
7194,Riya,Ramanathan,cust7194_gmail.com,+91 844667688,Male,40,New Delhi,North,Occasional,2025-03-05
7195,Daniel,Samra,cust7195_hotmail.com,+91 772489723,Female,23,Bhopal,Central,Regular,2023-01-22
7196,Fiyaz,Sankar,cust7196_gmail.com,+91 983745714,Female,56,New Delhi,North,Regular,2023-12-30
7197,Wahab,Nayar,cust7197_gmail.com,+91 948895596,Female,53,Indore,Central,Regular,2023-02-01
7198,Wakeeta,Bhargava,cust7198_yahoo.com,+91 998435903,Male,21,Lucknow,North,Regular,2024-11-08
7199,Bachittar,Narayan,cust7199_hotmail.com,+91 741438529,Female,55,Mumbai,West,Occasional,2024-06-05
7200,Luke,Dass,cust7200_hotmail.com,+91 819118772,Male,38,Kochi,South,VIP,2025-08-14
7201,Omya,Sastry,cust7201_gmail.com,+91 789743472,Female,30,Indore,Central,Regular,2025-12-29
7202,Harish,Ghose,cust7202_gmail.com,+91 843106671,Female,54,Indore,Central,Occasional,2025-11-17
7203,Veer,Wali,cust7203_hotmail.com,+91 856772317,Other,19,Surat,West,Occasional,2024-03-11
7204,Balvan,Morar,cust7204_hotmail.com,+91 851865165,Other,41,Lucknow,North,Regular,2025-04-04
7205,Gautam,Manne,cust7205_hotmail.com,+91 940495964,Other,44,Hyderabad,South,New,2024-06-18
7206,Dakshesh,Dhillon,cust7206_yahoo.com,+91 780661525,Female,50,Chandigarh,North,Occasional,2023-08-25
7207,Xavier,Rattan,cust7207_yahoo.com,+91 872198701,Other,58,Raipur,Central,New,2025-08-02
7208,Chakradhar,Dhillon,cust7208_hotmail.com,+91 997298153,Male,58,Raipur,Central,Regular,2024-07-22
7209,Wazir,Chhabra,cust7209_gmail.com,+91 893196488,Other,35,Surat,West,New,2023-09-30
7210,Kevin,Sinha,cust7210_yahoo.com,+91 710137849,Other,54,Mumbai,West,Regular,2024-02-01
7211,Kamala,Sathe,cust7211_yahoo.com,+91 847511282,Male,16,Hyderabad,South,Regular,2026-04-06
7212,Qasim,Bhatt,cust7212_gmail.com,+91 974346526,Male,20,Guwahati,East,Occasional,2024-12-25
7213,Garima,Master,cust7213_hotmail.com,+91 733977615,Other,59,Mumbai,West,Occasional,2026-01-20
7214,Bhavika,Kuruvilla,cust7214_gmail.com,+91 975803104,Male,26,Kochi,South,Regular,2023-02-07
7215,Samaksh,Mistry,cust7215_gmail.com,+91 739176454,Other,21,Bhopal,Central,Occasional,2023-05-13
7216,Kashish,Kar,cust7216_gmail.com,+91 850757901,Other,48,Hyderabad,South,Regular,2024-11-08
7217,Naksh,Sule,cust7217_yahoo.com,+91 992761288,Male,37,Guwahati,East,Regular,2023-03-01
7218,Hredhaan,Nagi,cust7218_gmail.com,+91 877209230,Male,29,Kochi,South,VIP,2023-07-04
7219,Manan,Contractor,cust7219_hotmail.com,+91 764149141,Female,19,Hyderabad,South,Occasional,2024-09-25
7220,Jonathan,Ramakrishnan,cust7220_yahoo.com,+91 712591317,Male,48,Indore,Central,Occasional,2024-12-27
7221,Siya,Kala,cust7221_gmail.com,+91 928270189,Male,23,Indore,Central,Regular,2023-04-10
7222,Isaac,Sane,cust7222_gmail.com,+91 722161179,Female,17,Kochi,South,Regular,2025-03-02
7223,Fiyaz,Bera,cust7223_hotmail.com,+91 754820152,Male,17,Ahmedabad,West,Occasional,2025-11-30
7224,Vrinda,Karnik,cust7224_hotmail.com,+91 990841572,Male,22,Indore,Central,Regular,2025-02-21
7225,Naksh,Chaudhari,cust7225_hotmail.com,+91 720810164,Other,35,Lucknow,North,VIP,2023-08-30
7226,Yatin,Ranganathan,cust7226_hotmail.com,+91 753161959,Male,19,Mumbai,West,Regular,2025-05-04
7227,Ekanta,Savant,cust7227_gmail.com,+91 776286504,Female,44,Kochi,South,Occasional,2023-04-28
7228,Triveni,Saran,cust7228_yahoo.com,+91 841671108,Other,43,Bangalore,South,Occasional,2025-11-21
7229,Avi,Parmer,cust7229_gmail.com,+91 773210714,Other,20,Lucknow,North,VIP,2023-06-26
7230,Yoshita,Seth,cust7230_yahoo.com,+91 742490821,Female,49,Mumbai,West,Occasional,2025-05-27
7231,Riya,Master,cust7231_yahoo.com,+91 818143679,Female,37,Chandigarh,North,Occasional,2023-01-02
7232,Faris,Prakash,cust7232_gmail.com,+91 918936263,Female,44,Pune,West,Regular,2025-07-13
7233,Aachal,Mahal,cust7233_yahoo.com,+91 748988584,Other,54,Kochi,South,New,2023-03-29
7234,Advaith,Goel,cust7234_gmail.com,+91 797297849,Male,57,Lucknow,North,Occasional,2023-03-21
7235,Krishna,Verma,cust7235_gmail.com,+91 918595663,Male,27,Bhubaneswar,East,Regular,2023-07-23
7236,Warda,Banerjee,cust7236_gmail.com,+91 844963135,Other,55,Patna,East,New,2025-05-20
7237,Dayita,Pal,cust7237_gmail.com,+91 919202658,Other,38,Ahmedabad,West,Regular,2026-03-02
7238,Diya,Thakur,cust7238_yahoo.com,+91 766963562,Female,38,Kolkata,East,Regular,2023-09-22
7239,Mekhala,Batta,cust7239_gmail.com,+91 717971931,Female,60,Patna,East,Regular,2024-12-04
7240,Champak,Magar,cust7240_gmail.com,+91 741121584,Male,28,Lucknow,North,New,2025-10-04
7241,Samesh,Mahajan,cust7241_yahoo.com,+91 877247979,Other,47,Pune,West,VIP,2025-07-28
7242,Tripti,Pall,cust7242_yahoo.com,+91 711838578,Other,56,Raipur,Central,New,2025-11-29
7243,Ekapad,Yadav,cust7243_hotmail.com,+91 910163941,Female,48,Kolkata,East,Regular,2025-08-29
7244,Madhav,Khatri,cust7244_yahoo.com,+91 817864549,Female,34,Surat,West,New,2026-01-29
7245,Yashasvi,Char,cust7245_gmail.com,+91 840881704,Female,31,Lucknow,North,Regular,2025-04-21
7246,Yagnesh,Deo,cust7246_yahoo.com,+91 832524889,Female,28,Bhopal,Central,Occasional,2023-04-28
7247,Ekbal,Bava,cust7247_yahoo.com,+91 976210831,Other,29,Mumbai,West,Occasional,2023-09-26
7248,Yagnesh,Konda,cust7248_yahoo.com,+91 988760411,Female,20,Hyderabad,South,Regular,2023-06-05
7249,Darpan,Chaudhry,cust7249_hotmail.com,+91 989263573,Other,44,Pune,West,Regular,2024-08-06
7250,Nathaniel,Dixit,cust7250_gmail.com,+91 878732719,Male,56,Kolkata,East,Regular,2024-04-27
7251,Wahab,Wason,cust7251_hotmail.com,+91 736206219,Male,30,Kolkata,East,Occasional,2023-06-03
7252,Omkaar,Pathak,cust7252_gmail.com,+91 970774720,Male,44,Guwahati,East,Occasional,2025-04-29
7253,Azad,Hegde,cust7253_hotmail.com,+91 717688158,Other,43,Bhopal,Central,New,2023-09-28
7254,Faraj,Ram,cust7254_hotmail.com,+91 816935910,Other,18,Chennai,South,Occasional,2026-02-09
7255,Nirja,Kapadia,cust7255_yahoo.com,+91 952126699,Male,32,Chandigarh,North,Regular,2023-07-08
7256,Wazir,Yogi,cust7256_hotmail.com,+91 810526629,Male,51,Guwahati,East,VIP,2023-01-15
7257,Gabriel,Srinivas,cust7257_gmail.com,+91 830982617,Other,48,Chennai,South,Occasional,2025-11-17
7258,Lajita,Arora,cust7258_yahoo.com,+91 891672369,Male,16,Raipur,Central,Regular,2026-02-20
7259,Yashvi,Mohan,cust7259_hotmail.com,+91 913277374,Male,22,Lucknow,North,Regular,2026-03-09
7260,Priya,Subramaniam,cust7260_gmail.com,+91 734610683,Female,55,Chandigarh,North,Regular,2025-01-25
7261,Brijesh,Bajaj,cust7261_yahoo.com,+91 752329929,Other,27,Bangalore,South,Occasional,2023-03-13
7262,Faris,Kurian,cust7262_hotmail.com,+91 777537388,Female,43,Jaipur,North,VIP,2023-07-21
7263,Harish,Bedi,cust7263_yahoo.com,+91 815274309,Other,20,Nagpur,Central,Regular,2026-01-19
7264,Tanmayi,Comar,cust7264_yahoo.com,+91 872223975,Other,37,Bhubaneswar,East,New,2023-01-14
7265,Amruta,Patla,cust7265_gmail.com,+91 822431854,Male,60,Mumbai,West,New,2024-01-11
7266,Ekani,Chawla,cust7266_gmail.com,+91 975326622,Female,24,Chandigarh,North,Regular,2026-05-19
7267,Tara,Ahuja,cust7267_hotmail.com,+91 714247834,Male,21,Bangalore,South,New,2023-12-03
7268,Faris,Choudhary,cust7268_hotmail.com,+91 771775795,Male,42,Kochi,South,Occasional,2024-07-30
7269,Faris,Lanka,cust7269_hotmail.com,+91 850795573,Other,21,Nagpur,Central,Occasional,2026-03-16
7270,Janaki,Lad,cust7270_yahoo.com,+91 828476116,Other,16,Raipur,Central,Regular,2024-04-17
7271,Urmi,Dhar,cust7271_hotmail.com,+91 853907627,Male,43,Raipur,Central,Occasional,2024-10-14
7272,Hemangini,Nigam,cust7272_yahoo.com,+91 928972774,Other,28,Nagpur,Central,Regular,2024-09-06
7273,Quincy,Setty,cust7273_yahoo.com,+91 791671180,Male,46,Mumbai,West,Occasional,2023-06-28
7274,Farhan,Keer,cust7274_yahoo.com,+91 819733160,Female,52,Jaipur,North,Occasional,2025-02-13
7275,Jackson,Thaker,cust7275_hotmail.com,+91 771519469,Other,47,Guwahati,East,New,2024-11-24
7276,Lohit,Sandal,cust7276_gmail.com,+91 812531169,Female,56,Jaipur,North,Occasional,2024-10-07
7277,Irya,Rattan,cust7277_gmail.com,+91 898156561,Female,37,Jaipur,North,Occasional,2025-06-27
7278,Neelima,Raj,cust7278_yahoo.com,+91 795590648,Other,25,Bhopal,Central,Occasional,2023-07-28
7279,Theodore,Bakshi,cust7279_yahoo.com,+91 935376777,Male,32,Bhubaneswar,East,Regular,2025-04-24
7280,Warda,Johal,cust7280_yahoo.com,+91 976442804,Male,35,Mumbai,West,Occasional,2024-07-18
7281,Rohan,Vohra,cust7281_yahoo.com,+91 867210600,Other,35,New Delhi,North,Occasional,2023-06-02
7282,Bhavini,Batra,cust7282_gmail.com,+91 884101962,Female,27,Patna,East,Occasional,2026-03-07
7283,Logan,Kalla,cust7283_hotmail.com,+91 876306265,Other,18,Indore,Central,VIP,2026-02-07
7284,Bhavya,Rai,cust7284_gmail.com,+91 839555103,Female,21,Kochi,South,Regular,2025-10-14
7285,Chameli,Raman,cust7285_yahoo.com,+91 968763239,Other,23,Patna,East,Regular,2024-04-14
7286,Warda,Samra,cust7286_gmail.com,+91 996324417,Male,49,Guwahati,East,Regular,2023-10-01
7287,Tejas,Acharya,cust7287_yahoo.com,+91 723122830,Male,54,Kolkata,East,Occasional,2026-02-04
7288,Indrajit,Bora,cust7288_yahoo.com,+91 835181226,Female,35,Patna,East,Occasional,2025-11-22
7289,Gunbir,Misra,cust7289_gmail.com,+91 827284987,Female,44,Jaipur,North,Regular,2024-10-08
7290,Harsh,Prasad,cust7290_gmail.com,+91 862533961,Other,42,Chandigarh,North,Regular,2025-08-30
7291,Yasti,Karan,cust7291_gmail.com,+91 814390288,Other,55,Bhubaneswar,East,Occasional,2024-04-04
7292,Mekhala,Wali,cust7292_hotmail.com,+91 737945553,Other,32,Indore,Central,Occasional,2025-07-22
7293,Sarthak,Sagar,cust7293_yahoo.com,+91 856524607,Female,19,Patna,East,Regular,2024-10-16
7294,Avi,Krishna,cust7294_yahoo.com,+91 980846970,Female,43,Jaipur,North,Regular,2025-01-14
7295,Krishna,Yohannan,cust7295_hotmail.com,+91 870948987,Female,57,Mumbai,West,Regular,2024-05-01
7296,Yashvi,Subramanian,cust7296_gmail.com,+91 920353696,Other,39,Bangalore,South,Occasional,2024-08-24
7297,Krishna,Kashyap,cust7297_gmail.com,+91 930690562,Male,42,Bangalore,South,Regular,2023-12-03
7298,Arunima,Kannan,cust7298_yahoo.com,+91 820888758,Male,19,Hyderabad,South,Regular,2023-02-13
7299,Vedant,Ratti,cust7299_hotmail.com,+91 939293516,Other,41,Mumbai,West,Occasional,2025-11-26
7300,Farhan,Padmanabhan,cust7300_hotmail.com,+91 887244606,Other,50,Nagpur,Central,Regular,2023-12-19
7301,Maanav,Comar,cust7301_hotmail.com,+91 872292273,Female,33,Guwahati,East,Regular,2023-10-09
7302,Oliver,Subramanian,cust7302_gmail.com,+91 882878545,Female,49,Lucknow,North,Regular,2025-09-27
7303,Forum,Kapoor,cust7303_yahoo.com,+91 815366170,Other,26,Kochi,South,New,2024-08-18
7304,Caleb,Lalla,cust7304_gmail.com,+91 772192494,Female,52,Chandigarh,North,Occasional,2023-04-11
7305,Maanav,Chandra,cust7305_gmail.com,+91 792674292,Female,52,Ahmedabad,West,Regular,2024-08-08
7306,Siya,Garde,cust7306_gmail.com,+91 711417271,Female,52,Chennai,South,Occasional,2025-04-23
7307,Naksh,Mand,cust7307_yahoo.com,+91 944580218,Other,25,Ahmedabad,West,VIP,2025-03-08
7308,Zilmil,Hans,cust7308_gmail.com,+91 881143649,Male,17,Patna,East,Regular,2023-07-12
7309,Ishaan,Sekhon,cust7309_hotmail.com,+91 741733749,Female,53,Bhopal,Central,Regular,2023-05-16
7310,Nandini,Bera,cust7310_yahoo.com,+91 850302230,Other,54,Guwahati,East,Occasional,2025-06-25
7311,Sara,Vora,cust7311_hotmail.com,+91 780591818,Other,36,Bhopal,Central,Occasional,2024-06-03
7312,Zayyan,Sood,cust7312_yahoo.com,+91 948219697,Other,56,Lucknow,North,Occasional,2026-02-06
7313,Saumya,Bhandari,cust7313_yahoo.com,+91 847799889,Female,22,Pune,West,VIP,2025-06-22
7314,Krishna,Chhabra,cust7314_yahoo.com,+91 944510562,Male,17,Indore,Central,Occasional,2023-09-08
7315,Indrajit,Mallick,cust7315_hotmail.com,+91 937652912,Female,31,Kolkata,East,Regular,2023-07-12
7316,Gautami,Sahni,cust7316_yahoo.com,+91 960351610,Male,15,Indore,Central,New,2024-09-27
7317,Girish,Warrior,cust7317_hotmail.com,+91 957137674,Male,23,Patna,East,Regular,2025-03-13
7318,Aditya,Sant,cust7318_gmail.com,+91 815451388,Male,39,Chandigarh,North,Regular,2023-06-08
7319,Siddharth,Munshi,cust7319_yahoo.com,+91 724587455,Other,25,Nagpur,Central,Occasional,2025-02-04
7320,Girindra,Reddy,cust7320_gmail.com,+91 856470125,Male,33,New Delhi,North,Occasional,2024-01-13
7321,Om,Shenoy,cust7321_yahoo.com,+91 924395195,Female,24,Chennai,South,New,2023-05-27
7322,Saumya,Gokhale,cust7322_hotmail.com,+91 956345298,Male,48,Kolkata,East,Regular,2024-07-01
7323,Oeshi,Chauhan,cust7323_yahoo.com,+91 786227257,Other,30,Hyderabad,South,Occasional,2026-03-16
7324,Dalaja,Roy,cust7324_gmail.com,+91 972384768,Other,17,New Delhi,North,VIP,2025-07-15
7325,Yashica,Bobal,cust7325_gmail.com,+91 759268649,Male,55,Bhubaneswar,East,Regular,2025-01-28
7326,Siddharth,Vora,cust7326_hotmail.com,+91 859142844,Other,55,Hyderabad,South,New,2025-06-10
7327,Chatresh,Ramanathan,cust7327_hotmail.com,+91 785385380,Female,24,Surat,West,Regular,2026-01-08
7328,Champak,Comar,cust7328_gmail.com,+91 764393590,Male,24,Patna,East,Occasional,2023-09-16
7329,Agastya,Tata,cust7329_gmail.com,+91 840262747,Male,39,Hyderabad,South,VIP,2025-09-25
7330,Wakeeta,Pall,cust7330_gmail.com,+91 794556438,Male,39,Hyderabad,South,Regular,2024-10-23
7331,Onveer,Contractor,cust7331_yahoo.com,+91 944787173,Female,44,Pune,West,Regular,2026-05-20
7332,Robert,Sama,cust7332_gmail.com,+91 920835861,Other,51,Indore,Central,Occasional,2023-12-11
7333,Wyatt,Bose,cust7333_yahoo.com,+91 928386212,Other,25,Chennai,South,Occasional,2026-05-31
7334,Forum,Loyal,cust7334_hotmail.com,+91 857264240,Other,47,Chennai,South,Occasional,2025-08-11
7335,Chakradev,Mukherjee,cust7335_hotmail.com,+91 938702601,Male,31,Hyderabad,South,Occasional,2023-02-26
7336,Daksh,Kibe,cust7336_yahoo.com,+91 788336517,Other,43,New Delhi,North,Regular,2025-07-24
7337,Nihal,Parikh,cust7337_hotmail.com,+91 853376888,Female,53,Mumbai,West,Regular,2025-11-10
7338,Kamya,Varty,cust7338_yahoo.com,+91 992574327,Male,46,Ahmedabad,West,Regular,2024-04-04
7339,Umang,Om,cust7339_hotmail.com,+91 736920359,Male,49,Bhopal,Central,Regular,2025-02-21
7340,Wahab,Dasgupta,cust7340_gmail.com,+91 967753747,Female,29,Bhubaneswar,East,Regular,2024-10-16
7341,Arya,Kamdar,cust7341_hotmail.com,+91 935178209,Male,39,Mumbai,West,Regular,2025-01-18
7342,Mitesh,Dhillon,cust7342_yahoo.com,+91 854490811,Female,54,Jaipur,North,Regular,2025-09-08
7343,Hema,Cherian,cust7343_yahoo.com,+91 871209940,Male,45,Surat,West,Regular,2026-04-22
7344,Ekaraj,Gour,cust7344_yahoo.com,+91 938335908,Other,29,Indore,Central,Regular,2024-02-28
7345,Ekalinga,Kumar,cust7345_yahoo.com,+91 957444117,Other,22,Patna,East,Regular,2025-05-16
7346,Praneel,Cherian,cust7346_hotmail.com,+91 741846366,Male,20,Nagpur,Central,VIP,2024-10-15
7347,Raghav,Ravi,cust7347_gmail.com,+91 927124777,Male,55,Kochi,South,Occasional,2023-10-11
7348,Megha,Kaul,cust7348_hotmail.com,+91 839938653,Male,26,Bangalore,South,New,2023-07-08
7349,Advika,Parmar,cust7349_yahoo.com,+91 960744992,Female,50,Kolkata,East,Occasional,2025-07-18
7350,Sarthak,Krishnamurthy,cust7350_yahoo.com,+91 771116739,Male,54,Guwahati,East,New,2023-06-01
7351,Girindra,Murthy,cust7351_yahoo.com,+91 988621975,Male,43,Surat,West,Regular,2023-12-30
7352,Charles,Kibe,cust7352_gmail.com,+91 789682879,Other,36,Kolkata,East,Occasional,2023-12-05
7353,Upma,Ratta,cust7353_hotmail.com,+91 789638412,Male,52,New Delhi,North,Occasional,2026-04-13
7354,Geetika,Batra,cust7354_hotmail.com,+91 782350249,Female,43,Bhopal,Central,Regular,2025-10-24
7355,Priya,Mohan,cust7355_yahoo.com,+91 874862505,Other,27,Kochi,South,New,2025-07-01
7356,Ucchal,Deshmukh,cust7356_hotmail.com,+91 741843874,Other,15,Bangalore,South,Occasional,2026-05-09
7357,Azad,Goda,cust7357_hotmail.com,+91 740714807,Male,40,Pune,West,New,2024-03-07
7358,Triveni,Sule,cust7358_hotmail.com,+91 981486489,Male,34,Indore,Central,New,2023-06-17
7359,Raghav,Narasimhan,cust7359_hotmail.com,+91 759400948,Female,59,New Delhi,North,Occasional,2026-04-21
7360,Girik,Sahota,cust7360_yahoo.com,+91 928296736,Female,41,Surat,West,Occasional,2026-03-27
7361,Devansh,Bhavsar,cust7361_gmail.com,+91 765698119,Other,18,Raipur,Central,Occasional,2025-02-28
7362,Upma,Handa,cust7362_yahoo.com,+91 735291264,Female,41,Lucknow,North,VIP,2023-12-02
7363,Ayush,Sridhar,cust7363_hotmail.com,+91 782182306,Other,59,Lucknow,North,New,2024-12-04
7364,Jai,Srinivas,cust7364_hotmail.com,+91 712473317,Male,50,Raipur,Central,Occasional,2023-07-31
7365,Chaaya,Apte,cust7365_hotmail.com,+91 789820108,Male,34,Bhopal,Central,New,2023-12-18
7366,Dalaja,Deo,cust7366_hotmail.com,+91 740855531,Other,22,Pune,West,Regular,2023-10-08
7367,Onkar,Madan,cust7367_gmail.com,+91 972251864,Other,50,New Delhi,North,Occasional,2023-09-24
7368,Victor,Bhat,cust7368_yahoo.com,+91 791196140,Male,21,Hyderabad,South,New,2025-12-05
7369,Yatan,Goyal,cust7369_hotmail.com,+91 786601927,Female,47,New Delhi,North,Regular,2025-11-12
7370,Radha,Munshi,cust7370_yahoo.com,+91 991258816,Female,17,Kolkata,East,Occasional,2023-12-31
7371,Girindra,Chaudhry,cust7371_hotmail.com,+91 940205133,Female,18,Guwahati,East,Occasional,2023-01-23
7372,Dayita,Mannan,cust7372_yahoo.com,+91 786844978,Male,60,Ahmedabad,West,Occasional,2026-05-13
7373,Chaman,Madan,cust7373_gmail.com,+91 851861927,Male,30,Hyderabad,South,Regular,2023-09-19
7374,Azaan,Dugar,cust7374_hotmail.com,+91 932759794,Female,37,Lucknow,North,VIP,2025-11-05
7375,Yash,Pillai,cust7375_gmail.com,+91 726896569,Male,38,Patna,East,VIP,2024-03-10
7376,Darika,Sarna,cust7376_yahoo.com,+91 938185607,Female,57,Ahmedabad,West,New,2025-12-19
7377,Gavin,Dalal,cust7377_hotmail.com,+91 719507183,Female,42,Bhopal,Central,Occasional,2024-06-29
7378,Yutika,Sandhu,cust7378_hotmail.com,+91 913596304,Male,44,Guwahati,East,Regular,2026-02-17
7379,Gayathri,Saha,cust7379_yahoo.com,+91 943643346,Female,40,Surat,West,Regular,2023-04-12
7380,Bhavani,Chauhan,cust7380_yahoo.com,+91 737906625,Male,54,Chandigarh,North,Occasional,2023-01-13
7381,Indali,Hans,cust7381_hotmail.com,+91 951943552,Male,50,New Delhi,North,Occasional,2025-02-07
7382,Dhruv,Hans,cust7382_yahoo.com,+91 953642539,Male,23,Hyderabad,South,Regular,2025-04-17
7383,Ekaja,Mukhopadhyay,cust7383_hotmail.com,+91 826247527,Male,34,Hyderabad,South,VIP,2023-03-02
7384,Charita,Nair,cust7384_gmail.com,+91 828296105,Other,38,Lucknow,North,Regular,2023-07-28
7385,Daksh,Trivedi,cust7385_gmail.com,+91 863112845,Female,40,Bhubaneswar,East,Regular,2025-11-29
7386,Faqid,Bobal,cust7386_gmail.com,+91 843343409,Male,26,Chennai,South,Regular,2024-08-21
7387,Ryan,Nadkarni,cust7387_yahoo.com,+91 978952624,Male,51,Nagpur,Central,New,2025-09-25
7388,Amara,Golla,cust7388_hotmail.com,+91 922545719,Male,41,Indore,Central,Regular,2024-05-11
7389,Parth,Banik,cust7389_hotmail.com,+91 895985848,Male,50,Kolkata,East,Regular,2025-06-16
7390,Wyatt,Srinivasan,cust7390_yahoo.com,+91 990205556,Male,42,Nagpur,Central,Occasional,2023-09-29
7391,Lakshmi,Sant,cust7391_hotmail.com,+91 872920916,Male,58,Kolkata,East,Regular,2026-01-09
7392,Pallavi,Ghose,cust7392_gmail.com,+91 968487535,Other,34,Nagpur,Central,Occasional,2025-10-28
7393,Idika,Kaur,cust7393_gmail.com,+91 886793753,Female,17,Bhopal,Central,Regular,2025-06-04
7394,Leela,Chander,cust7394_hotmail.com,+91 948520729,Female,32,Kochi,South,New,2025-04-14
7395,Girik,Bhattacharyya,cust7395_hotmail.com,+91 947922420,Female,44,Bhopal,Central,Regular,2024-01-24
7396,Rehaan,Babu,cust7396_hotmail.com,+91 981275141,Female,18,Ahmedabad,West,Regular,2025-04-21
7397,Vihaan,Mody,cust7397_gmail.com,+91 756984263,Other,58,Guwahati,East,Occasional,2026-05-16
7398,Manthan,Menon,cust7398_gmail.com,+91 943277998,Male,17,Kochi,South,New,2024-03-11
7399,Panini,Goel,cust7399_hotmail.com,+91 830168771,Male,46,Bhubaneswar,East,Occasional,2024-08-11
7400,Raghav,Madan,cust7400_yahoo.com,+91 873565686,Male,50,Surat,West,Regular,2026-03-02
7401,Saksham,Mital,cust7401_hotmail.com,+91 916296139,Male,32,New Delhi,North,Regular,2023-10-25
7402,Victor,Khanna,cust7402_yahoo.com,+91 912839128,Female,55,Chandigarh,North,Regular,2025-03-14
7403,Urmi,Prabhakar,cust7403_gmail.com,+91 741614656,Male,34,Lucknow,North,VIP,2023-11-21
7404,Lakshmi,Sarin,cust7404_hotmail.com,+91 811920539,Female,25,Nagpur,Central,Regular,2026-02-19
7405,Baljiwan,Tripathi,cust7405_yahoo.com,+91 835172710,Male,49,Indore,Central,Regular,2024-01-31
7406,Janaki,Mani,cust7406_gmail.com,+91 867847490,Female,32,Mumbai,West,Occasional,2026-04-20
7407,Zaid,Goda,cust7407_yahoo.com,+91 997133781,Other,60,Patna,East,Regular,2024-03-17
7408,Kiaan,Narayan,cust7408_yahoo.com,+91 726510426,Female,31,Chandigarh,North,New,2025-08-21
7409,Shivani,Luthra,cust7409_gmail.com,+91 831903765,Male,19,Kochi,South,Occasional,2023-02-02
7410,Anthony,Palan,cust7410_gmail.com,+91 781560549,Male,48,Lucknow,North,Regular,2024-06-12
7411,Kashvi,Magar,cust7411_yahoo.com,+91 977449377,Male,37,New Delhi,North,VIP,2026-03-25
7412,Abhiram,Kothari,cust7412_hotmail.com,+91 970508345,Female,57,Bhopal,Central,Regular,2025-09-08
7413,Pahal,Mander,cust7413_yahoo.com,+91 848760298,Male,56,Jaipur,North,Regular,2024-10-25
7414,Ekantika,Char,cust7414_yahoo.com,+91 736605522,Male,18,Chandigarh,North,Regular,2023-11-22
7415,Falguni,Basu,cust7415_yahoo.com,+91 841581343,Male,40,Chandigarh,North,Regular,2024-09-20
7416,Jeet,Virk,cust7416_gmail.com,+91 765954723,Male,56,Indore,Central,Regular,2024-12-12
7417,Baljiwan,Oak,cust7417_yahoo.com,+91 911375493,Other,56,Chandigarh,North,Regular,2023-01-08
7418,Yashoda,Shah,cust7418_gmail.com,+91 940857166,Female,52,Lucknow,North,Occasional,2023-07-31
7419,Bhavani,Ratti,cust7419_hotmail.com,+91 888826722,Female,19,Bhopal,Central,Occasional,2024-03-02
7420,Zaitra,Saraf,cust7420_yahoo.com,+91 915291909,Female,50,Kolkata,East,Regular,2024-08-09
7421,Aarna,Shan,cust7421_gmail.com,+91 932242432,Female,36,Bhopal,Central,New,2024-11-30
7422,Hredhaan,Shankar,cust7422_hotmail.com,+91 943836453,Male,55,Bhubaneswar,East,New,2024-09-26
7423,Anthony,Sant,cust7423_hotmail.com,+91 813337525,Female,29,New Delhi,North,Regular,2025-09-25
7424,Frederick,Lal,cust7424_hotmail.com,+91 820526679,Other,28,Indore,Central,Regular,2023-03-21
7425,Fitan,Buch,cust7425_gmail.com,+91 747430912,Female,26,Hyderabad,South,Occasional,2024-11-15
7426,Tanveer,Viswanathan,cust7426_yahoo.com,+91 759363384,Male,32,Pune,West,Occasional,2026-03-24
7427,Sara,Chauhan,cust7427_yahoo.com,+91 884379525,Female,21,Indore,Central,Occasional,2026-05-21
7428,Varsha,Parmer,cust7428_yahoo.com,+91 751726211,Other,38,Kochi,South,Regular,2024-09-01
7429,Eshana,Acharya,cust7429_hotmail.com,+91 898946701,Other,31,Mumbai,West,Occasional,2024-11-02
7430,Faraj,Tiwari,cust7430_yahoo.com,+91 795851655,Female,21,Kolkata,East,Regular,2024-06-10
7431,Gopal,Rajagopalan,cust7431_yahoo.com,+91 729812731,Female,48,Kolkata,East,Occasional,2023-02-01
7432,Brinda,Lal,cust7432_hotmail.com,+91 999548168,Other,34,Chennai,South,Regular,2025-10-25
7433,Pratyush,Jayaraman,cust7433_yahoo.com,+91 960935437,Female,17,Guwahati,East,New,2026-01-28
7434,Sarthak,Pillai,cust7434_hotmail.com,+91 796682862,Male,43,New Delhi,North,Occasional,2025-12-14
7435,Radhika,Varughese,cust7435_yahoo.com,+91 810767417,Other,59,Bhubaneswar,East,Occasional,2025-09-20
7436,Arunima,Naik,cust7436_gmail.com,+91 860171245,Female,34,New Delhi,North,Regular,2023-01-29
7437,Gautami,Rege,cust7437_yahoo.com,+91 954165244,Female,38,Chennai,South,VIP,2025-09-30
7438,Veer,Sundaram,cust7438_yahoo.com,+91 823905923,Male,32,Bangalore,South,Regular,2026-01-03
7439,Chakradev,Deshmukh,cust7439_hotmail.com,+91 859700598,Female,48,Chennai,South,Regular,2024-04-27
7440,Aishani,Gokhale,cust7440_hotmail.com,+91 919721380,Female,49,Jaipur,North,VIP,2026-03-10
7441,Ekbal,Sinha,cust7441_hotmail.com,+91 839444802,Other,50,Ahmedabad,West,New,2024-11-06
7442,Oliver,Narula,cust7442_yahoo.com,+91 788195557,Female,21,Jaipur,North,Regular,2025-04-14
7443,Charita,Bandi,cust7443_gmail.com,+91 788141454,Male,48,Jaipur,North,Occasional,2023-07-13
7444,Daksh,Khosla,cust7444_hotmail.com,+91 935500748,Male,55,Nagpur,Central,Occasional,2024-05-28
7445,Vritti,Sangha,cust7445_hotmail.com,+91 936192892,Other,29,Kochi,South,New,2024-05-17
7446,Krisha,Mitra,cust7446_hotmail.com,+91 769624170,Female,47,Ahmedabad,West,Regular,2023-09-25
7447,Ekbal,Sabharwal,cust7447_gmail.com,+91 994341657,Male,36,Pune,West,Regular,2026-05-11
7448,Bhavna,Konda,cust7448_hotmail.com,+91 749289968,Male,29,Hyderabad,South,VIP,2025-03-14
7449,Charles,Rajan,cust7449_gmail.com,+91 998562745,Female,15,Ahmedabad,West,Regular,2024-09-24
7450,Yauvani,Panchal,cust7450_gmail.com,+91 932117487,Male,57,Bhopal,Central,VIP,2024-05-16
7451,Frado,Bains,cust7451_gmail.com,+91 731626383,Female,37,Chennai,South,Occasional,2023-01-30
7452,Lohit,Sarna,cust7452_hotmail.com,+91 982314648,Other,44,Jaipur,North,Occasional,2026-04-02
7453,Krishna,Nath,cust7453_gmail.com,+91 710548399,Male,51,Nagpur,Central,New,2025-06-17
7454,Sathvik,Agarwal,cust7454_yahoo.com,+91 832552322,Female,15,Surat,West,New,2025-08-06
7455,Yahvi,Pillay,cust7455_gmail.com,+91 778674998,Male,46,Bhopal,Central,VIP,2025-09-25
7456,Vrishti,Sharaf,cust7456_yahoo.com,+91 928933378,Male,18,Patna,East,VIP,2026-01-05
7457,Krisha,Soman,cust7457_gmail.com,+91 721894525,Other,49,Patna,East,Occasional,2025-03-25
7458,Lila,Narang,cust7458_yahoo.com,+91 923934688,Male,44,Patna,East,New,2023-12-02
7459,Charan,Hari,cust7459_hotmail.com,+91 719615950,Female,50,Chandigarh,North,Occasional,2023-08-16
7460,Tanveer,Kulkarni,cust7460_yahoo.com,+91 892157779,Female,36,Chandigarh,North,Regular,2024-10-18
7461,Baghyawati,Kakar,cust7461_hotmail.com,+91 716917253,Female,42,Pune,West,Occasional,2025-11-22
7462,Aarna,Rau,cust7462_hotmail.com,+91 768238920,Female,44,Kolkata,East,Regular,2025-07-13
7463,Krishna,Konda,cust7463_gmail.com,+91 796195815,Female,55,Chennai,South,Occasional,2026-04-28
7464,Ekbal,Dora,cust7464_gmail.com,+91 962704629,Male,22,Kolkata,East,New,2023-06-13
7465,Kamala,Sarraf,cust7465_hotmail.com,+91 883284680,Other,30,Bangalore,South,VIP,2023-12-12
7466,Gaurang,Sood,cust7466_hotmail.com,+91 887248260,Other,52,Lucknow,North,Regular,2024-10-17
7467,Champak,Sen,cust7467_gmail.com,+91 923517941,Female,41,Raipur,Central,Occasional,2026-02-27
7468,Sanya,Mitra,cust7468_yahoo.com,+91 716195950,Female,16,Lucknow,North,Occasional,2023-07-12
7469,Triya,Shenoy,cust7469_yahoo.com,+91 766664815,Female,42,Bangalore,South,Regular,2024-07-09
7470,Odika,Deshpande,cust7470_yahoo.com,+91 953439594,Male,25,Surat,West,Occasional,2023-09-26
7471,Manya,Saxena,cust7471_hotmail.com,+91 939659528,Male,35,Chennai,South,VIP,2024-01-16
7472,Benjamin,Upadhyay,cust7472_hotmail.com,+91 992817769,Other,56,Guwahati,East,Regular,2024-05-01
7473,Vrinda,Tandon,cust7473_yahoo.com,+91 754956703,Female,60,Patna,East,VIP,2025-05-11
7474,Warhi,Prasad,cust7474_hotmail.com,+91 938223260,Other,22,Chennai,South,Occasional,2026-05-02
7475,Bhavini,Khatri,cust7475_yahoo.com,+91 986718210,Male,26,New Delhi,North,Occasional,2024-02-28
7476,Gaurika,Devi,cust7476_hotmail.com,+91 876542196,Other,28,Bhopal,Central,Occasional,2025-02-19
7477,Ranveer,Sehgal,cust7477_hotmail.com,+91 876126565,Male,44,New Delhi,North,New,2024-07-04
7478,Zehaan,Bala,cust7478_gmail.com,+91 731159802,Other,31,New Delhi,North,Occasional,2024-12-15
7479,Lopa,Shroff,cust7479_yahoo.com,+91 887468723,Other,39,Bhopal,Central,Regular,2025-01-09
7480,Vaishnavi,Manda,cust7480_gmail.com,+91 845982500,Male,49,Ahmedabad,West,New,2025-05-16
7481,Mason,Bajaj,cust7481_yahoo.com,+91 734935839,Female,58,Raipur,Central,VIP,2024-02-16
7482,Unni,Pant,cust7482_gmail.com,+91 835576898,Male,58,Kochi,South,New,2024-10-16
7483,Sai,Panchal,cust7483_gmail.com,+91 918439165,Male,59,Surat,West,Occasional,2024-04-23
7484,Gaurang,Borra,cust7484_yahoo.com,+91 938319889,Female,42,Chandigarh,North,Occasional,2024-04-08
7485,Urishilla,Johal,cust7485_hotmail.com,+91 948506370,Female,37,Kolkata,East,New,2026-03-17
7486,Sarthak,Bhargava,cust7486_hotmail.com,+91 717144239,Male,41,Bhubaneswar,East,New,2026-04-21
7487,Dalbir,Bali,cust7487_hotmail.com,+91 770426555,Female,19,Raipur,Central,Regular,2025-07-02
7488,Chakradhar,Mall,cust7488_hotmail.com,+91 854234734,Male,21,Indore,Central,Occasional,2026-01-19
7489,Nilima,Pradhan,cust7489_yahoo.com,+91 882356382,Other,43,Pune,West,Regular,2023-02-22
7490,Yashawini,Doctor,cust7490_gmail.com,+91 962938527,Other,48,Lucknow,North,New,2024-07-08
7491,Bina,Lall,cust7491_yahoo.com,+91 756362438,Female,25,Pune,West,New,2026-03-03
7492,Gauri,Sami,cust7492_yahoo.com,+91 727292133,Female,48,Hyderabad,South,Occasional,2024-01-15
7493,Hema,Gole,cust7493_gmail.com,+91 984388299,Male,54,Jaipur,North,Regular,2024-01-18
7494,Kalpit,Sabharwal,cust7494_yahoo.com,+91 729958787,Male,30,Mumbai,West,Occasional,2025-11-17
7495,Agastya,Bansal,cust7495_yahoo.com,+91 796806703,Other,18,Lucknow,North,VIP,2023-02-19
7496,Ayush,Brar,cust7496_gmail.com,+91 766946594,Male,31,Nagpur,Central,Occasional,2024-12-25
7497,Yatan,Morar,cust7497_hotmail.com,+91 727402679,Other,38,Jaipur,North,Occasional,2023-04-04
7498,Janaki,Sama,cust7498_gmail.com,+91 964816957,Other,60,New Delhi,North,Regular,2026-03-16
7499,Yachana,Rastogi,cust7499_yahoo.com,+91 719870524,Other,51,Chennai,South,New,2023-05-03
7500,Gabriel,Chaudry,cust7500_hotmail.com,+91 892670885,Other,43,Chennai,South,Regular,2023-05-05
7501,Yadavi,Kale,cust7501_hotmail.com,+91 959551721,Female,28,Kochi,South,New,2024-05-09
7502,Aradhana,Ratti,cust7502_yahoo.com,+91 972963667,Male,26,Patna,East,VIP,2024-11-26
7503,Devika,Mohan,cust7503_yahoo.com,+91 913831923,Female,18,Bhopal,Central,Regular,2023-04-29
7504,Pavani,Chander,cust7504_hotmail.com,+91 832645611,Female,30,Nagpur,Central,Regular,2024-11-27
7505,Nilima,Vaidya,cust7505_yahoo.com,+91 956625972,Male,44,Guwahati,East,Regular,2025-09-25
7506,Aadi,Mand,cust7506_hotmail.com,+91 846845726,Male,26,New Delhi,North,Regular,2025-11-05
7507,Nisha,Ratta,cust7507_hotmail.com,+91 862912397,Female,34,Guwahati,East,New,2024-12-18
7508,Leela,Din,cust7508_hotmail.com,+91 924994863,Male,38,Jaipur,North,New,2025-10-08
7509,Amol,Pradhan,cust7509_hotmail.com,+91 933324999,Female,30,Jaipur,North,New,2025-08-11
7510,Jyoti,Raval,cust7510_yahoo.com,+91 865103975,Other,48,Bangalore,South,New,2023-07-26
7511,Kavya,Badal,cust7511_hotmail.com,+91 770236394,Female,48,Guwahati,East,New,2025-07-21
7512,Ekansh,Majumdar,cust7512_hotmail.com,+91 889736719,Other,45,New Delhi,North,Regular,2025-09-24
7513,Viraj,Kata,cust7513_gmail.com,+91 881183426,Other,59,Kolkata,East,New,2023-09-12
7514,Pranit,Grewal,cust7514_yahoo.com,+91 719467852,Other,25,Guwahati,East,Regular,2026-02-08
7515,Bhavika,Badal,cust7515_yahoo.com,+91 936875535,Other,20,Chandigarh,North,New,2024-10-18
7516,Vasana,Khurana,cust7516_hotmail.com,+91 817919991,Male,40,Hyderabad,South,Occasional,2024-03-08
7517,Pahal,Ghosh,cust7517_gmail.com,+91 832758618,Male,21,Hyderabad,South,Occasional,2025-04-11
7518,Zehaan,Bhakta,cust7518_yahoo.com,+91 920918206,Other,20,Raipur,Central,Regular,2023-04-15
7519,Tarak,Chakrabarti,cust7519_hotmail.com,+91 821917871,Female,53,Patna,East,Occasional,2023-04-15
7520,Krisha,Bali,cust7520_yahoo.com,+91 885541905,Other,53,Kolkata,East,Regular,2024-08-26
7521,Damyanti,Seshadri,cust7521_gmail.com,+91 858601196,Male,32,Chandigarh,North,VIP,2025-01-22
7522,Gautam,Kulkarni,cust7522_yahoo.com,+91 998472694,Female,46,Bhopal,Central,VIP,2023-11-28
7523,Xiti,Nori,cust7523_gmail.com,+91 727562174,Male,57,Patna,East,Occasional,2026-02-13
7524,Tamanna,Mistry,cust7524_yahoo.com,+91 789919554,Female,56,Bangalore,South,New,2024-02-10
7525,Aarnav,Guha,cust7525_yahoo.com,+91 838211914,Male,42,Raipur,Central,Regular,2023-07-19
7526,Adweta,Manda,cust7526_gmail.com,+91 828541599,Other,48,Pune,West,Regular,2025-07-29
7527,Ojas,Kara,cust7527_hotmail.com,+91 811431407,Other,49,Chandigarh,North,Regular,2023-01-26
7528,Upkaar,Parikh,cust7528_gmail.com,+91 823229854,Male,39,Jaipur,North,Occasional,2025-01-16
7529,Niharika,Sachdev,cust7529_yahoo.com,+91 723376372,Female,54,Patna,East,Occasional,2025-04-14
7530,Varenya,Mittal,cust7530_gmail.com,+91 799807475,Female,48,Raipur,Central,Occasional,2025-02-10
7531,Gautam,Jani,cust7531_yahoo.com,+91 922846248,Female,58,Bhopal,Central,Regular,2023-11-13
7532,Yashasvi,Guha,cust7532_gmail.com,+91 982801676,Male,19,Bhopal,Central,Occasional,2023-04-29
7533,Isha,Varkey,cust7533_yahoo.com,+91 963938372,Female,25,Bhopal,Central,Regular,2023-08-08
7534,Amara,Sahota,cust7534_yahoo.com,+91 760168107,Other,52,New Delhi,North,Occasional,2023-10-31
7535,Farhan,Palla,cust7535_gmail.com,+91 850486774,Female,37,Hyderabad,South,Regular,2025-04-10
7536,Janya,Ganesh,cust7536_hotmail.com,+91 890743578,Female,29,Bhopal,Central,New,2025-08-24
7537,Vrinda,Narang,cust7537_yahoo.com,+91 765776525,Female,43,Kochi,South,Regular,2023-07-04
7538,Dalbir,Virk,cust7538_yahoo.com,+91 735448774,Female,23,New Delhi,North,Regular,2025-08-25
7539,Faqid,Garde,cust7539_hotmail.com,+91 814568174,Male,59,Nagpur,Central,Occasional,2026-01-01
7540,Ganga,Patel,cust7540_hotmail.com,+91 861546365,Other,45,Patna,East,Occasional,2024-08-05
7541,Krisha,Sharma,cust7541_yahoo.com,+91 950493356,Male,22,Surat,West,Regular,2023-06-21
7542,Pranav,Kale,cust7542_hotmail.com,+91 815841257,Female,54,Chandigarh,North,Occasional,2026-03-23
7543,Gunbir,Kannan,cust7543_yahoo.com,+91 852220307,Other,37,Patna,East,New,2023-11-16
7544,Gavin,Barman,cust7544_hotmail.com,+91 943914632,Male,15,New Delhi,North,Regular,2025-04-07
7545,Rohan,Walia,cust7545_gmail.com,+91 953986707,Female,38,New Delhi,North,Occasional,2023-03-28
7546,Lekha,Gulati,cust7546_yahoo.com,+91 928540275,Male,29,Kochi,South,Regular,2024-02-06
7547,Oscar,Muni,cust7547_gmail.com,+91 947314257,Other,26,Lucknow,North,Occasional,2023-07-17
7548,Kala,Sheth,cust7548_hotmail.com,+91 945498818,Female,26,Jaipur,North,Regular,2023-06-09
7549,Charles,Chaudry,cust7549_gmail.com,+91 936562933,Other,36,Chandigarh,North,Occasional,2024-01-12
7550,Yutika,Murthy,cust7550_gmail.com,+91 899155916,Other,24,Ahmedabad,West,Regular,2023-04-09
7551,Reyansh,Merchant,cust7551_gmail.com,+91 715867436,Other,39,Chandigarh,North,Regular,2025-01-03
7552,Chakrika,Ratti,cust7552_gmail.com,+91 823481637,Female,39,Chandigarh,North,Regular,2023-05-16
7553,Zaid,Chacko,cust7553_yahoo.com,+91 912748649,Female,46,Pune,West,Occasional,2023-11-02
7554,Ishani,Patil,cust7554_gmail.com,+91 957117564,Other,36,Lucknow,North,Regular,2025-09-22
7555,Dev,Nagi,cust7555_gmail.com,+91 958741353,Female,51,Bhubaneswar,East,Regular,2023-03-25
7556,Ranveer,Bhargava,cust7556_yahoo.com,+91 849270968,Other,32,Mumbai,West,Occasional,2023-03-02
7557,Advaith,Sengupta,cust7557_yahoo.com,+91 856397862,Male,35,Lucknow,North,VIP,2024-04-06
7558,Gaurang,Chaudhry,cust7558_gmail.com,+91 791281825,Male,23,Chandigarh,North,Regular,2025-04-07
7559,Nikita,Patel,cust7559_hotmail.com,+91 989260530,Female,39,Surat,West,Regular,2025-08-15
7560,Chavvi,Munshi,cust7560_yahoo.com,+91 922574906,Other,49,Chennai,South,New,2025-05-02
7561,Niharika,Sankaran,cust7561_gmail.com,+91 915650724,Other,60,Lucknow,North,New,2024-12-10
7562,Dalaja,Nanda,cust7562_yahoo.com,+91 862727255,Male,57,Surat,West,New,2026-03-10
7563,Qarin,Chaudhari,cust7563_gmail.com,+91 797490651,Other,44,New Delhi,North,Occasional,2023-07-05
7564,Amara,Om,cust7564_gmail.com,+91 732831620,Male,45,Bhubaneswar,East,Regular,2024-09-23
7565,Omaja,Mohanty,cust7565_hotmail.com,+91 870922172,Female,49,Lucknow,North,Regular,2023-03-27
7566,Harshil,Bajaj,cust7566_yahoo.com,+91 916360137,Male,49,Mumbai,West,VIP,2023-05-08
7567,Lavanya,Rai,cust7567_hotmail.com,+91 976878922,Other,60,Patna,East,Regular,2023-06-12
7568,Girik,Badal,cust7568_gmail.com,+91 833578132,Male,52,Surat,West,Regular,2025-08-14
7569,Kevin,Dutta,cust7569_hotmail.com,+91 718254443,Other,56,New Delhi,North,Occasional,2026-03-16
7570,Krish,Dasgupta,cust7570_yahoo.com,+91 790237836,Female,33,Pune,West,Regular,2024-01-24
7571,Lohit,Sahni,cust7571_hotmail.com,+91 932772146,Female,42,Guwahati,East,Occasional,2025-04-11
7572,Max,Chacko,cust7572_hotmail.com,+91 788103825,Female,24,Surat,West,Occasional,2023-07-15
7573,Ishani,Ratti,cust7573_gmail.com,+91 719832221,Male,55,Ahmedabad,West,Regular,2025-02-14
7574,Lakshmi,Raj,cust7574_gmail.com,+91 758998192,Male,36,Lucknow,North,Regular,2025-10-07
7575,Rishi,Madan,cust7575_yahoo.com,+91 967786193,Female,56,Pune,West,Regular,2023-02-17
7576,Gabriel,Aggarwal,cust7576_gmail.com,+91 776648583,Female,41,Lucknow,North,Regular,2025-06-09
7577,Victor,Dewan,cust7577_hotmail.com,+91 797358739,Other,59,Kolkata,East,Regular,2024-06-20
7578,Indira,Tailor,cust7578_gmail.com,+91 923857858,Female,47,Kolkata,East,New,2026-05-27
7579,Kevin,Shah,cust7579_gmail.com,+91 735597248,Female,50,Surat,West,Regular,2026-03-26
7580,Saksham,Dugar,cust7580_gmail.com,+91 748368671,Male,49,Hyderabad,South,Regular,2025-12-28
7581,Chakradhar,Sheth,cust7581_yahoo.com,+91 914279722,Female,35,Kochi,South,Regular,2023-02-17
7582,Harinakshi,Tak,cust7582_hotmail.com,+91 991710557,Other,36,Nagpur,Central,Occasional,2025-05-18
7583,Aachal,Halder,cust7583_hotmail.com,+91 814943158,Female,37,Kochi,South,Regular,2023-07-20
7584,Jason,Dhillon,cust7584_hotmail.com,+91 728736756,Female,17,Nagpur,Central,Occasional,2024-12-20
7585,Gaurang,Merchant,cust7585_yahoo.com,+91 764144830,Other,53,Indore,Central,New,2024-06-27
7586,Chaitanya,Narula,cust7586_hotmail.com,+91 951845902,Other,55,Hyderabad,South,Regular,2023-10-17
7587,Arin,Din,cust7587_hotmail.com,+91 823108886,Male,15,Kochi,South,Regular,2025-03-05
7588,Mugdha,Babu,cust7588_yahoo.com,+91 711734529,Male,54,Pune,West,New,2025-03-12
7589,Bhavna,Balakrishnan,cust7589_gmail.com,+91 973577964,Male,58,Kolkata,East,Regular,2023-03-10
7590,Qabil,Lala,cust7590_gmail.com,+91 859241806,Female,27,Lucknow,North,Occasional,2026-05-14
7591,Jagrati,Mital,cust7591_yahoo.com,+91 862967820,Female,54,Surat,West,VIP,2024-10-12
7592,Shravya,Rastogi,cust7592_hotmail.com,+91 957734949,Female,59,Ahmedabad,West,New,2024-02-14
7593,Harita,Barman,cust7593_hotmail.com,+91 980962129,Male,52,Lucknow,North,Regular,2025-07-31
7594,Arin,Kurian,cust7594_gmail.com,+91 812973320,Female,23,Indore,Central,Regular,2025-06-19
7595,Yadavi,Tiwari,cust7595_yahoo.com,+91 953850199,Other,18,Patna,East,Regular,2025-09-12
7596,Manya,Lad,cust7596_gmail.com,+91 969931134,Male,30,Pune,West,Regular,2024-11-07
7597,Girindra,Ramachandran,cust7597_yahoo.com,+91 871528780,Female,54,Chennai,South,Occasional,2023-02-24
7598,Irya,Sankar,cust7598_gmail.com,+91 764400191,Other,18,Raipur,Central,Occasional,2025-09-01
7599,Yutika,Swamy,cust7599_hotmail.com,+91 893259676,Male,54,Indore,Central,Occasional,2023-12-09
7600,Yashvi,Savant,cust7600_hotmail.com,+91 877446459,Male,22,Patna,East,Regular,2025-03-01
7601,Idika,Sandal,cust7601_hotmail.com,+91 835389912,Male,51,Kolkata,East,Regular,2024-08-14
7602,Wazir,Borah,cust7602_gmail.com,+91 793741450,Male,46,New Delhi,North,New,2025-08-10
7603,Charles,Saha,cust7603_hotmail.com,+91 793324763,Other,34,Lucknow,North,Occasional,2024-08-27
7604,Lakshit,Bajaj,cust7604_gmail.com,+91 846602483,Other,18,Pune,West,Regular,2023-07-18
7605,Rishi,Raja,cust7605_gmail.com,+91 989980805,Male,26,Bhubaneswar,East,Occasional,2023-06-01
7606,Vasatika,Malhotra,cust7606_hotmail.com,+91 997338357,Other,58,Kochi,South,VIP,2024-03-10
7607,Sanya,Buch,cust7607_hotmail.com,+91 863375909,Male,21,Lucknow,North,Occasional,2026-03-16
7608,Alexander,Kala,cust7608_hotmail.com,+91 837822332,Female,16,Mumbai,West,Regular,2025-08-13
7609,Sarthak,Narayan,cust7609_gmail.com,+91 857202382,Other,47,Chandigarh,North,Regular,2023-01-26
7610,Aahana,Verma,cust7610_hotmail.com,+91 753516880,Female,30,Bhopal,Central,New,2026-03-26
7611,Ekantika,Korpal,cust7611_hotmail.com,+91 991251798,Male,24,Bangalore,South,Regular,2026-05-24
7612,Bimala,Morar,cust7612_gmail.com,+91 825476460,Female,60,New Delhi,North,Regular,2023-09-19
7613,Jairaj,Lad,cust7613_yahoo.com,+91 971912397,Male,25,Patna,East,Occasional,2025-07-04
7614,Champak,Pathak,cust7614_gmail.com,+91 798911978,Male,52,Lucknow,North,New,2025-05-25
7615,Ridhi,Dave,cust7615_hotmail.com,+91 940529107,Other,51,Kochi,South,Occasional,2024-04-22
7616,Jagrati,Chander,cust7616_hotmail.com,+91 989479472,Male,21,Chandigarh,North,Regular,2024-01-07
7617,Urvi,Kale,cust7617_hotmail.com,+91 978538888,Other,49,Jaipur,North,Occasional,2024-09-27
7618,Garima,Kant,cust7618_gmail.com,+91 947202244,Female,29,Patna,East,VIP,2023-03-29
7619,Meera,Tak,cust7619_gmail.com,+91 848420355,Female,44,Bhubaneswar,East,New,2025-10-18
7620,Aadhya,Uppal,cust7620_hotmail.com,+91 842259239,Other,38,Kolkata,East,Regular,2025-05-14
7621,Odika,Narula,cust7621_yahoo.com,+91 813303212,Male,24,Nagpur,Central,VIP,2024-09-19
7622,Manthan,Ganesan,cust7622_yahoo.com,+91 826855296,Female,49,Indore,Central,New,2025-12-05
7623,Quincy,Dutt,cust7623_hotmail.com,+91 741241588,Female,60,Ahmedabad,West,Regular,2026-04-17
7624,Aarav,Choudhry,cust7624_hotmail.com,+91 833258472,Female,38,Ahmedabad,West,Occasional,2023-09-13
7625,Mitesh,Korpal,cust7625_yahoo.com,+91 933745109,Male,45,Kochi,South,Regular,2023-12-06
7626,Benjamin,Sarkar,cust7626_hotmail.com,+91 976494267,Female,53,New Delhi,North,Occasional,2023-11-22
7627,Hemal,Sane,cust7627_hotmail.com,+91 974392430,Male,27,Patna,East,Occasional,2025-03-09
7628,Chanchal,Sami,cust7628_yahoo.com,+91 865926158,Other,32,Bangalore,South,Occasional,2026-02-04
7629,Warhi,Thakkar,cust7629_gmail.com,+91 879851559,Other,17,Jaipur,North,VIP,2024-09-28
7630,Mohini,Mallick,cust7630_yahoo.com,+91 921645982,Female,31,Bangalore,South,Occasional,2025-08-06
7631,Theodore,Srinivasan,cust7631_yahoo.com,+91 717161425,Female,31,Bhubaneswar,East,Occasional,2026-05-30
7632,Avni,Nanda,cust7632_hotmail.com,+91 726267829,Other,41,Bangalore,South,Regular,2026-02-14
7633,Gaurika,Din,cust7633_gmail.com,+91 831404749,Male,34,Hyderabad,South,Occasional,2025-01-07
7634,Ishanvi,Iyer,cust7634_gmail.com,+91 983313411,Male,45,Mumbai,West,Regular,2023-12-25
7635,Ekantika,Padmanabhan,cust7635_hotmail.com,+91 934254968,Male,35,Ahmedabad,West,Regular,2025-01-11
7636,Forum,Dutt,cust7636_hotmail.com,+91 833261755,Other,41,Guwahati,East,Occasional,2026-05-08
7637,Vrinda,Maharaj,cust7637_hotmail.com,+91 942347878,Female,37,Chandigarh,North,Regular,2025-12-23
7638,Tanvi,Malhotra,cust7638_gmail.com,+91 961237499,Other,17,Ahmedabad,West,Regular,2026-01-05
7639,Devansh,Manne,cust7639_hotmail.com,+91 879612446,Female,51,Chennai,South,Occasional,2025-12-01
7640,Naksh,Sangha,cust7640_yahoo.com,+91 870570800,Male,31,Indore,Central,Regular,2024-08-22
7641,Jai,Dalal,cust7641_hotmail.com,+91 837821722,Other,21,Nagpur,Central,Regular,2024-05-17
7642,Waida,Samra,cust7642_yahoo.com,+91 936248854,Male,20,Jaipur,North,New,2025-08-19
7643,Udarsh,Loyal,cust7643_hotmail.com,+91 967529242,Male,37,Chandigarh,North,New,2024-06-03
7644,Ishani,Nadkarni,cust7644_gmail.com,+91 922754130,Male,24,Raipur,Central,Occasional,2024-09-23
7645,Ishita,Sarin,cust7645_yahoo.com,+91 728547433,Male,24,Bhopal,Central,Occasional,2026-04-07
7646,Neha,Sastry,cust7646_hotmail.com,+91 846920973,Male,54,New Delhi,North,Occasional,2023-06-23
7647,Prisha,Khanna,cust7647_hotmail.com,+91 755361635,Male,33,Raipur,Central,VIP,2025-07-19
7648,Chandresh,Jhaveri,cust7648_yahoo.com,+91 958518520,Male,36,Bangalore,South,Occasional,2023-01-13
7649,Yamini,Gour,cust7649_gmail.com,+91 941487259,Male,24,Lucknow,North,New,2026-02-17
7650,Meghana,Handa,cust7650_gmail.com,+91 759382892,Other,42,Hyderabad,South,Occasional,2023-06-21
7651,Falak,Soman,cust7651_hotmail.com,+91 899676978,Female,24,Ahmedabad,West,VIP,2023-05-14
7652,Mohammed,Gera,cust7652_yahoo.com,+91 837253477,Male,44,Ahmedabad,West,Occasional,2025-09-20
7653,Jonathan,Viswanathan,cust7653_yahoo.com,+91 989798158,Other,45,Patna,East,New,2023-08-13
7654,Tanveer,Mody,cust7654_hotmail.com,+91 756290315,Other,23,Kochi,South,VIP,2026-03-25
7655,Oliver,Srinivasan,cust7655_yahoo.com,+91 767236448,Female,17,Raipur,Central,Regular,2025-07-21
7656,Chanakya,Venkatesh,cust7656_yahoo.com,+91 780391146,Male,45,Jaipur,North,Regular,2024-09-29
7657,Chandran,Butala,cust7657_hotmail.com,+91 771230795,Male,34,Bhopal,Central,Occasional,2024-11-08
7658,Bahadurjit,Maharaj,cust7658_gmail.com,+91 875998442,Male,47,Bhopal,Central,Regular,2025-02-25
7659,Samar,Hegde,cust7659_yahoo.com,+91 754338653,Female,40,Patna,East,New,2026-05-17
7660,Abdul,Bora,cust7660_yahoo.com,+91 796292995,Female,45,Guwahati,East,New,2025-05-09
7661,Reva,Khurana,cust7661_yahoo.com,+91 870942244,Other,50,Kochi,South,Occasional,2023-12-07
7662,Mohini,Ratta,cust7662_hotmail.com,+91 783690690,Female,31,Kochi,South,Occasional,2026-05-19
7663,Hemang,Pal,cust7663_yahoo.com,+91 734444594,Male,48,Mumbai,West,Regular,2025-01-24
7664,Anjali,Saha,cust7664_gmail.com,+91 944726857,Other,44,Hyderabad,South,New,2024-02-10
7665,Yash,Dube,cust7665_yahoo.com,+91 765255485,Female,24,Bhopal,Central,Occasional,2024-06-20
7666,Rajeshri,Sundaram,cust7666_yahoo.com,+91 819377651,Female,45,Kochi,South,Occasional,2023-03-05
7667,Neha,Devi,cust7667_yahoo.com,+91 982382224,Female,47,Bhubaneswar,East,Occasional,2026-03-07
7668,Chanakya,Natarajan,cust7668_hotmail.com,+91 977636820,Other,18,Kolkata,East,Occasional,2023-07-31
7669,Megha,Mistry,cust7669_hotmail.com,+91 886499391,Male,33,Hyderabad,South,Occasional,2023-11-17
7670,Dev,Chhabra,cust7670_hotmail.com,+91 826934443,Female,60,Chandigarh,North,Regular,2025-06-09
7671,Michael,Wali,cust7671_yahoo.com,+91 827428128,Female,16,Jaipur,North,Occasional,2025-12-09
7672,Sai,Dube,cust7672_hotmail.com,+91 998914577,Other,27,Bangalore,South,New,2024-09-26
7673,Brijesh,Garde,cust7673_gmail.com,+91 932581630,Male,45,Guwahati,East,VIP,2024-07-20
7674,Ekani,Kalla,cust7674_hotmail.com,+91 792446995,Male,47,Hyderabad,South,Occasional,2024-07-09
7675,Anmol,Tank,cust7675_yahoo.com,+91 789228623,Male,37,Patna,East,Occasional,2024-01-17
7676,Ekaja,Dewan,cust7676_gmail.com,+91 790493123,Female,33,Guwahati,East,Occasional,2024-06-12
7677,Libni,Gopal,cust7677_yahoo.com,+91 827853661,Male,58,Bhopal,Central,Occasional,2023-09-04
7678,Teerth,Prabhakar,cust7678_yahoo.com,+91 815804704,Male,33,Bhubaneswar,East,Occasional,2024-02-08
7679,Yauvani,Loke,cust7679_yahoo.com,+91 976113790,Other,57,Kolkata,East,Regular,2025-01-12
7680,Megha,Agate,cust7680_yahoo.com,+91 720699224,Male,32,Nagpur,Central,Regular,2026-03-08
7681,Anthony,Srivastava,cust7681_yahoo.com,+91 767358500,Male,50,Guwahati,East,Occasional,2025-05-21
7682,Harish,Thaman,cust7682_gmail.com,+91 819162863,Female,44,Kochi,South,Occasional,2023-05-08
7683,Vasudha,Prasad,cust7683_yahoo.com,+91 886363734,Female,22,Jaipur,North,Regular,2024-12-09
7684,Michael,Malhotra,cust7684_yahoo.com,+91 980621233,Other,29,Ahmedabad,West,New,2023-04-17
7685,Damyanti,Gandhi,cust7685_yahoo.com,+91 771135400,Other,54,Chandigarh,North,Regular,2023-05-30
7686,Harish,Sanghvi,cust7686_yahoo.com,+91 740342311,Female,49,Lucknow,North,Occasional,2023-11-17
7687,Pranav,Venkatesh,cust7687_hotmail.com,+91 832694148,Female,17,Bangalore,South,Regular,2025-08-21
7688,Yash,Varughese,cust7688_hotmail.com,+91 817856777,Other,52,Chennai,South,Occasional,2026-03-26
7689,Vamakshi,Magar,cust7689_yahoo.com,+91 716600404,Male,35,Lucknow,North,Regular,2024-06-06
7690,Radha,Palla,cust7690_yahoo.com,+91 735459728,Other,25,Indore,Central,Occasional,2024-11-22
7691,Eiravati,Bansal,cust7691_yahoo.com,+91 780301695,Other,58,Surat,West,Regular,2026-04-26
7692,Janaki,Nanda,cust7692_yahoo.com,+91 910310155,Male,46,Kochi,South,Occasional,2023-01-30
7693,Adya,Kade,cust7693_hotmail.com,+91 962905366,Male,24,Kochi,South,Occasional,2026-01-31
7694,Tristan,Sankaran,cust7694_hotmail.com,+91 790461761,Male,46,Surat,West,Occasional,2024-04-20
7695,Waida,Chaudry,cust7695_yahoo.com,+91 734294900,Other,22,Indore,Central,Occasional,2025-01-01
7696,Owen,Dhaliwal,cust7696_hotmail.com,+91 988715289,Male,58,Jaipur,North,Occasional,2024-09-29
7697,Amaira,Bhagat,cust7697_yahoo.com,+91 920189398,Male,16,Surat,West,New,2023-01-05
7698,Wridesh,Misra,cust7698_gmail.com,+91 775925115,Male,33,Lucknow,North,VIP,2024-09-21
7699,Shivansh,Parsa,cust7699_hotmail.com,+91 872658203,Male,25,Guwahati,East,Occasional,2024-06-21
7700,Unnati,Dash,cust7700_gmail.com,+91 738382482,Male,31,Bhopal,Central,Regular,2024-12-21
7701,Champak,Choudhary,cust7701_gmail.com,+91 920865588,Other,58,Hyderabad,South,Regular,2025-10-28
7702,Zayyan,Shere,cust7702_yahoo.com,+91 745263586,Male,41,Chandigarh,North,Regular,2024-06-01
7703,Bhavna,Lall,cust7703_gmail.com,+91 771534254,Female,19,Bhubaneswar,East,Occasional,2023-12-22
7704,Ekbal,Lala,cust7704_hotmail.com,+91 817794242,Male,19,Chandigarh,North,Regular,2025-10-27
7705,Veda,Deol,cust7705_gmail.com,+91 925224972,Female,31,New Delhi,North,New,2025-04-13
7706,Jasmit,Sidhu,cust7706_hotmail.com,+91 853615290,Female,15,Chandigarh,North,VIP,2024-07-01
7707,Nandini,Kumar,cust7707_gmail.com,+91 926905376,Male,31,Nagpur,Central,Regular,2024-06-07
7708,Hema,Madan,cust7708_hotmail.com,+91 862440353,Other,44,Kolkata,East,VIP,2023-12-13
7709,Vinaya,More,cust7709_gmail.com,+91 995582722,Other,48,Hyderabad,South,Occasional,2026-02-09
7710,Falguni,Prasad,cust7710_yahoo.com,+91 941828489,Male,43,Hyderabad,South,Regular,2024-09-03
7711,Dipta,Doshi,cust7711_gmail.com,+91 828462809,Male,19,Lucknow,North,Regular,2023-11-29
7712,Jeevika,Pradhan,cust7712_yahoo.com,+91 874646974,Other,20,Jaipur,North,Occasional,2023-08-13
7713,Andrew,Padmanabhan,cust7713_yahoo.com,+91 827370672,Female,51,Lucknow,North,Occasional,2025-05-08
7714,Charvi,Sura,cust7714_yahoo.com,+91 711877204,Male,40,Chandigarh,North,Regular,2026-03-06
7715,Guneet,Rege,cust7715_yahoo.com,+91 723819285,Female,19,Indore,Central,Occasional,2025-02-18
7716,Nachiket,Wali,cust7716_yahoo.com,+91 995815754,Male,15,Kolkata,East,Regular,2023-03-10
7717,Jacob,Hari,cust7717_yahoo.com,+91 783896499,Other,45,New Delhi,North,Regular,2025-09-02
7718,William,Kala,cust7718_hotmail.com,+91 913298391,Female,51,Guwahati,East,Occasional,2023-09-18
7719,Chasmum,Sawhney,cust7719_gmail.com,+91 986320812,Male,34,Chandigarh,North,Occasional,2026-02-17
7720,Andrew,Shroff,cust7720_gmail.com,+91 883130654,Female,36,Ahmedabad,West,Regular,2024-04-11
7721,Nandini,Saxena,cust7721_hotmail.com,+91 823427442,Female,41,Kolkata,East,Regular,2024-01-26
7722,Gopal,Kumar,cust7722_hotmail.com,+91 729254830,Female,31,Raipur,Central,Occasional,2026-01-17
7723,Vrinda,Korpal,cust7723_yahoo.com,+91 778749203,Male,35,Raipur,Central,New,2025-02-04
7724,Ikshita,Nagarajan,cust7724_hotmail.com,+91 988301820,Male,56,Raipur,Central,Occasional,2023-07-13
7725,Benjamin,Vasa,cust7725_hotmail.com,+91 716713253,Female,42,Patna,East,Regular,2024-06-12
7726,Xalak,Mander,cust7726_yahoo.com,+91 724925455,Female,24,Pune,West,VIP,2023-12-03
7727,Neha,Bansal,cust7727_gmail.com,+91 794634939,Male,54,Bangalore,South,New,2026-01-13
7728,Atharv,Halder,cust7728_hotmail.com,+91 933391908,Other,45,Hyderabad,South,Regular,2024-12-17
7729,Harrison,Bahl,cust7729_gmail.com,+91 988721817,Other,60,Chennai,South,Regular,2024-08-26
7730,Ijaya,Balasubramanian,cust7730_hotmail.com,+91 734205873,Other,39,Patna,East,Occasional,2024-12-15
7731,Henry,Sarma,cust7731_hotmail.com,+91 957759985,Other,49,Bangalore,South,Regular,2023-03-03
7732,Leela,Sharma,cust7732_hotmail.com,+91 720685120,Female,58,Patna,East,Occasional,2023-02-24
7733,Anamika,Bandi,cust7733_yahoo.com,+91 889875998,Female,48,Patna,East,New,2026-05-13
7734,Rachana,Gokhale,cust7734_hotmail.com,+91 980935708,Female,45,Guwahati,East,VIP,2025-04-23
7735,Dipta,Chaudhari,cust7735_yahoo.com,+91 927777743,Male,46,Ahmedabad,West,VIP,2024-04-30
7736,Nachiket,Choudhary,cust7736_hotmail.com,+91 893928931,Female,25,Ahmedabad,West,VIP,2025-12-29
7737,Janya,Khalsa,cust7737_hotmail.com,+91 763896662,Other,48,Lucknow,North,Occasional,2026-05-24
7738,Panini,Saxena,cust7738_yahoo.com,+91 965379325,Other,35,Indore,Central,New,2025-05-03
7739,Zaid,Pandit,cust7739_gmail.com,+91 779580600,Male,41,Hyderabad,South,Regular,2025-11-17
7740,Priya,Sur,cust7740_gmail.com,+91 893358847,Other,19,Jaipur,North,New,2026-05-13
7741,Ishani,Vyas,cust7741_hotmail.com,+91 788210253,Other,59,Pune,West,Regular,2024-07-25
7742,Chakradev,Suresh,cust7742_gmail.com,+91 861282152,Male,41,Chandigarh,North,Occasional,2024-09-25
7743,Kabir,Deol,cust7743_hotmail.com,+91 845565112,Male,51,Kochi,South,Occasional,2024-12-06
7744,Tanish,Madan,cust7744_gmail.com,+91 811564166,Female,42,Guwahati,East,Regular,2025-04-16
7745,Vihaan,Pai,cust7745_gmail.com,+91 765792455,Female,58,Bhopal,Central,Occasional,2023-11-28
7746,Rishi,Amble,cust7746_gmail.com,+91 862780626,Female,22,Surat,West,Regular,2026-03-16
7747,Ranveer,Batta,cust7747_hotmail.com,+91 851802424,Female,37,New Delhi,North,New,2024-02-27
7748,Dayita,Gala,cust7748_yahoo.com,+91 845303742,Male,53,Lucknow,North,Regular,2024-12-28
7749,Dayita,Karan,cust7749_yahoo.com,+91 811586769,Other,38,Patna,East,Occasional,2025-09-13
7750,Umang,Murthy,cust7750_yahoo.com,+91 993932280,Female,33,Hyderabad,South,Regular,2024-09-21
7751,Odika,Sathe,cust7751_gmail.com,+91 926352804,Female,24,Nagpur,Central,Occasional,2026-01-11
7752,Amrita,Venkatesh,cust7752_gmail.com,+91 818137506,Other,27,New Delhi,North,Regular,2025-12-14
7753,Advay,Behl,cust7753_yahoo.com,+91 876929701,Other,30,New Delhi,North,Occasional,2023-11-01
7754,Vedant,Patla,cust7754_hotmail.com,+91 745742441,Female,46,Nagpur,Central,Occasional,2025-11-12
7755,Janya,Dube,cust7755_yahoo.com,+91 817928323,Other,47,Jaipur,North,Regular,2024-11-09
7756,Yochana,Ghosh,cust7756_yahoo.com,+91 969901106,Other,31,Lucknow,North,New,2023-02-09
7757,Ojasvi,Khalsa,cust7757_hotmail.com,+91 993572324,Male,23,Jaipur,North,Regular,2023-10-09
7758,Aishani,Bir,cust7758_gmail.com,+91 952153730,Male,41,Chennai,South,New,2025-01-01
7759,Madhavi,Sanghvi,cust7759_hotmail.com,+91 813791472,Female,51,Hyderabad,South,Occasional,2025-02-25
7760,Gaurang,Date,cust7760_hotmail.com,+91 736556795,Male,48,Hyderabad,South,Regular,2023-06-11
7761,Rohan,Ganesan,cust7761_gmail.com,+91 917434952,Other,50,Chennai,South,Regular,2023-07-19
7762,Ojas,Naidu,cust7762_gmail.com,+91 974169389,Other,48,Nagpur,Central,Occasional,2024-02-14
7763,Fitan,Chokshi,cust7763_hotmail.com,+91 853520599,Male,32,Ahmedabad,West,Regular,2024-08-09
7764,Manan,Nath,cust7764_hotmail.com,+91 716138525,Female,30,Hyderabad,South,Regular,2025-01-29
7765,Meera,Nagar,cust7765_yahoo.com,+91 971161400,Female,23,Kolkata,East,Occasional,2024-04-20
7766,Anjali,Purohit,cust7766_yahoo.com,+91 988211718,Other,24,Lucknow,North,Occasional,2024-02-15
7767,Tanish,Golla,cust7767_yahoo.com,+91 735750774,Female,44,Surat,West,Regular,2025-12-23
7768,Edhitha,Mammen,cust7768_yahoo.com,+91 742898559,Other,17,Bhopal,Central,Regular,2025-12-02
7769,Imaran,Verma,cust7769_gmail.com,+91 811376706,Female,21,Jaipur,North,Occasional,2023-04-29
7770,Hema,Chada,cust7770_gmail.com,+91 969121904,Other,36,Chandigarh,North,Regular,2026-05-23
7771,Shivani,Guha,cust7771_hotmail.com,+91 774153849,Male,26,Patna,East,Regular,2024-08-16
7772,Hamsini,Dhawan,cust7772_gmail.com,+91 733425476,Female,46,Jaipur,North,Occasional,2023-01-29
7773,Harish,Kalita,cust7773_yahoo.com,+91 726237175,Male,22,New Delhi,North,Regular,2023-11-17
7774,Pushti,Varghese,cust7774_yahoo.com,+91 918668514,Other,42,Raipur,Central,New,2026-01-27
7775,Harish,Yadav,cust7775_yahoo.com,+91 820807871,Other,52,Kolkata,East,Regular,2026-04-27
7776,Faris,Lad,cust7776_yahoo.com,+91 762670448,Female,47,Patna,East,New,2025-02-10
7777,Krish,Gandhi,cust7777_gmail.com,+91 759680620,Other,57,Ahmedabad,West,VIP,2025-11-07
7778,Advika,Vig,cust7778_gmail.com,+91 949109472,Male,29,Lucknow,North,Regular,2023-04-26
7779,Xavier,Naik,cust7779_yahoo.com,+91 715803652,Other,19,Pune,West,Occasional,2023-11-05
7780,Gunbir,Choudhry,cust7780_gmail.com,+91 861466173,Female,29,Patna,East,Occasional,2023-04-03
7781,Omkaar,Johal,cust7781_yahoo.com,+91 759565950,Other,34,Chandigarh,North,New,2024-11-19
7782,Rohan,Agarwal,cust7782_hotmail.com,+91 788484234,Other,35,Pune,West,Occasional,2023-01-18
7783,Megha,Manne,cust7783_yahoo.com,+91 913769831,Female,26,Indore,Central,Regular,2025-01-18
7784,Chakradhar,Anne,cust7784_yahoo.com,+91 840593975,Male,59,Pune,West,Regular,2025-01-20
7785,Vasudha,Saran,cust7785_gmail.com,+91 964214579,Male,22,Kochi,South,Regular,2025-10-24
7786,Warjas,Shroff,cust7786_yahoo.com,+91 753638206,Other,46,Jaipur,North,Occasional,2025-04-24
7787,Kashvi,Agate,cust7787_yahoo.com,+91 892428112,Male,27,Lucknow,North,Regular,2023-08-13
7788,Vasudha,Bhatti,cust7788_hotmail.com,+91 832173868,Female,22,Bhopal,Central,New,2024-10-16
7789,Qasim,Chandra,cust7789_yahoo.com,+91 960193417,Female,31,Chennai,South,Regular,2024-10-08
7790,Benjamin,Manda,cust7790_hotmail.com,+91 982599719,Female,50,Lucknow,North,Regular,2023-08-17
7791,Zaitra,Rana,cust7791_hotmail.com,+91 772827736,Male,20,Lucknow,North,Regular,2025-03-24
7792,Chandani,Chauhan,cust7792_hotmail.com,+91 853141515,Female,38,Bhubaneswar,East,Occasional,2023-03-18
7793,Tristan,Basu,cust7793_gmail.com,+91 910126533,Male,49,Bangalore,South,Occasional,2024-08-28
7794,Neel,Ram,cust7794_yahoo.com,+91 716410239,Male,16,Pune,West,Occasional,2025-11-08
7795,Falguni,Rattan,cust7795_yahoo.com,+91 811367260,Female,48,Hyderabad,South,New,2025-10-13
7796,Pushti,Sibal,cust7796_yahoo.com,+91 735513594,Male,23,Ahmedabad,West,Regular,2025-08-12
7797,Fiyaz,Rattan,cust7797_gmail.com,+91 916966122,Male,48,Jaipur,North,Regular,2023-06-19
7798,Vihaan,Bahri,cust7798_yahoo.com,+91 718683331,Female,25,Raipur,Central,Regular,2024-05-16
7799,Zashil,Bali,cust7799_hotmail.com,+91 849324201,Other,16,Ahmedabad,West,Regular,2026-05-03
7800,Vidhi,Aurora,cust7800_gmail.com,+91 972546768,Male,36,Jaipur,North,New,2026-01-22
7801,Kalpit,Nayar,cust7801_hotmail.com,+91 792818581,Female,48,Chennai,South,Occasional,2024-04-08
7802,Shravya,Bera,cust7802_gmail.com,+91 986276568,Other,52,Bangalore,South,Occasional,2023-06-27
7803,Ekapad,Prakash,cust7803_hotmail.com,+91 937278683,Female,31,Bhopal,Central,Occasional,2025-05-07
7804,Harish,Guha,cust7804_yahoo.com,+91 874739109,Male,22,Bhubaneswar,East,Regular,2025-06-10
7805,Lucky,Raman,cust7805_yahoo.com,+91 854384562,Female,37,New Delhi,North,VIP,2025-04-26
7806,Turvi,Malhotra,cust7806_gmail.com,+91 975225466,Other,44,Chandigarh,North,Regular,2023-01-17
7807,Gaurangi,Koshy,cust7807_gmail.com,+91 795723855,Other,41,Bhubaneswar,East,Occasional,2023-07-03
7808,Yuvraj,Rao,cust7808_hotmail.com,+91 736679121,Male,48,Jaipur,North,Occasional,2025-07-18
7809,Harita,Garg,cust7809_yahoo.com,+91 795414553,Other,40,Chandigarh,North,Regular,2023-08-04
7810,Aarush,Dey,cust7810_gmail.com,+91 814672653,Female,50,Nagpur,Central,Occasional,2026-05-21
7811,Pallavi,Bakshi,cust7811_hotmail.com,+91 718917687,Female,28,Jaipur,North,VIP,2023-06-25
7812,Yashvi,Shah,cust7812_yahoo.com,+91 948670235,Other,52,New Delhi,North,Occasional,2026-01-04
7813,Anya,Varkey,cust7813_gmail.com,+91 717931900,Female,50,Lucknow,North,Regular,2026-05-16
7814,Vincent,Issac,cust7814_yahoo.com,+91 731202475,Male,40,Nagpur,Central,Regular,2023-08-08
7815,Vihaan,Thakur,cust7815_yahoo.com,+91 972530970,Other,47,Pune,West,Regular,2025-04-26
7816,Fitan,Agrawal,cust7816_yahoo.com,+91 922451884,Male,33,Pune,West,Regular,2023-10-26
7817,Saumya,Khatri,cust7817_yahoo.com,+91 986464433,Other,43,Hyderabad,South,Regular,2024-07-16
7818,Varsha,Mukhopadhyay,cust7818_yahoo.com,+91 765452811,Female,31,Hyderabad,South,VIP,2023-05-12
7819,Krishna,Kalla,cust7819_hotmail.com,+91 945992357,Female,30,Indore,Central,Regular,2024-01-30
7820,Hemani,Das,cust7820_gmail.com,+91 733871240,Other,26,Patna,East,Regular,2026-01-01
7821,Finn,Modi,cust7821_gmail.com,+91 967772108,Other,57,Hyderabad,South,Regular,2023-09-11
7822,Gaurang,Dora,cust7822_hotmail.com,+91 933791854,Male,42,Kochi,South,VIP,2026-04-03
7823,Ranbir,Chadha,cust7823_hotmail.com,+91 824131872,Male,48,Pune,West,Regular,2024-01-15
7824,Jhalak,Varghese,cust7824_hotmail.com,+91 998607585,Other,58,Chandigarh,North,Occasional,2024-05-28
7825,Vasatika,Arora,cust7825_gmail.com,+91 780502296,Male,57,Pune,West,Occasional,2025-06-24
7826,Sudiksha,Chaudhry,cust7826_yahoo.com,+91 947248219,Female,43,Patna,East,Occasional,2024-06-10
7827,Finn,Sunder,cust7827_hotmail.com,+91 995119932,Male,32,Patna,East,Occasional,2025-02-04
7828,Rehaan,Bali,cust7828_yahoo.com,+91 766859401,Other,26,Kochi,South,Occasional,2023-02-11
7829,Xiti,Seth,cust7829_gmail.com,+91 965717190,Other,52,Indore,Central,New,2024-09-30
7830,Chavvi,Borah,cust7830_gmail.com,+91 923585406,Other,35,Indore,Central,Regular,2025-06-09
7831,Lavanya,Agrawal,cust7831_yahoo.com,+91 935607980,Female,15,Kochi,South,New,2024-01-30
7832,Manya,Kulkarni,cust7832_hotmail.com,+91 735324966,Male,39,Mumbai,West,Occasional,2023-05-25
7833,Ekani,Joshi,cust7833_gmail.com,+91 718501718,Female,23,Raipur,Central,Regular,2023-12-27
7834,Lekha,Lad,cust7834_gmail.com,+91 939794838,Other,19,Jaipur,North,Occasional,2024-11-27
7835,Sudiksha,Raval,cust7835_yahoo.com,+91 741542829,Other,35,Bhubaneswar,East,Regular,2026-03-20
7836,Rajata,Bhat,cust7836_gmail.com,+91 993326173,Male,53,Guwahati,East,VIP,2024-12-23
7837,Ati,Kapur,cust7837_yahoo.com,+91 855378111,Other,38,New Delhi,North,Occasional,2024-08-25
7838,Suhani,Kaul,cust7838_gmail.com,+91 812325668,Other,20,Ahmedabad,West,Occasional,2024-05-19
7839,Urmi,Khalsa,cust7839_gmail.com,+91 871397715,Female,16,Kolkata,East,Occasional,2025-09-19
7840,Upkaar,Goel,cust7840_yahoo.com,+91 777478307,Male,30,Patna,East,New,2023-12-20
7841,Osha,Seth,cust7841_yahoo.com,+91 713809438,Male,43,Kochi,South,Regular,2025-06-20
7842,Xalak,Lalla,cust7842_yahoo.com,+91 862938717,Male,30,Chandigarh,North,Regular,2026-03-18
7843,Aadi,Mittal,cust7843_hotmail.com,+91 832820766,Other,21,Nagpur,Central,New,2023-06-30
7844,Caleb,Mitter,cust7844_hotmail.com,+91 786466499,Female,28,Patna,East,Occasional,2024-03-12
7845,Teerth,Dada,cust7845_hotmail.com,+91 727360308,Female,33,Raipur,Central,Occasional,2024-11-12
7846,Hemangini,Ram,cust7846_gmail.com,+91 759873885,Female,52,Bhopal,Central,Occasional,2023-05-25
7847,Bimala,Gaba,cust7847_yahoo.com,+91 848674315,Female,15,Patna,East,Regular,2024-06-13
7848,Suhani,Parsa,cust7848_hotmail.com,+91 893986642,Female,54,Lucknow,North,Regular,2023-03-21
7849,Chandani,Sood,cust7849_yahoo.com,+91 872903997,Other,25,Jaipur,North,Occasional,2026-01-20
7850,Henry,Chokshi,cust7850_gmail.com,+91 861857650,Other,16,Bhubaneswar,East,Occasional,2023-07-02
7851,Urvashi,Ramanathan,cust7851_yahoo.com,+91 998862570,Female,22,Chennai,South,VIP,2025-01-22
7852,Janaki,Mann,cust7852_hotmail.com,+91 762460431,Other,17,Chandigarh,North,Regular,2024-11-29
7853,Indali,Sahota,cust7853_yahoo.com,+91 735178367,Male,41,Surat,West,Occasional,2026-02-28
7854,Mason,Vala,cust7854_hotmail.com,+91 767504466,Male,46,Bangalore,South,Occasional,2024-12-17
7855,Tamanna,Doshi,cust7855_gmail.com,+91 920807311,Female,34,Guwahati,East,Regular,2026-05-12
7856,Shivansh,Minhas,cust7856_hotmail.com,+91 858864272,Female,29,Ahmedabad,West,Regular,2024-08-24
7857,Amrita,Bakshi,cust7857_gmail.com,+91 941557662,Female,42,Raipur,Central,Regular,2024-06-08
7858,Advaith,Tripathi,cust7858_yahoo.com,+91 973608892,Female,41,Lucknow,North,Regular,2025-06-19
7859,Lajita,Wadhwa,cust7859_yahoo.com,+91 954925131,Female,40,Mumbai,West,Occasional,2025-11-30
7860,Omaja,Apte,cust7860_yahoo.com,+91 787782227,Female,20,Bhopal,Central,Regular,2026-02-26
7861,Qabil,Reddy,cust7861_gmail.com,+91 788980244,Female,44,Surat,West,Occasional,2024-08-11
7862,Zilmil,Deo,cust7862_yahoo.com,+91 743797662,Female,15,Jaipur,North,Occasional,2023-12-06
7863,Vamakshi,Bandi,cust7863_hotmail.com,+91 887324303,Female,50,Surat,West,Regular,2026-04-29
7864,Saanvi,Sastry,cust7864_yahoo.com,+91 969673495,Male,57,Mumbai,West,New,2026-04-07
7865,Kavya,Sidhu,cust7865_gmail.com,+91 743191333,Other,35,Patna,East,Occasional,2024-11-13
7866,Samesh,Ray,cust7866_gmail.com,+91 967636966,Other,35,Jaipur,North,Regular,2026-03-21
7867,Udant,Taneja,cust7867_yahoo.com,+91 719884695,Male,16,Jaipur,North,Regular,2024-08-07
7868,Qarin,Sawhney,cust7868_gmail.com,+91 950279792,Female,30,Patna,East,Regular,2025-07-04
7869,Frederick,Bhakta,cust7869_yahoo.com,+91 724442450,Female,49,Surat,West,Occasional,2025-11-06
7870,William,Parmar,cust7870_gmail.com,+91 948109103,Male,48,Raipur,Central,Regular,2026-03-25
7871,Oni,Gera,cust7871_gmail.com,+91 731370121,Male,57,Lucknow,North,New,2023-07-21
7872,Bachittar,Ray,cust7872_hotmail.com,+91 958818906,Female,21,Guwahati,East,Occasional,2025-10-23
7873,Oliver,Mani,cust7873_gmail.com,+91 835349629,Female,27,Guwahati,East,Regular,2025-10-11
7874,Vincent,Hans,cust7874_hotmail.com,+91 890947408,Male,43,Bangalore,South,Regular,2023-09-12
7875,Wyatt,Ben,cust7875_gmail.com,+91 866568295,Male,56,Bangalore,South,Regular,2026-04-20
7876,Victor,Krishnan,cust7876_yahoo.com,+91 744416192,Female,25,Kochi,South,Regular,2023-12-02
7877,Arin,Rattan,cust7877_hotmail.com,+91 980114279,Other,44,Surat,West,Occasional,2024-08-11
7878,Krishna,Kuruvilla,cust7878_hotmail.com,+91 756173258,Female,15,Jaipur,North,New,2023-02-12
7879,Aarnav,Rastogi,cust7879_hotmail.com,+91 849864509,Female,46,Raipur,Central,New,2023-12-18
7880,Kalpit,Halder,cust7880_yahoo.com,+91 855799660,Female,44,New Delhi,North,VIP,2024-06-18
7881,Manya,Naidu,cust7881_gmail.com,+91 912675569,Other,17,Jaipur,North,Regular,2024-11-10
7882,Dalaja,Chana,cust7882_gmail.com,+91 778528175,Female,17,New Delhi,North,Regular,2025-07-19
7883,Hemal,Kibe,cust7883_yahoo.com,+91 757298451,Male,58,Bhopal,Central,Occasional,2025-02-24
7884,Chanakya,Bali,cust7884_yahoo.com,+91 951518138,Male,47,Kolkata,East,Occasional,2026-01-16
7885,Zehaan,Wali,cust7885_hotmail.com,+91 959243989,Male,49,Chennai,South,Regular,2024-02-16
7886,Bhavna,Wali,cust7886_yahoo.com,+91 846498735,Female,16,Lucknow,North,Occasional,2024-06-06
7887,Harini,Korpal,cust7887_gmail.com,+91 794849164,Male,49,Patna,East,Regular,2026-04-26
7888,Zinal,Anne,cust7888_yahoo.com,+91 979452301,Female,48,Surat,West,Occasional,2023-06-30
7889,Janaki,Palla,cust7889_yahoo.com,+91 799373215,Female,53,Chennai,South,Regular,2023-09-16
7890,Abeer,Naik,cust7890_gmail.com,+91 779765696,Male,26,Guwahati,East,Regular,2023-08-11
7891,Nirja,Mittal,cust7891_gmail.com,+91 970839979,Female,51,Bhubaneswar,East,Regular,2024-11-20
7892,Gauri,Balan,cust7892_yahoo.com,+91 986845957,Female,54,Patna,East,Regular,2024-07-21
7893,Panini,Wagle,cust7893_hotmail.com,+91 951856804,Other,53,Indore,Central,Occasional,2025-05-15
7894,Mekhala,Bala,cust7894_hotmail.com,+91 725490974,Female,28,Guwahati,East,New,2024-11-24
7895,Brijesh,Karnik,cust7895_hotmail.com,+91 844987995,Other,48,Surat,West,VIP,2023-10-08
7896,Kalpit,Ganguly,cust7896_gmail.com,+91 921617391,Male,23,Lucknow,North,Occasional,2025-07-05
7897,Falan,Srivastava,cust7897_gmail.com,+91 910260249,Male,18,Bhubaneswar,East,Regular,2024-01-22
7898,Eshana,Rattan,cust7898_yahoo.com,+91 891587890,Other,50,Chennai,South,Occasional,2023-05-25
7899,Karan,Zacharia,cust7899_yahoo.com,+91 758977277,Female,43,Bhopal,Central,Regular,2023-11-21
7900,Veda,Dutta,cust7900_hotmail.com,+91 812546827,Female,59,Bhopal,Central,Regular,2025-05-29
7901,Samaksh,Bose,cust7901_yahoo.com,+91 789182995,Female,57,Patna,East,Regular,2025-02-11
7902,Nakul,Mukherjee,cust7902_hotmail.com,+91 722733824,Female,49,Bhopal,Central,Occasional,2026-05-29
7903,Nilima,Ghose,cust7903_hotmail.com,+91 917906485,Female,56,Lucknow,North,Occasional,2024-07-16
7904,Urvi,Ramanathan,cust7904_yahoo.com,+91 734541602,Male,59,Hyderabad,South,New,2023-06-25
7905,Ishwar,Sane,cust7905_gmail.com,+91 816183869,Other,51,Bhubaneswar,East,New,2024-04-11
7906,Robert,Goswami,cust7906_hotmail.com,+91 721888274,Male,16,Patna,East,Occasional,2023-12-31
7907,Yashawini,Ahuja,cust7907_yahoo.com,+91 724503347,Male,19,Kochi,South,Regular,2025-05-14
7908,Anirudh,Naik,cust7908_gmail.com,+91 926776561,Other,30,Jaipur,North,Regular,2023-01-07
7909,Benjamin,Gola,cust7909_hotmail.com,+91 952651504,Other,30,Mumbai,West,Regular,2025-12-25
7910,Devika,Nigam,cust7910_hotmail.com,+91 759899916,Male,42,Patna,East,Regular,2025-01-27
7911,Mason,Bail,cust7911_gmail.com,+91 785117989,Female,43,Kochi,South,Regular,2023-05-04
7912,Nathaniel,Aggarwal,cust7912_gmail.com,+91 774742739,Male,20,Guwahati,East,Regular,2025-11-24
7913,Vrinda,Patel,cust7913_yahoo.com,+91 738757583,Male,18,Indore,Central,Occasional,2026-01-28
7914,Anita,Bhavsar,cust7914_yahoo.com,+91 935173392,Other,19,Kolkata,East,Regular,2024-07-23
7915,Wishi,Devan,cust7915_hotmail.com,+91 730339702,Female,28,Hyderabad,South,Regular,2024-03-03
7916,Ekansh,Bhakta,cust7916_yahoo.com,+91 945783769,Female,52,Lucknow,North,New,2025-12-17
7917,Ojasvi,Deep,cust7917_yahoo.com,+91 953261346,Other,48,Mumbai,West,Occasional,2024-09-22
7918,Andrew,Chaudhari,cust7918_yahoo.com,+91 812910891,Male,39,Raipur,Central,Regular,2024-05-11
7919,Nidra,Sem,cust7919_yahoo.com,+91 797877325,Male,43,Jaipur,North,Occasional,2023-09-23
7920,Onkar,Behl,cust7920_gmail.com,+91 740416500,Male,34,New Delhi,North,Regular,2024-03-04
7921,Mitali,Bhakta,cust7921_yahoo.com,+91 752792970,Other,29,Bangalore,South,Regular,2026-01-25
7922,Harita,Master,cust7922_hotmail.com,+91 927932780,Male,42,Pune,West,Regular,2025-04-10
7923,Ranbir,Jaggi,cust7923_gmail.com,+91 777172617,Male,34,Indore,Central,Occasional,2025-04-23
7924,Kashish,Tripathi,cust7924_yahoo.com,+91 848441715,Other,18,Bhopal,Central,Regular,2025-06-08
7925,Wazir,Kalita,cust7925_yahoo.com,+91 883706169,Female,56,New Delhi,North,New,2023-08-09
7926,Advaith,Sandhu,cust7926_gmail.com,+91 915490742,Female,16,Chennai,South,Regular,2025-04-10
7927,Gaurang,Lad,cust7927_yahoo.com,+91 796604961,Male,34,Kolkata,East,Regular,2026-05-20
7928,Mitesh,Karnik,cust7928_gmail.com,+91 748969139,Male,42,Guwahati,East,Occasional,2024-11-22
7929,Vedika,Borra,cust7929_yahoo.com,+91 853755303,Male,50,Guwahati,East,Regular,2024-09-15
7930,Hema,Tella,cust7930_hotmail.com,+91 766313944,Other,34,Raipur,Central,Occasional,2026-02-25
7931,Triveni,Amble,cust7931_gmail.com,+91 775728795,Other,28,Bangalore,South,Regular,2023-06-04
7932,Chaitanya,Chhabra,cust7932_hotmail.com,+91 973690890,Male,52,Bhopal,Central,Occasional,2024-07-20
7933,Watika,Subramanian,cust7933_hotmail.com,+91 991129437,Male,41,Chennai,South,Regular,2024-11-02
7934,Ayaan,Dayal,cust7934_yahoo.com,+91 831505561,Male,35,Chandigarh,North,New,2023-07-25
7935,Kalpit,Batra,cust7935_gmail.com,+91 979107483,Other,30,Pune,West,Occasional,2023-04-25
7936,Mohammed,Pandit,cust7936_gmail.com,+91 711932116,Female,32,Jaipur,North,Occasional,2025-05-23
7937,Utkarsh,Dixit,cust7937_hotmail.com,+91 712199677,Male,60,Lucknow,North,Occasional,2024-01-06
7938,Aarush,Luthra,cust7938_hotmail.com,+91 970273504,Other,32,New Delhi,North,New,2024-11-29
7939,Rudra,Sood,cust7939_hotmail.com,+91 868459919,Male,23,Kochi,South,Occasional,2025-10-02
7940,Yashasvi,Edwin,cust7940_hotmail.com,+91 843180478,Other,46,Pune,West,Occasional,2024-06-12
7941,Hemal,Wason,cust7941_hotmail.com,+91 742914574,Female,33,Kochi,South,Regular,2023-06-10
7942,Ekantika,Dash,cust7942_gmail.com,+91 950729603,Other,34,Mumbai,West,Regular,2024-07-31
7943,Siddharth,Sawhney,cust7943_gmail.com,+91 947533797,Other,38,Mumbai,West,Regular,2024-10-28
7944,Nitesh,Bahl,cust7944_yahoo.com,+91 733758674,Male,57,Chandigarh,North,Occasional,2024-03-14
7945,Tripti,Mittal,cust7945_hotmail.com,+91 983595671,Other,54,Nagpur,Central,Regular,2024-06-03
7946,Dayita,Goswami,cust7946_yahoo.com,+91 798822464,Female,23,Patna,East,Occasional,2023-06-21
7947,Unni,Khanna,cust7947_hotmail.com,+91 977264981,Other,28,Bangalore,South,Regular,2025-05-21
7948,Nathan,Rajan,cust7948_gmail.com,+91 754252140,Other,15,Bangalore,South,Occasional,2024-10-02
7949,Fariq,Varughese,cust7949_hotmail.com,+91 795524687,Female,59,Indore,Central,Occasional,2024-06-21
7950,Ekaraj,Gokhale,cust7950_yahoo.com,+91 750342367,Other,39,Raipur,Central,Regular,2024-01-05
7951,Upma,Sengupta,cust7951_gmail.com,+91 952765137,Other,42,Chandigarh,North,VIP,2025-10-11
7952,Radha,Shenoy,cust7952_yahoo.com,+91 929224570,Male,48,Jaipur,North,Occasional,2026-03-26
7953,Aarna,Mishra,cust7953_gmail.com,+91 933501532,Female,40,Indore,Central,Occasional,2023-09-24
7954,Damini,Hora,cust7954_hotmail.com,+91 740998976,Male,29,Bhubaneswar,East,New,2025-09-13
7955,Daksha,Shere,cust7955_hotmail.com,+91 861170193,Female,44,Nagpur,Central,Occasional,2024-06-16
7956,Nitesh,Puri,cust7956_yahoo.com,+91 957862569,Other,19,Ahmedabad,West,Occasional,2025-02-08
7957,Imaran,Nazareth,cust7957_yahoo.com,+91 888362759,Male,59,Chandigarh,North,Regular,2025-01-10
7958,Damyanti,Kapoor,cust7958_hotmail.com,+91 825363442,Male,19,Lucknow,North,Occasional,2026-03-15
7959,Caleb,Dugar,cust7959_hotmail.com,+91 729196958,Male,58,Bhopal,Central,Occasional,2025-11-16
7960,Champak,Kara,cust7960_yahoo.com,+91 884206468,Male,40,Guwahati,East,Occasional,2025-06-06
7961,Anirudh,Minhas,cust7961_gmail.com,+91 765163577,Female,39,New Delhi,North,Occasional,2025-04-09
7962,Urishilla,Sahota,cust7962_gmail.com,+91 817756959,Female,42,Mumbai,West,Regular,2024-03-31
7963,Azaan,Bedi,cust7963_hotmail.com,+91 946401455,Other,21,Lucknow,North,Occasional,2025-08-31
7964,Aditya,Bhatti,cust7964_yahoo.com,+91 789367912,Female,25,Hyderabad,South,New,2024-03-21
7965,Irya,Subramanian,cust7965_gmail.com,+91 865926880,Male,33,Indore,Central,Occasional,2025-12-21
7966,Ojasvi,Datta,cust7966_yahoo.com,+91 944637864,Male,30,Raipur,Central,Occasional,2025-01-12
7967,Nidra,Raja,cust7967_hotmail.com,+91 899664474,Female,54,Ahmedabad,West,Regular,2023-09-18
7968,Lakshit,Dass,cust7968_yahoo.com,+91 884692890,Female,27,Hyderabad,South,Regular,2026-04-25
7969,Mitesh,Bali,cust7969_gmail.com,+91 978190614,Male,46,Pune,West,Regular,2024-02-11
7970,Vihaan,Bera,cust7970_hotmail.com,+91 966884452,Female,42,Nagpur,Central,Occasional,2024-10-02
7971,Frado,Loyal,cust7971_hotmail.com,+91 933417762,Other,44,Bhopal,Central,Regular,2026-03-27
7972,Harish,Natarajan,cust7972_gmail.com,+91 870778684,Male,43,Chandigarh,North,Regular,2023-04-02
7973,Wyatt,Chopra,cust7973_hotmail.com,+91 845528292,Male,42,Jaipur,North,Regular,2024-12-26
7974,Triveni,Gour,cust7974_gmail.com,+91 797544936,Male,15,Patna,East,Regular,2023-06-26
7975,Deepa,Bhatti,cust7975_yahoo.com,+91 945372576,Other,55,Nagpur,Central,New,2024-09-07
7976,Falguni,Sama,cust7976_hotmail.com,+91 851782598,Female,39,Patna,East,Occasional,2025-02-02
7977,Agastya,Apte,cust7977_hotmail.com,+91 723739392,Female,48,Raipur,Central,Occasional,2026-05-09
7978,Amaira,Dass,cust7978_hotmail.com,+91 760870988,Other,28,Hyderabad,South,Occasional,2023-04-13
7979,Udant,Kalla,cust7979_yahoo.com,+91 844604216,Male,38,Kolkata,East,New,2026-05-23
7980,Anjali,Sen,cust7980_yahoo.com,+91 919689364,Female,55,Raipur,Central,Regular,2025-08-06
7981,Nakul,Yohannan,cust7981_hotmail.com,+91 960180369,Other,17,Nagpur,Central,New,2023-09-12
7982,Ekantika,Sahni,cust7982_hotmail.com,+91 775388205,Female,24,Guwahati,East,New,2024-01-12
7983,Vasana,Sood,cust7983_gmail.com,+91 756238712,Female,29,Mumbai,West,Occasional,2024-10-07
7984,Zaid,Bahri,cust7984_gmail.com,+91 999597295,Female,59,Kochi,South,Occasional,2024-07-02
7985,Raagini,Gade,cust7985_hotmail.com,+91 775541385,Male,36,Surat,West,Occasional,2023-09-16
7986,Udyati,Keer,cust7986_yahoo.com,+91 821946511,Other,54,Hyderabad,South,VIP,2024-04-12
7987,Advaith,Basak,cust7987_hotmail.com,+91 988384453,Other,56,Pune,West,Regular,2024-05-19
7988,Luke,Babu,cust7988_hotmail.com,+91 755421904,Other,31,Kolkata,East,New,2023-11-12
7989,Christopher,Sankaran,cust7989_yahoo.com,+91 881641596,Other,30,New Delhi,North,Occasional,2023-02-28
7990,Niharika,Bir,cust7990_hotmail.com,+91 893232125,Other,37,Jaipur,North,Occasional,2024-12-05
7991,Charvi,Dhingra,cust7991_yahoo.com,+91 816890692,Female,43,Hyderabad,South,Regular,2024-04-29
7992,Vrinda,Krish,cust7992_hotmail.com,+91 794263864,Female,50,Bhopal,Central,Occasional,2025-02-20
7993,Ekta,Nadkarni,cust7993_yahoo.com,+91 782515871,Male,49,Patna,East,Regular,2026-01-01
7994,Charles,Mander,cust7994_gmail.com,+91 766604888,Female,31,Chennai,South,Occasional,2025-10-20
7995,Yuvraj,Dash,cust7995_yahoo.com,+91 929110385,Female,28,Indore,Central,Regular,2025-09-23
7996,Waida,Dhawan,cust7996_hotmail.com,+91 872323215,Male,44,Indore,Central,Occasional,2025-08-19
7997,Darsh,Sant,cust7997_yahoo.com,+91 878718756,Other,31,Pune,West,Regular,2025-12-31
7998,Amrita,Kar,cust7998_hotmail.com,+91 827572457,Male,47,Raipur,Central,Occasional,2024-07-18
7999,Damini,Kashyap,cust7999_hotmail.com,+91 851952158,Other,36,Mumbai,West,Occasional,2023-11-02
8000,Mugdha,Bahl,cust8000_yahoo.com,+91 764404551,Male,18,Nagpur,Central,Regular,2025-06-11
8001,Simon,Goswami,cust8001_hotmail.com,+91 799376136,Female,45,Surat,West,Occasional,2024-05-11
8002,Owen,Varghese,cust8002_yahoo.com,+91 947453485,Other,49,Hyderabad,South,Occasional,2024-06-22
8003,Tristan,Natt,cust8003_yahoo.com,+91 777166752,Male,45,Bhopal,Central,Regular,2025-05-16
8004,Yuvraj,Vaidya,cust8004_gmail.com,+91 925679374,Male,18,Jaipur,North,Regular,2023-11-04
8005,Yatin,Bahri,cust8005_yahoo.com,+91 891747730,Female,30,Surat,West,Regular,2023-12-10
8006,Aradhana,Oak,cust8006_gmail.com,+91 980970388,Female,36,Patna,East,Regular,2023-12-28
8007,Sathvik,Bedi,cust8007_gmail.com,+91 977196314,Female,47,Chandigarh,North,Occasional,2025-09-04
8008,Pallavi,Mukherjee,cust8008_gmail.com,+91 923988821,Other,21,Hyderabad,South,Occasional,2023-12-24
8009,Michael,Memon,cust8009_yahoo.com,+91 867422782,Other,48,Guwahati,East,Occasional,2023-10-05
8010,Anthony,Yohannan,cust8010_yahoo.com,+91 858352630,Female,48,Hyderabad,South,Occasional,2024-01-29
8011,Tara,Dugar,cust8011_gmail.com,+91 811508794,Male,55,Hyderabad,South,Occasional,2023-10-24
8012,Victor,Palan,cust8012_gmail.com,+91 840133645,Female,34,Guwahati,East,New,2024-01-11
8013,Elijah,Ratta,cust8013_gmail.com,+91 866139751,Male,23,Nagpur,Central,Regular,2024-05-18
8014,Yuvraj,Deo,cust8014_yahoo.com,+91 795365990,Other,42,Indore,Central,Occasional,2023-07-14
8015,Ayush,Sura,cust8015_hotmail.com,+91 912189452,Male,34,Patna,East,Regular,2023-05-29
8016,Jasmit,Parikh,cust8016_yahoo.com,+91 985966979,Female,20,Bangalore,South,Occasional,2023-05-20
8017,Wishi,Bhagat,cust8017_hotmail.com,+91 834206779,Other,52,Kochi,South,Regular,2025-04-10
8018,Charles,Mahajan,cust8018_gmail.com,+91 792525848,Other,58,Lucknow,North,Regular,2024-02-19
8019,Chandani,Om,cust8019_yahoo.com,+91 899616156,Other,26,New Delhi,North,VIP,2023-08-25
8020,Ekavir,Brar,cust8020_hotmail.com,+91 992270203,Female,57,Bangalore,South,Occasional,2024-04-19
8021,Naksh,Prabhu,cust8021_yahoo.com,+91 818259417,Other,54,Indore,Central,Regular,2025-08-22
8022,Karan,Nagi,cust8022_gmail.com,+91 751851837,Other,53,Lucknow,North,Regular,2023-05-17
8023,Balendra,Sunder,cust8023_hotmail.com,+91 916519427,Other,45,Bangalore,South,Regular,2025-03-04
8024,Gavin,Krish,cust8024_hotmail.com,+91 899446665,Male,34,Bangalore,South,New,2023-04-28
8025,Ansh,Palla,cust8025_hotmail.com,+91 942953454,Male,33,Patna,East,Occasional,2024-06-20
8026,Udant,Mukherjee,cust8026_hotmail.com,+91 761435532,Female,47,Pune,West,Regular,2026-02-28
8027,Ekapad,Singhal,cust8027_gmail.com,+91 786633896,Other,38,Ahmedabad,West,Occasional,2024-01-30
8028,Widisha,Murthy,cust8028_yahoo.com,+91 833748967,Other,51,Chandigarh,North,Regular,2024-06-01
8029,Jairaj,Ramanathan,cust8029_yahoo.com,+91 996389864,Male,41,Hyderabad,South,Regular,2025-02-09
8030,Vihaan,Ghose,cust8030_hotmail.com,+91 819773550,Female,27,Nagpur,Central,Regular,2026-05-23
8031,Karan,Mall,cust8031_yahoo.com,+91 966503843,Male,57,Pune,West,Occasional,2025-09-08
8032,Anay,Sani,cust8032_gmail.com,+91 890105113,Other,21,Guwahati,East,Occasional,2024-01-18
8033,Nirja,Desai,cust8033_gmail.com,+91 964494699,Other,53,Surat,West,Occasional,2026-03-03
8034,Janya,Sankaran,cust8034_gmail.com,+91 958124554,Female,20,Pune,West,Regular,2025-11-08
8035,Karan,Andra,cust8035_gmail.com,+91 858467817,Other,24,Lucknow,North,New,2024-05-05
8036,Rajata,Bora,cust8036_yahoo.com,+91 797404879,Male,44,Surat,West,Regular,2024-12-12
8037,Bimala,Dube,cust8037_gmail.com,+91 977944172,Other,55,Jaipur,North,Occasional,2023-03-06
8038,Lekha,Tella,cust8038_yahoo.com,+91 746834424,Male,56,Kochi,South,Occasional,2024-05-03
8039,Osha,Sehgal,cust8039_yahoo.com,+91 814996126,Other,44,Kolkata,East,Regular,2025-11-03
8040,Damini,Gupta,cust8040_hotmail.com,+91 730932175,Female,44,Guwahati,East,Occasional,2023-05-01
8041,Pahal,Bajwa,cust8041_hotmail.com,+91 848971612,Female,19,Guwahati,East,Occasional,2023-12-02
8042,Baljiwan,Chopra,cust8042_gmail.com,+91 918508307,Other,59,Bangalore,South,Occasional,2023-03-07
8043,Bhavani,Sahni,cust8043_hotmail.com,+91 840316547,Male,20,Bhubaneswar,East,Occasional,2023-05-03
8044,Chandresh,Kalita,cust8044_hotmail.com,+91 853710872,Male,42,Indore,Central,Regular,2023-05-30
8045,Vedika,Varghese,cust8045_hotmail.com,+91 973948665,Male,22,Kochi,South,Occasional,2023-08-20
8046,Guneet,Yogi,cust8046_hotmail.com,+91 748975575,Other,39,Nagpur,Central,Regular,2025-02-17
8047,Balvan,Mand,cust8047_yahoo.com,+91 872159902,Male,53,Bangalore,South,Regular,2023-11-18
8048,Ishwar,Raju,cust8048_gmail.com,+91 971189999,Female,41,Chandigarh,North,New,2025-10-16
8049,Ishaan,Reddy,cust8049_hotmail.com,+91 743530153,Other,31,Mumbai,West,New,2025-05-11
8050,Indira,Chakrabarti,cust8050_hotmail.com,+91 994327539,Male,27,Indore,Central,Occasional,2025-01-04
8051,Ira,Salvi,cust8051_hotmail.com,+91 931721558,Other,53,Bangalore,South,Occasional,2025-11-30
8052,Inaya,Banik,cust8052_hotmail.com,+91 872254865,Male,17,New Delhi,North,New,2023-03-13
8053,Lakshmi,Natt,cust8053_yahoo.com,+91 964496594,Male,37,Guwahati,East,VIP,2025-07-07
8054,Naveen,Rai,cust8054_yahoo.com,+91 859568125,Male,30,Bhubaneswar,East,New,2026-03-24
8055,Bakhshi,Arora,cust8055_yahoo.com,+91 986187404,Female,29,Kochi,South,New,2023-10-01
8056,Vinaya,Dugar,cust8056_gmail.com,+91 810451324,Other,15,Kochi,South,Occasional,2023-08-31
8057,Isaac,Mannan,cust8057_yahoo.com,+91 723400539,Female,46,Hyderabad,South,New,2026-01-29
8058,Reyansh,Shanker,cust8058_gmail.com,+91 979792674,Male,48,Mumbai,West,Occasional,2023-08-28
8059,Osha,Mandal,cust8059_gmail.com,+91 730859952,Male,25,Kochi,South,Regular,2024-06-30
8060,Zaitra,Kapoor,cust8060_hotmail.com,+91 814413299,Male,43,Indore,Central,Regular,2024-12-25
8061,Ayush,Walla,cust8061_gmail.com,+91 865895842,Other,30,Surat,West,Occasional,2026-01-30
8062,Mugdha,Sawhney,cust8062_hotmail.com,+91 783233608,Other,36,Mumbai,West,New,2023-03-19
8063,Kamya,Chauhan,cust8063_hotmail.com,+91 857707410,Female,43,Pune,West,Occasional,2026-03-26
8064,Hiral,Mander,cust8064_hotmail.com,+91 720705254,Other,31,Kochi,South,Occasional,2024-02-01
8065,Samarth,Sabharwal,cust8065_yahoo.com,+91 871954730,Other,55,Bhubaneswar,East,Regular,2025-05-02
8066,Abha,Ram,cust8066_yahoo.com,+91 919715305,Male,35,Kochi,South,Regular,2023-05-04
8067,Balendra,Saran,cust8067_yahoo.com,+91 824526420,Other,18,Kolkata,East,Occasional,2024-02-14
8068,Yutika,Sahni,cust8068_yahoo.com,+91 797549504,Male,19,Chandigarh,North,Regular,2025-03-29
8069,Ekapad,Nazareth,cust8069_yahoo.com,+91 923538694,Male,32,Chennai,South,Regular,2024-08-01
8070,Frado,Sandal,cust8070_yahoo.com,+91 848266750,Female,55,Nagpur,Central,Occasional,2023-06-06
8071,Raagini,Bath,cust8071_yahoo.com,+91 891986548,Female,37,Patna,East,Occasional,2024-07-04
8072,Jasmit,Ratti,cust8072_gmail.com,+91 984805861,Other,23,Raipur,Central,Occasional,2025-11-04
8073,Yuvraj,Chakraborty,cust8073_hotmail.com,+91 788271303,Other,45,Lucknow,North,Occasional,2024-04-16
8074,Reva,Kadakia,cust8074_hotmail.com,+91 996714490,Other,49,Chennai,South,Regular,2023-03-17
8075,Amol,Bali,cust8075_gmail.com,+91 813223975,Female,20,Mumbai,West,Regular,2023-08-16
8076,Hiral,Sangha,cust8076_yahoo.com,+91 720454129,Female,30,Surat,West,Regular,2024-06-26
8077,Tanish,Khatri,cust8077_yahoo.com,+91 917789801,Other,58,Mumbai,West,Occasional,2026-03-24
8078,Vansha,Subramaniam,cust8078_gmail.com,+91 755533969,Other,58,Guwahati,East,New,2025-12-28
8079,Ryan,Chaudhary,cust8079_yahoo.com,+91 791207292,Other,42,Guwahati,East,VIP,2023-01-29
8080,Vasana,Chokshi,cust8080_hotmail.com,+91 937652135,Other,16,Nagpur,Central,New,2025-02-08
8081,Naveen,Sagar,cust8081_gmail.com,+91 987339605,Other,48,Patna,East,Regular,2026-04-30
8082,Barkha,Srivastava,cust8082_hotmail.com,+91 924113717,Other,58,Kochi,South,Occasional,2024-07-30
8083,Advik,Chauhan,cust8083_gmail.com,+91 783201930,Male,39,Guwahati,East,Regular,2023-08-27
8084,Dakshesh,Devi,cust8084_yahoo.com,+91 821529656,Female,17,New Delhi,North,VIP,2024-02-12
8085,Geetika,Nagi,cust8085_gmail.com,+91 835438583,Male,57,Patna,East,VIP,2024-03-26
8086,Dalbir,Oommen,cust8086_yahoo.com,+91 967997182,Female,46,Bhopal,Central,New,2025-10-19
8087,Azad,Tripathi,cust8087_hotmail.com,+91 954435776,Male,38,Bangalore,South,VIP,2025-07-05
8088,Balhaar,Joshi,cust8088_hotmail.com,+91 911158768,Other,35,Chandigarh,North,New,2026-01-23
8089,Neelima,Shanker,cust8089_gmail.com,+91 726463454,Male,57,Nagpur,Central,Regular,2025-02-09
8090,Yashvi,Sridhar,cust8090_gmail.com,+91 931802892,Female,28,Hyderabad,South,Regular,2025-03-19
8091,Krishna,Chatterjee,cust8091_yahoo.com,+91 835914107,Other,24,Jaipur,North,Regular,2024-04-26
8092,Agastya,Jain,cust8092_yahoo.com,+91 737509744,Other,19,Hyderabad,South,Regular,2023-11-30
8093,Thomas,Bhargava,cust8093_gmail.com,+91 984115361,Female,56,Kochi,South,Occasional,2024-01-22
8094,Fariq,Manne,cust8094_gmail.com,+91 893989335,Female,15,Bhubaneswar,East,Occasional,2023-02-16
8095,Nakul,Mohanty,cust8095_hotmail.com,+91 766755838,Male,50,Indore,Central,VIP,2024-05-01
8096,Andrew,Swamy,cust8096_hotmail.com,+91 871640412,Female,36,Raipur,Central,Regular,2023-12-18
8097,Arunima,Cherian,cust8097_yahoo.com,+91 934846348,Other,37,Chennai,South,Occasional,2026-01-13
8098,Nitara,Murthy,cust8098_yahoo.com,+91 815899171,Male,58,Bhubaneswar,East,VIP,2025-06-01
8099,Lila,Dua,cust8099_hotmail.com,+91 961988185,Male,28,Jaipur,North,Regular,2024-10-04
8100,Watika,Hayer,cust8100_yahoo.com,+91 812420161,Male,29,Bhubaneswar,East,Regular,2025-08-19
8101,Krishna,Dugar,cust8101_gmail.com,+91 840918844,Male,57,Mumbai,West,Occasional,2023-06-04
8102,Mohammed,Sethi,cust8102_yahoo.com,+91 967740340,Female,41,Nagpur,Central,Occasional,2024-06-07
8103,Netra,Bhalla,cust8103_gmail.com,+91 741373778,Male,56,Chennai,South,Regular,2025-09-08
8104,Joshua,Krish,cust8104_gmail.com,+91 840291231,Male,40,Kolkata,East,New,2023-09-15
8105,Udarsh,Mangat,cust8105_gmail.com,+91 791629575,Female,16,Bhopal,Central,Regular,2023-07-21
8106,Lavanya,Sidhu,cust8106_yahoo.com,+91 712701833,Other,46,Nagpur,Central,Regular,2024-08-01
8107,Qarin,Parsa,cust8107_gmail.com,+91 940719745,Male,59,New Delhi,North,Regular,2023-06-08
8108,Jyoti,Venkataraman,cust8108_hotmail.com,+91 869974959,Female,50,Chandigarh,North,Occasional,2025-10-21
8109,Caleb,Lala,cust8109_gmail.com,+91 955720790,Female,48,Surat,West,Occasional,2026-02-18
8110,Noah,Tripathi,cust8110_gmail.com,+91 738264707,Male,24,Kolkata,East,Occasional,2025-03-13
8111,Ekaraj,Sachar,cust8111_yahoo.com,+91 931209317,Male,49,Ahmedabad,West,Regular,2024-06-07
8112,Caleb,Contractor,cust8112_gmail.com,+91 741999948,Male,29,Hyderabad,South,Occasional,2024-11-01
8113,Joshua,Sura,cust8113_hotmail.com,+91 931736438,Female,39,New Delhi,North,VIP,2023-12-04
8114,Chaaya,Majumdar,cust8114_yahoo.com,+91 797101695,Other,36,Jaipur,North,New,2025-05-09
8115,Bahadurjit,Raj,cust8115_gmail.com,+91 713888563,Male,37,Patna,East,Regular,2025-09-13
8116,Fitan,Narain,cust8116_gmail.com,+91 860708316,Female,20,Jaipur,North,Occasional,2024-10-08
8117,Mahika,Naidu,cust8117_hotmail.com,+91 930328935,Female,55,Kolkata,East,Occasional,2025-01-05
8118,Chavvi,Mitter,cust8118_gmail.com,+91 846408336,Other,46,Pune,West,New,2024-03-13
8119,Maanav,Dutta,cust8119_yahoo.com,+91 888529235,Male,46,Lucknow,North,Regular,2023-01-24
8120,Manthan,Krishnamurthy,cust8120_hotmail.com,+91 972491882,Other,29,New Delhi,North,New,2025-12-14
8121,Maya,Halder,cust8121_hotmail.com,+91 894350721,Male,43,Chennai,South,New,2025-04-25
8122,Yash,Shenoy,cust8122_gmail.com,+91 921337692,Other,21,Bhubaneswar,East,Regular,2023-04-20
8123,Faraj,Mital,cust8123_yahoo.com,+91 860730417,Female,19,Jaipur,North,Occasional,2024-12-18
8124,Upkaar,Borah,cust8124_gmail.com,+91 723340703,Female,48,Bangalore,South,Occasional,2023-03-06
8125,Azad,Dua,cust8125_yahoo.com,+91 957346827,Male,27,Nagpur,Central,Occasional,2025-04-08
8126,Lajita,Dara,cust8126_yahoo.com,+91 942870291,Other,49,Kolkata,East,New,2025-11-20
8127,Jairaj,Kothari,cust8127_hotmail.com,+91 938613108,Female,26,Lucknow,North,Occasional,2026-05-09
8128,Nilima,Ahuja,cust8128_yahoo.com,+91 716150944,Male,33,Pune,West,Occasional,2025-06-10
8129,Aryan,Lalla,cust8129_yahoo.com,+91 956826195,Other,38,Bhubaneswar,East,Regular,2023-05-13
8130,George,Thaker,cust8130_hotmail.com,+91 814292990,Other,23,Bhubaneswar,East,New,2026-04-30
8131,Jeet,Chaudry,cust8131_hotmail.com,+91 788475845,Male,17,Raipur,Central,Occasional,2026-03-02
8132,Jeremiah,Murty,cust8132_yahoo.com,+91 795972471,Male,54,Nagpur,Central,Regular,2026-05-27
8133,Luke,Modi,cust8133_hotmail.com,+91 979810146,Female,42,Bangalore,South,Occasional,2025-10-18
8134,Nimrat,Kakar,cust8134_yahoo.com,+91 836801828,Other,39,Chennai,South,New,2025-01-25
8135,Chakradev,Kannan,cust8135_yahoo.com,+91 865889288,Other,42,Chennai,South,Regular,2023-04-09
8136,Avni,Chander,cust8136_gmail.com,+91 972772561,Female,23,Kolkata,East,Occasional,2023-05-02
8137,Ekaraj,Varty,cust8137_gmail.com,+91 820591235,Other,44,Chennai,South,Regular,2026-03-19
8138,Hemang,Muni,cust8138_gmail.com,+91 997290578,Female,17,Nagpur,Central,New,2023-06-22
8139,Frederick,Kata,cust8139_gmail.com,+91 822560329,Female,35,Nagpur,Central,Regular,2024-06-14
8140,Jack,Saxena,cust8140_hotmail.com,+91 946397610,Other,58,Chandigarh,North,VIP,2024-05-04
8141,Aarnav,Mukherjee,cust8141_yahoo.com,+91 918800260,Male,39,Bhubaneswar,East,VIP,2025-11-04
8142,Balvan,Thakkar,cust8142_yahoo.com,+91 712843558,Other,19,Raipur,Central,Regular,2024-11-30
8143,Aarav,Maharaj,cust8143_gmail.com,+91 728895299,Other,24,Bhubaneswar,East,New,2024-10-05
8144,Sudiksha,Chaudhry,cust8144_yahoo.com,+91 990622116,Other,18,Raipur,Central,Occasional,2024-08-23
8145,Yahvi,Shanker,cust8145_hotmail.com,+91 948654750,Female,53,Indore,Central,Regular,2025-10-23
8146,Ekapad,Bains,cust8146_gmail.com,+91 918284383,Male,60,Ahmedabad,West,Regular,2023-11-27
8147,Adweta,Pandya,cust8147_yahoo.com,+91 889184355,Male,50,Kochi,South,Regular,2023-06-12
8148,Divya,Som,cust8148_gmail.com,+91 789420942,Other,24,Chandigarh,North,Occasional,2024-02-27
8149,Michael,Shankar,cust8149_yahoo.com,+91 876970246,Female,28,Raipur,Central,Occasional,2026-04-02
8150,Urmi,Luthra,cust8150_gmail.com,+91 865836565,Female,41,Raipur,Central,Occasional,2025-10-24
8151,Amrita,Bala,cust8151_gmail.com,+91 960329560,Other,50,Nagpur,Central,Regular,2024-12-07
8152,Shivani,Lanka,cust8152_yahoo.com,+91 966212933,Female,20,Nagpur,Central,Occasional,2023-11-30
8153,Shivani,Aggarwal,cust8153_hotmail.com,+91 746833631,Other,22,Raipur,Central,Occasional,2025-08-18
8154,Yatin,Chhabra,cust8154_hotmail.com,+91 737589744,Female,49,Kolkata,East,Occasional,2023-12-23
8155,Maya,Mani,cust8155_gmail.com,+91 962885893,Male,43,Surat,West,Occasional,2023-12-22
8156,Nidhi,Mital,cust8156_gmail.com,+91 924339526,Other,19,Kochi,South,Regular,2023-10-16
8157,Lekha,Badal,cust8157_gmail.com,+91 816594808,Female,40,Bhopal,Central,Regular,2023-01-07
8158,Pooja,Seshadri,cust8158_yahoo.com,+91 771414744,Other,52,Hyderabad,South,New,2023-09-18
8159,Dhruv,Bath,cust8159_yahoo.com,+91 945191756,Male,30,Surat,West,New,2023-12-30
8160,Mekhala,Khurana,cust8160_gmail.com,+91 923842232,Female,30,Chennai,South,Occasional,2025-01-29
8161,Balhaar,Bumb,cust8161_gmail.com,+91 920376273,Other,20,Lucknow,North,Occasional,2025-11-30
8162,Nidra,Natarajan,cust8162_yahoo.com,+91 853853897,Female,58,Bhopal,Central,Occasional,2025-04-09
8163,Girindra,Gandhi,cust8163_yahoo.com,+91 779251453,Female,18,Pune,West,VIP,2024-09-24
8164,Meghana,Barad,cust8164_yahoo.com,+91 818161297,Male,31,Patna,East,Occasional,2023-12-17
8165,Ansh,Bhat,cust8165_yahoo.com,+91 889899907,Other,57,Lucknow,North,Occasional,2024-03-24
8166,Bina,Verma,cust8166_yahoo.com,+91 946255629,Female,30,Bhopal,Central,Regular,2024-11-15
8167,Charita,Radhakrishnan,cust8167_hotmail.com,+91 811556593,Male,56,Kochi,South,Occasional,2024-12-21
8168,Zilmil,Magar,cust8168_hotmail.com,+91 860398246,Other,29,Lucknow,North,Regular,2025-09-15
8169,Zansi,Boase,cust8169_yahoo.com,+91 915340899,Female,23,Indore,Central,Regular,2024-01-27
8170,Yatin,Ravi,cust8170_gmail.com,+91 768769568,Female,52,Hyderabad,South,New,2023-01-19
8171,Chatresh,Shah,cust8171_yahoo.com,+91 768160136,Other,38,Bangalore,South,Regular,2023-02-09
8172,Ekbal,Saxena,cust8172_yahoo.com,+91 913196263,Male,45,Surat,West,New,2023-01-07
8173,Tristan,Srivastava,cust8173_yahoo.com,+91 996650395,Male,16,Patna,East,Regular,2026-04-03
8174,Dayita,Hora,cust8174_gmail.com,+91 754274219,Male,20,Lucknow,North,Occasional,2025-06-10
8175,Sachi,Wable,cust8175_gmail.com,+91 876934526,Male,26,Raipur,Central,Regular,2023-02-27
8176,Ethan,Sathe,cust8176_gmail.com,+91 840532668,Female,49,Kolkata,East,New,2023-06-21
8177,Pallavi,Ben,cust8177_gmail.com,+91 953762118,Other,33,Surat,West,Occasional,2025-06-10
8178,Arjun,Garde,cust8178_gmail.com,+91 963263630,Male,37,Guwahati,East,Regular,2024-03-07
8179,Bhavini,Memon,cust8179_gmail.com,+91 781744922,Other,19,Bhubaneswar,East,Occasional,2024-02-21
8180,Gaurika,Sampath,cust8180_yahoo.com,+91 935824520,Male,29,Kolkata,East,Regular,2024-07-08
8181,Utkarsh,Kata,cust8181_gmail.com,+91 741220194,Male,59,Pune,West,Regular,2024-03-09
8182,Zilmil,Mitter,cust8182_hotmail.com,+91 946427417,Female,45,Kolkata,East,New,2025-10-30
8183,Niharika,Oommen,cust8183_yahoo.com,+91 993680958,Other,16,Bhopal,Central,Regular,2025-05-27
8184,Veer,Chopra,cust8184_yahoo.com,+91 921118344,Other,17,Raipur,Central,Occasional,2023-09-09
8185,Avi,Kakar,cust8185_hotmail.com,+91 924514172,Other,47,Kochi,South,Regular,2026-04-20
8186,Jagvi,Kohli,cust8186_gmail.com,+91 861549153,Other,42,Jaipur,North,Regular,2023-12-30
8187,Christopher,Mukhopadhyay,cust8187_hotmail.com,+91 950592550,Male,42,Jaipur,North,Occasional,2026-03-22
8188,Pranit,Rajagopalan,cust8188_hotmail.com,+91 884858257,Male,40,Lucknow,North,VIP,2025-12-15
8189,Ijaya,Kala,cust8189_hotmail.com,+91 963320455,Male,46,Ahmedabad,West,Regular,2024-09-19
8190,Isaac,Sridhar,cust8190_hotmail.com,+91 849371404,Male,33,Nagpur,Central,New,2024-08-22
8191,Warinder,Chawla,cust8191_yahoo.com,+91 993285836,Female,30,Hyderabad,South,Occasional,2024-12-09
8192,Chavvi,Sane,cust8192_hotmail.com,+91 839570310,Male,30,Ahmedabad,West,Occasional,2023-12-03
8193,Anjali,Toor,cust8193_yahoo.com,+91 871732715,Male,47,Chandigarh,North,Occasional,2023-08-29
8194,Max,Hayre,cust8194_hotmail.com,+91 921154110,Other,40,Pune,West,Regular,2026-01-19
8195,Ikshita,Vora,cust8195_yahoo.com,+91 955128572,Other,40,Lucknow,North,Regular,2025-05-20
8196,Yagnesh,Dube,cust8196_yahoo.com,+91 874578215,Other,57,Lucknow,North,Regular,2024-05-26
8197,Lipika,Setty,cust8197_hotmail.com,+91 781249919,Male,21,Chandigarh,North,VIP,2025-10-20
8198,Advika,Brar,cust8198_gmail.com,+91 923219385,Male,53,Bangalore,South,Occasional,2023-05-24
8199,Sai,Dash,cust8199_yahoo.com,+91 958668457,Male,16,Bhopal,Central,Occasional,2024-02-29
8200,Madhavi,Sarraf,cust8200_gmail.com,+91 934728633,Female,56,Nagpur,Central,Regular,2025-08-03
8201,Abeer,Pau,cust8201_yahoo.com,+91 911743531,Female,55,Bhubaneswar,East,Regular,2024-10-30
8202,Harrison,Sridhar,cust8202_gmail.com,+91 739632844,Male,24,Raipur,Central,New,2025-05-18
8203,Turvi,Dass,cust8203_gmail.com,+91 931287345,Other,38,Hyderabad,South,Regular,2024-05-11
8204,Jairaj,Rama,cust8204_gmail.com,+91 827576808,Other,17,Ahmedabad,West,Regular,2026-01-18
8205,Aryan,Ramaswamy,cust8205_hotmail.com,+91 918656973,Male,55,Chennai,South,Occasional,2024-06-10
8206,Raghav,Prabhakar,cust8206_yahoo.com,+91 888511468,Male,43,Patna,East,Regular,2025-07-01
8207,Chasmum,Rattan,cust8207_gmail.com,+91 970225294,Other,15,Guwahati,East,Occasional,2024-09-02
8208,Sara,Aurora,cust8208_gmail.com,+91 826101140,Other,40,Pune,West,Occasional,2025-07-09
8209,Falak,Patel,cust8209_yahoo.com,+91 864620676,Other,49,Hyderabad,South,New,2024-04-04
8210,Vihaan,Khanna,cust8210_yahoo.com,+91 985879899,Female,30,Surat,West,Regular,2023-01-08
8211,Kevin,Soman,cust8211_hotmail.com,+91 782817969,Other,46,Chandigarh,North,New,2025-10-24
8212,Megha,Rao,cust8212_hotmail.com,+91 919931837,Male,34,New Delhi,North,Occasional,2023-06-03
8213,Matthew,Pathak,cust8213_yahoo.com,+91 910190462,Other,28,Pune,West,VIP,2025-06-24
8214,Christopher,Narayan,cust8214_gmail.com,+91 978315479,Female,57,New Delhi,North,Regular,2023-07-15
8215,Oscar,Ramachandran,cust8215_gmail.com,+91 947904288,Other,36,Nagpur,Central,Regular,2025-08-22
8216,Chanakya,Buch,cust8216_gmail.com,+91 966633408,Male,28,Lucknow,North,New,2023-01-12
8217,Christopher,Chacko,cust8217_yahoo.com,+91 776862302,Male,26,Guwahati,East,Occasional,2025-11-02
8218,Ethan,Sagar,cust8218_gmail.com,+91 886463812,Other,57,Kolkata,East,Occasional,2024-10-20
8219,Tripti,Hans,cust8219_hotmail.com,+91 962878946,Female,52,Pune,West,Regular,2025-06-28
8220,Zayyan,Varkey,cust8220_gmail.com,+91 933435686,Female,52,Kolkata,East,VIP,2024-02-05
8221,Gagan,Kashyap,cust8221_gmail.com,+91 783914420,Other,50,New Delhi,North,Occasional,2023-08-05
8222,Yauvani,Dey,cust8222_hotmail.com,+91 933386935,Male,34,Lucknow,North,New,2023-03-14
8223,Reyansh,Wali,cust8223_yahoo.com,+91 839419764,Other,26,Surat,West,Regular,2026-04-01
8224,Keya,Behl,cust8224_hotmail.com,+91 781512876,Male,52,Mumbai,West,Regular,2025-10-31
8225,Nidhi,Sridhar,cust8225_gmail.com,+91 990613264,Other,21,Bhopal,Central,New,2025-12-02
8226,Tejas,Borah,cust8226_gmail.com,+91 880911454,Other,23,Patna,East,Regular,2023-11-02
8227,Adweta,Wadhwa,cust8227_gmail.com,+91 838444710,Other,17,New Delhi,North,VIP,2024-02-14
8228,Unnati,Konda,cust8228_hotmail.com,+91 792882411,Female,33,Chennai,South,Occasional,2025-02-06
8229,Janani,Nadig,cust8229_hotmail.com,+91 729385873,Other,28,Lucknow,North,Occasional,2024-10-03
8230,Ekaraj,Devi,cust8230_gmail.com,+91 951616634,Female,50,Jaipur,North,Regular,2024-10-12
8231,Laban,Dey,cust8231_gmail.com,+91 938720600,Male,32,Surat,West,Regular,2023-04-22
8232,Tanay,Bumb,cust8232_hotmail.com,+91 855145238,Other,57,Kolkata,East,Regular,2024-09-29
8233,Mitali,Mani,cust8233_gmail.com,+91 940962891,Female,35,Mumbai,West,Regular,2026-02-03
8234,Leena,Bhatnagar,cust8234_hotmail.com,+91 862716960,Other,22,Nagpur,Central,Regular,2025-01-16
8235,Udant,Balakrishnan,cust8235_gmail.com,+91 741545819,Female,46,Bangalore,South,Occasional,2025-09-05
8236,Odika,Lala,cust8236_gmail.com,+91 759325937,Female,18,Bhopal,Central,Regular,2023-10-22
8237,Rajata,Khare,cust8237_yahoo.com,+91 769389834,Female,49,Kochi,South,Occasional,2025-12-08
8238,Ranbir,Nadig,cust8238_hotmail.com,+91 845659606,Other,49,New Delhi,North,Occasional,2025-02-26
8239,Dominic,Sachdev,cust8239_yahoo.com,+91 922655969,Male,33,Lucknow,North,Regular,2025-08-04
8240,Anusha,Aurora,cust8240_gmail.com,+91 753924429,Male,48,Indore,Central,Regular,2024-11-06
8241,Umang,Bir,cust8241_hotmail.com,+91 724316122,Female,26,Chennai,South,Regular,2023-08-17
8242,Vedant,Gola,cust8242_yahoo.com,+91 790454408,Female,17,Jaipur,North,New,2025-06-06
8243,Manthan,Ratti,cust8243_yahoo.com,+91 997358896,Male,15,Pune,West,Occasional,2023-08-06
8244,Parth,Rai,cust8244_hotmail.com,+91 968656851,Female,38,Chandigarh,North,Occasional,2023-06-07
8245,Triya,Lad,cust8245_hotmail.com,+91 939302611,Other,19,Kolkata,East,Occasional,2024-01-09
8246,Ekani,Gandhi,cust8246_gmail.com,+91 819121233,Other,60,Bhubaneswar,East,New,2025-08-28
8247,Qasim,Sachdeva,cust8247_yahoo.com,+91 843650207,Female,51,Lucknow,North,Occasional,2024-05-01
8248,Charvi,Venkatesh,cust8248_yahoo.com,+91 760168461,Male,25,Hyderabad,South,Occasional,2024-02-06
8249,Yuvraj,Sanghvi,cust8249_hotmail.com,+91 766593716,Other,47,New Delhi,North,Occasional,2026-03-26
8250,Radhika,Tripathi,cust8250_gmail.com,+91 869755817,Male,17,Nagpur,Central,VIP,2026-02-07
8251,Falan,More,cust8251_gmail.com,+91 815177562,Male,46,Patna,East,Regular,2023-06-30
8252,Chakradhar,Sandhu,cust8252_yahoo.com,+91 879760707,Other,17,Chandigarh,North,New,2023-12-09
8253,Zinal,Bakshi,cust8253_yahoo.com,+91 762117817,Other,34,Hyderabad,South,Occasional,2023-02-07
8254,Xalak,Srinivas,cust8254_gmail.com,+91 990119529,Female,42,Kolkata,East,VIP,2025-05-22
8255,Edhitha,Pall,cust8255_hotmail.com,+91 851231583,Other,28,Surat,West,Occasional,2024-06-02
8256,Daksh,Rama,cust8256_hotmail.com,+91 922263849,Male,35,Bhopal,Central,Occasional,2025-11-14
8257,Vasatika,Wali,cust8257_yahoo.com,+91 986648559,Male,15,Hyderabad,South,Regular,2023-09-17
8258,Charles,Garg,cust8258_yahoo.com,+91 844452172,Other,40,Chennai,South,Occasional,2025-08-05
8259,Guneet,Doshi,cust8259_gmail.com,+91 811349367,Male,16,Kolkata,East,Occasional,2025-06-15
8260,Amaira,Ramakrishnan,cust8260_gmail.com,+91 838224425,Other,60,Surat,West,VIP,2026-01-12
8261,Om,Dada,cust8261_yahoo.com,+91 840676349,Other,53,Kochi,South,Occasional,2024-12-27
8262,Mekhala,Rana,cust8262_hotmail.com,+91 958460384,Other,35,New Delhi,North,Occasional,2023-10-05
8263,Tarak,Dhingra,cust8263_gmail.com,+91 717691787,Female,35,Indore,Central,Occasional,2023-02-04
8264,Yashoda,Mishra,cust8264_gmail.com,+91 960160559,Other,25,Bhubaneswar,East,Regular,2024-05-18
8265,Abeer,Gill,cust8265_hotmail.com,+91 995829324,Male,16,Bhopal,Central,Regular,2025-04-11
8266,Hemangini,Suri,cust8266_yahoo.com,+91 751319904,Male,47,Patna,East,Regular,2024-05-11
8267,Utkarsh,Shah,cust8267_hotmail.com,+91 883579626,Male,35,Bangalore,South,Occasional,2026-04-10
8268,Jagrati,Suresh,cust8268_hotmail.com,+91 728486485,Male,20,Bhubaneswar,East,New,2023-10-31
8269,Hiral,Bir,cust8269_hotmail.com,+91 777522277,Male,15,Hyderabad,South,Occasional,2024-05-05
8270,Madhav,Kumar,cust8270_hotmail.com,+91 818348148,Female,51,Jaipur,North,Occasional,2025-09-26
8271,Amruta,Chada,cust8271_gmail.com,+91 948284901,Male,57,Raipur,Central,New,2024-12-02
8272,Varenya,Kalita,cust8272_yahoo.com,+91 770120323,Female,33,Surat,West,Regular,2023-04-11
8273,Advik,Kamdar,cust8273_hotmail.com,+91 852239596,Female,31,Bangalore,South,Regular,2024-12-09
8274,Pavani,Divan,cust8274_yahoo.com,+91 784465876,Other,46,Chandigarh,North,Regular,2025-03-30
8275,Ubika,Sankar,cust8275_gmail.com,+91 982847115,Male,31,Nagpur,Central,Regular,2024-09-02
8276,Naveen,Patla,cust8276_hotmail.com,+91 848836984,Female,46,Indore,Central,Occasional,2023-06-10
8277,Naveen,Jha,cust8277_gmail.com,+91 793729613,Female,48,Hyderabad,South,Regular,2024-03-29
8278,Akshay,Basak,cust8278_yahoo.com,+91 923987640,Male,43,Guwahati,East,New,2023-02-17
8279,Zaid,Balay,cust8279_hotmail.com,+91 980721929,Female,15,Chandigarh,North,VIP,2024-09-10
8280,Madhav,Ganesan,cust8280_hotmail.com,+91 734217482,Male,38,New Delhi,North,Regular,2025-02-28
8281,Liam,Vaidya,cust8281_yahoo.com,+91 724520300,Female,38,Guwahati,East,Occasional,2024-01-28
8282,Onveer,Choudhry,cust8282_gmail.com,+91 848899463,Other,16,Chennai,South,Regular,2023-12-13
8283,Samaksh,Chacko,cust8283_gmail.com,+91 975691199,Female,35,Ahmedabad,West,Occasional,2025-01-02
8284,Ridhi,Karpe,cust8284_hotmail.com,+91 984577602,Other,38,Bhopal,Central,New,2025-09-16
8285,Ira,Mannan,cust8285_hotmail.com,+91 874121609,Male,33,Lucknow,North,Regular,2024-10-24
8286,Manthan,Gour,cust8286_gmail.com,+91 770861318,Male,41,Jaipur,North,VIP,2024-06-26
8287,Kiaan,Ahuja,cust8287_gmail.com,+91 740281350,Female,23,Lucknow,North,Occasional,2025-01-03
8288,Saumya,Bajaj,cust8288_hotmail.com,+91 914370870,Male,21,Lucknow,North,Regular,2025-08-16
8289,Lakshit,Singhal,cust8289_yahoo.com,+91 947296115,Male,45,Chennai,South,VIP,2024-04-03
8290,Ekaraj,Sarkar,cust8290_hotmail.com,+91 811721126,Female,30,Nagpur,Central,Occasional,2025-11-12
8291,Naveen,Suri,cust8291_hotmail.com,+91 793313323,Other,29,Lucknow,North,New,2026-01-17
8292,Qushi,Kadakia,cust8292_hotmail.com,+91 914922464,Female,59,Hyderabad,South,Regular,2025-12-20
8293,Eta,Bhatti,cust8293_gmail.com,+91 719469957,Male,58,Chandigarh,North,Occasional,2024-09-06
8294,Falak,Pandit,cust8294_yahoo.com,+91 932343614,Female,42,Guwahati,East,Regular,2025-08-28
8295,Anirudh,Badami,cust8295_yahoo.com,+91 722824485,Male,19,Kochi,South,Occasional,2023-05-22
8296,Bachittar,Varghese,cust8296_gmail.com,+91 777548930,Other,52,Bangalore,South,Occasional,2023-05-06
8297,Chavvi,Yogi,cust8297_yahoo.com,+91 796389107,Female,37,Pune,West,Regular,2025-08-18
8298,Kabir,Dave,cust8298_yahoo.com,+91 752958875,Female,57,Bhubaneswar,East,Regular,2026-01-07
8299,Sarthak,Batta,cust8299_gmail.com,+91 787941692,Male,19,Bhopal,Central,Occasional,2023-09-26
8300,Omya,Anne,cust8300_yahoo.com,+91 990107723,Male,19,Indore,Central,Occasional,2023-11-22
8301,Kai,Khosla,cust8301_yahoo.com,+91 899129182,Female,51,Indore,Central,Occasional,2023-07-29
8302,Mitesh,Wadhwa,cust8302_gmail.com,+91 892907218,Female,44,Bhopal,Central,Occasional,2023-03-01
8303,Ranveer,Magar,cust8303_hotmail.com,+91 891674548,Other,40,Guwahati,East,Regular,2023-01-05
8304,Anvi,Hora,cust8304_yahoo.com,+91 872831853,Other,33,Bangalore,South,New,2023-08-10
8305,Samarth,Contractor,cust8305_yahoo.com,+91 858468560,Male,33,Ahmedabad,West,Regular,2024-05-29
8306,Lohit,Balan,cust8306_hotmail.com,+91 933400645,Other,19,Bhubaneswar,East,Regular,2026-04-07
8307,Ojasvi,Randhawa,cust8307_gmail.com,+91 722285730,Other,58,Indore,Central,Regular,2023-06-23
8308,Pahal,Sandhu,cust8308_hotmail.com,+91 850558293,Other,35,Nagpur,Central,Regular,2023-07-12
8309,Urishilla,Mody,cust8309_gmail.com,+91 799837411,Female,55,Mumbai,West,New,2024-08-21
8310,Samuel,Agarwal,cust8310_yahoo.com,+91 743541842,Male,38,Jaipur,North,Regular,2024-01-22
8311,Arya,Krishnan,cust8311_gmail.com,+91 855542357,Other,35,Mumbai,West,Regular,2024-08-03
8312,Lopa,Chaudhary,cust8312_yahoo.com,+91 783157343,Other,48,Bangalore,South,Occasional,2023-01-30
8313,Aishani,Shetty,cust8313_gmail.com,+91 785361561,Male,26,Bhubaneswar,East,Occasional,2024-08-30
8314,Bhavna,Mannan,cust8314_hotmail.com,+91 767133770,Male,17,Kochi,South,Occasional,2023-02-17
8315,Ayaan,Chaudhry,cust8315_yahoo.com,+91 987984937,Male,20,New Delhi,North,Occasional,2024-05-29
8316,Girish,Suri,cust8316_yahoo.com,+91 865201459,Male,50,Hyderabad,South,Regular,2026-02-06
8317,Luke,Sachar,cust8317_hotmail.com,+91 721654869,Other,45,Chennai,South,Occasional,2024-04-09
8318,Zaitra,Aggarwal,cust8318_hotmail.com,+91 781436619,Male,28,Hyderabad,South,New,2023-09-22
8319,Chakrika,Char,cust8319_gmail.com,+91 854602126,Other,27,Hyderabad,South,Regular,2023-07-21
8320,Abeer,Nadkarni,cust8320_gmail.com,+91 978195374,Male,49,Chandigarh,North,Regular,2024-07-11
8321,Nikita,Sagar,cust8321_gmail.com,+91 966768373,Male,48,Kochi,South,Occasional,2025-10-13
8322,Robert,Das,cust8322_yahoo.com,+91 771842666,Male,35,Chandigarh,North,Regular,2026-02-09
8323,Garima,Pradhan,cust8323_gmail.com,+91 775359770,Female,39,Guwahati,East,Occasional,2023-09-10
8324,Yash,Gaba,cust8324_gmail.com,+91 772806781,Female,37,Jaipur,North,Occasional,2025-12-20
8325,Chanakya,Nair,cust8325_hotmail.com,+91 946264773,Female,54,Patna,East,VIP,2025-10-23
8326,Reyansh,Shah,cust8326_hotmail.com,+91 760224142,Other,23,Jaipur,North,Occasional,2025-05-01
8327,Daksha,Keer,cust8327_yahoo.com,+91 814407120,Male,33,New Delhi,North,Occasional,2024-11-22
8328,Dakshesh,Mohan,cust8328_yahoo.com,+91 848622150,Male,38,Guwahati,East,Regular,2024-02-26
8329,Owen,Oak,cust8329_hotmail.com,+91 773347678,Male,45,Kolkata,East,Occasional,2024-09-20
8330,Rushil,Patla,cust8330_gmail.com,+91 939227533,Female,23,New Delhi,North,Occasional,2025-11-16
8331,Hredhaan,Chahal,cust8331_gmail.com,+91 871214695,Male,40,Indore,Central,Occasional,2026-04-13
8332,Nathan,Nair,cust8332_yahoo.com,+91 942167802,Female,40,Guwahati,East,Regular,2024-05-27
8333,Radhika,Golla,cust8333_yahoo.com,+91 953994662,Female,58,Chandigarh,North,Occasional,2025-02-25
8334,Peter,Ratti,cust8334_gmail.com,+91 844781239,Other,33,Nagpur,Central,Regular,2024-11-22
8335,Fitan,Saxena,cust8335_yahoo.com,+91 838614533,Female,50,Surat,West,New,2023-12-10
8336,Anirudh,Khanna,cust8336_gmail.com,+91 763437281,Male,46,Ahmedabad,West,New,2025-04-05
8337,Jagrati,Walla,cust8337_hotmail.com,+91 753477276,Male,35,Guwahati,East,Occasional,2024-01-31
8338,Urishilla,Dalal,cust8338_hotmail.com,+91 733190180,Other,24,Chandigarh,North,Regular,2023-01-11
8339,Ekansh,More,cust8339_gmail.com,+91 876479124,Other,40,Indore,Central,Regular,2024-11-01
8340,Thomas,Pillai,cust8340_hotmail.com,+91 998704603,Female,46,Ahmedabad,West,VIP,2023-10-04
8341,Chakrika,Patla,cust8341_hotmail.com,+91 874957866,Other,50,Ahmedabad,West,Regular,2024-05-25
8342,Chakradev,Nanda,cust8342_hotmail.com,+91 833310468,Male,54,Chennai,South,Regular,2023-10-09
8343,Ira,Ray,cust8343_yahoo.com,+91 752238457,Male,20,Raipur,Central,Occasional,2026-05-17
8344,Sai,Tandon,cust8344_hotmail.com,+91 751646992,Female,40,Patna,East,Regular,2024-05-13
8345,Gaurang,Chhabra,cust8345_hotmail.com,+91 942110826,Male,50,Bangalore,South,Regular,2025-08-01
8346,Saumya,Kapoor,cust8346_gmail.com,+91 762216455,Female,55,Raipur,Central,Occasional,2023-10-20
8347,Dalaja,Narula,cust8347_yahoo.com,+91 758228583,Male,38,Kolkata,East,Regular,2026-01-05
8348,Luke,Sathe,cust8348_yahoo.com,+91 714125530,Other,21,Hyderabad,South,Regular,2024-10-01
8349,Hemang,Chahal,cust8349_yahoo.com,+91 988453259,Female,54,Bhopal,Central,Occasional,2024-05-20
8350,Ishanvi,Wali,cust8350_hotmail.com,+91 731985835,Other,27,Bhubaneswar,East,Regular,2023-01-01
8351,Balvan,Chopra,cust8351_yahoo.com,+91 876745359,Male,58,Pune,West,Regular,2024-12-22
8352,Oliver,Golla,cust8352_gmail.com,+91 795770628,Other,34,Patna,East,Regular,2025-10-21
8353,Samesh,Jaggi,cust8353_yahoo.com,+91 760865725,Other,48,Bhubaneswar,East,Occasional,2026-04-21
8354,Keya,Bhat,cust8354_gmail.com,+91 823298910,Female,53,Ahmedabad,West,Regular,2026-01-06
8355,Rohan,Magar,cust8355_yahoo.com,+91 951883219,Female,55,Lucknow,North,VIP,2025-03-09
8356,Ekavir,De,cust8356_hotmail.com,+91 881366502,Male,38,Chennai,South,Occasional,2024-11-03
8357,Zaitra,Karan,cust8357_gmail.com,+91 753588194,Male,43,Bhopal,Central,New,2025-02-27
8358,Warhi,Mand,cust8358_yahoo.com,+91 944704730,Male,32,Nagpur,Central,VIP,2025-12-02
8359,Jackson,Koshy,cust8359_hotmail.com,+91 770729563,Female,24,Surat,West,Occasional,2023-06-14
8360,Varenya,Date,cust8360_yahoo.com,+91 819404100,Female,16,Bhopal,Central,New,2025-06-07
8361,Falguni,Ramesh,cust8361_gmail.com,+91 777609715,Female,49,Surat,West,Regular,2023-06-13
8362,Thomas,Kakar,cust8362_hotmail.com,+91 775637445,Female,43,Patna,East,Occasional,2026-05-01
8363,Vedika,Zachariah,cust8363_hotmail.com,+91 724499399,Female,25,Chennai,South,Occasional,2025-11-17
8364,Ira,Dhingra,cust8364_hotmail.com,+91 916637272,Other,58,New Delhi,North,Occasional,2025-11-17
8365,Yauvani,Ranganathan,cust8365_hotmail.com,+91 981764426,Female,23,Nagpur,Central,Regular,2024-07-21
8366,Henry,Kuruvilla,cust8366_gmail.com,+91 956690418,Male,42,Jaipur,North,Regular,2025-10-09
8367,Unni,Randhawa,cust8367_hotmail.com,+91 882786648,Other,31,Bangalore,South,Regular,2025-06-12
8368,Charan,Anand,cust8368_hotmail.com,+91 869126484,Male,54,Kolkata,East,Occasional,2024-01-13
8369,Upma,Khalsa,cust8369_yahoo.com,+91 817801226,Male,53,Pune,West,Occasional,2023-01-07
8370,Bhavani,Mishra,cust8370_yahoo.com,+91 988635925,Other,59,Patna,East,Regular,2025-07-01
8371,Turvi,Krishnan,cust8371_yahoo.com,+91 937517356,Female,42,Mumbai,West,Regular,2024-04-30
8372,Imaran,Bassi,cust8372_yahoo.com,+91 853284176,Female,52,Kolkata,East,VIP,2024-03-06
8373,Onkar,Sandhu,cust8373_gmail.com,+91 825291426,Female,49,Bhopal,Central,Occasional,2024-09-18
8374,Hemal,Mane,cust8374_hotmail.com,+91 863929159,Female,47,Mumbai,West,New,2024-08-22
8375,Chameli,Seth,cust8375_yahoo.com,+91 752385530,Female,18,Bangalore,South,VIP,2023-12-27
8376,Ikbal,Raman,cust8376_gmail.com,+91 817749980,Other,45,Guwahati,East,Occasional,2025-06-01
8377,Aashi,Krish,cust8377_yahoo.com,+91 843956874,Female,53,Bhubaneswar,East,Occasional,2026-05-28
8378,Yutika,Kadakia,cust8378_hotmail.com,+91 741359645,Other,47,Ahmedabad,West,Regular,2025-06-19
8379,Forum,Bhagat,cust8379_yahoo.com,+91 917105228,Female,26,Ahmedabad,West,New,2025-03-12
8380,Pushti,Patla,cust8380_hotmail.com,+91 859471306,Female,19,Raipur,Central,Occasional,2025-07-30
8381,Shravya,Tripathi,cust8381_gmail.com,+91 953679528,Other,23,Bhubaneswar,East,Occasional,2024-05-03
8382,Watika,Narayan,cust8382_yahoo.com,+91 739407774,Male,22,Bhubaneswar,East,New,2025-11-09
8383,Ekbal,Radhakrishnan,cust8383_yahoo.com,+91 791990581,Female,16,Hyderabad,South,Regular,2025-10-31
8384,Dayamai,Kamdar,cust8384_yahoo.com,+91 963624483,Female,45,Pune,West,Regular,2025-03-28
8385,Balvan,Suresh,cust8385_hotmail.com,+91 987206293,Female,54,Indore,Central,Regular,2025-11-17
8386,Dakshesh,Savant,cust8386_hotmail.com,+91 771500506,Male,20,Bhopal,Central,Regular,2023-11-24
8387,Guneet,Shukla,cust8387_yahoo.com,+91 725569255,Other,24,Chennai,South,Regular,2025-11-06
8388,Girindra,Hans,cust8388_yahoo.com,+91 876221981,Female,37,Chennai,South,Occasional,2024-08-25
8389,Atharv,Agate,cust8389_yahoo.com,+91 916752486,Female,29,Chennai,South,Occasional,2025-10-18
8390,Tejas,Rama,cust8390_hotmail.com,+91 854378276,Other,17,New Delhi,North,Occasional,2025-02-27
8391,Manthan,Halder,cust8391_gmail.com,+91 960154156,Other,60,Jaipur,North,Regular,2023-09-01
8392,Yachana,Nagy,cust8392_yahoo.com,+91 753886106,Other,40,Nagpur,Central,Regular,2026-01-16
8393,Warinder,Gulati,cust8393_yahoo.com,+91 775237132,Male,44,Guwahati,East,Regular,2023-01-22
8394,Harini,De,cust8394_hotmail.com,+91 965447561,Female,52,Jaipur,North,Regular,2025-06-22
8395,Caleb,Grover,cust8395_gmail.com,+91 733162240,Male,25,Indore,Central,Regular,2024-06-01
8396,Lakshit,Ramaswamy,cust8396_yahoo.com,+91 930672184,Male,35,Chandigarh,North,Occasional,2023-05-16
8397,Nathan,Shanker,cust8397_gmail.com,+91 728366749,Male,41,Ahmedabad,West,Regular,2023-10-31
8398,Ganga,Dani,cust8398_yahoo.com,+91 810407349,Other,43,New Delhi,North,Occasional,2024-05-02
8399,Shravya,Dugal,cust8399_yahoo.com,+91 957641578,Male,60,Mumbai,West,New,2025-08-25
8400,Chatresh,Guha,cust8400_gmail.com,+91 899983337,Male,31,Kochi,South,VIP,2025-07-12
8401,Yatan,Loyal,cust8401_yahoo.com,+91 754573290,Male,29,Jaipur,North,Occasional,2023-07-18
8402,Falan,Master,cust8402_yahoo.com,+91 924619274,Female,29,Hyderabad,South,Regular,2025-01-26
8403,Forum,Bandi,cust8403_hotmail.com,+91 763240712,Female,52,Chandigarh,North,Regular,2026-05-15
8404,Ishanvi,Murthy,cust8404_yahoo.com,+91 852415669,Other,20,Indore,Central,Regular,2024-01-13
8405,Siya,Barman,cust8405_gmail.com,+91 829782200,Male,35,Hyderabad,South,Regular,2024-06-19
8406,Banjeet,Roy,cust8406_gmail.com,+91 931408928,Other,46,Hyderabad,South,Regular,2023-02-27
8407,Zayan,Borah,cust8407_gmail.com,+91 773187664,Other,37,Guwahati,East,Regular,2024-12-31
8408,Dayamai,Lanka,cust8408_yahoo.com,+91 736819459,Female,60,Jaipur,North,Occasional,2024-10-11
8409,Anusha,Singhal,cust8409_yahoo.com,+91 879850116,Other,50,Raipur,Central,Regular,2025-05-25
8410,Nathaniel,Chokshi,cust8410_hotmail.com,+91 963582732,Female,56,Mumbai,West,Occasional,2023-06-22
8411,Zaid,Chander,cust8411_hotmail.com,+91 938684408,Female,53,Bhopal,Central,Occasional,2025-05-25
8412,Vanya,Atwal,cust8412_yahoo.com,+91 726152310,Male,35,Surat,West,Regular,2023-08-18
8413,Ayushman,Sarma,cust8413_hotmail.com,+91 725950938,Other,31,Lucknow,North,New,2024-05-19
8414,Harshil,Dube,cust8414_gmail.com,+91 985843332,Male,30,Indore,Central,VIP,2024-09-21
8415,Warjas,Bala,cust8415_yahoo.com,+91 994395688,Male,23,Raipur,Central,Regular,2023-08-21
8416,Chaman,Mander,cust8416_yahoo.com,+91 887301599,Other,22,Pune,West,VIP,2024-08-22
8417,Ira,Kothari,cust8417_hotmail.com,+91 833925669,Female,36,Mumbai,West,Occasional,2025-05-15
8418,Aahana,Prabhakar,cust8418_yahoo.com,+91 910904936,Male,19,New Delhi,North,Regular,2023-01-07
8419,Harini,Natarajan,cust8419_gmail.com,+91 788815579,Male,57,Lucknow,North,Regular,2024-05-18
8420,Nikita,Kala,cust8420_hotmail.com,+91 912547727,Other,17,New Delhi,North,Regular,2023-07-15
8421,Priya,Ahuja,cust8421_yahoo.com,+91 892624250,Male,19,Indore,Central,Occasional,2024-06-01
8422,Vidhi,Yohannan,cust8422_hotmail.com,+91 758250932,Male,31,Indore,Central,New,2025-02-13
8423,Devika,Kalita,cust8423_gmail.com,+91 795526898,Male,41,Lucknow,North,Occasional,2026-05-30
8424,Laksh,Sura,cust8424_yahoo.com,+91 988476606,Male,36,Lucknow,North,Regular,2025-09-30
8425,David,Lall,cust8425_hotmail.com,+91 742327178,Other,36,New Delhi,North,Regular,2023-10-25
8426,Balendra,Balakrishnan,cust8426_hotmail.com,+91 884337719,Male,23,Hyderabad,South,New,2024-09-30
8427,Yash,Ratta,cust8427_hotmail.com,+91 756821724,Male,40,Bhopal,Central,Regular,2023-10-04
8428,Lucky,Samra,cust8428_hotmail.com,+91 744957555,Female,21,Patna,East,New,2024-08-08
8429,Qarin,Gour,cust8429_gmail.com,+91 831554790,Female,43,Bangalore,South,New,2023-01-27
8430,Sachi,Prasad,cust8430_yahoo.com,+91 899238791,Other,31,Bangalore,South,New,2023-04-07
8431,Arin,Rattan,cust8431_gmail.com,+91 915112804,Female,25,Kochi,South,Occasional,2025-11-16
8432,Baljiwan,Sankaran,cust8432_hotmail.com,+91 844993860,Male,55,Ahmedabad,West,New,2024-12-12
8433,Arjun,Bhavsar,cust8433_yahoo.com,+91 818603249,Female,45,Guwahati,East,Occasional,2024-12-19
8434,Hritik,Gera,cust8434_gmail.com,+91 924234308,Male,55,Pune,West,Regular,2025-11-19
8435,Sarthak,Joshi,cust8435_yahoo.com,+91 823366700,Female,27,Surat,West,VIP,2023-03-28
8436,Bachittar,Shankar,cust8436_yahoo.com,+91 737673286,Other,31,Lucknow,North,New,2024-04-25
8437,Vamakshi,Gade,cust8437_gmail.com,+91 727789619,Other,29,Bangalore,South,Occasional,2025-07-19
8438,Qabil,Borah,cust8438_hotmail.com,+91 857492534,Female,27,Kochi,South,VIP,2024-08-17
8439,Rishi,Khanna,cust8439_hotmail.com,+91 950662154,Female,33,Chandigarh,North,Occasional,2025-10-05
8440,Elijah,Dugar,cust8440_hotmail.com,+91 848418517,Female,38,Mumbai,West,VIP,2023-12-26
8441,Manan,Chowdhury,cust8441_gmail.com,+91 983255811,Female,29,Kolkata,East,New,2024-08-10
8442,Udarsh,Bakshi,cust8442_yahoo.com,+91 935909384,Other,51,Jaipur,North,New,2024-06-07
8443,Nathaniel,Ghose,cust8443_yahoo.com,+91 851873996,Female,17,Chennai,South,Regular,2023-05-13
8444,Christopher,Dass,cust8444_gmail.com,+91 735828599,Other,52,Hyderabad,South,Occasional,2023-03-07
8445,Viraj,Sheth,cust8445_yahoo.com,+91 718103436,Male,42,Mumbai,West,Occasional,2025-03-04
8446,Ati,Gopal,cust8446_yahoo.com,+91 916329840,Female,42,Raipur,Central,Occasional,2026-03-08
8447,Chatura,Mutti,cust8447_yahoo.com,+91 827785256,Female,22,Raipur,Central,Occasional,2026-04-25
8448,Ekiya,Swaminathan,cust8448_hotmail.com,+91 987914273,Other,59,Raipur,Central,Occasional,2025-08-21
8449,Sai,Ganesan,cust8449_hotmail.com,+91 884339961,Other,33,Raipur,Central,Occasional,2025-04-21
8450,David,Ratta,cust8450_gmail.com,+91 870228231,Male,57,Surat,West,Regular,2023-08-14
8451,Nathan,Vasa,cust8451_hotmail.com,+91 961134468,Male,59,Lucknow,North,New,2023-08-23
8452,Atharv,Buch,cust8452_gmail.com,+91 750568426,Other,48,Nagpur,Central,Regular,2026-03-06
8453,Chatresh,Manne,cust8453_yahoo.com,+91 957414415,Male,44,New Delhi,North,Regular,2024-10-16
8454,Oni,Pau,cust8454_hotmail.com,+91 840588794,Female,51,Chennai,South,Occasional,2024-10-08
8455,Ekiya,Devan,cust8455_hotmail.com,+91 728921104,Other,58,Mumbai,West,Regular,2025-06-19
8456,Vritti,Rege,cust8456_gmail.com,+91 766634892,Other,51,Raipur,Central,New,2024-02-25
8457,Omaja,Bahl,cust8457_hotmail.com,+91 940916253,Other,57,Chandigarh,North,New,2025-06-01
8458,Alka,Sarraf,cust8458_gmail.com,+91 786821206,Other,38,Chennai,South,Occasional,2024-10-24
8459,Aarini,Oommen,cust8459_gmail.com,+91 732248288,Male,30,Surat,West,Occasional,2025-12-15
8460,Triya,Kalla,cust8460_yahoo.com,+91 855393247,Male,40,Kolkata,East,Occasional,2024-07-16
8461,Udyati,Krishna,cust8461_yahoo.com,+91 788688945,Male,55,Bhopal,Central,Regular,2025-05-04
8462,Advika,Atwal,cust8462_yahoo.com,+91 880292769,Male,54,Pune,West,Occasional,2025-02-07
8463,Anjali,Saha,cust8463_yahoo.com,+91 976377888,Male,36,Chandigarh,North,Regular,2023-01-06
8464,Upadhriti,Shanker,cust8464_gmail.com,+91 954591301,Female,16,Patna,East,Regular,2025-01-13
8465,Gabriel,Dhar,cust8465_hotmail.com,+91 871814552,Other,20,Chennai,South,Regular,2024-11-05
8466,Xiti,Setty,cust8466_gmail.com,+91 985843841,Male,18,Patna,East,Occasional,2025-03-09
8467,Damini,Dubey,cust8467_yahoo.com,+91 815215634,Other,28,Jaipur,North,Occasional,2025-04-27
8468,Darsh,Deshpande,cust8468_hotmail.com,+91 724547704,Male,33,Bhubaneswar,East,Occasional,2025-03-22
8469,Manan,Rattan,cust8469_hotmail.com,+91 820651643,Male,22,Bhubaneswar,East,New,2026-05-22
8470,Ekavir,Purohit,cust8470_yahoo.com,+91 896881968,Other,38,Surat,West,New,2026-01-22
8471,Raksha,Bala,cust8471_gmail.com,+91 775510366,Male,36,Mumbai,West,Occasional,2023-07-05
8472,Rohan,Tailor,cust8472_gmail.com,+91 824473186,Other,45,Bangalore,South,Regular,2024-06-14
8473,Zaitra,Samra,cust8473_gmail.com,+91 993724127,Male,50,Kochi,South,Regular,2025-09-29
8474,Lila,Rao,cust8474_hotmail.com,+91 728467327,Male,38,Jaipur,North,Regular,2024-06-03
8475,Advaith,Jaggi,cust8475_gmail.com,+91 967285111,Male,60,Nagpur,Central,Occasional,2025-03-11
8476,Neelima,Radhakrishnan,cust8476_yahoo.com,+91 791527825,Male,33,Surat,West,Occasional,2025-12-07
8477,Jhalak,Bhatt,cust8477_gmail.com,+91 882603928,Male,30,Jaipur,North,Occasional,2025-01-03
8478,Rayaan,Dasgupta,cust8478_gmail.com,+91 821143498,Male,60,Guwahati,East,Occasional,2024-12-25
8479,Adweta,Deol,cust8479_hotmail.com,+91 790929104,Other,29,New Delhi,North,Regular,2026-03-28
8480,Jalsa,Khanna,cust8480_yahoo.com,+91 849329303,Male,59,Hyderabad,South,Regular,2025-11-29
8481,Anamika,Chacko,cust8481_yahoo.com,+91 899966443,Male,40,Ahmedabad,West,VIP,2025-11-10
8482,Andrew,Chad,cust8482_hotmail.com,+91 949202974,Female,26,Kochi,South,Regular,2026-05-15
8483,Frederick,Lal,cust8483_hotmail.com,+91 742421697,Other,39,Patna,East,New,2025-07-27
8484,Ria,Agate,cust8484_hotmail.com,+91 972246385,Other,59,Hyderabad,South,New,2023-01-31
8485,Urishilla,Agarwal,cust8485_hotmail.com,+91 899836150,Other,53,Pune,West,New,2023-07-04
8486,Mugdha,Sunder,cust8486_gmail.com,+91 934694987,Female,20,Kolkata,East,VIP,2025-03-10
8487,Onkar,Baral,cust8487_yahoo.com,+91 768171742,Other,18,Lucknow,North,New,2024-07-24
8488,Harshil,Bhakta,cust8488_yahoo.com,+91 835807980,Female,36,Indore,Central,Occasional,2024-12-26
8489,Dalbir,Mane,cust8489_gmail.com,+91 918892473,Other,56,Nagpur,Central,New,2024-03-19
8490,Panini,Pradhan,cust8490_hotmail.com,+91 931671333,Other,56,Bangalore,South,Regular,2023-12-16
8491,Ladli,Sethi,cust8491_hotmail.com,+91 891718439,Other,15,Pune,West,Occasional,2024-11-18
8492,Chaaya,Sachar,cust8492_gmail.com,+91 997645114,Other,18,Pune,West,Occasional,2023-08-24
8493,Chatresh,Narang,cust8493_gmail.com,+91 825740421,Other,43,Bhubaneswar,East,Occasional,2025-11-06
8494,Bakhshi,Acharya,cust8494_gmail.com,+91 744512825,Other,54,Bhopal,Central,Occasional,2023-05-23
8495,Upasna,Behl,cust8495_gmail.com,+91 965305886,Other,48,Pune,West,Occasional,2025-11-16
8496,Janaki,Bala,cust8496_hotmail.com,+91 723289827,Other,41,Raipur,Central,Regular,2025-02-10
8497,Advik,Pradhan,cust8497_gmail.com,+91 750418556,Male,40,Bhopal,Central,Regular,2023-10-02
8498,Ijaya,Mani,cust8498_hotmail.com,+91 849245859,Other,50,Chennai,South,Regular,2023-08-19
8499,Nihal,Karpe,cust8499_hotmail.com,+91 729445472,Other,20,Indore,Central,Occasional,2025-01-05
8500,Parth,Bali,cust8500_gmail.com,+91 918595763,Other,49,Guwahati,East,Regular,2025-11-26
8501,Orinder,Singhal,cust8501_yahoo.com,+91 833215344,Other,42,Patna,East,Occasional,2023-01-19
8502,Urvashi,Luthra,cust8502_hotmail.com,+91 731232700,Female,40,Chandigarh,North,Regular,2025-08-27
8503,Gauri,Karpe,cust8503_hotmail.com,+91 733381948,Male,18,Bhubaneswar,East,Regular,2024-12-16
8504,Ekanta,Seth,cust8504_hotmail.com,+91 771527104,Female,57,Jaipur,North,Occasional,2024-10-17
8505,Aachal,Ganesh,cust8505_yahoo.com,+91 871591963,Male,54,Kolkata,East,Regular,2024-04-25
8506,Leela,Kuruvilla,cust8506_hotmail.com,+91 869941131,Male,32,Bhubaneswar,East,Occasional,2023-08-24
8507,Noah,Bhalla,cust8507_yahoo.com,+91 964920513,Other,34,Bangalore,South,Regular,2025-10-04
8508,Nidhi,Mane,cust8508_gmail.com,+91 899707802,Male,32,Raipur,Central,Regular,2023-05-10
8509,Siddharth,Sastry,cust8509_yahoo.com,+91 887408220,Male,35,Jaipur,North,Regular,2024-06-26
8510,Jeevika,Chander,cust8510_gmail.com,+91 774582929,Male,15,Ahmedabad,West,Occasional,2023-03-03
8511,Tara,Karpe,cust8511_yahoo.com,+91 930250166,Other,41,Mumbai,West,New,2024-01-06
8512,Pallavi,Rana,cust8512_hotmail.com,+91 745108823,Male,48,Pune,West,Occasional,2026-05-11
8513,Sara,Raghavan,cust8513_hotmail.com,+91 847687303,Other,48,Mumbai,West,Regular,2025-06-09
8514,Krisha,Agrawal,cust8514_hotmail.com,+91 728428762,Male,23,Chandigarh,North,Occasional,2023-06-28
8515,Hemal,Taneja,cust8515_gmail.com,+91 782215301,Male,28,Ahmedabad,West,Regular,2024-05-12
8516,Tanvi,Mitra,cust8516_hotmail.com,+91 785284914,Male,22,Guwahati,East,Occasional,2026-05-21
8517,Chakradhar,Patil,cust8517_hotmail.com,+91 759364318,Other,55,Bhubaneswar,East,Occasional,2025-10-18
8518,Mahika,Varty,cust8518_hotmail.com,+91 984619534,Male,40,Mumbai,West,Occasional,2024-04-08
8519,Anvi,Mahajan,cust8519_hotmail.com,+91 941920969,Female,15,New Delhi,North,Occasional,2023-05-03
8520,Bakhshi,Varma,cust8520_gmail.com,+91 858304956,Other,35,Kolkata,East,VIP,2025-08-09
8521,Geetika,Thakur,cust8521_yahoo.com,+91 780942649,Other,36,Patna,East,New,2023-11-25
8522,Bhanumati,Bath,cust8522_hotmail.com,+91 840323459,Female,53,Kochi,South,Occasional,2023-09-23
8523,Sachi,Kumer,cust8523_yahoo.com,+91 893769349,Other,27,Mumbai,West,New,2024-07-06
8524,Avi,Sarkar,cust8524_gmail.com,+91 951993119,Male,40,Pune,West,Occasional,2024-05-28
8525,Aarna,Prakash,cust8525_gmail.com,+91 737848629,Female,54,Nagpur,Central,VIP,2023-10-11
8526,Maanav,Sastry,cust8526_hotmail.com,+91 921779280,Female,45,Ahmedabad,West,New,2024-05-07
8527,Ikbal,Chatterjee,cust8527_gmail.com,+91 849665473,Female,56,Chandigarh,North,New,2025-07-07
8528,Dakshesh,Vasa,cust8528_yahoo.com,+91 931507866,Other,47,Guwahati,East,Regular,2023-05-21
8529,Ekavir,Warrior,cust8529_yahoo.com,+91 816857197,Male,21,Mumbai,West,Occasional,2026-05-28
8530,Panini,Vaidya,cust8530_hotmail.com,+91 838918991,Male,46,Kochi,South,VIP,2024-09-29
8531,Ekanta,Kapadia,cust8531_gmail.com,+91 862827444,Female,21,Ahmedabad,West,Regular,2025-05-10
8532,Xavier,Parikh,cust8532_hotmail.com,+91 799651528,Male,19,Lucknow,North,New,2023-04-29
8533,Jacob,Tella,cust8533_hotmail.com,+91 825330753,Other,56,Mumbai,West,Occasional,2024-10-02
8534,Charles,Setty,cust8534_hotmail.com,+91 744828134,Other,20,Chennai,South,Occasional,2023-11-22
8535,Rushil,Maharaj,cust8535_hotmail.com,+91 754135779,Other,34,New Delhi,North,Occasional,2025-12-14
8536,Abhiram,Baral,cust8536_gmail.com,+91 850616804,Female,17,Bangalore,South,Occasional,2025-04-06
8537,Omya,Lanka,cust8537_gmail.com,+91 960817331,Male,36,Indore,Central,Regular,2023-08-18
8538,Warhi,Desai,cust8538_gmail.com,+91 834398825,Male,32,Raipur,Central,Regular,2024-06-21
8539,Garima,Minhas,cust8539_hotmail.com,+91 747605527,Other,50,Bhubaneswar,East,Regular,2024-06-04
8540,Zansi,Sule,cust8540_hotmail.com,+91 973236252,Female,18,Ahmedabad,West,Regular,2023-09-12
8541,Lohit,Bhatt,cust8541_yahoo.com,+91 712243538,Female,48,New Delhi,North,Regular,2023-06-08
8542,Aadhya,Zacharia,cust8542_yahoo.com,+91 873543858,Female,22,Raipur,Central,Occasional,2024-12-31
8543,Dalaja,Raju,cust8543_gmail.com,+91 861353550,Other,43,Jaipur,North,Regular,2024-11-25
8544,Owen,Kota,cust8544_yahoo.com,+91 839206796,Other,58,Surat,West,Occasional,2024-04-02
8545,Vasatika,Krishnan,cust8545_hotmail.com,+91 721509268,Female,37,Guwahati,East,Regular,2023-06-11
8546,Pranit,Buch,cust8546_yahoo.com,+91 781507270,Other,51,Hyderabad,South,Occasional,2025-01-07
8547,Farhan,Shanker,cust8547_gmail.com,+91 935774859,Other,56,Raipur,Central,Occasional,2024-10-29
8548,Gayathri,Wason,cust8548_gmail.com,+91 790564749,Other,23,Bhubaneswar,East,Regular,2025-02-14
8549,Hemangini,Dhawan,cust8549_hotmail.com,+91 876858488,Male,24,Jaipur,North,New,2024-02-26
8550,Pallavi,Sehgal,cust8550_yahoo.com,+91 983357587,Male,57,Kolkata,East,Regular,2023-10-09
8551,Yahvi,Vasa,cust8551_hotmail.com,+91 991153554,Female,52,Nagpur,Central,Regular,2025-08-20
8552,Suhani,Vohra,cust8552_yahoo.com,+91 745186205,Other,26,Pune,West,New,2025-08-19
8553,Ganga,Memon,cust8553_yahoo.com,+91 933762937,Female,49,Bhubaneswar,East,Regular,2025-01-01
8554,Yochana,Kuruvilla,cust8554_yahoo.com,+91 929837985,Female,15,Guwahati,East,Regular,2024-05-26
8555,Chaitaly,Biswas,cust8555_gmail.com,+91 753479825,Female,16,Surat,West,Regular,2026-03-24
8556,Aayush,D’Alia,cust8556_hotmail.com,+91 962100430,Male,38,Mumbai,West,Regular,2024-03-07
8557,Tanay,Sagar,cust8557_gmail.com,+91 967784164,Female,23,Lucknow,North,Regular,2023-07-31
8558,Falguni,Saran,cust8558_gmail.com,+91 756600510,Other,48,Kochi,South,Regular,2025-12-09
8559,Sudiksha,Natarajan,cust8559_hotmail.com,+91 854317875,Other,54,Pune,West,New,2025-12-16
8560,Sathvik,Krishnamurthy,cust8560_yahoo.com,+91 846582183,Other,46,Indore,Central,Occasional,2023-04-10
8561,Zaitra,Bala,cust8561_gmail.com,+91 964599389,Female,59,Mumbai,West,Regular,2024-01-23
8562,Arya,Wable,cust8562_yahoo.com,+91 953966205,Male,57,Raipur,Central,Occasional,2023-08-26
8563,Chaitaly,Srinivas,cust8563_hotmail.com,+91 742390308,Other,38,New Delhi,North,Occasional,2026-05-08
8564,Pahal,Palla,cust8564_yahoo.com,+91 710148526,Other,57,Chennai,South,Occasional,2024-01-12
8565,Ekaraj,Parsa,cust8565_yahoo.com,+91 813352835,Other,58,Chandigarh,North,Regular,2023-07-04
8566,Neelima,Deshpande,cust8566_hotmail.com,+91 793928815,Male,44,Pune,West,Occasional,2025-05-11
8567,Wriddhish,Bhatia,cust8567_yahoo.com,+91 771382875,Female,57,Mumbai,West,Regular,2023-07-25
8568,Omya,Nayak,cust8568_hotmail.com,+91 741305160,Other,53,Jaipur,North,New,2023-02-13
8569,Zarna,Balan,cust8569_yahoo.com,+91 917653603,Male,60,Bangalore,South,Regular,2024-01-27
8570,Harsh,Radhakrishnan,cust8570_gmail.com,+91 732842527,Female,16,Kochi,South,VIP,2023-12-27
8571,Kalpit,Sengupta,cust8571_hotmail.com,+91 966372450,Other,58,Kochi,South,Occasional,2023-07-23
8572,Wyatt,Kothari,cust8572_gmail.com,+91 991775363,Other,23,Kolkata,East,Occasional,2024-04-10
8573,Ria,Goda,cust8573_hotmail.com,+91 978567614,Female,23,Patna,East,New,2023-11-28
8574,Vyanjana,Bir,cust8574_hotmail.com,+91 754299896,Other,42,Jaipur,North,Regular,2026-01-16
8575,Neel,Mane,cust8575_yahoo.com,+91 750293929,Male,49,Pune,West,Regular,2024-10-04
8576,Indira,Sahota,cust8576_gmail.com,+91 732461204,Male,37,Indore,Central,Regular,2024-12-10
8577,Henry,De,cust8577_hotmail.com,+91 953831404,Male,41,Chandigarh,North,Regular,2023-04-08
8578,Shaurya,Atwal,cust8578_yahoo.com,+91 848208659,Other,38,Bangalore,South,Occasional,2023-04-29
8579,Quincy,Sura,cust8579_hotmail.com,+91 774304959,Male,56,Kolkata,East,Occasional,2025-04-25
8580,Champak,Rana,cust8580_yahoo.com,+91 756397572,Female,40,Lucknow,North,Regular,2026-03-23
8581,Eiravati,Misra,cust8581_yahoo.com,+91 968518282,Female,15,Ahmedabad,West,Regular,2023-05-01
8582,Yashvi,Narula,cust8582_hotmail.com,+91 946898622,Other,39,Bhopal,Central,New,2025-08-25
8583,Krisha,Kata,cust8583_yahoo.com,+91 933211823,Male,53,Kochi,South,Regular,2024-09-15
8584,Eshana,Minhas,cust8584_gmail.com,+91 727911531,Female,34,Chandigarh,North,Occasional,2024-11-03
8585,Ayush,Gandhi,cust8585_hotmail.com,+91 933468471,Male,22,Chandigarh,North,Regular,2025-03-23
8586,Patrick,Nigam,cust8586_gmail.com,+91 779285699,Male,52,Nagpur,Central,Occasional,2025-05-05
8587,Onveer,Virk,cust8587_hotmail.com,+91 717274487,Male,30,New Delhi,North,New,2023-04-29
8588,Lakshmi,Sant,cust8588_hotmail.com,+91 923716696,Male,16,Indore,Central,Regular,2025-04-19
8589,Diya,Mahajan,cust8589_yahoo.com,+91 941412100,Other,28,Chennai,South,Occasional,2023-03-06
8590,Dayita,Gill,cust8590_hotmail.com,+91 970955991,Female,19,Kolkata,East,New,2025-07-04
8591,Naksh,Walia,cust8591_yahoo.com,+91 816294366,Other,35,Patna,East,VIP,2025-02-18
8592,Balendra,Narasimhan,cust8592_gmail.com,+91 731356358,Other,40,Pune,West,Occasional,2024-11-28
8593,Xavier,Buch,cust8593_hotmail.com,+91 788746878,Other,45,Nagpur,Central,Regular,2023-03-11
8594,Oliver,Zachariah,cust8594_hotmail.com,+91 885845622,Female,29,Chennai,South,VIP,2023-12-09
8595,Gavin,Ganesh,cust8595_gmail.com,+91 836620264,Female,27,Bangalore,South,Regular,2024-12-16
8596,Nathaniel,Badal,cust8596_gmail.com,+91 718964707,Other,28,Jaipur,North,Occasional,2026-03-04
8597,Lakshmi,Virk,cust8597_yahoo.com,+91 869277352,Male,36,Patna,East,Regular,2024-11-03
8598,Jonathan,Savant,cust8598_hotmail.com,+91 822389602,Male,35,Lucknow,North,Regular,2024-03-31
8599,Lopa,Deshpande,cust8599_yahoo.com,+91 929353465,Other,36,Raipur,Central,New,2025-01-16
8600,Hamsini,Grewal,cust8600_yahoo.com,+91 991363399,Other,34,Bangalore,South,Occasional,2025-04-21
8601,Turvi,Radhakrishnan,cust8601_gmail.com,+91 977305443,Female,40,Kolkata,East,Regular,2023-08-12
8602,Yagnesh,Doctor,cust8602_gmail.com,+91 880759639,Male,18,Surat,West,Regular,2026-01-27
8603,Vasudha,Sen,cust8603_hotmail.com,+91 779854542,Male,53,Guwahati,East,Regular,2025-02-24
8604,Amruta,Sarma,cust8604_gmail.com,+91 813152249,Female,27,Mumbai,West,Regular,2023-12-18
8605,Abhimanyu,Ray,cust8605_gmail.com,+91 770564212,Female,31,Mumbai,West,New,2026-02-28
8606,Vedant,Kapadia,cust8606_yahoo.com,+91 841438861,Female,20,New Delhi,North,Regular,2025-10-31
8607,Idika,Pillay,cust8607_yahoo.com,+91 885744602,Other,59,Jaipur,North,Occasional,2025-09-17
8608,Hema,Sandal,cust8608_gmail.com,+91 717835659,Other,17,Hyderabad,South,Regular,2024-01-13
8609,Kai,Sethi,cust8609_yahoo.com,+91 951724921,Other,55,Nagpur,Central,Occasional,2023-10-27
8610,Balhaar,Bhalla,cust8610_yahoo.com,+91 996792252,Other,22,Bhopal,Central,Occasional,2025-09-27
8611,Tanay,Nori,cust8611_hotmail.com,+91 817332644,Other,30,Guwahati,East,Regular,2024-05-28
8612,Upma,Kamdar,cust8612_gmail.com,+91 845532904,Male,20,Raipur,Central,Occasional,2024-07-07
8613,Turvi,Kannan,cust8613_hotmail.com,+91 916168644,Other,41,Lucknow,North,VIP,2023-07-15
8614,Jonathan,Garde,cust8614_hotmail.com,+91 789113771,Female,46,Jaipur,North,Occasional,2025-09-15
8615,Sara,Bajaj,cust8615_yahoo.com,+91 942122801,Male,44,Kolkata,East,Regular,2024-06-18
8616,Nihal,Kumar,cust8616_gmail.com,+91 969121134,Female,47,Jaipur,North,Regular,2026-01-06
8617,Michael,Narula,cust8617_yahoo.com,+91 962909389,Female,39,Kochi,South,Regular,2026-03-31
8618,Bina,Roy,cust8618_hotmail.com,+91 843568545,Other,25,Mumbai,West,Regular,2024-06-08
8619,Udant,Sengupta,cust8619_yahoo.com,+91 937861803,Other,35,Bhopal,Central,Occasional,2025-07-26
8620,Balvan,Memon,cust8620_gmail.com,+91 942678553,Female,18,New Delhi,North,Regular,2025-10-05
8621,Ojasvi,Sood,cust8621_hotmail.com,+91 851222205,Female,44,Bhopal,Central,VIP,2023-06-11
8622,Ekapad,Parsa,cust8622_hotmail.com,+91 832649933,Male,44,Mumbai,West,Regular,2025-04-14
8623,Bhavika,Ratta,cust8623_hotmail.com,+91 924848208,Male,18,Guwahati,East,Regular,2024-10-16
8624,Viraj,Wable,cust8624_yahoo.com,+91 766726193,Male,58,Guwahati,East,Regular,2024-12-15
8625,Hemal,Rai,cust8625_hotmail.com,+91 814734625,Female,57,Kolkata,East,Regular,2026-05-07
8626,Chameli,Mallick,cust8626_hotmail.com,+91 785306405,Male,50,Indore,Central,Regular,2023-01-16
8627,Aishani,Sankar,cust8627_yahoo.com,+91 891448315,Male,51,Jaipur,North,Regular,2025-11-08
8628,Vedant,Johal,cust8628_gmail.com,+91 728195543,Other,38,Bhubaneswar,East,New,2026-03-05
8629,Pranav,Bobal,cust8629_hotmail.com,+91 871894873,Male,51,Indore,Central,Occasional,2026-01-10
8630,Bhanumati,Narayanan,cust8630_yahoo.com,+91 895634769,Other,53,Kochi,South,Regular,2023-09-11
8631,Udyati,Sarma,cust8631_gmail.com,+91 759346732,Other,39,Patna,East,Occasional,2025-04-10
8632,Pallavi,Edwin,cust8632_gmail.com,+91 773930872,Other,55,Chennai,South,Occasional,2023-01-17
8633,Adweta,Munshi,cust8633_hotmail.com,+91 718194796,Male,35,Kochi,South,Occasional,2025-11-18
8634,Arya,Dutta,cust8634_yahoo.com,+91 947918317,Male,32,Chennai,South,Occasional,2025-07-09
8635,Azad,Sura,cust8635_yahoo.com,+91 798659982,Male,26,New Delhi,North,Occasional,2024-03-02
8636,Ekantika,Jhaveri,cust8636_gmail.com,+91 849948579,Female,17,Bangalore,South,Occasional,2023-02-07
8637,Kabir,Batta,cust8637_gmail.com,+91 732195257,Male,35,Ahmedabad,West,Occasional,2023-05-13
8638,Yasti,Balakrishnan,cust8638_hotmail.com,+91 799382399,Male,60,Ahmedabad,West,Regular,2024-01-16
8639,Wyatt,Thaman,cust8639_yahoo.com,+91 769626766,Male,56,Bhopal,Central,Regular,2023-07-02
8640,Keya,Dhawan,cust8640_hotmail.com,+91 780697670,Other,59,Lucknow,North,Occasional,2023-05-22
8641,Yug,Parekh,cust8641_yahoo.com,+91 998857184,Other,40,Mumbai,West,Occasional,2023-12-14
8642,Chatresh,Nagi,cust8642_hotmail.com,+91 761698350,Male,38,Patna,East,Regular,2025-05-03
8643,Faqid,Barad,cust8643_hotmail.com,+91 957164424,Male,28,Chandigarh,North,Regular,2026-04-19
8644,Anay,Dada,cust8644_yahoo.com,+91 885392173,Female,37,Chennai,South,Regular,2025-11-12
8645,Samuel,Shankar,cust8645_yahoo.com,+91 766383476,Female,35,Lucknow,North,Regular,2023-12-06
8646,Eshana,Raval,cust8646_yahoo.com,+91 972199835,Male,35,Kolkata,East,Regular,2023-11-04
8647,Kai,Sengupta,cust8647_yahoo.com,+91 747136706,Female,41,New Delhi,North,Occasional,2023-02-02
8648,Yasti,Sharma,cust8648_gmail.com,+91 983268486,Other,24,Jaipur,North,Occasional,2023-09-15
8649,Lakshmi,Pau,cust8649_hotmail.com,+91 924474549,Male,52,Kochi,South,Regular,2024-05-10
8650,Jhalak,Shere,cust8650_hotmail.com,+91 769643831,Male,47,Bhubaneswar,East,Regular,2024-11-01
8651,Chakrika,Pandit,cust8651_yahoo.com,+91 949571483,Other,37,Kolkata,East,Regular,2025-06-22
8652,Hemal,Prabhakar,cust8652_yahoo.com,+91 998420747,Male,16,Jaipur,North,Regular,2024-06-13
8653,Hema,Naik,cust8653_hotmail.com,+91 716906205,Other,22,Hyderabad,South,Occasional,2023-02-09
8654,Lila,Desai,cust8654_hotmail.com,+91 790463802,Female,47,Pune,West,New,2024-01-08
8655,Fitan,Savant,cust8655_gmail.com,+91 720871479,Male,19,Hyderabad,South,Regular,2026-01-08
8656,Yoshita,Patla,cust8656_yahoo.com,+91 979679451,Other,18,Indore,Central,Regular,2024-04-11
8657,Udarsh,Pai,cust8657_gmail.com,+91 822827376,Female,18,Pune,West,VIP,2023-04-26
8658,Dhriti,Deep,cust8658_hotmail.com,+91 826757931,Other,50,Lucknow,North,Regular,2025-12-07
8659,Jeevika,Dhar,cust8659_gmail.com,+91 849368603,Male,16,Patna,East,New,2025-10-26
8660,Xiti,Gade,cust8660_gmail.com,+91 747721733,Male,31,Ahmedabad,West,Occasional,2024-12-04
8661,Dhriti,Char,cust8661_gmail.com,+91 782223487,Female,16,Raipur,Central,VIP,2024-09-04
8662,Qasim,Chanda,cust8662_yahoo.com,+91 963433795,Male,50,Bhubaneswar,East,Regular,2025-08-06
8663,Vyanjana,Merchant,cust8663_hotmail.com,+91 954153875,Male,41,Lucknow,North,Regular,2024-08-04
8664,Ekaja,Dixit,cust8664_gmail.com,+91 965554638,Male,55,Ahmedabad,West,Regular,2024-04-04
8665,Banjeet,Deshmukh,cust8665_yahoo.com,+91 859576896,Female,37,Lucknow,North,Occasional,2023-11-14
8666,Lekha,Lala,cust8666_yahoo.com,+91 961349961,Other,23,Indore,Central,Occasional,2025-09-06
8667,Atharv,Varghese,cust8667_hotmail.com,+91 778771461,Female,20,Hyderabad,South,New,2023-11-11
8668,Lohit,Mital,cust8668_gmail.com,+91 993828202,Female,39,Kochi,South,Regular,2026-04-18
8669,Janani,Khurana,cust8669_gmail.com,+91 753537781,Male,41,Nagpur,Central,VIP,2023-10-20
8670,Gavin,Ganguly,cust8670_hotmail.com,+91 918690573,Male,32,Bhopal,Central,Regular,2026-01-28
8671,Bhavika,Andra,cust8671_hotmail.com,+91 928480518,Other,53,Patna,East,VIP,2024-03-17
8672,Oscar,Iyer,cust8672_yahoo.com,+91 821926815,Other,54,Raipur,Central,Regular,2025-12-26
8673,Bimala,Bains,cust8673_hotmail.com,+91 982985992,Male,22,Kolkata,East,VIP,2023-12-29
8674,Gautam,Goda,cust8674_hotmail.com,+91 814279645,Other,52,Chandigarh,North,Occasional,2024-01-25
8675,Balvan,Pathak,cust8675_hotmail.com,+91 912143854,Other,57,Bhubaneswar,East,New,2023-05-18
8676,Nitesh,Pandya,cust8676_yahoo.com,+91 778423567,Other,50,Bangalore,South,New,2025-10-22
8677,Edhitha,Bhat,cust8677_hotmail.com,+91 944986244,Female,26,Bhopal,Central,VIP,2025-06-07
8678,Barkha,Sridhar,cust8678_hotmail.com,+91 768610399,Male,48,Bhubaneswar,East,New,2023-02-11
8679,Gaurang,Deshpande,cust8679_hotmail.com,+91 839586949,Female,47,Jaipur,North,New,2024-01-28
8680,Mitesh,Nair,cust8680_yahoo.com,+91 797722548,Other,24,Chandigarh,North,New,2024-01-03
8681,Abhiram,Chadha,cust8681_hotmail.com,+91 957481962,Other,46,Hyderabad,South,Occasional,2024-09-23
8682,Gagan,Comar,cust8682_gmail.com,+91 942864976,Female,15,Raipur,Central,Occasional,2025-07-12
8683,Chasmum,Kaul,cust8683_yahoo.com,+91 821715640,Other,23,Hyderabad,South,Regular,2026-05-27
8684,Yadavi,Peri,cust8684_yahoo.com,+91 871544621,Female,25,Kolkata,East,Occasional,2026-05-29
8685,Saksham,Kala,cust8685_hotmail.com,+91 776282939,Female,34,Raipur,Central,Regular,2023-04-17
8686,Rachana,Goda,cust8686_yahoo.com,+91 961618144,Other,31,Raipur,Central,Regular,2026-04-06
8687,Ojasvi,Chahal,cust8687_gmail.com,+91 986265435,Other,51,Raipur,Central,Occasional,2024-10-26
8688,William,Mannan,cust8688_gmail.com,+91 825720466,Other,33,Patna,East,New,2025-02-05
8689,Jackson,Dora,cust8689_gmail.com,+91 865274513,Male,51,Surat,West,Regular,2023-06-30
8690,Noah,Chadha,cust8690_hotmail.com,+91 864910883,Female,37,Hyderabad,South,Regular,2026-04-16
8691,Samar,Thakkar,cust8691_gmail.com,+91 856721701,Female,47,Mumbai,West,Regular,2026-01-04
8692,Balveer,Chanda,cust8692_yahoo.com,+91 986453334,Male,25,Pune,West,Regular,2023-12-14
8693,Dalaja,Banerjee,cust8693_gmail.com,+91 956802354,Male,17,Bhopal,Central,Regular,2025-07-08
8694,Chandresh,Wable,cust8694_hotmail.com,+91 879313932,Female,29,Raipur,Central,Occasional,2025-08-18
8695,Ladli,Sachar,cust8695_yahoo.com,+91 823718206,Female,46,Indore,Central,Regular,2023-04-20
8696,Nakul,Guha,cust8696_gmail.com,+91 964738577,Other,36,Mumbai,West,Occasional,2024-07-13
8697,Hritik,Banik,cust8697_hotmail.com,+91 893473987,Male,23,Guwahati,East,Regular,2025-06-08
8698,Ekaraj,Kalla,cust8698_gmail.com,+91 876485210,Other,30,Chandigarh,North,Occasional,2023-08-28
8699,Manya,Jhaveri,cust8699_gmail.com,+91 843781780,Female,52,Bhopal,Central,Regular,2024-05-13
8700,Max,Kaur,cust8700_yahoo.com,+91 818652965,Female,37,New Delhi,North,Occasional,2024-11-18
8701,Mohini,Suresh,cust8701_gmail.com,+91 711610897,Male,56,Chandigarh,North,Occasional,2025-08-30
8702,Ekapad,Sule,cust8702_gmail.com,+91 839960383,Male,48,Nagpur,Central,Regular,2024-04-11
8703,Teerth,Chanda,cust8703_hotmail.com,+91 975584716,Female,27,Surat,West,Regular,2023-01-18
8704,Yashawini,Srinivas,cust8704_yahoo.com,+91 887855354,Other,49,Lucknow,North,Occasional,2023-06-28
8705,Ekani,Balan,cust8705_gmail.com,+91 766634581,Female,16,Jaipur,North,Regular,2023-02-25
8706,Samesh,Dutt,cust8706_gmail.com,+91 818214618,Male,24,Bangalore,South,New,2024-01-07
8707,Yuvraj,Magar,cust8707_yahoo.com,+91 759640271,Other,60,Chandigarh,North,Occasional,2026-03-31
8708,Jhalak,Sani,cust8708_gmail.com,+91 892508611,Female,16,Guwahati,East,Occasional,2025-07-09
8709,Faraj,Kunda,cust8709_hotmail.com,+91 710452133,Female,56,Surat,West,VIP,2025-02-04
8710,Mahika,Pai,cust8710_gmail.com,+91 777769255,Male,41,New Delhi,North,New,2025-01-07
8711,Warhi,Setty,cust8711_yahoo.com,+91 725729717,Male,15,Patna,East,Occasional,2026-01-16
8712,Mitesh,Parmar,cust8712_hotmail.com,+91 987141696,Male,18,Raipur,Central,Occasional,2026-03-12
8713,Tripti,Doshi,cust8713_gmail.com,+91 891965523,Male,29,Hyderabad,South,Occasional,2025-10-11
8714,Krishna,Joshi,cust8714_gmail.com,+91 814749740,Female,31,Surat,West,Occasional,2023-04-27
8715,Atharv,Hayre,cust8715_hotmail.com,+91 954967712,Male,24,Bhubaneswar,East,Regular,2024-09-04
8716,Yahvi,Bose,cust8716_gmail.com,+91 992957434,Male,23,Bangalore,South,VIP,2025-02-11
8717,Christopher,Mutti,cust8717_hotmail.com,+91 753681321,Other,24,Bhubaneswar,East,Regular,2025-10-10
8718,Ria,Balasubramanian,cust8718_gmail.com,+91 815227902,Other,36,Jaipur,North,Regular,2026-03-18
8719,Ladli,Jha,cust8719_gmail.com,+91 791531533,Female,24,Bhubaneswar,East,Regular,2026-03-26
8720,Mohini,Shenoy,cust8720_gmail.com,+91 976940815,Other,55,Ahmedabad,West,New,2024-10-21
8721,Hemani,Mand,cust8721_yahoo.com,+91 764755871,Other,56,Surat,West,Occasional,2023-01-22
8722,Mekhala,Ranganathan,cust8722_hotmail.com,+91 773792429,Other,39,Kochi,South,Occasional,2025-07-16
8723,Yatan,Devan,cust8723_gmail.com,+91 743785219,Other,38,Kochi,South,Regular,2025-07-28
8724,Triya,Bhargava,cust8724_gmail.com,+91 852995566,Other,15,New Delhi,North,VIP,2023-12-05
8725,Hritik,Nadkarni,cust8725_hotmail.com,+91 792332568,Female,36,New Delhi,North,Occasional,2025-02-05
8726,Avi,Tandon,cust8726_gmail.com,+91 777740530,Other,59,New Delhi,North,VIP,2023-01-14
8727,Chanakya,Salvi,cust8727_gmail.com,+91 852558136,Other,20,Jaipur,North,Regular,2024-03-02
8728,Qabil,Kalita,cust8728_yahoo.com,+91 988735862,Male,60,Chandigarh,North,Occasional,2024-01-23
8729,Azaan,Ravi,cust8729_yahoo.com,+91 898355432,Male,23,Nagpur,Central,New,2023-12-01
8730,Vritti,Memon,cust8730_yahoo.com,+91 948259129,Male,60,Kochi,South,Regular,2025-04-10
8731,Reyansh,Garg,cust8731_gmail.com,+91 945381103,Other,50,Nagpur,Central,New,2025-12-16
8732,Gautami,Ahluwalia,cust8732_hotmail.com,+91 929770778,Other,48,Nagpur,Central,Regular,2024-12-28
8733,Quincy,Dhar,cust8733_hotmail.com,+91 992805842,Female,42,Lucknow,North,Regular,2025-02-04
8734,Lohit,Prakash,cust8734_hotmail.com,+91 998590589,Other,23,Jaipur,North,Occasional,2024-05-19
8735,Anusha,Parekh,cust8735_yahoo.com,+91 939298674,Other,55,Mumbai,West,Occasional,2024-06-08
8736,Siddharth,Contractor,cust8736_hotmail.com,+91 714282920,Other,39,Chennai,South,Regular,2023-06-24
8737,Arjun,Kala,cust8737_yahoo.com,+91 938476401,Female,31,Raipur,Central,Occasional,2024-10-15
8738,Noah,Keer,cust8738_yahoo.com,+91 850397470,Female,27,Kolkata,East,Occasional,2025-03-17
8739,Samuel,Suresh,cust8739_gmail.com,+91 944130678,Male,22,Hyderabad,South,Regular,2025-02-08
8740,Reyansh,Dhillon,cust8740_gmail.com,+91 837638247,Female,42,Nagpur,Central,Regular,2024-09-07
8741,Anay,Bali,cust8741_yahoo.com,+91 884631563,Female,39,Hyderabad,South,Occasional,2025-04-06
8742,Warinder,Sabharwal,cust8742_yahoo.com,+91 918146957,Other,37,Chandigarh,North,Regular,2025-12-15
8743,Januja,Venkataraman,cust8743_yahoo.com,+91 884932261,Female,52,Bangalore,South,Occasional,2024-11-12
8744,Oviya,Mahal,cust8744_hotmail.com,+91 958860790,Other,28,Hyderabad,South,Regular,2024-10-04
8745,Varsha,Lata,cust8745_gmail.com,+91 759905354,Male,56,Raipur,Central,Regular,2024-10-31
8746,Vihaan,Swaminathan,cust8746_gmail.com,+91 974394761,Other,52,Nagpur,Central,Occasional,2024-09-02
8747,Balvan,Ratta,cust8747_gmail.com,+91 856640836,Female,44,Lucknow,North,Regular,2023-07-22
8748,Tanvi,Natarajan,cust8748_yahoo.com,+91 913475149,Other,59,Raipur,Central,Regular,2023-06-14
8749,Riya,Srivastava,cust8749_yahoo.com,+91 832400573,Male,19,Mumbai,West,New,2023-09-19
8750,Jairaj,Lad,cust8750_yahoo.com,+91 914124876,Male,27,Kolkata,East,VIP,2023-02-27
8751,Chasmum,Agrawal,cust8751_hotmail.com,+91 927978774,Female,45,Jaipur,North,Regular,2025-03-08
8752,Indrajit,Luthra,cust8752_yahoo.com,+91 777502327,Other,23,Chandigarh,North,Regular,2023-06-10
8753,Fariq,Pingle,cust8753_yahoo.com,+91 940534875,Other,17,Surat,West,Occasional,2026-05-26
8754,Isaiah,Muni,cust8754_hotmail.com,+91 948837759,Other,59,Jaipur,North,Regular,2023-10-04
8755,Ladli,Biswas,cust8755_gmail.com,+91 747870513,Other,55,Pune,West,Regular,2023-11-29
8756,Lakshmi,Dani,cust8756_gmail.com,+91 781683219,Male,28,Kochi,South,Occasional,2024-10-05
8757,Libni,Balasubramanian,cust8757_gmail.com,+91 896234801,Male,49,Patna,East,Regular,2024-04-21
8758,Faqid,Chakraborty,cust8758_hotmail.com,+91 864969651,Other,47,Chandigarh,North,Occasional,2024-08-05
8759,Ojas,Ratta,cust8759_hotmail.com,+91 884394724,Other,30,Ahmedabad,West,Regular,2025-08-01
8760,Anthony,Natarajan,cust8760_yahoo.com,+91 713517970,Male,26,Hyderabad,South,Regular,2026-03-08
8761,Anamika,Raghavan,cust8761_yahoo.com,+91 768391322,Female,36,Indore,Central,Occasional,2024-06-11
8762,Parth,Rao,cust8762_hotmail.com,+91 726614600,Other,31,Surat,West,New,2024-02-06
8763,Ladli,Toor,cust8763_yahoo.com,+91 752117266,Male,33,Chennai,South,VIP,2024-01-19
8764,Vincent,Tata,cust8764_yahoo.com,+91 781745315,Female,60,Indore,Central,New,2026-04-24
8765,Amara,Bala,cust8765_gmail.com,+91 767930338,Male,38,Ahmedabad,West,VIP,2023-05-20
8766,Anjali,Murty,cust8766_yahoo.com,+91 753814803,Other,56,Kochi,South,Regular,2024-03-26
8767,Irya,Roy,cust8767_yahoo.com,+91 756968361,Female,20,Chandigarh,North,Occasional,2024-06-09
8768,Aditya,Kashyap,cust8768_gmail.com,+91 797619562,Other,17,Bhopal,Central,VIP,2023-02-14
8769,George,Sachdev,cust8769_hotmail.com,+91 921321717,Female,52,Jaipur,North,Occasional,2023-05-14
8770,Max,Taneja,cust8770_gmail.com,+91 785797616,Male,60,Hyderabad,South,Regular,2023-08-02
8771,Krisha,Sinha,cust8771_yahoo.com,+91 730249578,Female,41,Ahmedabad,West,Occasional,2023-12-09
8772,Jeremiah,Chaudhary,cust8772_hotmail.com,+91 864107557,Other,59,Chandigarh,North,Regular,2025-12-03
8773,Sai,Johal,cust8773_yahoo.com,+91 814605600,Male,21,Pune,West,Regular,2026-02-03
8774,Vincent,Warrior,cust8774_yahoo.com,+91 741190279,Other,50,Pune,West,Occasional,2026-05-24
8775,Christopher,Nair,cust8775_hotmail.com,+91 775857540,Male,58,Nagpur,Central,New,2025-10-19
8776,Shravya,Bail,cust8776_hotmail.com,+91 735177998,Female,21,Lucknow,North,Occasional,2025-09-07
8777,Aarna,Balan,cust8777_hotmail.com,+91 844625710,Female,32,Patna,East,Regular,2023-10-28
8778,Frederick,Ray,cust8778_hotmail.com,+91 951450124,Female,38,Bhubaneswar,East,Regular,2025-07-28
8779,Bachittar,Comar,cust8779_gmail.com,+91 826444383,Male,47,Lucknow,North,Regular,2024-07-14
8780,Nisha,Lad,cust8780_gmail.com,+91 818181469,Other,34,Mumbai,West,Occasional,2023-10-21
8781,Anvi,Wable,cust8781_hotmail.com,+91 811803403,Other,42,Surat,West,New,2024-01-09
8782,Anita,Gulati,cust8782_hotmail.com,+91 753407769,Female,24,Pune,West,New,2024-01-27
8783,Ubika,Bandi,cust8783_gmail.com,+91 729531102,Other,25,Indore,Central,Occasional,2025-01-06
8784,Osha,Gera,cust8784_yahoo.com,+91 886534808,Female,55,Mumbai,West,Occasional,2025-12-09
8785,Ganga,Nayak,cust8785_hotmail.com,+91 714202632,Female,50,Hyderabad,South,Occasional,2025-06-05
8786,Dalaja,Golla,cust8786_hotmail.com,+91 797713557,Male,42,Kolkata,East,New,2023-07-12
8787,Aadhya,Mane,cust8787_hotmail.com,+91 864992836,Other,56,Jaipur,North,New,2024-07-06
8788,Lila,Sangha,cust8788_hotmail.com,+91 994669178,Female,50,Pune,West,Occasional,2026-03-09
8789,Chaaya,Devi,cust8789_gmail.com,+91 923773553,Female,25,Nagpur,Central,Regular,2024-05-26
8790,Vamakshi,Pandya,cust8790_yahoo.com,+91 931751341,Other,50,Raipur,Central,Occasional,2026-02-26
8791,Vaishnavi,Oza,cust8791_gmail.com,+91 954204129,Male,57,Ahmedabad,West,New,2023-07-22
8792,Abhimanyu,Arora,cust8792_gmail.com,+91 866341150,Female,47,Chennai,South,Occasional,2025-02-16
8793,Ekalinga,Sekhon,cust8793_gmail.com,+91 910641194,Other,26,Lucknow,North,Occasional,2024-10-06
8794,Damini,Shenoy,cust8794_hotmail.com,+91 865114142,Other,20,Kochi,South,Occasional,2024-02-25
8795,Bhavani,Nagar,cust8795_hotmail.com,+91 840746223,Female,19,Lucknow,North,VIP,2025-10-25
8796,Vivaan,Munshi,cust8796_hotmail.com,+91 853567819,Other,53,Nagpur,Central,Occasional,2023-10-14
8797,Nimrat,Kala,cust8797_hotmail.com,+91 728356119,Other,21,Hyderabad,South,Occasional,2023-07-02
8798,Nicholas,Sami,cust8798_yahoo.com,+91 960382661,Female,31,Guwahati,East,Regular,2023-12-21
8799,Yoshita,Sur,cust8799_hotmail.com,+91 748427272,Male,51,Mumbai,West,New,2026-02-11
8800,Chakradhar,Bera,cust8800_gmail.com,+91 711380292,Other,58,Chandigarh,North,New,2023-05-22
8801,Agastya,Shroff,cust8801_hotmail.com,+91 851107677,Other,27,Jaipur,North,VIP,2024-11-22
8802,Jeremiah,Mander,cust8802_hotmail.com,+91 771331449,Other,59,Chandigarh,North,Regular,2023-06-10
8803,Geetika,Sen,cust8803_yahoo.com,+91 871552260,Male,22,Raipur,Central,Regular,2025-10-16
8804,Wriddhish,Baria,cust8804_yahoo.com,+91 832428677,Male,36,Mumbai,West,Regular,2023-04-27
8805,Charvi,Manda,cust8805_gmail.com,+91 888869584,Female,23,Ahmedabad,West,Occasional,2026-04-23
8806,Bhavya,Ghose,cust8806_hotmail.com,+91 751689456,Female,42,Jaipur,North,Regular,2025-12-21
8807,Yatan,Munshi,cust8807_hotmail.com,+91 950117208,Female,34,Bhopal,Central,Occasional,2026-01-01
8808,Mason,Jaggi,cust8808_hotmail.com,+91 813868798,Male,30,New Delhi,North,Regular,2024-06-28
8809,Vasudha,Gara,cust8809_hotmail.com,+91 970507169,Female,55,Surat,West,Occasional,2023-11-28
8810,Urmi,Parmer,cust8810_yahoo.com,+91 734799610,Female,37,Pune,West,Regular,2025-04-10
8811,Vyanjana,Dash,cust8811_hotmail.com,+91 871668800,Female,18,Chennai,South,Regular,2025-10-19
8812,Chanakya,Devi,cust8812_yahoo.com,+91 772403646,Other,39,Kochi,South,Occasional,2023-11-20
8813,Kritika,Mahal,cust8813_hotmail.com,+91 976292684,Female,46,Bhopal,Central,Occasional,2024-05-20
8814,Urmi,Char,cust8814_gmail.com,+91 797513509,Other,35,Surat,West,Occasional,2024-12-09
8815,Zarna,De,cust8815_hotmail.com,+91 855117977,Female,29,Lucknow,North,Regular,2024-06-14
8816,Dhruv,Vohra,cust8816_yahoo.com,+91 891622758,Male,51,Bangalore,South,New,2026-02-06
8817,Arunima,Bora,cust8817_hotmail.com,+91 826796436,Female,47,Pune,West,Occasional,2023-02-28
8818,Vinaya,Dara,cust8818_gmail.com,+91 852795655,Female,24,Surat,West,Occasional,2023-01-04
8819,Jagdish,Borra,cust8819_yahoo.com,+91 712364217,Other,42,Kochi,South,Occasional,2024-10-09
8820,Aarini,Kumar,cust8820_yahoo.com,+91 944271372,Other,22,Bhopal,Central,Occasional,2024-09-15
8821,Finn,Chauhan,cust8821_hotmail.com,+91 985987160,Female,15,Mumbai,West,Regular,2026-01-11
8822,Wridesh,Bhasin,cust8822_hotmail.com,+91 973508229,Male,32,Guwahati,East,VIP,2025-02-23
8823,Janani,Mitter,cust8823_gmail.com,+91 916131789,Male,51,Hyderabad,South,Regular,2024-12-11
8824,Chasmum,Suri,cust8824_gmail.com,+91 829671715,Other,26,Hyderabad,South,Occasional,2026-02-10
8825,Zaitra,Nayar,cust8825_hotmail.com,+91 961793608,Male,25,Kolkata,East,VIP,2026-02-10
8826,Wridesh,Taneja,cust8826_hotmail.com,+91 756563602,Female,29,Chennai,South,Occasional,2023-10-14
8827,Vasudha,Master,cust8827_hotmail.com,+91 839723555,Male,49,Bhubaneswar,East,Occasional,2025-11-05
8828,Warhi,Shanker,cust8828_gmail.com,+91 824932976,Male,48,Indore,Central,New,2025-11-14
8829,Upasna,Dara,cust8829_hotmail.com,+91 730923698,Other,47,Kochi,South,Occasional,2023-03-29
8830,Harini,Kibe,cust8830_gmail.com,+91 785444551,Other,21,Kochi,South,Regular,2023-08-17
8831,Girish,Dugar,cust8831_gmail.com,+91 934128744,Male,38,Bangalore,South,Regular,2024-06-03
8832,Azaan,Gade,cust8832_gmail.com,+91 986513661,Female,52,Mumbai,West,New,2026-03-12
8833,Vasudha,Bhasin,cust8833_hotmail.com,+91 794938659,Other,44,Bhubaneswar,East,Regular,2024-09-22
8834,Nidra,Sabharwal,cust8834_hotmail.com,+91 934873199,Other,49,Bhopal,Central,New,2024-09-27
8835,Manbir,Sani,cust8835_yahoo.com,+91 926969188,Other,35,Bangalore,South,Occasional,2023-01-31
8836,Samar,Kale,cust8836_hotmail.com,+91 936818520,Male,21,Hyderabad,South,New,2026-01-21
8837,Jalsa,Sharaf,cust8837_gmail.com,+91 970703395,Male,45,Patna,East,Regular,2025-10-01
8838,Damyanti,Rau,cust8838_hotmail.com,+91 974944231,Male,18,New Delhi,North,New,2024-09-28
8839,Kiaan,Chopra,cust8839_hotmail.com,+91 718293355,Female,42,Indore,Central,New,2025-04-02
8840,Akshay,Gulati,cust8840_hotmail.com,+91 917205481,Female,49,Nagpur,Central,Occasional,2023-01-02
8841,Urmi,Andra,cust8841_hotmail.com,+91 782525456,Female,25,Raipur,Central,Occasional,2026-03-03
8842,Ansh,Sekhon,cust8842_gmail.com,+91 962530729,Male,48,Bangalore,South,VIP,2025-07-11
8843,Vinaya,Venkatesh,cust8843_gmail.com,+91 966837946,Other,28,Hyderabad,South,Occasional,2024-01-18
8844,Yauvani,Saha,cust8844_hotmail.com,+91 832689121,Female,51,Raipur,Central,VIP,2025-03-30
8845,Radhika,Kar,cust8845_gmail.com,+91 779912314,Male,52,Bhubaneswar,East,New,2025-12-31
8846,Wishi,Banerjee,cust8846_hotmail.com,+91 958597318,Female,36,Chandigarh,North,VIP,2023-02-26
8847,Wahab,Mahajan,cust8847_hotmail.com,+91 911962832,Male,32,Bhopal,Central,Regular,2025-03-10
8848,Mohammed,Saran,cust8848_yahoo.com,+91 926369689,Male,58,Bangalore,South,VIP,2024-02-26
8849,Daksha,Zachariah,cust8849_yahoo.com,+91 932384201,Other,50,Bhubaneswar,East,New,2026-01-27
8850,Patrick,Rout,cust8850_yahoo.com,+91 828131585,Female,58,Chennai,South,New,2024-09-27
8851,Vaishnavi,Mangat,cust8851_hotmail.com,+91 871328850,Male,32,New Delhi,North,Occasional,2023-04-03
8852,Harini,Rana,cust8852_yahoo.com,+91 716628684,Male,38,Kochi,South,Occasional,2024-02-22
8853,Kiaan,Sane,cust8853_yahoo.com,+91 756914176,Other,44,New Delhi,North,Occasional,2024-11-17
8854,Jalsa,Majumdar,cust8854_gmail.com,+91 712517649,Male,41,Raipur,Central,Regular,2024-09-05
8855,Yashvi,Dyal,cust8855_hotmail.com,+91 978710372,Male,19,Bhubaneswar,East,Occasional,2026-04-16
8856,Sanya,Madan,cust8856_yahoo.com,+91 976884287,Female,56,Hyderabad,South,New,2023-06-09
8857,Inaya,Aggarwal,cust8857_gmail.com,+91 915171503,Other,60,Jaipur,North,Occasional,2025-01-10
8858,Damyanti,Nath,cust8858_gmail.com,+91 769369603,Female,43,Mumbai,West,New,2023-10-29
8859,Manthan,Bhat,cust8859_gmail.com,+91 836800540,Other,40,Hyderabad,South,Occasional,2026-03-18
8860,Praneel,Ranganathan,cust8860_hotmail.com,+91 994908773,Other,33,Surat,West,Occasional,2024-11-10
8861,Dalbir,Kalita,cust8861_gmail.com,+91 755119372,Male,39,Mumbai,West,Occasional,2023-12-17
8862,Lopa,Kumer,cust8862_yahoo.com,+91 927558914,Female,40,New Delhi,North,Regular,2026-02-28
8863,Kamya,Savant,cust8863_gmail.com,+91 714565945,Male,38,Raipur,Central,New,2023-09-24
8864,Advaith,Bali,cust8864_yahoo.com,+91 995901306,Female,59,Nagpur,Central,Occasional,2024-01-11
8865,Aarna,Baral,cust8865_hotmail.com,+91 785739225,Male,53,Patna,East,Regular,2026-03-16
8866,Utkarsh,Nayak,cust8866_gmail.com,+91 793361323,Female,30,Surat,West,Occasional,2024-08-15
8867,Yutika,Oza,cust8867_gmail.com,+91 762325138,Male,42,Kolkata,East,Regular,2024-11-03
8868,Manthan,Magar,cust8868_yahoo.com,+91 969760163,Other,40,Kochi,South,Regular,2025-10-02
8869,Varenya,Pillai,cust8869_gmail.com,+91 916756182,Other,50,Raipur,Central,Regular,2024-09-12
8870,Hema,Iyengar,cust8870_yahoo.com,+91 984683305,Female,32,Chandigarh,North,Occasional,2023-07-14
8871,Aryan,Bhatia,cust8871_hotmail.com,+91 872882793,Female,25,Lucknow,North,Regular,2026-03-26
8872,Ishita,Kadakia,cust8872_yahoo.com,+91 791765553,Male,47,Bhubaneswar,East,New,2026-05-25
8873,Nikita,Joshi,cust8873_gmail.com,+91 895164296,Male,43,Kochi,South,Occasional,2026-01-28
8874,Waida,Saraf,cust8874_gmail.com,+91 866864880,Other,22,Bhubaneswar,East,Regular,2023-07-31
8875,Aarna,Dayal,cust8875_gmail.com,+91 983336963,Female,39,Kochi,South,Regular,2023-12-04
8876,Isha,Ratta,cust8876_gmail.com,+91 774625741,Other,45,Bhubaneswar,East,Occasional,2025-04-07
8877,Zinal,Kashyap,cust8877_yahoo.com,+91 823640669,Male,25,New Delhi,North,Occasional,2026-04-16
8878,Theodore,Tank,cust8878_hotmail.com,+91 841341368,Male,33,Kolkata,East,VIP,2023-08-06
8879,Quincy,Nazareth,cust8879_hotmail.com,+91 714175329,Male,51,New Delhi,North,Regular,2023-10-02
8880,Harsh,Banik,cust8880_gmail.com,+91 927252640,Other,54,Kolkata,East,New,2023-11-19
8881,Urishilla,Bera,cust8881_gmail.com,+91 989992598,Other,26,Kolkata,East,New,2023-12-23
8882,Devika,Dhar,cust8882_hotmail.com,+91 935327780,Male,18,Hyderabad,South,New,2025-04-23
8883,Zayan,Bandi,cust8883_gmail.com,+91 779811430,Male,25,Jaipur,North,Regular,2023-11-19
8884,Sanaya,Apte,cust8884_yahoo.com,+91 827233377,Male,21,Mumbai,West,Regular,2026-02-28
8885,Rayaan,Kaul,cust8885_gmail.com,+91 761375919,Male,52,Surat,West,Occasional,2023-11-03
8886,Jatin,Yogi,cust8886_hotmail.com,+91 898544723,Female,16,Bhopal,Central,Occasional,2025-11-26
8887,Avni,Peri,cust8887_yahoo.com,+91 769510699,Other,60,Bangalore,South,Occasional,2023-11-24
8888,Fitan,Datta,cust8888_yahoo.com,+91 796671290,Female,16,Lucknow,North,Occasional,2025-09-12
8889,Vidhi,Arora,cust8889_yahoo.com,+91 926568664,Other,25,Kochi,South,Occasional,2025-09-30
8890,Theodore,Sarraf,cust8890_gmail.com,+91 952318690,Male,48,Raipur,Central,Regular,2024-12-22
8891,Kamya,Comar,cust8891_yahoo.com,+91 766372153,Female,19,Bhubaneswar,East,Occasional,2025-07-09
8892,Lekha,Zachariah,cust8892_gmail.com,+91 778452526,Other,33,Bhubaneswar,East,Regular,2024-10-15
8893,Libni,Merchant,cust8893_yahoo.com,+91 939220249,Female,31,Chandigarh,North,Occasional,2025-10-10
8894,Ishanvi,Mohanty,cust8894_yahoo.com,+91 916499745,Female,35,Bhopal,Central,New,2026-01-01
8895,Maanas,Char,cust8895_yahoo.com,+91 743787671,Female,36,Ahmedabad,West,Regular,2026-02-04
8896,Tristan,Sheth,cust8896_hotmail.com,+91 858173526,Male,26,Hyderabad,South,Occasional,2025-01-30
8897,Nakul,Saran,cust8897_yahoo.com,+91 996665169,Male,53,Hyderabad,South,Occasional,2025-11-04
8898,Ekantika,Jhaveri,cust8898_hotmail.com,+91 943729406,Other,36,Hyderabad,South,Regular,2023-02-16
8899,Shravya,Hora,cust8899_hotmail.com,+91 745249771,Female,18,Lucknow,North,Regular,2023-08-14
8900,Priya,Vig,cust8900_hotmail.com,+91 992890622,Male,54,Guwahati,East,New,2025-07-25
8901,Samarth,Lall,cust8901_hotmail.com,+91 741223747,Other,59,Guwahati,East,Occasional,2024-07-17
8902,Tanay,Barad,cust8902_gmail.com,+91 994932724,Male,36,Guwahati,East,Regular,2023-07-26
8903,Tanmayi,Sidhu,cust8903_hotmail.com,+91 711823262,Male,60,New Delhi,North,New,2025-07-26
8904,Zarna,Kalla,cust8904_hotmail.com,+91 823260588,Other,15,Guwahati,East,Occasional,2025-11-10
8905,Faris,Pradhan,cust8905_gmail.com,+91 771295748,Other,16,Kolkata,East,Occasional,2023-11-25
8906,Nitesh,Chandra,cust8906_hotmail.com,+91 711786138,Male,28,Hyderabad,South,Occasional,2024-01-05
8907,Kavya,Salvi,cust8907_yahoo.com,+91 916151680,Male,26,New Delhi,North,Occasional,2025-03-02
8908,Janani,Buch,cust8908_hotmail.com,+91 779963642,Male,45,Bangalore,South,Occasional,2026-05-24
8909,Ayushman,Datta,cust8909_yahoo.com,+91 769615694,Female,25,Mumbai,West,Regular,2025-11-30
8910,Meghana,Sarin,cust8910_yahoo.com,+91 832853388,Male,23,Mumbai,West,Occasional,2023-01-19
8911,Nidhi,Bansal,cust8911_yahoo.com,+91 971150684,Male,45,Ahmedabad,West,New,2026-02-18
8912,Tanvi,Kapoor,cust8912_yahoo.com,+91 830279826,Other,18,Lucknow,North,Regular,2025-09-30
8913,Omisha,Sinha,cust8913_gmail.com,+91 939580164,Other,59,Hyderabad,South,Regular,2025-02-06
8914,Priya,Koshy,cust8914_gmail.com,+91 842909724,Female,40,Raipur,Central,Regular,2024-04-07
8915,Ishita,Chakraborty,cust8915_hotmail.com,+91 861159419,Female,46,Pune,West,Regular,2025-05-19
8916,Vihaan,Wable,cust8916_yahoo.com,+91 713957729,Male,16,Ahmedabad,West,VIP,2023-01-02
8917,Dayita,Din,cust8917_yahoo.com,+91 718544756,Male,18,Pune,West,Occasional,2023-10-15
8918,Om,Dua,cust8918_gmail.com,+91 915360836,Female,30,Chandigarh,North,VIP,2024-08-15
8919,Indira,Rattan,cust8919_gmail.com,+91 754132615,Other,60,Mumbai,West,Occasional,2024-05-20
8920,Riya,Merchant,cust8920_gmail.com,+91 738893458,Male,46,Ahmedabad,West,Regular,2025-11-17
8921,Oeshi,Kari,cust8921_hotmail.com,+91 740940356,Other,26,Mumbai,West,Occasional,2025-06-08
8922,Aarini,Nayar,cust8922_hotmail.com,+91 794386552,Female,30,Indore,Central,Occasional,2025-07-26
8923,Abhimanyu,Iyer,cust8923_hotmail.com,+91 769693768,Female,60,Indore,Central,Occasional,2024-03-24
8924,Ijaya,Nagi,cust8924_hotmail.com,+91 894442943,Other,46,Indore,Central,Regular,2025-05-24
8925,Oeshi,Pathak,cust8925_yahoo.com,+91 892955201,Other,48,Guwahati,East,Occasional,2024-03-20
8926,Jhalak,Issac,cust8926_gmail.com,+91 933497217,Other,60,Patna,East,Regular,2026-04-24
8927,Dalbir,Varghese,cust8927_yahoo.com,+91 791398779,Female,22,Patna,East,Occasional,2024-12-31
8928,Azad,Bera,cust8928_gmail.com,+91 950678334,Other,24,Patna,East,Occasional,2023-12-04
8929,Gavin,Babu,cust8929_hotmail.com,+91 913443845,Other,35,Ahmedabad,West,Regular,2026-02-20
8930,Unni,Jani,cust8930_yahoo.com,+91 721667286,Other,43,Patna,East,VIP,2023-08-16
8931,Krisha,Kant,cust8931_hotmail.com,+91 963197959,Female,17,Patna,East,Occasional,2025-11-09
8932,Oliver,Panchal,cust8932_hotmail.com,+91 814754600,Female,46,Ahmedabad,West,Occasional,2026-02-28
8933,Triya,Jayaraman,cust8933_hotmail.com,+91 776523610,Other,33,Raipur,Central,Regular,2024-08-29
8934,Quincy,Garde,cust8934_hotmail.com,+91 881624159,Male,34,Chennai,South,Occasional,2025-12-30
8935,Bhavani,Tiwari,cust8935_yahoo.com,+91 755841429,Female,50,Patna,East,VIP,2023-11-14
8936,Tanay,Bhattacharyya,cust8936_yahoo.com,+91 787864443,Female,28,Bangalore,South,VIP,2024-02-21
8937,Mahika,Ahluwalia,cust8937_gmail.com,+91 826168409,Male,47,Bangalore,South,Regular,2025-11-02
8938,Jatin,Bandi,cust8938_hotmail.com,+91 844340888,Male,19,Bhubaneswar,East,Occasional,2025-06-20
8939,Chasmum,Venkataraman,cust8939_yahoo.com,+91 785558892,Male,59,Kochi,South,New,2023-01-17
8940,Arin,Sathe,cust8940_gmail.com,+91 833537765,Female,38,Lucknow,North,Regular,2024-09-07
8941,Mitesh,Sachdev,cust8941_yahoo.com,+91 810939220,Other,51,Surat,West,Occasional,2026-03-04
8942,Sara,Hora,cust8942_hotmail.com,+91 725533100,Other,49,Surat,West,Regular,2024-04-17
8943,Yoshita,Parikh,cust8943_hotmail.com,+91 953263463,Female,34,Chandigarh,North,Occasional,2024-12-29
8944,Ati,Chand,cust8944_yahoo.com,+91 952142643,Male,38,Raipur,Central,Regular,2024-07-18
8945,Dalbir,Bajaj,cust8945_hotmail.com,+91 912983959,Other,27,New Delhi,North,VIP,2024-10-31
8946,Warhi,Chatterjee,cust8946_yahoo.com,+91 821162426,Female,44,Lucknow,North,Occasional,2023-11-04
8947,Jasmit,Chokshi,cust8947_gmail.com,+91 823310871,Other,22,Jaipur,North,Regular,2024-03-30
8948,Inaya,Swaminathan,cust8948_gmail.com,+91 798566178,Other,17,Nagpur,Central,VIP,2024-03-19
8949,Anita,Sahota,cust8949_yahoo.com,+91 765314255,Female,50,Guwahati,East,Occasional,2026-01-16
8950,Charita,Kumer,cust8950_yahoo.com,+91 944829787,Female,36,Kolkata,East,Regular,2025-06-11
8951,Tanay,Kaur,cust8951_hotmail.com,+91 953431765,Other,60,Chandigarh,North,Occasional,2026-05-16
8952,Dakshesh,Nanda,cust8952_gmail.com,+91 833585808,Male,35,Lucknow,North,Occasional,2024-11-15
8953,Ayushman,Narula,cust8953_yahoo.com,+91 891206444,Male,27,Indore,Central,New,2025-02-17
8954,Hemani,Chahal,cust8954_hotmail.com,+91 718490268,Female,29,Bhubaneswar,East,VIP,2024-11-09
8955,Saanvi,Mitter,cust8955_hotmail.com,+91 749790459,Male,56,Jaipur,North,Regular,2023-10-25
8956,Saanvi,Chana,cust8956_hotmail.com,+91 810985950,Male,54,Jaipur,North,Regular,2024-11-29
8957,Yadavi,Khalsa,cust8957_yahoo.com,+91 747706515,Male,27,Bhopal,Central,Occasional,2025-04-01
8958,Yatan,Lalla,cust8958_yahoo.com,+91 942946371,Female,32,Guwahati,East,VIP,2024-02-29
8959,Neha,Trivedi,cust8959_yahoo.com,+91 771883152,Other,39,Bangalore,South,Regular,2023-03-09
8960,Tanish,Thakur,cust8960_gmail.com,+91 984415229,Female,41,Bangalore,South,Occasional,2025-08-19
8961,Nakul,Naik,cust8961_gmail.com,+91 737778684,Male,16,Hyderabad,South,Regular,2024-09-05
8962,Wriddhish,Bath,cust8962_hotmail.com,+91 755723418,Female,59,Lucknow,North,Regular,2023-08-21
8963,Madhavi,Mand,cust8963_yahoo.com,+91 724133443,Male,52,Bangalore,South,Regular,2025-06-05
8964,Noah,Lanka,cust8964_gmail.com,+91 943790387,Male,24,New Delhi,North,Occasional,2026-05-31
8965,Vincent,Parmar,cust8965_yahoo.com,+91 928426525,Male,46,Kochi,South,Regular,2024-04-08
8966,Nidra,Narayan,cust8966_gmail.com,+91 767205268,Other,30,Hyderabad,South,Occasional,2025-03-31
8967,Rachit,Chaudry,cust8967_hotmail.com,+91 810735299,Female,32,Lucknow,North,Regular,2023-06-24
8968,Lopa,Balay,cust8968_gmail.com,+91 745663156,Other,28,Guwahati,East,VIP,2024-07-06
8969,Siya,Bhatt,cust8969_gmail.com,+91 983303120,Female,16,Bhubaneswar,East,Occasional,2025-02-22
8970,Chakradev,Kadakia,cust8970_yahoo.com,+91 996592427,Male,56,Indore,Central,Regular,2025-03-20
8971,Oni,Mannan,cust8971_yahoo.com,+91 744286669,Male,23,Guwahati,East,Regular,2024-04-27
8972,Aadi,Mistry,cust8972_hotmail.com,+91 798357586,Male,20,Ahmedabad,West,Regular,2024-10-25
8973,Daniel,Kala,cust8973_yahoo.com,+91 754182853,Other,27,Patna,East,Occasional,2026-05-31
8974,Aashi,Sastry,cust8974_yahoo.com,+91 882993213,Male,42,Ahmedabad,West,New,2024-09-17
8975,Qushi,Das,cust8975_hotmail.com,+91 942250426,Male,41,New Delhi,North,Occasional,2024-12-14
8976,Finn,Sandhu,cust8976_gmail.com,+91 727750512,Male,49,Raipur,Central,Regular,2026-02-26
8977,Peter,D’Alia,cust8977_yahoo.com,+91 871246585,Male,40,Mumbai,West,New,2023-10-17
8978,Wazir,Ravel,cust8978_hotmail.com,+91 855715111,Female,47,Indore,Central,Regular,2023-03-10
8979,Indali,Rege,cust8979_hotmail.com,+91 737976372,Male,34,Bhopal,Central,Regular,2024-05-01
8980,Ekaraj,Basu,cust8980_gmail.com,+91 846709614,Male,56,Pune,West,Occasional,2025-02-19
8981,Chasmum,Das,cust8981_yahoo.com,+91 874176248,Other,44,Chandigarh,North,Occasional,2026-05-08
8982,Timothy,Kale,cust8982_gmail.com,+91 932250515,Male,54,Indore,Central,Occasional,2025-03-20
8983,Karan,Sagar,cust8983_hotmail.com,+91 787875411,Female,34,New Delhi,North,Regular,2024-08-02
8984,Nandini,Agarwal,cust8984_gmail.com,+91 714532853,Male,36,Pune,West,New,2026-01-15
8985,Yutika,Murthy,cust8985_yahoo.com,+91 855835312,Other,28,Jaipur,North,New,2023-12-14
8986,Aadi,Bal,cust8986_gmail.com,+91 912175301,Other,42,Mumbai,West,Occasional,2026-03-09
8987,Hamsini,Subramaniam,cust8987_gmail.com,+91 826222383,Female,26,Ahmedabad,West,Regular,2025-06-29
8988,Zilmil,Apte,cust8988_gmail.com,+91 781900701,Female,50,Bhopal,Central,VIP,2026-05-11
8989,Ekapad,Gour,cust8989_yahoo.com,+91 932273678,Female,42,Surat,West,Regular,2023-02-18
8990,Udyati,Chandra,cust8990_hotmail.com,+91 912592801,Female,24,Nagpur,Central,Regular,2024-07-03
8991,Kavya,Bhakta,cust8991_yahoo.com,+91 755331146,Other,31,Bhubaneswar,East,Regular,2023-05-24
8992,Gautam,Merchant,cust8992_hotmail.com,+91 969407965,Other,18,Bangalore,South,Regular,2026-03-07
8993,Jack,Gupta,cust8993_yahoo.com,+91 771101999,Other,17,Nagpur,Central,Occasional,2025-06-01
8994,Kashvi,Bansal,cust8994_yahoo.com,+91 740682599,Female,28,Mumbai,West,Regular,2025-08-29
8995,Jai,Chandran,cust8995_hotmail.com,+91 784304780,Other,28,New Delhi,North,New,2024-06-06
8996,Tristan,Sabharwal,cust8996_hotmail.com,+91 940783696,Other,48,Raipur,Central,Occasional,2026-02-23
8997,Finn,Thaker,cust8997_yahoo.com,+91 959733349,Female,40,Indore,Central,Regular,2024-11-11
8998,Waida,Bose,cust8998_yahoo.com,+91 796660688,Other,18,Patna,East,VIP,2026-05-19
8999,Advay,Mukhopadhyay,cust8999_hotmail.com,+91 790264886,Female,21,New Delhi,North,Occasional,2023-01-13
9000,Samar,Gaba,cust9000_hotmail.com,+91 918728601,Female,59,Mumbai,West,Regular,2023-08-18
9001,Jasmit,Badal,cust9001_yahoo.com,+91 897190565,Male,46,Raipur,Central,Regular,2026-01-16
9002,Harrison,Sami,cust9002_gmail.com,+91 956827505,Female,47,Mumbai,West,Occasional,2025-12-26
9003,Thomas,Johal,cust9003_gmail.com,+91 873814686,Female,18,Indore,Central,Occasional,2023-08-27
9004,Robert,Mammen,cust9004_hotmail.com,+91 781909811,Other,49,New Delhi,North,Regular,2023-04-26
9005,Nihal,Deshmukh,cust9005_gmail.com,+91 921355737,Male,26,Guwahati,East,VIP,2024-07-02
9006,Alka,Barman,cust9006_hotmail.com,+91 884963400,Other,39,Kolkata,East,Regular,2025-05-23
9007,Tanay,Sridhar,cust9007_hotmail.com,+91 970692941,Female,44,Kolkata,East,Occasional,2023-03-23
9008,Urishilla,Tandon,cust9008_yahoo.com,+91 944637194,Female,29,Hyderabad,South,Occasional,2023-04-24
9009,Ikshita,Rajan,cust9009_gmail.com,+91 955855979,Other,32,Pune,West,Occasional,2025-03-22
9010,Saumya,Kumer,cust9010_hotmail.com,+91 852337128,Other,34,Lucknow,North,Regular,2026-01-17
9011,Lipika,Ratta,cust9011_gmail.com,+91 940939187,Other,59,Lucknow,North,New,2023-01-11
9012,Pratyush,Sachdeva,cust9012_hotmail.com,+91 985700891,Male,54,Bhubaneswar,East,Regular,2023-04-17
9013,Bachittar,Karpe,cust9013_gmail.com,+91 943146242,Other,52,Kochi,South,Occasional,2023-07-23
9014,Kamala,Borah,cust9014_yahoo.com,+91 881753323,Other,28,Chandigarh,North,Regular,2024-08-26
9015,Vritti,Chander,cust9015_gmail.com,+91 738786978,Male,49,Bangalore,South,Regular,2024-05-08
9016,Jacob,Sankar,cust9016_gmail.com,+91 782222957,Female,36,Nagpur,Central,Regular,2023-06-21
9017,Dev,Bumb,cust9017_gmail.com,+91 977877299,Male,41,Pune,West,Occasional,2025-09-26
9018,Karan,Karpe,cust9018_hotmail.com,+91 791573244,Other,60,Bangalore,South,Regular,2025-11-02
9019,Timothy,Hayre,cust9019_gmail.com,+91 745231151,Male,34,Guwahati,East,Regular,2025-08-12
9020,Ekta,Parikh,cust9020_hotmail.com,+91 927965844,Other,56,Surat,West,Occasional,2023-10-10
9021,Yashoda,Tandon,cust9021_hotmail.com,+91 986682737,Female,55,Patna,East,Occasional,2026-03-04
9022,Krishna,Bhargava,cust9022_yahoo.com,+91 725830628,Other,54,Nagpur,Central,Occasional,2026-01-24
9023,Matthew,Kant,cust9023_gmail.com,+91 833885916,Female,51,Bhopal,Central,Regular,2026-05-09
9024,Bhavani,Om,cust9024_hotmail.com,+91 774770525,Female,38,Guwahati,East,Regular,2026-05-13
9025,Yashasvi,Cheema,cust9025_gmail.com,+91 932696450,Male,60,New Delhi,North,New,2024-10-30
9026,Lila,Chokshi,cust9026_hotmail.com,+91 885296454,Male,38,Kolkata,East,Regular,2025-06-24
9027,Nidhi,Bava,cust9027_yahoo.com,+91 771713805,Female,48,Chandigarh,North,Regular,2026-03-30
9028,Azaan,Padmanabhan,cust9028_gmail.com,+91 980885724,Female,22,Patna,East,New,2024-07-12
9029,Dhruv,Dhaliwal,cust9029_gmail.com,+91 977415485,Male,59,Pune,West,New,2023-05-19
9030,Pahal,Ahuja,cust9030_hotmail.com,+91 842207455,Female,34,Surat,West,Occasional,2023-12-04
9031,Nidhi,Mahal,cust9031_gmail.com,+91 748796404,Other,60,Patna,East,Regular,2023-07-10
9032,Agastya,Kulkarni,cust9032_yahoo.com,+91 913282693,Male,19,New Delhi,North,Regular,2025-12-06
9033,Niharika,Basak,cust9033_hotmail.com,+91 766364613,Male,18,Nagpur,Central,VIP,2026-03-06
9034,Faqid,Tata,cust9034_gmail.com,+91 754494421,Male,23,Surat,West,Regular,2025-12-25
9035,Balvan,Keer,cust9035_yahoo.com,+91 890662118,Other,44,Jaipur,North,Regular,2024-02-03
9036,Eshana,Lall,cust9036_yahoo.com,+91 868104625,Other,30,New Delhi,North,New,2024-10-21
9037,Indira,Balan,cust9037_yahoo.com,+91 968341893,Female,27,Indore,Central,Occasional,2025-05-29
9038,Gaurangi,Thaker,cust9038_gmail.com,+91 988753843,Other,54,Raipur,Central,Occasional,2023-01-18
9039,Karan,Shan,cust9039_yahoo.com,+91 833671860,Male,49,Patna,East,Regular,2024-10-05
9040,Mitali,Sankaran,cust9040_hotmail.com,+91 987273617,Female,46,Jaipur,North,Regular,2024-06-12
9041,Thomas,Pall,cust9041_hotmail.com,+91 784900582,Male,43,New Delhi,North,Occasional,2025-05-16
9042,Banjeet,Sur,cust9042_yahoo.com,+91 747463903,Male,59,Pune,West,Regular,2025-10-12
9043,Anusha,Brar,cust9043_yahoo.com,+91 974872348,Other,26,Patna,East,Occasional,2023-08-09
9044,Amol,Mannan,cust9044_hotmail.com,+91 924141479,Other,44,Raipur,Central,Regular,2023-08-11
9045,Suhani,Savant,cust9045_yahoo.com,+91 778114730,Male,50,Indore,Central,Regular,2024-07-11
9046,Diya,Halder,cust9046_hotmail.com,+91 982663996,Other,56,Kolkata,East,New,2023-10-06
9047,Bhavna,Sha,cust9047_yahoo.com,+91 729620214,Other,34,Indore,Central,New,2026-03-28
9048,Madhavi,Chada,cust9048_hotmail.com,+91 996403133,Male,21,Lucknow,North,Occasional,2026-03-15
9049,Robert,Basu,cust9049_gmail.com,+91 813802886,Other,27,Lucknow,North,Regular,2024-06-20
9050,Bhavika,Tandon,cust9050_gmail.com,+91 717994570,Other,17,Surat,West,Regular,2024-08-30
9051,Nandini,Dasgupta,cust9051_yahoo.com,+91 827847603,Other,43,Bangalore,South,New,2025-03-25
9052,Keya,Venkataraman,cust9052_yahoo.com,+91 962648999,Other,27,Raipur,Central,VIP,2024-03-31
9053,Akshay,Desai,cust9053_hotmail.com,+91 761154726,Female,58,Guwahati,East,Regular,2025-06-23
9054,Kai,Sehgal,cust9054_yahoo.com,+91 896414479,Other,30,Bhopal,Central,Regular,2024-08-24
9055,Jai,Ramakrishnan,cust9055_yahoo.com,+91 880269505,Other,59,Surat,West,VIP,2023-05-12
9056,Mohini,Saran,cust9056_gmail.com,+91 749221560,Other,54,Patna,East,Occasional,2023-08-01
9057,Ranveer,Morar,cust9057_hotmail.com,+91 738449152,Male,16,Bhopal,Central,New,2026-04-08
9058,Joshua,Madan,cust9058_yahoo.com,+91 714284946,Female,48,Guwahati,East,New,2025-03-22
9059,Nitara,Subramanian,cust9059_hotmail.com,+91 945794549,Male,20,Mumbai,West,VIP,2025-05-01
9060,Jeet,Randhawa,cust9060_yahoo.com,+91 769353541,Male,43,Guwahati,East,Occasional,2023-03-13
9061,Nakul,Tank,cust9061_hotmail.com,+91 717789223,Other,60,Hyderabad,South,VIP,2024-08-10
9062,Chakrika,Basu,cust9062_gmail.com,+91 855778206,Other,30,Ahmedabad,West,VIP,2025-02-01
9063,Januja,Tank,cust9063_gmail.com,+91 712957656,Female,19,Bangalore,South,Regular,2023-04-08
9064,Gabriel,Divan,cust9064_yahoo.com,+91 753120237,Male,44,Mumbai,West,Occasional,2023-11-17
9065,Anusha,Gola,cust9065_gmail.com,+91 765185976,Female,53,Surat,West,Regular,2023-08-18
9066,Max,Om,cust9066_hotmail.com,+91 799266608,Female,27,Pune,West,New,2024-06-12
9067,Bahadurjit,Acharya,cust9067_hotmail.com,+91 928397299,Other,34,Nagpur,Central,Occasional,2024-08-29
9068,Dayamai,Ramakrishnan,cust9068_gmail.com,+91 775439558,Other,39,Hyderabad,South,New,2024-05-13
9069,Pranit,Chokshi,cust9069_yahoo.com,+91 740689184,Female,41,Hyderabad,South,Occasional,2024-12-04
9070,Harinakshi,Doctor,cust9070_gmail.com,+91 749646982,Male,57,Chennai,South,Occasional,2023-03-29
9071,Jagvi,Kari,cust9071_yahoo.com,+91 860626556,Male,59,Ahmedabad,West,Occasional,2025-08-30
9072,Gagan,Guha,cust9072_hotmail.com,+91 936458973,Female,45,New Delhi,North,Occasional,2023-11-06
9073,Yutika,Magar,cust9073_yahoo.com,+91 849195345,Male,44,Bhopal,Central,New,2023-07-04
9074,Anay,Narayan,cust9074_hotmail.com,+91 732549185,Other,40,Hyderabad,South,New,2024-10-04
9075,Victor,Mani,cust9075_hotmail.com,+91 889442926,Other,56,Bangalore,South,Occasional,2025-08-26
9076,Xavier,Doctor,cust9076_gmail.com,+91 943176878,Female,58,New Delhi,North,VIP,2023-08-21
9077,Jatin,Ahuja,cust9077_hotmail.com,+91 916982977,Male,19,Kolkata,East,Regular,2026-02-01
9078,Manan,Madan,cust9078_yahoo.com,+91 949904916,Female,46,Jaipur,North,Occasional,2023-05-13
9079,Upkaar,Chopra,cust9079_yahoo.com,+91 946618684,Female,59,Kochi,South,New,2026-03-02
9080,Falan,Mand,cust9080_gmail.com,+91 731444147,Other,51,Kolkata,East,Regular,2025-12-20
9081,Vedika,Vala,cust9081_gmail.com,+91 981898193,Other,28,Surat,West,Regular,2025-04-16
9082,Ronith,Shroff,cust9082_yahoo.com,+91 820424868,Male,45,Pune,West,VIP,2024-02-17
9083,Matthew,Modi,cust9083_gmail.com,+91 717874372,Male,40,Nagpur,Central,Occasional,2025-07-08
9084,Manthan,Char,cust9084_gmail.com,+91 724124789,Female,34,Pune,West,Occasional,2026-03-20
9085,Manan,Kari,cust9085_gmail.com,+91 923819932,Other,33,Guwahati,East,Occasional,2024-10-25
9086,Vyanjana,Varughese,cust9086_gmail.com,+91 754163181,Female,29,Pune,West,Occasional,2023-12-04
9087,Ikbal,Aurora,cust9087_gmail.com,+91 896885777,Other,38,Kolkata,East,Regular,2025-02-19
9088,Leela,Dora,cust9088_yahoo.com,+91 956272325,Other,35,Ahmedabad,West,Regular,2025-11-23
9089,Nilima,Padmanabhan,cust9089_yahoo.com,+91 950473103,Male,37,Raipur,Central,Occasional,2023-09-10
9090,Radhika,Kalla,cust9090_hotmail.com,+91 710631598,Male,56,Chennai,South,New,2025-03-17
9091,Janaki,Thaman,cust9091_yahoo.com,+91 982273276,Male,54,Ahmedabad,West,New,2024-05-31
9092,Barkha,Palan,cust9092_gmail.com,+91 831711561,Female,25,Chennai,South,Regular,2024-12-02
9093,Tanay,Mital,cust9093_hotmail.com,+91 857833719,Female,52,Pune,West,Regular,2024-10-09
9094,Maanas,Hayre,cust9094_hotmail.com,+91 876861483,Male,36,Kochi,South,Occasional,2025-03-22
9095,Wakeeta,Dixit,cust9095_yahoo.com,+91 913723843,Male,56,Jaipur,North,Regular,2026-03-22
9096,Chakrika,Grewal,cust9096_gmail.com,+91 878997261,Other,49,Kochi,South,Regular,2024-04-27
9097,Ekanta,Jain,cust9097_yahoo.com,+91 889125375,Other,17,Jaipur,North,Regular,2025-09-20
9098,Ekansh,Shukla,cust9098_hotmail.com,+91 824110255,Male,29,Lucknow,North,Occasional,2023-07-01
9099,Rachit,Bakshi,cust9099_yahoo.com,+91 716859212,Other,19,New Delhi,North,Regular,2025-11-21
9100,Zaid,Krishnamurthy,cust9100_yahoo.com,+91 978665519,Male,47,Patna,East,Regular,2023-03-13
9101,Victor,Vyas,cust9101_gmail.com,+91 961594305,Female,32,Guwahati,East,Occasional,2024-07-21
9102,Urmi,Dutt,cust9102_gmail.com,+91 783922931,Other,20,Lucknow,North,Regular,2025-03-04
9103,Ridhi,Ranganathan,cust9103_yahoo.com,+91 799889773,Female,40,New Delhi,North,VIP,2024-02-11
9104,Ladli,Radhakrishnan,cust9104_hotmail.com,+91 744877343,Other,41,Surat,West,Occasional,2024-11-06
9105,Kabir,Zachariah,cust9105_hotmail.com,+91 994930489,Female,54,Ahmedabad,West,Regular,2023-03-10
9106,Chandani,Nagi,cust9106_hotmail.com,+91 711520553,Other,15,Bangalore,South,Occasional,2025-02-08
9107,Xiti,Sekhon,cust9107_gmail.com,+91 914334275,Male,41,Lucknow,North,Occasional,2025-12-17
9108,Kai,Bhakta,cust9108_hotmail.com,+91 981572205,Male,17,Lucknow,North,Regular,2026-01-28
9109,Dhriti,Johal,cust9109_gmail.com,+91 861334644,Female,51,Ahmedabad,West,Occasional,2025-01-04
9110,Tanveer,Ramakrishnan,cust9110_hotmail.com,+91 814167415,Other,31,Hyderabad,South,Occasional,2025-11-28
9111,Ranveer,Chauhan,cust9111_yahoo.com,+91 799762773,Other,36,Raipur,Central,Occasional,2024-07-13
9112,Laban,Randhawa,cust9112_gmail.com,+91 752375212,Other,42,Chennai,South,Regular,2026-04-22
9113,Bakhshi,Srivastava,cust9113_yahoo.com,+91 814882101,Female,41,Bhopal,Central,Occasional,2023-05-29
9114,Fitan,Kurian,cust9114_yahoo.com,+91 834725770,Male,16,Bhopal,Central,Occasional,2026-01-10
9115,Aarush,Dara,cust9115_gmail.com,+91 963826595,Male,60,Lucknow,North,Occasional,2023-12-08
9116,Finn,Mall,cust9116_yahoo.com,+91 978826681,Female,18,Mumbai,West,Regular,2024-08-25
9117,Lucky,Raja,cust9117_yahoo.com,+91 940594466,Male,56,Bangalore,South,Occasional,2024-07-06
9118,Triya,Muni,cust9118_yahoo.com,+91 910806202,Male,23,Indore,Central,Regular,2024-07-01
9119,Tanay,Biswas,cust9119_hotmail.com,+91 951998573,Female,19,Lucknow,North,Occasional,2023-11-15
9120,Varenya,Chatterjee,cust9120_gmail.com,+91 733980710,Male,16,Chennai,South,Regular,2026-05-21
9121,Janani,Karan,cust9121_gmail.com,+91 952317525,Other,19,Kolkata,East,VIP,2025-11-27
9122,Aradhana,Seshadri,cust9122_gmail.com,+91 885486592,Female,15,Kolkata,East,Regular,2024-01-13
9123,Rachana,Sibal,cust9123_gmail.com,+91 823581592,Male,30,Indore,Central,New,2025-08-24
9124,Aryan,Bath,cust9124_hotmail.com,+91 951830998,Other,56,Kochi,South,Regular,2023-05-24
9125,Chasmum,Kara,cust9125_yahoo.com,+91 926614707,Female,33,New Delhi,North,VIP,2023-11-17
9126,Watika,Patla,cust9126_hotmail.com,+91 774464480,Male,23,Raipur,Central,Occasional,2024-04-13
9127,Ishani,Sachdev,cust9127_hotmail.com,+91 972652549,Female,54,Guwahati,East,Occasional,2026-01-10
9128,Yashawini,Chanda,cust9128_yahoo.com,+91 825182533,Other,57,Lucknow,North,Occasional,2023-04-17
9129,Netra,Bera,cust9129_hotmail.com,+91 836395121,Male,55,Kolkata,East,New,2025-03-05
9130,Jack,Peri,cust9130_hotmail.com,+91 764963716,Female,54,Pune,West,Regular,2023-07-23
9131,Mitesh,Tata,cust9131_hotmail.com,+91 862628537,Other,54,Raipur,Central,Occasional,2025-07-06
9132,Teerth,Shan,cust9132_yahoo.com,+91 932615925,Female,22,New Delhi,North,Regular,2024-02-01
9133,Yutika,Datta,cust9133_yahoo.com,+91 773704986,Male,60,Lucknow,North,Occasional,2023-12-08
9134,Chakradev,Kade,cust9134_gmail.com,+91 971143315,Female,50,Mumbai,West,Regular,2024-03-24
9135,Naveen,Ganesh,cust9135_gmail.com,+91 722174478,Male,37,New Delhi,North,Regular,2023-07-02
9136,Ekanta,Lalla,cust9136_hotmail.com,+91 938112803,Male,57,Kolkata,East,Regular,2023-12-22
9137,Reva,Atwal,cust9137_yahoo.com,+91 742454486,Other,15,Mumbai,West,Occasional,2023-03-05
9138,Samuel,Dalal,cust9138_yahoo.com,+91 713222301,Male,17,Nagpur,Central,Regular,2024-11-30
9139,Tejas,Randhawa,cust9139_hotmail.com,+91 941765455,Other,32,Hyderabad,South,VIP,2026-02-10
9140,Dayita,Sharaf,cust9140_yahoo.com,+91 735883673,Male,31,Surat,West,New,2024-12-20
9141,Watika,Kumer,cust9141_gmail.com,+91 969665175,Male,23,Surat,West,Occasional,2026-01-28
9142,Andrew,Kant,cust9142_yahoo.com,+91 950755951,Other,59,Raipur,Central,Regular,2024-12-14
9143,Nirja,Pandit,cust9143_yahoo.com,+91 946680489,Female,18,Mumbai,West,Occasional,2024-08-21
9144,Aarush,Sengupta,cust9144_yahoo.com,+91 965519372,Female,46,Kolkata,East,Regular,2023-01-20
9145,Liam,Edwin,cust9145_hotmail.com,+91 961757938,Female,50,Pune,West,Regular,2026-01-18
9146,Jai,Golla,cust9146_hotmail.com,+91 968449209,Female,58,Nagpur,Central,Regular,2023-08-29
9147,Joshua,Dara,cust9147_hotmail.com,+91 875337251,Male,42,Kolkata,East,Occasional,2025-09-29
9148,Yahvi,Sagar,cust9148_hotmail.com,+91 765337858,Female,18,Patna,East,VIP,2023-11-27
9149,Vasana,Lal,cust9149_yahoo.com,+91 715729444,Other,54,Bhopal,Central,Regular,2023-09-14
9150,Pooja,Lal,cust9150_hotmail.com,+91 939283646,Other,36,Bhopal,Central,Occasional,2023-07-27
9151,Tanveer,Jha,cust9151_gmail.com,+91 824177537,Female,59,Patna,East,VIP,2026-05-12
9152,Chandani,Parsa,cust9152_hotmail.com,+91 750769196,Female,28,Chandigarh,North,Occasional,2023-01-18
9153,Raagini,Ganesan,cust9153_hotmail.com,+91 788889301,Female,39,Hyderabad,South,Occasional,2025-06-29
9154,Balhaar,Ratti,cust9154_yahoo.com,+91 988729495,Female,18,Bhopal,Central,Regular,2026-03-27
9155,Mekhala,Bali,cust9155_yahoo.com,+91 928424248,Other,39,Lucknow,North,Occasional,2025-10-22
9156,Indira,Kata,cust9156_gmail.com,+91 774613483,Other,20,Kolkata,East,Regular,2025-04-23
9157,Samaksh,Krishnan,cust9157_hotmail.com,+91 948953627,Male,44,Bhubaneswar,East,New,2023-10-10
9158,Samesh,Oak,cust9158_hotmail.com,+91 920750578,Other,49,Bhopal,Central,VIP,2024-02-16
9159,Aradhana,Chand,cust9159_gmail.com,+91 756360466,Female,60,Guwahati,East,Occasional,2026-02-03
9160,Dayamai,Sant,cust9160_yahoo.com,+91 966153127,Male,20,Chandigarh,North,New,2025-03-20
9161,Mitesh,Lal,cust9161_gmail.com,+91 733108164,Male,41,Bhubaneswar,East,Regular,2023-06-02
9162,Ayush,Ramachandran,cust9162_hotmail.com,+91 740514417,Other,56,Guwahati,East,Regular,2023-07-03
9163,Unni,Chakrabarti,cust9163_yahoo.com,+91 944281930,Female,21,Ahmedabad,West,Occasional,2024-01-01
9164,Anirudh,Mohanty,cust9164_hotmail.com,+91 842937204,Male,31,Chennai,South,Regular,2026-03-22
9165,Umang,Puri,cust9165_yahoo.com,+91 869338509,Male,27,Lucknow,North,New,2026-01-08
9166,Girish,Chacko,cust9166_hotmail.com,+91 721144826,Female,31,Mumbai,West,Occasional,2025-08-30
9167,Hamsini,Palla,cust9167_yahoo.com,+91 838191134,Female,17,New Delhi,North,Regular,2024-09-30
9168,Kashish,Kuruvilla,cust9168_gmail.com,+91 857400817,Female,45,Indore,Central,Regular,2026-02-20
9169,Yatin,Tata,cust9169_hotmail.com,+91 754678429,Male,19,Chandigarh,North,Occasional,2023-04-24
9170,Rudra,Chawla,cust9170_gmail.com,+91 998205584,Female,24,Nagpur,Central,Occasional,2026-03-18
9171,Nimrat,Hari,cust9171_hotmail.com,+91 824724715,Male,24,Kolkata,East,Regular,2026-03-31
9172,Gayathri,Taneja,cust9172_gmail.com,+91 972651963,Other,27,Mumbai,West,Occasional,2024-09-03
9173,Mugdha,Shenoy,cust9173_yahoo.com,+91 856453772,Male,54,Hyderabad,South,New,2025-01-29
9174,Waida,Soni,cust9174_yahoo.com,+91 755451234,Male,60,Guwahati,East,Regular,2025-03-18
9175,Shaurya,Patel,cust9175_hotmail.com,+91 965201774,Female,46,Hyderabad,South,Regular,2024-07-22
9176,Ekbal,Joshi,cust9176_yahoo.com,+91 778146664,Male,37,New Delhi,North,Occasional,2024-10-22
9177,Vedika,Kurian,cust9177_hotmail.com,+91 793704377,Female,49,Mumbai,West,Occasional,2023-05-19
9178,Hiral,Kannan,cust9178_hotmail.com,+91 999217194,Male,51,Bhopal,Central,Occasional,2023-04-24
9179,Chameli,Gola,cust9179_yahoo.com,+91 814477241,Female,58,Patna,East,Regular,2023-02-06
9180,Vyanjana,De,cust9180_gmail.com,+91 959124747,Male,36,Bhubaneswar,East,Regular,2026-05-06
9181,Agastya,Suri,cust9181_yahoo.com,+91 716623662,Other,54,Hyderabad,South,Regular,2023-11-08
9182,Januja,Bala,cust9182_gmail.com,+91 897282610,Female,35,New Delhi,North,VIP,2023-06-28
9183,Falan,Bumb,cust9183_gmail.com,+91 831256717,Other,49,Patna,East,New,2023-05-26
9184,Hitesh,Natt,cust9184_yahoo.com,+91 841621500,Male,35,Chennai,South,New,2025-08-05
9185,Aadi,Morar,cust9185_yahoo.com,+91 881372631,Male,59,Jaipur,North,Regular,2025-03-27
9186,Rushil,Sachar,cust9186_yahoo.com,+91 944402382,Male,42,Lucknow,North,Occasional,2023-10-12
9187,Naksh,Borde,cust9187_yahoo.com,+91 749445851,Female,46,Bangalore,South,Occasional,2025-02-14
9188,Agastya,Chahal,cust9188_gmail.com,+91 834886189,Male,30,Raipur,Central,New,2025-06-27
9189,Meera,Chatterjee,cust9189_yahoo.com,+91 723758621,Other,17,Bhopal,Central,Occasional,2026-02-01
9190,Zashil,Sharma,cust9190_hotmail.com,+91 768381319,Other,48,Hyderabad,South,New,2026-04-22
9191,Andrew,Muni,cust9191_hotmail.com,+91 739239186,Other,57,Patna,East,Regular,2025-07-29
9192,Gaurav,Oommen,cust9192_yahoo.com,+91 891971566,Female,30,Lucknow,North,Occasional,2026-05-28
9193,Avi,Raj,cust9193_yahoo.com,+91 768241910,Male,43,Guwahati,East,Regular,2023-12-15
9194,Lakshmi,Shenoy,cust9194_hotmail.com,+91 890437757,Other,53,Raipur,Central,New,2025-08-10
9195,Lila,Seth,cust9195_gmail.com,+91 813476779,Female,45,Hyderabad,South,Occasional,2023-12-26
9196,Meera,Dani,cust9196_gmail.com,+91 798192197,Male,53,Lucknow,North,Regular,2023-02-26
9197,Pratyush,Hari,cust9197_yahoo.com,+91 937505829,Other,48,Lucknow,North,New,2026-05-29
9198,Rachana,Mody,cust9198_gmail.com,+91 791251386,Female,56,Mumbai,West,New,2023-10-09
9199,Oscar,Bhandari,cust9199_yahoo.com,+91 758564361,Other,42,Ahmedabad,West,Occasional,2025-11-13
9200,Lila,Sarna,cust9200_gmail.com,+91 732875234,Female,25,Chennai,South,Occasional,2025-03-01
9201,Janani,Singh,cust9201_gmail.com,+91 711289788,Male,46,Patna,East,Regular,2024-02-19
9202,Januja,Pathak,cust9202_hotmail.com,+91 880395109,Female,56,Bangalore,South,VIP,2025-10-29
9203,Rohan,Dugar,cust9203_yahoo.com,+91 846380502,Male,26,Ahmedabad,West,Occasional,2024-11-20
9204,Abhimanyu,Dani,cust9204_gmail.com,+91 773257595,Other,26,Patna,East,Regular,2024-12-26
9205,Gautami,Morar,cust9205_hotmail.com,+91 867271799,Female,16,Hyderabad,South,Regular,2025-11-24
9206,Gopal,Shukla,cust9206_hotmail.com,+91 772492924,Female,24,Nagpur,Central,Occasional,2025-08-18
9207,Samesh,Goswami,cust9207_hotmail.com,+91 883718414,Other,50,Chennai,South,Regular,2025-02-14
9208,Aayush,Samra,cust9208_hotmail.com,+91 959473477,Female,53,Kochi,South,Occasional,2024-10-04
9209,Niharika,Trivedi,cust9209_hotmail.com,+91 713103618,Male,58,Bhubaneswar,East,Occasional,2024-06-12
9210,Osha,Bhatnagar,cust9210_gmail.com,+91 828325443,Male,53,Kolkata,East,Occasional,2025-12-04
9211,Hemal,Som,cust9211_gmail.com,+91 933787971,Male,31,Patna,East,Occasional,2026-03-20
9212,Xiti,Radhakrishnan,cust9212_yahoo.com,+91 884429964,Other,40,Surat,West,New,2024-06-22
9213,Chaaya,Kala,cust9213_hotmail.com,+91 963111288,Female,57,Bhubaneswar,East,VIP,2025-07-07
9214,Nirja,Mahal,cust9214_yahoo.com,+91 950181343,Female,18,Patna,East,Occasional,2023-10-30
9215,Charan,Ganguly,cust9215_yahoo.com,+91 938399823,Female,48,Jaipur,North,Occasional,2025-02-09
9216,Mason,Suri,cust9216_yahoo.com,+91 819886670,Other,33,Bhubaneswar,East,Occasional,2023-11-08
9217,Panini,Panchal,cust9217_hotmail.com,+91 945695752,Female,35,Kochi,South,Regular,2025-02-04
9218,Aishani,Natt,cust9218_hotmail.com,+91 844733402,Female,20,Lucknow,North,Regular,2024-09-03
9219,Lila,Rajan,cust9219_hotmail.com,+91 925449782,Female,15,Bhubaneswar,East,Regular,2024-11-21
9220,Alka,Savant,cust9220_hotmail.com,+91 979856481,Male,57,Chennai,South,New,2024-02-07
9221,Ikshita,Pandya,cust9221_hotmail.com,+91 920176489,Female,59,Raipur,Central,Regular,2023-05-02
9222,William,Maharaj,cust9222_yahoo.com,+91 917966636,Female,43,New Delhi,North,Regular,2026-02-20
9223,Ekaja,Banik,cust9223_hotmail.com,+91 845667873,Female,16,Indore,Central,VIP,2024-01-28
9224,Kai,Kulkarni,cust9224_gmail.com,+91 777779113,Other,60,Raipur,Central,Regular,2025-09-18
9225,Janya,Khurana,cust9225_yahoo.com,+91 883115851,Male,53,Patna,East,Occasional,2026-04-18
9226,Omkaar,Ahluwalia,cust9226_hotmail.com,+91 844716560,Male,47,Chennai,South,Regular,2025-02-08
9227,Anjali,Viswanathan,cust9227_hotmail.com,+91 918479445,Male,19,Pune,West,Regular,2026-01-31
9228,Divya,Karan,cust9228_hotmail.com,+91 939857601,Other,23,Chennai,South,Occasional,2024-09-10
9229,Aarna,Natarajan,cust9229_gmail.com,+91 836134197,Male,40,Pune,West,VIP,2025-08-26
9230,Ridhi,Palla,cust9230_yahoo.com,+91 973479739,Male,53,Kochi,South,Occasional,2024-01-04
9231,Bachittar,Subramaniam,cust9231_hotmail.com,+91 949499742,Other,48,Patna,East,New,2025-05-10
9232,Kavya,Karpe,cust9232_hotmail.com,+91 813479117,Female,57,Nagpur,Central,New,2023-01-12
9233,Rushil,Walla,cust9233_yahoo.com,+91 983582469,Female,60,Surat,West,Regular,2023-12-02
9234,Ranbir,Grover,cust9234_hotmail.com,+91 920645641,Other,55,Bhopal,Central,New,2024-09-17
9235,Jai,Kota,cust9235_yahoo.com,+91 845612961,Male,31,Lucknow,North,Regular,2025-08-01
9236,Ladli,Mitter,cust9236_hotmail.com,+91 799956647,Other,52,Pune,West,New,2025-07-22
9237,Brijesh,Malhotra,cust9237_gmail.com,+91 935151554,Female,39,Mumbai,West,Occasional,2025-03-26
9238,Timothy,Shanker,cust9238_gmail.com,+91 827508124,Female,24,Bangalore,South,Occasional,2025-01-07
9239,Anvi,Chahal,cust9239_yahoo.com,+91 721595834,Other,29,Pune,West,Occasional,2023-03-28
9240,Libni,Kamdar,cust9240_gmail.com,+91 829850561,Other,31,Nagpur,Central,Regular,2023-01-03
9241,Aarini,Balan,cust9241_yahoo.com,+91 814553122,Other,19,Bhubaneswar,East,Regular,2026-01-02
9242,Chakradev,Dhaliwal,cust9242_yahoo.com,+91 751843424,Male,16,Pune,West,Regular,2023-06-10
9243,Zaitra,Karpe,cust9243_hotmail.com,+91 924153944,Female,57,Lucknow,North,New,2024-07-14
9244,Rachana,Jha,cust9244_gmail.com,+91 914256103,Other,22,Bangalore,South,Occasional,2024-12-03
9245,Megha,Sibal,cust9245_yahoo.com,+91 756622618,Male,41,Lucknow,North,Occasional,2024-03-28
9246,Prisha,Lata,cust9246_hotmail.com,+91 792265420,Male,17,Surat,West,Occasional,2025-10-03
9247,Meera,Sankaran,cust9247_hotmail.com,+91 979614432,Male,36,New Delhi,North,Regular,2026-05-10
9248,Yug,Kamdar,cust9248_gmail.com,+91 998239601,Male,17,Chandigarh,North,Regular,2023-02-28
9249,Ronith,Som,cust9249_yahoo.com,+91 882230885,Male,43,Kolkata,East,Occasional,2025-01-24
9250,Gautami,Din,cust9250_gmail.com,+91 733561212,Female,49,Kolkata,East,New,2023-06-23
9251,Bhanumati,Boase,cust9251_gmail.com,+91 716627785,Male,32,Bangalore,South,New,2026-01-05
9252,Ansh,Gola,cust9252_hotmail.com,+91 814983108,Female,28,Pune,West,Regular,2023-05-18
9253,Rajata,Basu,cust9253_yahoo.com,+91 950604493,Female,33,Jaipur,North,Occasional,2025-01-29
9254,Imaran,Narang,cust9254_gmail.com,+91 759816869,Other,57,Guwahati,East,Occasional,2025-04-08
9255,Chandani,Vasa,cust9255_yahoo.com,+91 998848181,Female,41,New Delhi,North,Occasional,2024-08-31
9256,Triya,Soni,cust9256_hotmail.com,+91 895742321,Female,26,Surat,West,Regular,2025-07-08
9257,Upasna,Jain,cust9257_hotmail.com,+91 927710550,Other,47,Bangalore,South,Occasional,2025-09-11
9258,Warinder,Bains,cust9258_yahoo.com,+91 929399479,Other,48,Guwahati,East,Occasional,2023-11-01
9259,Adya,Krishnamurthy,cust9259_gmail.com,+91 865286536,Male,29,Nagpur,Central,Regular,2023-05-16
9260,Sanya,Prabhu,cust9260_yahoo.com,+91 947437277,Other,34,Ahmedabad,West,VIP,2024-05-14
9261,Urvashi,Wable,cust9261_hotmail.com,+91 878301891,Male,27,Ahmedabad,West,Regular,2026-01-01
9262,Harita,Bajaj,cust9262_yahoo.com,+91 949578282,Male,56,Pune,West,Regular,2023-11-23
9263,Qadim,Rout,cust9263_gmail.com,+91 767150433,Male,36,Indore,Central,Regular,2025-11-04
9264,Unni,Balakrishnan,cust9264_hotmail.com,+91 821882277,Female,31,Jaipur,North,Regular,2023-10-16
9265,Upma,Natt,cust9265_yahoo.com,+91 990263130,Other,45,Lucknow,North,Occasional,2024-09-18
9266,Upma,Bhasin,cust9266_yahoo.com,+91 759941972,Other,58,Lucknow,North,Regular,2026-03-20
9267,Jagdish,Dutta,cust9267_hotmail.com,+91 863298414,Other,55,Kochi,South,New,2023-05-13
9268,William,Rastogi,cust9268_gmail.com,+91 897249723,Other,35,Pune,West,New,2023-10-11
9269,Imaran,Datta,cust9269_gmail.com,+91 922253126,Other,22,Jaipur,North,Regular,2023-12-06
9270,Triya,Kulkarni,cust9270_yahoo.com,+91 960624446,Other,38,Kochi,South,Occasional,2025-02-03
9271,Chameli,Chaudry,cust9271_hotmail.com,+91 719857189,Other,45,Bhubaneswar,East,New,2025-07-18
9272,Sarthak,Kothari,cust9272_yahoo.com,+91 774215986,Male,18,Indore,Central,Regular,2026-02-17
9273,Xiti,Sehgal,cust9273_gmail.com,+91 741155486,Other,34,Bhopal,Central,Occasional,2024-09-30
9274,Yashasvi,Apte,cust9274_yahoo.com,+91 912268865,Female,20,Chandigarh,North,Regular,2024-06-03
9275,Dominic,Basu,cust9275_hotmail.com,+91 934382101,Female,21,Bangalore,South,VIP,2025-06-18
9276,Nidhi,Patla,cust9276_gmail.com,+91 911233224,Female,17,Patna,East,Occasional,2026-05-31
9277,Prisha,Loke,cust9277_gmail.com,+91 965804101,Male,47,Pune,West,Regular,2023-02-16
9278,Balendra,Sha,cust9278_hotmail.com,+91 741482295,Other,52,Bhopal,Central,Occasional,2025-02-09
9279,Charvi,Sastry,cust9279_hotmail.com,+91 925625956,Other,45,Mumbai,West,Regular,2023-11-15
9280,Amruta,Vala,cust9280_gmail.com,+91 739916184,Other,44,Pune,West,Regular,2026-02-09
9281,Vedant,Kumar,cust9281_hotmail.com,+91 724216471,Female,52,Jaipur,North,New,2023-01-17
9282,Indali,Shere,cust9282_gmail.com,+91 848708799,Other,19,Nagpur,Central,Occasional,2026-04-09
9283,Falguni,Mane,cust9283_hotmail.com,+91 953450605,Other,40,Kolkata,East,Regular,2024-11-03
9284,Abhimanyu,Manne,cust9284_yahoo.com,+91 838213537,Male,32,Chandigarh,North,VIP,2025-11-19
9285,Kai,Srinivas,cust9285_gmail.com,+91 783322155,Female,32,Hyderabad,South,Regular,2025-08-21
9286,Dalbir,Anne,cust9286_gmail.com,+91 926729922,Male,50,Bhubaneswar,East,Regular,2025-03-09
9287,Siya,Toor,cust9287_gmail.com,+91 913975443,Female,31,Kochi,South,Regular,2023-07-02
9288,Madhavi,Kunda,cust9288_gmail.com,+91 913232605,Female,44,Bangalore,South,New,2026-05-15
9289,Fitan,Sangha,cust9289_yahoo.com,+91 997568782,Other,47,Bangalore,South,Occasional,2026-02-22
9290,Zilmil,Nanda,cust9290_hotmail.com,+91 875258885,Other,39,Patna,East,Regular,2026-03-02
9291,Yadavi,Loke,cust9291_yahoo.com,+91 931313482,Male,33,Jaipur,North,Occasional,2025-08-27
9292,Benjamin,Mutti,cust9292_hotmail.com,+91 750332732,Female,39,Kochi,South,Regular,2024-02-20
9293,Tanveer,Bajwa,cust9293_gmail.com,+91 785436302,Male,15,Bhopal,Central,Regular,2025-07-01
9294,Bahadurjit,Shenoy,cust9294_hotmail.com,+91 833259318,Other,52,Ahmedabad,West,New,2023-10-17
9295,Rajata,Ahluwalia,cust9295_hotmail.com,+91 994802181,Female,17,Bangalore,South,Regular,2024-07-31
9296,Mohammed,Sampath,cust9296_hotmail.com,+91 971901680,Male,45,Lucknow,North,Occasional,2024-06-15
9297,Chatura,Dash,cust9297_hotmail.com,+91 981692214,Male,50,Bangalore,South,Occasional,2025-08-28
9298,Nathan,Jhaveri,cust9298_hotmail.com,+91 981441149,Other,17,Kolkata,East,New,2024-07-15
9299,Kalpit,Ratti,cust9299_yahoo.com,+91 938231132,Male,29,Bangalore,South,Regular,2023-02-28
9300,Theodore,Bail,cust9300_hotmail.com,+91 739605382,Male,51,Raipur,Central,New,2023-11-01
9301,Yatan,Parmar,cust9301_yahoo.com,+91 910561235,Female,47,Jaipur,North,VIP,2023-09-14
9302,Alka,Aggarwal,cust9302_gmail.com,+91 847911934,Other,42,Patna,East,Occasional,2024-07-01
9303,Ria,Dalal,cust9303_yahoo.com,+91 924149260,Other,28,Indore,Central,VIP,2023-02-15
9304,Darpan,Gole,cust9304_hotmail.com,+91 991866847,Other,58,Kochi,South,Occasional,2024-03-03
9305,Sathvik,Gade,cust9305_gmail.com,+91 810105605,Female,51,Lucknow,North,New,2024-12-20
9306,Madhav,Parikh,cust9306_gmail.com,+91 737438734,Other,59,Nagpur,Central,Occasional,2023-07-02
9307,Eta,Agrawal,cust9307_gmail.com,+91 836783910,Male,18,Bangalore,South,Occasional,2023-05-26
9308,Kabir,Iyer,cust9308_gmail.com,+91 752430887,Other,17,Raipur,Central,Regular,2024-03-29
9309,Logan,Barad,cust9309_hotmail.com,+91 723168741,Male,42,Pune,West,Regular,2025-10-28
9310,Zansi,Date,cust9310_gmail.com,+91 919158585,Male,35,Mumbai,West,Regular,2024-08-20
9311,Jeet,Bali,cust9311_hotmail.com,+91 947798271,Female,30,Pune,West,Regular,2024-04-12
9312,Daksh,Pal,cust9312_yahoo.com,+91 878371721,Female,21,Kochi,South,Regular,2024-01-04
9313,Bhavna,Sen,cust9313_gmail.com,+91 833412681,Female,20,Bhopal,Central,Regular,2025-04-04
9314,Jagrati,Sawhney,cust9314_yahoo.com,+91 824619730,Other,33,Nagpur,Central,Occasional,2025-03-12
9315,Sanya,Jayaraman,cust9315_hotmail.com,+91 966328941,Female,54,Ahmedabad,West,New,2025-07-21
9316,Mason,Madan,cust9316_hotmail.com,+91 720536221,Other,26,Bhopal,Central,New,2025-03-27
9317,Falak,Khalsa,cust9317_hotmail.com,+91 758232627,Female,20,Bhopal,Central,VIP,2024-05-26
9318,Kavya,Chad,cust9318_hotmail.com,+91 763644680,Female,23,Mumbai,West,New,2023-06-13
9319,Vedika,Dhillon,cust9319_hotmail.com,+91 720385487,Female,44,Bangalore,South,New,2023-09-01
9320,Yutika,Devi,cust9320_yahoo.com,+91 872158438,Male,37,Bangalore,South,Regular,2023-10-19
9321,Karan,Pant,cust9321_gmail.com,+91 794986122,Female,24,New Delhi,North,Occasional,2024-03-02
9322,Hemal,Goyal,cust9322_yahoo.com,+91 994684227,Other,57,Guwahati,East,Occasional,2025-02-22
9323,Unni,Sahota,cust9323_hotmail.com,+91 828837645,Male,29,Ahmedabad,West,Regular,2024-07-21
9324,Fariq,Nayar,cust9324_yahoo.com,+91 952372183,Male,17,Bangalore,South,New,2026-05-02
9325,Benjamin,Kohli,cust9325_gmail.com,+91 887807516,Other,45,Pune,West,Regular,2025-07-08
9326,Jatin,Sampath,cust9326_hotmail.com,+91 939828314,Male,22,Kochi,South,Regular,2025-03-08
9327,Falguni,Mitter,cust9327_yahoo.com,+91 732747576,Male,32,Surat,West,Regular,2026-02-02
9328,Yachana,Setty,cust9328_yahoo.com,+91 857203544,Other,57,Mumbai,West,Occasional,2026-02-26
9329,Hamsini,Aurora,cust9329_hotmail.com,+91 788170514,Female,22,Raipur,Central,Occasional,2023-06-10
9330,Chaitaly,Vala,cust9330_hotmail.com,+91 963189571,Female,34,Patna,East,Regular,2026-03-30
9331,Ishwar,Nanda,cust9331_hotmail.com,+91 974291157,Other,45,Raipur,Central,Occasional,2024-03-13
9332,Yashvi,Deshpande,cust9332_hotmail.com,+91 929160610,Other,36,Nagpur,Central,Regular,2023-02-17
9333,Bhavya,Ray,cust9333_hotmail.com,+91 996306786,Female,44,Surat,West,Regular,2024-02-01
9334,Benjamin,Khanna,cust9334_yahoo.com,+91 772527294,Male,58,Pune,West,Regular,2024-03-27
9335,Sachi,Sachar,cust9335_hotmail.com,+91 868358331,Other,21,Mumbai,West,Occasional,2023-02-11
9336,Hiral,Pandey,cust9336_hotmail.com,+91 933570255,Other,37,Bangalore,South,Occasional,2024-07-14
9337,Shivansh,Pillay,cust9337_yahoo.com,+91 895609424,Male,27,Guwahati,East,Occasional,2025-12-19
9338,Yasti,Brahmbhatt,cust9338_gmail.com,+91 764768356,Other,44,Bhubaneswar,East,New,2025-02-28
9339,Krish,Dua,cust9339_yahoo.com,+91 923438579,Male,59,Surat,West,Regular,2025-02-27
9340,Forum,Mital,cust9340_yahoo.com,+91 964222778,Female,31,Lucknow,North,Occasional,2024-11-12
9341,Siya,Taneja,cust9341_yahoo.com,+91 827816660,Male,25,Bhopal,Central,VIP,2026-04-07
9342,Kashish,Gole,cust9342_yahoo.com,+91 741790433,Male,29,Guwahati,East,New,2024-02-26
9343,Jacob,Date,cust9343_gmail.com,+91 792259827,Male,50,Hyderabad,South,Regular,2024-03-16
9344,Sara,Divan,cust9344_yahoo.com,+91 994609323,Other,25,Raipur,Central,Regular,2025-03-09
9345,Yuvraj,Subramanian,cust9345_hotmail.com,+91 983905825,Male,30,Raipur,Central,New,2026-02-18
9346,Balvan,Badal,cust9346_yahoo.com,+91 879482734,Female,47,Nagpur,Central,New,2024-12-31
9347,Bhavani,Narayanan,cust9347_yahoo.com,+91 729854627,Female,17,Chennai,South,Occasional,2023-04-07
9348,Bhavani,Mukherjee,cust9348_hotmail.com,+91 789389474,Other,19,Lucknow,North,Regular,2025-07-20
9349,Omaja,Shenoy,cust9349_yahoo.com,+91 772176455,Other,33,Indore,Central,Occasional,2025-12-04
9350,Hitesh,Sarin,cust9350_yahoo.com,+91 950155481,Other,30,Nagpur,Central,Occasional,2026-01-22
9351,Rudra,Om,cust9351_yahoo.com,+91 895114552,Male,41,Patna,East,Occasional,2023-07-25
9352,Vrinda,Dalal,cust9352_gmail.com,+91 899119490,Female,47,Patna,East,Occasional,2025-10-20
9353,Januja,Kant,cust9353_yahoo.com,+91 856918241,Female,19,Surat,West,Regular,2024-05-27
9354,Om,Seshadri,cust9354_yahoo.com,+91 988439490,Female,60,Patna,East,Regular,2023-02-16
9355,Adya,Bail,cust9355_yahoo.com,+91 786622678,Female,52,Surat,West,Regular,2024-11-25
9356,Jatin,Dubey,cust9356_gmail.com,+91 966104993,Male,15,Bhopal,Central,Regular,2024-04-12
9357,Manbir,Subramanian,cust9357_yahoo.com,+91 998470797,Male,25,Guwahati,East,Regular,2025-02-01
9358,Rudra,Bhatnagar,cust9358_yahoo.com,+91 872214300,Male,16,Kolkata,East,Regular,2024-07-13
9359,Isaiah,Jaggi,cust9359_yahoo.com,+91 913838676,Female,19,Chandigarh,North,Occasional,2024-07-25
9360,Watika,Bawa,cust9360_gmail.com,+91 760542676,Other,29,Chandigarh,North,Regular,2023-06-10
9361,Barkha,Patla,cust9361_yahoo.com,+91 912985265,Other,60,Indore,Central,Regular,2024-06-10
9362,Wridesh,Mann,cust9362_yahoo.com,+91 785188421,Other,35,Lucknow,North,Occasional,2025-05-13
9363,Gayathri,Patla,cust9363_yahoo.com,+91 776321337,Female,53,Chandigarh,North,Occasional,2024-07-06
9364,Rachit,Das,cust9364_yahoo.com,+91 976299427,Female,41,Kolkata,East,New,2026-05-29
9365,Tanish,Jani,cust9365_yahoo.com,+91 816319515,Female,19,Hyderabad,South,Occasional,2025-05-17
9366,Veda,Sachdeva,cust9366_yahoo.com,+91 974925934,Male,56,Bhopal,Central,Occasional,2026-05-18
9367,Chatura,Parekh,cust9367_gmail.com,+91 864988921,Female,49,Pune,West,Occasional,2025-03-01
9368,Gavin,Balan,cust9368_hotmail.com,+91 841548710,Female,58,Pune,West,Regular,2024-04-13
9369,Charan,Memon,cust9369_gmail.com,+91 827444411,Other,23,Raipur,Central,Regular,2024-10-10
9370,Urvi,Chakrabarti,cust9370_yahoo.com,+91 763638373,Other,60,Kolkata,East,Occasional,2023-05-04
9371,Urishilla,Nagi,cust9371_gmail.com,+91 837897417,Other,59,Pune,West,Occasional,2024-05-27
9372,Tanmayi,Kata,cust9372_gmail.com,+91 937987575,Female,38,Mumbai,West,Occasional,2023-05-26
9373,Leela,Batra,cust9373_hotmail.com,+91 990444821,Female,22,Mumbai,West,Occasional,2024-08-30
9374,Xavier,Biswas,cust9374_hotmail.com,+91 710665730,Male,49,Mumbai,West,New,2025-11-24
9375,Osha,Banik,cust9375_hotmail.com,+91 912459732,Other,34,Kochi,South,Regular,2025-11-22
9376,Zarna,Toor,cust9376_hotmail.com,+91 926990485,Male,59,Kochi,South,Regular,2025-06-13
9377,Aryan,Chakrabarti,cust9377_gmail.com,+91 988621172,Other,56,Nagpur,Central,Occasional,2024-06-28
9378,Kamya,Hegde,cust9378_hotmail.com,+91 944607856,Male,29,Kolkata,East,Occasional,2024-07-26
9379,Girik,Chokshi,cust9379_yahoo.com,+91 973146607,Female,37,Chennai,South,Regular,2023-05-02
9380,Oscar,Bassi,cust9380_gmail.com,+91 849161158,Female,24,Raipur,Central,Occasional,2023-11-14
9381,Bhavani,Bava,cust9381_gmail.com,+91 763912130,Other,44,Bhubaneswar,East,Regular,2024-09-22
9382,Ranveer,Khanna,cust9382_hotmail.com,+91 870644674,Male,23,Lucknow,North,New,2025-08-07
9383,Rachita,Kibe,cust9383_yahoo.com,+91 823289653,Other,55,Surat,West,New,2023-12-04
9384,Brijesh,Goyal,cust9384_gmail.com,+91 781913785,Other,43,Mumbai,West,Occasional,2025-07-01
9385,Warinder,Sem,cust9385_hotmail.com,+91 814487418,Other,46,Kochi,South,Occasional,2025-10-31
9386,Dev,Walia,cust9386_hotmail.com,+91 847686183,Male,56,Chandigarh,North,Regular,2023-09-21
9387,Chameli,Mander,cust9387_yahoo.com,+91 712929254,Other,45,Chandigarh,North,Occasional,2023-11-25
9388,Hardik,Sachar,cust9388_yahoo.com,+91 834246859,Other,15,Surat,West,Regular,2025-03-18
9389,Netra,Kothari,cust9389_hotmail.com,+91 944786322,Other,39,New Delhi,North,Regular,2024-11-02
9390,Krishna,Anand,cust9390_hotmail.com,+91 845903939,Female,37,Kolkata,East,Regular,2024-02-29
9391,Chandani,Vala,cust9391_hotmail.com,+91 765108526,Male,59,Hyderabad,South,Occasional,2023-12-28
9392,Quincy,Menon,cust9392_gmail.com,+91 784792537,Female,52,Chennai,South,Occasional,2023-05-25
9393,Nidhi,Saran,cust9393_yahoo.com,+91 826687819,Male,52,Hyderabad,South,Regular,2026-02-27
9394,Arunima,Dixit,cust9394_hotmail.com,+91 890136620,Other,48,Kolkata,East,Regular,2025-01-16
9395,Damyanti,Maharaj,cust9395_gmail.com,+91 927542373,Other,53,Mumbai,West,Occasional,2024-10-03
9396,Ubika,Hari,cust9396_hotmail.com,+91 933479414,Male,45,Lucknow,North,Regular,2024-02-05
9397,Ojas,Talwar,cust9397_hotmail.com,+91 735409447,Male,49,Patna,East,Occasional,2026-04-03
9398,Niharika,Khatri,cust9398_yahoo.com,+91 945296142,Other,47,Mumbai,West,Occasional,2024-11-05
9399,Falak,Vasa,cust9399_gmail.com,+91 965984520,Other,41,Pune,West,Occasional,2025-07-11
9400,Urvi,Sawhney,cust9400_yahoo.com,+91 897584199,Female,52,Kolkata,East,Occasional,2025-11-27
9401,Om,Mukhopadhyay,cust9401_yahoo.com,+91 996960943,Other,17,Jaipur,North,Regular,2024-02-28
9402,Sanaya,Chakrabarti,cust9402_yahoo.com,+91 770226328,Other,16,Surat,West,Occasional,2025-03-28
9403,Leena,Kalla,cust9403_hotmail.com,+91 975590643,Other,35,Jaipur,North,Regular,2024-02-04
9404,Gaurika,Krish,cust9404_gmail.com,+91 763677445,Female,27,Chennai,South,New,2025-08-15
9405,Ganga,Sarkar,cust9405_yahoo.com,+91 825986223,Male,50,Chandigarh,North,Occasional,2024-05-23
9406,Maanas,Hayre,cust9406_hotmail.com,+91 766248337,Male,39,Bangalore,South,Occasional,2024-04-28
9407,Advaith,Dua,cust9407_hotmail.com,+91 914121146,Other,21,Hyderabad,South,Occasional,2024-03-09
9408,Advay,Prashad,cust9408_yahoo.com,+91 991807585,Male,31,Nagpur,Central,Occasional,2024-08-11
9409,Lipika,Ramakrishnan,cust9409_yahoo.com,+91 862554129,Male,38,Jaipur,North,Regular,2026-04-04
9410,Zilmil,Bhatt,cust9410_gmail.com,+91 944215389,Female,18,Patna,East,New,2025-11-03
9411,Qabil,Dewan,cust9411_hotmail.com,+91 864925279,Other,15,Kochi,South,Occasional,2025-10-24
9412,Madhav,Kibe,cust9412_hotmail.com,+91 960181887,Other,50,Nagpur,Central,VIP,2026-04-29
9413,Laban,Lata,cust9413_yahoo.com,+91 974652882,Male,33,Bhopal,Central,Regular,2026-04-14
9414,Vritti,Devan,cust9414_gmail.com,+91 775309747,Male,56,Patna,East,VIP,2025-05-20
9415,Upkaar,Sibal,cust9415_gmail.com,+91 850769346,Other,17,Mumbai,West,New,2023-03-23
9416,Vedika,Madan,cust9416_gmail.com,+91 912364612,Male,60,Raipur,Central,Occasional,2023-12-24
9417,Devansh,Jani,cust9417_hotmail.com,+91 716885387,Other,19,Indore,Central,Regular,2024-08-23
9418,Vyanjana,Mitra,cust9418_hotmail.com,+91 763969700,Female,50,Bhopal,Central,Occasional,2024-10-04
9419,Eta,Tandon,cust9419_hotmail.com,+91 899760812,Male,32,Hyderabad,South,Regular,2025-03-20
9420,Charan,Lanka,cust9420_yahoo.com,+91 749519668,Male,46,Guwahati,East,New,2024-01-15
9421,Lekha,Nanda,cust9421_hotmail.com,+91 722472223,Other,41,Lucknow,North,Occasional,2024-05-24
9422,Shivani,Rastogi,cust9422_hotmail.com,+91 788239887,Female,20,Nagpur,Central,Occasional,2026-04-19
9423,Kamya,Sharma,cust9423_hotmail.com,+91 842772635,Female,57,Jaipur,North,Occasional,2025-10-31
9424,Aarnav,Bhagat,cust9424_yahoo.com,+91 769604340,Female,16,Kolkata,East,Occasional,2024-08-21
9425,Ekalinga,Deep,cust9425_yahoo.com,+91 777248223,Male,55,Hyderabad,South,New,2024-06-08
9426,Varenya,Samra,cust9426_yahoo.com,+91 829300375,Male,58,Jaipur,North,Occasional,2025-09-16
9427,Aadhya,Lalla,cust9427_gmail.com,+91 923679341,Female,23,Mumbai,West,New,2025-09-19
9428,Udarsh,Gandhi,cust9428_yahoo.com,+91 766563714,Female,20,Chennai,South,Occasional,2024-10-05
9429,Jhalak,Roy,cust9429_gmail.com,+91 786565812,Female,46,Chandigarh,North,Regular,2023-02-26
9430,Radha,Pant,cust9430_gmail.com,+91 771219950,Female,33,Jaipur,North,Occasional,2024-02-01
9431,Zehaan,Goel,cust9431_gmail.com,+91 767953642,Male,60,Raipur,Central,Regular,2024-01-26
9432,Bishakha,Dora,cust9432_gmail.com,+91 962780577,Female,42,Ahmedabad,West,Occasional,2023-04-06
9433,Yashvi,Sankar,cust9433_yahoo.com,+91 936790202,Male,60,Lucknow,North,Occasional,2025-11-30
9434,Tamanna,Chaudhry,cust9434_yahoo.com,+91 739699406,Male,46,Hyderabad,South,Occasional,2024-01-24
9435,Chandresh,Krish,cust9435_yahoo.com,+91 755130884,Male,42,Indore,Central,Regular,2023-08-02
9436,George,Wable,cust9436_yahoo.com,+91 836493645,Other,59,Surat,West,Regular,2023-05-09
9437,Anthony,Oak,cust9437_yahoo.com,+91 784746973,Male,53,Indore,Central,Occasional,2025-11-07
9438,Harrison,Keer,cust9438_gmail.com,+91 878791290,Male,54,Raipur,Central,VIP,2024-08-04
9439,Ekaja,Bawa,cust9439_hotmail.com,+91 873316230,Male,41,Ahmedabad,West,Occasional,2024-05-06
9440,Adya,Guha,cust9440_gmail.com,+91 829801465,Female,52,Bangalore,South,Regular,2023-05-17
9441,Xiti,Soni,cust9441_yahoo.com,+91 784897196,Female,32,Hyderabad,South,Regular,2023-10-16
9442,Samarth,Grewal,cust9442_yahoo.com,+91 937195800,Female,42,Nagpur,Central,VIP,2024-09-30
9443,Champak,Mallick,cust9443_gmail.com,+91 789211292,Other,28,Raipur,Central,VIP,2025-11-09
9444,Samarth,Char,cust9444_gmail.com,+91 827709250,Male,47,Guwahati,East,Regular,2023-11-18
9445,Banjeet,Tiwari,cust9445_hotmail.com,+91 797250810,Female,48,Lucknow,North,Regular,2024-09-16
9446,Vritti,Bassi,cust9446_gmail.com,+91 975163242,Other,60,Ahmedabad,West,Regular,2023-05-01
9447,Matthew,Date,cust9447_hotmail.com,+91 934717588,Other,24,Bhubaneswar,East,Regular,2024-07-18
9448,Amara,Palla,cust9448_yahoo.com,+91 821575273,Female,49,Chandigarh,North,Occasional,2023-05-07
9449,Chakrika,Ray,cust9449_yahoo.com,+91 821646678,Other,38,Nagpur,Central,Occasional,2025-10-13
9450,Ansh,Nath,cust9450_gmail.com,+91 745454272,Female,28,Chennai,South,Occasional,2025-08-18
9451,Anirudh,Gole,cust9451_yahoo.com,+91 747520990,Male,22,Nagpur,Central,VIP,2025-01-04
9452,Pushti,Chandran,cust9452_gmail.com,+91 854709834,Other,44,New Delhi,North,Occasional,2025-08-15
9453,Bimala,Kale,cust9453_yahoo.com,+91 941907382,Male,21,Pune,West,Regular,2026-05-30
9454,Rishi,Basu,cust9454_yahoo.com,+91 931620729,Female,49,Pune,West,Occasional,2025-02-21
9455,Veda,Srinivas,cust9455_hotmail.com,+91 788457522,Female,35,Kochi,South,Occasional,2023-01-10
9456,Jeevika,Dasgupta,cust9456_gmail.com,+91 754513491,Male,22,Surat,West,Occasional,2026-02-26
9457,Priya,Bose,cust9457_gmail.com,+91 771968869,Female,40,Kochi,South,Occasional,2023-03-04
9458,Michael,Dey,cust9458_gmail.com,+91 867708371,Male,52,Surat,West,Regular,2025-07-13
9459,Tamanna,Mani,cust9459_yahoo.com,+91 757624769,Male,39,New Delhi,North,Regular,2024-09-15
9460,Tripti,Choudhary,cust9460_yahoo.com,+91 762887678,Male,60,Kolkata,East,Occasional,2023-11-09
9461,William,Dubey,cust9461_gmail.com,+91 965527816,Male,44,New Delhi,North,Regular,2024-11-25
9462,Yatan,Butala,cust9462_hotmail.com,+91 737310582,Other,53,Patna,East,Regular,2024-03-16
9463,Sachi,Manda,cust9463_gmail.com,+91 971172781,Male,37,Bangalore,South,Regular,2023-07-16
9464,Gagan,Gola,cust9464_yahoo.com,+91 915194656,Female,46,Hyderabad,South,New,2026-05-27
9465,Nisha,Panchal,cust9465_yahoo.com,+91 858948283,Male,45,Kochi,South,Occasional,2024-10-22
9466,Parth,Kant,cust9466_gmail.com,+91 961149138,Other,26,Bangalore,South,Regular,2023-03-09
9467,Gabriel,Sachdev,cust9467_yahoo.com,+91 819513759,Other,33,Jaipur,North,New,2024-09-16
9468,Yashvi,Bains,cust9468_yahoo.com,+91 930362658,Other,53,Guwahati,East,Regular,2024-06-11
9469,Madhav,Krishna,cust9469_yahoo.com,+91 943956652,Female,60,Bangalore,South,Regular,2026-03-31
9470,Garima,Nigam,cust9470_gmail.com,+91 824483246,Other,15,Raipur,Central,Occasional,2024-05-21
9471,Tanmayi,Dewan,cust9471_gmail.com,+91 849794629,Female,48,Lucknow,North,VIP,2024-10-15
9472,Wyatt,Ravel,cust9472_hotmail.com,+91 872351626,Female,30,Kolkata,East,Occasional,2025-11-13
9473,Dakshesh,Dhawan,cust9473_yahoo.com,+91 775927314,Female,33,Bhubaneswar,East,Regular,2025-01-04
9474,Dipta,Chowdhury,cust9474_gmail.com,+91 869258463,Female,38,Nagpur,Central,Regular,2026-01-29
9475,Ishani,Sarkar,cust9475_hotmail.com,+91 997477421,Other,40,Bhubaneswar,East,VIP,2023-01-12
9476,Benjamin,Sandhu,cust9476_hotmail.com,+91 776694853,Male,23,Pune,West,Regular,2025-01-27
9477,Eiravati,Shere,cust9477_gmail.com,+91 990933125,Male,41,Kolkata,East,Occasional,2023-01-05
9478,Ekavir,Gokhale,cust9478_gmail.com,+91 933708243,Other,48,Bangalore,South,Regular,2026-04-15
9479,Gavin,Rajagopal,cust9479_yahoo.com,+91 752729137,Male,46,Chennai,South,Occasional,2025-12-20
9480,Samaksh,Gole,cust9480_gmail.com,+91 821426261,Male,38,Guwahati,East,Occasional,2025-12-05
9481,Raghav,Karpe,cust9481_hotmail.com,+91 772969139,Male,15,Raipur,Central,Occasional,2024-07-20
9482,Anay,Prabhakar,cust9482_yahoo.com,+91 932726699,Male,20,Indore,Central,Regular,2023-12-26
9483,Baghyawati,Nagarajan,cust9483_gmail.com,+91 932757909,Other,44,New Delhi,North,Occasional,2025-04-02
9484,Ganga,Solanki,cust9484_gmail.com,+91 974243603,Female,29,Mumbai,West,Regular,2024-10-12
9485,Chaman,Guha,cust9485_gmail.com,+91 989661697,Female,49,Surat,West,Occasional,2024-11-18
9486,Utkarsh,Balay,cust9486_gmail.com,+91 780464636,Other,26,Bhopal,Central,Regular,2023-06-18
9487,Patrick,Randhawa,cust9487_hotmail.com,+91 790196541,Male,30,Ahmedabad,West,Occasional,2024-02-26
9488,Nitara,Wadhwa,cust9488_yahoo.com,+91 886862701,Male,49,Patna,East,Regular,2024-02-16
9489,Ganga,Choudhry,cust9489_hotmail.com,+91 932837457,Male,27,Mumbai,West,Regular,2025-09-02
9490,Luke,Banerjee,cust9490_yahoo.com,+91 780248788,Other,31,Nagpur,Central,New,2023-02-08
9491,Dhruv,Naidu,cust9491_hotmail.com,+91 794557194,Male,56,Lucknow,North,VIP,2023-04-17
9492,Yamini,Bali,cust9492_yahoo.com,+91 784201635,Male,17,Surat,West,Occasional,2024-04-18
9493,Chandresh,Kant,cust9493_gmail.com,+91 973490759,Other,32,Bhubaneswar,East,Regular,2023-06-03
9494,Mahika,Patla,cust9494_hotmail.com,+91 935292133,Male,57,Hyderabad,South,New,2024-03-17
9495,Udarsh,Saha,cust9495_gmail.com,+91 780719350,Male,20,Pune,West,Occasional,2024-01-20
9496,Wazir,Ahuja,cust9496_yahoo.com,+91 979154529,Other,51,Lucknow,North,Regular,2026-04-01
9497,Jyoti,Mittal,cust9497_gmail.com,+91 827179778,Male,28,Chandigarh,North,Regular,2025-01-18
9498,Chatresh,Agate,cust9498_hotmail.com,+91 781266285,Other,32,Lucknow,North,Occasional,2024-12-24
9499,Baghyawati,Dar,cust9499_yahoo.com,+91 886551197,Female,41,Hyderabad,South,Occasional,2025-04-19
9500,Adya,Kaul,cust9500_yahoo.com,+91 895398934,Female,20,Chandigarh,North,Regular,2026-04-12
9501,Bachittar,Din,cust9501_gmail.com,+91 918170764,Female,29,New Delhi,North,VIP,2024-11-28
9502,Turvi,Anne,cust9502_hotmail.com,+91 880744701,Other,53,New Delhi,North,Occasional,2026-05-06
9503,Ridhi,Bhat,cust9503_gmail.com,+91 748874911,Female,55,Lucknow,North,Occasional,2024-02-23
9504,Harita,Gara,cust9504_hotmail.com,+91 944169445,Other,39,Chennai,South,Regular,2023-10-13
9505,Udarsh,Kala,cust9505_hotmail.com,+91 835676116,Female,43,Ahmedabad,West,Regular,2025-11-22
9506,Upma,Chanda,cust9506_yahoo.com,+91 850792528,Female,22,Raipur,Central,Occasional,2025-05-28
9507,Kavya,Rai,cust9507_hotmail.com,+91 787401763,Male,55,Indore,Central,Occasional,2025-09-24
9508,Sudiksha,Radhakrishnan,cust9508_hotmail.com,+91 719247590,Other,23,Lucknow,North,New,2023-06-18
9509,Kavya,Bansal,cust9509_yahoo.com,+91 855130255,Other,47,Mumbai,West,Occasional,2024-11-21
9510,Girindra,Tak,cust9510_hotmail.com,+91 918555368,Male,37,Patna,East,Regular,2025-07-27
9511,William,Balasubramanian,cust9511_hotmail.com,+91 769465551,Female,45,Nagpur,Central,New,2024-01-03
9512,Dakshesh,Palan,cust9512_hotmail.com,+91 791853989,Male,48,Patna,East,Occasional,2023-04-18
9513,Fiyaz,Radhakrishnan,cust9513_hotmail.com,+91 966251488,Male,35,Patna,East,New,2024-07-18
9514,Ranbir,Kota,cust9514_hotmail.com,+91 716162395,Female,35,Bhopal,Central,VIP,2026-04-09
9515,Ethan,Sura,cust9515_hotmail.com,+91 918435170,Female,45,Bhubaneswar,East,New,2025-10-07
9516,Keya,Mani,cust9516_hotmail.com,+91 738807920,Female,36,Bhopal,Central,VIP,2023-11-26
9517,Ayaan,Venkataraman,cust9517_hotmail.com,+91 772237189,Male,54,Lucknow,North,Occasional,2025-02-15
9518,Aarini,Mital,cust9518_gmail.com,+91 966240255,Male,31,Bhopal,Central,Regular,2026-01-13
9519,Inaya,Minhas,cust9519_yahoo.com,+91 828736797,Female,18,Hyderabad,South,New,2024-08-22
9520,Gaurika,Jain,cust9520_yahoo.com,+91 940131260,Male,36,Jaipur,North,Regular,2023-08-20
9521,Ansh,Tank,cust9521_yahoo.com,+91 738924250,Female,33,New Delhi,North,New,2024-12-26
9522,Abeer,Lal,cust9522_yahoo.com,+91 817447203,Female,27,Ahmedabad,West,Occasional,2024-07-26
9523,Advik,Singh,cust9523_hotmail.com,+91 978558157,Other,37,Bhubaneswar,East,Regular,2023-10-07
9524,Ekani,Sandal,cust9524_gmail.com,+91 869859284,Male,36,Indore,Central,Occasional,2025-10-03
9525,Qabil,Sengupta,cust9525_gmail.com,+91 939153685,Female,59,Nagpur,Central,Occasional,2025-10-10
9526,Nathaniel,Roy,cust9526_gmail.com,+91 927189457,Male,28,Hyderabad,South,New,2025-06-21
9527,Kabir,Rajagopal,cust9527_hotmail.com,+91 729900149,Male,20,Hyderabad,South,Occasional,2026-03-26
9528,Jairaj,Sarin,cust9528_hotmail.com,+91 891393459,Male,39,Chandigarh,North,VIP,2023-04-11
9529,Jacob,Bala,cust9529_hotmail.com,+91 966229766,Female,20,Indore,Central,New,2023-02-01
9530,Thomas,Sarin,cust9530_gmail.com,+91 917414155,Female,26,Chennai,South,Occasional,2026-05-09
9531,Ekansh,Mallick,cust9531_hotmail.com,+91 935109800,Female,18,Kochi,South,Occasional,2025-07-01
9532,Ekalinga,Sibal,cust9532_gmail.com,+91 957476331,Other,39,Hyderabad,South,Occasional,2023-01-06
9533,Ronith,Deshpande,cust9533_yahoo.com,+91 892341566,Other,17,Lucknow,North,New,2023-03-18
9534,Nidra,Ganguly,cust9534_hotmail.com,+91 826771526,Female,15,Nagpur,Central,Occasional,2025-12-08
9535,Hemangini,Viswanathan,cust9535_yahoo.com,+91 764298453,Female,51,Hyderabad,South,Occasional,2023-02-07
9536,Vritti,Tandon,cust9536_gmail.com,+91 891979114,Female,23,Indore,Central,Regular,2024-12-23
9537,Arunima,Shetty,cust9537_gmail.com,+91 777201116,Female,35,Chandigarh,North,Regular,2023-05-12
9538,Lekha,Toor,cust9538_gmail.com,+91 726690517,Female,37,Bangalore,South,Regular,2025-12-19
9539,Henry,Nayak,cust9539_yahoo.com,+91 977841528,Male,34,Bangalore,South,Occasional,2023-06-06
9540,Nandini,Mohan,cust9540_yahoo.com,+91 745186631,Male,21,Kolkata,East,Regular,2025-10-02
9541,Vritti,Sengupta,cust9541_gmail.com,+91 816487285,Other,35,Chandigarh,North,Occasional,2023-02-13
9542,Eesha,Pathak,cust9542_yahoo.com,+91 976198949,Male,48,Kolkata,East,Regular,2025-09-14
9543,Isaac,Ganesh,cust9543_gmail.com,+91 869175176,Female,16,Guwahati,East,New,2025-12-16
9544,Irya,Dara,cust9544_gmail.com,+91 930110563,Male,55,Jaipur,North,Regular,2023-02-27
9545,Nandini,Khatri,cust9545_hotmail.com,+91 721495718,Female,38,Chennai,South,Regular,2024-07-26
9546,Tripti,Mandal,cust9546_hotmail.com,+91 999185515,Other,54,Chennai,South,VIP,2025-06-02
9547,Owen,Pandey,cust9547_gmail.com,+91 921117111,Male,30,Bhopal,Central,Occasional,2025-04-04
9548,Warhi,Parikh,cust9548_gmail.com,+91 878141749,Female,49,Guwahati,East,Regular,2023-03-17
9549,Unni,Lata,cust9549_hotmail.com,+91 868709725,Male,43,Patna,East,Occasional,2024-10-21
9550,Omaja,Solanki,cust9550_gmail.com,+91 954633992,Male,54,Bhopal,Central,Occasional,2025-03-26
9551,Jai,De,cust9551_hotmail.com,+91 892629444,Female,47,Bhubaneswar,East,Regular,2024-07-18
9552,Vrishti,Taneja,cust9552_yahoo.com,+91 793289474,Other,45,Surat,West,Regular,2023-06-25
9553,Shivani,Manda,cust9553_yahoo.com,+91 969814989,Male,24,Pune,West,New,2025-03-02
9554,William,Prakash,cust9554_hotmail.com,+91 828707320,Male,51,Chennai,South,Occasional,2024-12-01
9555,Gauri,Mohanty,cust9555_gmail.com,+91 963847899,Other,47,New Delhi,North,New,2025-08-25
9556,Wahab,Pradhan,cust9556_yahoo.com,+91 740601472,Male,53,Patna,East,Regular,2025-04-14
9557,Upasna,Dash,cust9557_gmail.com,+91 714486608,Other,53,Raipur,Central,New,2025-07-27
9558,Maanav,Banik,cust9558_gmail.com,+91 829624888,Other,20,Hyderabad,South,Occasional,2024-06-28
9559,Ryan,Bhatia,cust9559_hotmail.com,+91 884119162,Other,19,Bhubaneswar,East,New,2025-08-08
9560,Aachal,Sandhu,cust9560_hotmail.com,+91 722283197,Other,51,Jaipur,North,Regular,2024-08-13
9561,Jatin,Dixit,cust9561_yahoo.com,+91 936304160,Female,25,Ahmedabad,West,Occasional,2025-06-16
9562,Isaac,Chakraborty,cust9562_hotmail.com,+91 990819257,Other,46,Chennai,South,Occasional,2025-02-01
9563,Ranbir,Kade,cust9563_yahoo.com,+91 930895174,Male,29,Jaipur,North,Regular,2024-10-14
9564,Baljiwan,Kala,cust9564_hotmail.com,+91 978367935,Female,17,Bangalore,South,New,2024-01-07
9565,Yatan,Sridhar,cust9565_hotmail.com,+91 836684324,Female,38,Mumbai,West,Regular,2023-04-29
9566,Balveer,Nagi,cust9566_hotmail.com,+91 987413947,Male,51,Bangalore,South,Regular,2023-12-03
9567,Kevin,Varma,cust9567_hotmail.com,+91 793151309,Male,34,New Delhi,North,Regular,2024-09-02
9568,Vansha,Prakash,cust9568_gmail.com,+91 780777864,Other,25,Nagpur,Central,Occasional,2026-01-29
9569,Forum,Narula,cust9569_gmail.com,+91 853115827,Female,51,Hyderabad,South,Regular,2024-01-01
9570,Onveer,Bera,cust9570_gmail.com,+91 995400913,Female,38,Nagpur,Central,Regular,2024-10-19
9571,Aradhana,Swaminathan,cust9571_yahoo.com,+91 761971459,Male,32,Indore,Central,Regular,2025-07-18
9572,Yamini,Dasgupta,cust9572_gmail.com,+91 841407579,Female,52,Lucknow,North,Regular,2025-01-15
9573,Nakul,Rau,cust9573_hotmail.com,+91 729586308,Other,27,Bhubaneswar,East,Regular,2023-10-17
9574,Ronith,Mannan,cust9574_hotmail.com,+91 840276161,Male,56,Raipur,Central,Regular,2025-10-29
9575,Jason,Seth,cust9575_gmail.com,+91 811377880,Male,28,Jaipur,North,Regular,2024-07-26
9576,Noah,Datta,cust9576_gmail.com,+91 946304293,Male,44,Bhubaneswar,East,New,2025-06-05
9577,Timothy,Butala,cust9577_yahoo.com,+91 849702144,Other,54,Mumbai,West,Occasional,2025-06-18
9578,Triveni,Uppal,cust9578_yahoo.com,+91 887657201,Female,45,Patna,East,Occasional,2025-09-28
9579,Abhiram,Konda,cust9579_hotmail.com,+91 716770840,Female,46,Chandigarh,North,Regular,2024-06-05
9580,Aradhana,Sarna,cust9580_yahoo.com,+91 919787571,Female,45,Kochi,South,Regular,2025-10-08
9581,Christopher,Mutti,cust9581_yahoo.com,+91 715816672,Female,20,Pune,West,Regular,2026-03-23
9582,Warda,Subramanian,cust9582_hotmail.com,+91 819168684,Other,40,Raipur,Central,New,2025-01-19
9583,Tara,Mital,cust9583_gmail.com,+91 868449955,Other,28,Bhubaneswar,East,New,2023-05-03
9584,Jeremiah,Mitra,cust9584_gmail.com,+91 888591143,Other,42,Patna,East,Occasional,2023-04-26
9585,Eiravati,Jhaveri,cust9585_yahoo.com,+91 753903392,Female,18,Nagpur,Central,Regular,2024-04-13
9586,Yadavi,Bose,cust9586_gmail.com,+91 747564440,Female,30,Hyderabad,South,Occasional,2024-01-20
9587,Ganga,Talwar,cust9587_yahoo.com,+91 911266670,Other,54,Guwahati,East,Regular,2025-12-07
9588,Lohit,Sharaf,cust9588_gmail.com,+91 844480975,Female,19,Lucknow,North,New,2023-02-19
9589,Anita,Varma,cust9589_gmail.com,+91 957627321,Female,51,Bhubaneswar,East,Occasional,2023-03-19
9590,Raghav,Rai,cust9590_hotmail.com,+91 866116706,Male,38,Bhopal,Central,Occasional,2026-02-12
9591,Kashvi,Seshadri,cust9591_hotmail.com,+91 987463512,Male,43,Surat,West,Regular,2025-12-26
9592,Omisha,Grewal,cust9592_hotmail.com,+91 892401325,Female,41,Lucknow,North,Occasional,2024-07-01
9593,Ronith,Iyengar,cust9593_hotmail.com,+91 771413880,Other,45,Ahmedabad,West,Occasional,2024-02-03
9594,Niharika,Wason,cust9594_yahoo.com,+91 964653661,Other,28,Raipur,Central,Occasional,2023-06-05
9595,Triveni,Agrawal,cust9595_hotmail.com,+91 972223860,Female,38,Mumbai,West,Regular,2026-05-13
9596,Divya,Nair,cust9596_gmail.com,+91 948670130,Other,40,Patna,East,Occasional,2025-04-14
9597,Anita,Kari,cust9597_hotmail.com,+91 921922895,Other,48,Chennai,South,Regular,2024-09-12
9598,Anjali,Lata,cust9598_gmail.com,+91 881662154,Female,51,Bhubaneswar,East,New,2025-09-26
9599,Ekansh,Babu,cust9599_yahoo.com,+91 823568567,Female,26,Guwahati,East,VIP,2023-04-04
9600,Vidhi,Som,cust9600_yahoo.com,+91 924732341,Male,53,Jaipur,North,VIP,2023-08-15
9601,Reyansh,Palla,cust9601_yahoo.com,+91 850132179,Male,42,New Delhi,North,Regular,2025-08-24
9602,Mason,Contractor,cust9602_gmail.com,+91 789132333,Male,44,Ahmedabad,West,Regular,2025-06-27
9603,Ekavir,Tiwari,cust9603_hotmail.com,+91 748253933,Female,34,Chennai,South,Regular,2023-06-15
9604,Ojasvi,Comar,cust9604_gmail.com,+91 897774936,Other,16,Surat,West,Regular,2025-09-21
9605,Yatan,Pingle,cust9605_yahoo.com,+91 735159129,Other,40,Indore,Central,Regular,2023-08-30
9606,Shivansh,Wadhwa,cust9606_yahoo.com,+91 946502305,Other,52,Bhopal,Central,New,2024-05-13
9607,Yadavi,Brahmbhatt,cust9607_gmail.com,+91 832248500,Female,15,Ahmedabad,West,New,2026-05-22
9608,Ekta,Tata,cust9608_gmail.com,+91 886572819,Female,15,Indore,Central,New,2023-05-19
9609,Chandani,Shanker,cust9609_yahoo.com,+91 745568714,Other,34,New Delhi,North,Occasional,2023-10-21
9610,Chatresh,Chanda,cust9610_yahoo.com,+91 876389629,Male,48,Lucknow,North,Occasional,2024-09-06
9611,Neel,Rajagopalan,cust9611_gmail.com,+91 917873766,Male,57,Mumbai,West,Occasional,2024-03-20
9612,Gaurika,Naik,cust9612_yahoo.com,+91 925759174,Female,32,Patna,East,Regular,2024-04-13
9613,Nicholas,Aggarwal,cust9613_gmail.com,+91 854553294,Male,21,Nagpur,Central,Regular,2024-10-08
9614,Vihaan,Om,cust9614_hotmail.com,+91 857241677,Male,44,Nagpur,Central,Regular,2023-07-11
9615,Lopa,Gara,cust9615_gmail.com,+91 869219759,Female,53,Kochi,South,New,2024-01-25
9616,Zaid,Mane,cust9616_gmail.com,+91 958673252,Male,50,Hyderabad,South,Occasional,2025-10-27
9617,Fiyaz,Saxena,cust9617_gmail.com,+91 982570125,Other,46,Kolkata,East,Occasional,2025-01-31
9618,Chakrika,Karnik,cust9618_yahoo.com,+91 753236707,Male,20,Surat,West,Occasional,2025-11-01
9619,Leela,Bhatia,cust9619_hotmail.com,+91 779495335,Other,54,Bhubaneswar,East,Regular,2024-08-20
9620,Aashi,Sodhi,cust9620_hotmail.com,+91 981357915,Other,27,Guwahati,East,Regular,2024-06-12
9621,Chandresh,Sahni,cust9621_gmail.com,+91 788772834,Other,49,Chennai,South,New,2023-03-19
9622,Zaid,Vora,cust9622_gmail.com,+91 841508525,Other,48,Kolkata,East,Occasional,2026-05-21
9623,Riya,Parmar,cust9623_gmail.com,+91 824207628,Male,38,Surat,West,Regular,2023-03-21
9624,Ranveer,Nazareth,cust9624_gmail.com,+91 719955503,Male,31,Bhubaneswar,East,Regular,2024-08-30
9625,Aashi,Chada,cust9625_hotmail.com,+91 860798865,Male,20,Chandigarh,North,Occasional,2023-04-26
9626,Aadi,Garde,cust9626_gmail.com,+91 982633503,Female,16,Raipur,Central,Regular,2023-10-03
9627,Hredhaan,Sura,cust9627_yahoo.com,+91 731390136,Other,35,Patna,East,Regular,2024-03-28
9628,Ekalinga,Rajagopal,cust9628_hotmail.com,+91 927807873,Female,57,Bhopal,Central,New,2024-09-12
9629,Geetika,Sarin,cust9629_yahoo.com,+91 821507153,Female,40,Pune,West,Occasional,2023-03-06
9630,Frederick,Wadhwa,cust9630_hotmail.com,+91 751183701,Other,58,Mumbai,West,Regular,2025-10-29
9631,Anamika,Dara,cust9631_gmail.com,+91 970399521,Male,38,Bangalore,South,Regular,2024-06-05
9632,Ronith,Saran,cust9632_yahoo.com,+91 934772187,Female,20,Bhopal,Central,New,2023-12-06
9633,Advik,Dey,cust9633_hotmail.com,+91 850338318,Female,34,Mumbai,West,Occasional,2024-07-12
9634,Ekalinga,Narasimhan,cust9634_yahoo.com,+91 929382113,Female,21,Nagpur,Central,Regular,2024-06-13
9635,Ekaja,Dada,cust9635_yahoo.com,+91 877393633,Female,15,Surat,West,Occasional,2025-12-18
9636,Hardik,Prakash,cust9636_hotmail.com,+91 931408626,Male,45,Pune,West,Regular,2025-10-01
9637,Onkar,Bhargava,cust9637_hotmail.com,+91 831767738,Male,47,Hyderabad,South,Occasional,2025-01-05
9638,Peter,Modi,cust9638_hotmail.com,+91 820198879,Other,32,Ahmedabad,West,Occasional,2024-05-26
9639,Onkar,Chada,cust9639_hotmail.com,+91 944870947,Other,18,Chandigarh,North,VIP,2023-10-04
9640,Harshil,Mandal,cust9640_gmail.com,+91 946578814,Female,21,Chandigarh,North,Occasional,2023-06-30
9641,Anamika,Thakur,cust9641_gmail.com,+91 923168872,Male,21,Jaipur,North,New,2025-06-05
9642,Imaran,Mane,cust9642_gmail.com,+91 754480856,Other,40,Hyderabad,South,Regular,2024-03-26
9643,Frado,Kalita,cust9643_hotmail.com,+91 939695771,Other,58,Indore,Central,Occasional,2026-03-12
9644,Mekhala,Gupta,cust9644_hotmail.com,+91 748726244,Other,26,Chandigarh,North,Regular,2024-07-16
9645,Bhavani,Ganguly,cust9645_yahoo.com,+91 930202710,Male,57,Surat,West,Occasional,2023-07-07
9646,Mitesh,Ahluwalia,cust9646_gmail.com,+91 831471988,Other,31,Raipur,Central,Regular,2024-05-14
9647,Azaan,Chokshi,cust9647_yahoo.com,+91 936472736,Other,52,Chandigarh,North,Occasional,2023-09-10
9648,Brijesh,Doshi,cust9648_gmail.com,+91 795481200,Female,23,Ahmedabad,West,Occasional,2024-04-14
9649,Yashawini,Mittal,cust9649_hotmail.com,+91 962742905,Male,38,Jaipur,North,Occasional,2025-08-20
9650,Rajata,Thakur,cust9650_hotmail.com,+91 911590139,Other,21,Mumbai,West,Occasional,2024-04-22
9651,Mahika,Rau,cust9651_yahoo.com,+91 979410555,Female,20,Bangalore,South,Regular,2025-03-19
9652,Chameli,Borah,cust9652_hotmail.com,+91 823965335,Male,39,Ahmedabad,West,Occasional,2025-08-27
9653,Manan,Sheth,cust9653_gmail.com,+91 764126226,Male,26,Chennai,South,Regular,2025-04-22
9654,Jeet,Kota,cust9654_hotmail.com,+91 786205602,Female,42,Bhopal,Central,VIP,2026-05-26
9655,Tanvi,Narain,cust9655_hotmail.com,+91 961341933,Male,59,Mumbai,West,Regular,2024-08-21
9656,Omaja,Muni,cust9656_yahoo.com,+91 853262687,Other,52,Guwahati,East,Regular,2023-06-08
9657,Jatin,Munshi,cust9657_gmail.com,+91 918533714,Male,42,Chandigarh,North,Regular,2025-12-13
9658,Mason,Comar,cust9658_hotmail.com,+91 779568666,Male,23,Jaipur,North,Occasional,2026-05-21
9659,Atharv,Chandran,cust9659_gmail.com,+91 814892918,Other,18,Jaipur,North,Regular,2025-10-13
9660,David,Varughese,cust9660_yahoo.com,+91 861393143,Female,15,Kolkata,East,Regular,2023-10-24
9661,Teerth,Chaudry,cust9661_yahoo.com,+91 758126297,Female,24,Indore,Central,Regular,2023-08-02
9662,Onkar,Keer,cust9662_yahoo.com,+91 738560415,Female,51,Chennai,South,New,2024-09-17
9663,Zashil,Arora,cust9663_hotmail.com,+91 982542618,Other,25,Surat,West,Regular,2023-10-12
9664,Manbir,Krishnamurthy,cust9664_yahoo.com,+91 766242977,Female,33,Chennai,South,Regular,2023-07-14
9665,Maya,Sood,cust9665_gmail.com,+91 982537639,Other,41,Surat,West,Regular,2023-09-28
9666,Xavier,Dugar,cust9666_gmail.com,+91 813487595,Other,23,Lucknow,North,Occasional,2025-09-05
9667,Dhriti,Koshy,cust9667_yahoo.com,+91 940445275,Male,27,Kochi,South,New,2023-08-05
9668,Wyatt,Yadav,cust9668_yahoo.com,+91 976999528,Other,23,Indore,Central,New,2023-09-04
9669,Balveer,Sem,cust9669_yahoo.com,+91 727669607,Other,31,Guwahati,East,New,2024-11-16
9670,Ayushman,Mukhopadhyay,cust9670_gmail.com,+91 933348888,Other,21,Bhopal,Central,Occasional,2024-08-20
9671,Rudra,Wason,cust9671_yahoo.com,+91 999912197,Other,23,Chandigarh,North,Regular,2025-08-19
9672,Pooja,Rana,cust9672_yahoo.com,+91 834302461,Other,21,Bhubaneswar,East,Regular,2025-09-20
9673,Charles,Zacharia,cust9673_hotmail.com,+91 859654416,Other,55,Surat,West,Regular,2024-04-14
9674,Vidhi,Desai,cust9674_gmail.com,+91 748332774,Female,57,Lucknow,North,New,2025-02-14
9675,Saumya,Nigam,cust9675_gmail.com,+91 963218764,Male,46,Nagpur,Central,Regular,2023-03-03
9676,Brinda,Ben,cust9676_gmail.com,+91 942568561,Male,24,Lucknow,North,Occasional,2026-05-17
9677,Tejas,Banik,cust9677_yahoo.com,+91 935484201,Male,33,Jaipur,North,New,2024-01-10
9678,Anirudh,Tailor,cust9678_gmail.com,+91 878854492,Female,46,Ahmedabad,West,VIP,2023-04-24
9679,Turvi,Devan,cust9679_yahoo.com,+91 957833591,Male,29,Lucknow,North,Occasional,2024-03-16
9680,Qadim,Sankaran,cust9680_yahoo.com,+91 758111410,Female,39,Hyderabad,South,Regular,2024-03-05
9681,Dhruv,Sarkar,cust9681_hotmail.com,+91 953971138,Male,19,Chandigarh,North,Occasional,2024-03-25
9682,Sarthak,Gokhale,cust9682_yahoo.com,+91 892847949,Female,25,Kochi,South,Regular,2025-11-01
9683,Vivaan,Nagar,cust9683_hotmail.com,+91 873916129,Male,20,Ahmedabad,West,Occasional,2024-11-05
9684,Theodore,Chauhan,cust9684_hotmail.com,+91 743714331,Male,49,Kochi,South,Occasional,2023-10-15
9685,Yasti,Halder,cust9685_yahoo.com,+91 757696534,Female,41,Ahmedabad,West,Occasional,2023-09-20
9686,Rehaan,Ganesan,cust9686_yahoo.com,+91 980235449,Female,18,Indore,Central,Regular,2025-10-03
9687,Pooja,Varty,cust9687_gmail.com,+91 819320287,Male,46,Chandigarh,North,New,2025-05-03
9688,Balveer,Mahal,cust9688_gmail.com,+91 779427498,Male,30,Surat,West,New,2025-01-12
9689,Vincent,Pandey,cust9689_yahoo.com,+91 762790956,Other,59,Chandigarh,North,Regular,2025-10-07
9690,Vihaan,Brar,cust9690_hotmail.com,+91 724922231,Male,52,Jaipur,North,Occasional,2026-04-16
9691,Jhalak,Keer,cust9691_gmail.com,+91 891488968,Female,48,Raipur,Central,Regular,2025-08-12
9692,Pooja,Grover,cust9692_hotmail.com,+91 734389933,Male,42,Chandigarh,North,Occasional,2023-05-06
9693,Rayaan,Nagar,cust9693_gmail.com,+91 736708877,Female,27,Jaipur,North,VIP,2023-05-06
9694,Unni,Bhandari,cust9694_yahoo.com,+91 876762244,Other,24,Chandigarh,North,Occasional,2024-04-30
9695,Upasna,Aggarwal,cust9695_yahoo.com,+91 859327409,Other,48,New Delhi,North,Regular,2023-01-11
9696,Kavya,Ahuja,cust9696_hotmail.com,+91 993779532,Female,20,Bhubaneswar,East,New,2025-01-14
9697,Chameli,Mandal,cust9697_hotmail.com,+91 982143809,Female,50,Indore,Central,Occasional,2025-05-17
9698,Mugdha,Hora,cust9698_yahoo.com,+91 713306861,Male,55,Bhopal,Central,VIP,2025-06-16
9699,Krishna,Thaman,cust9699_yahoo.com,+91 964936305,Male,56,Kochi,South,New,2024-12-09
9700,Oeshi,Dass,cust9700_gmail.com,+91 957512701,Female,39,Surat,West,Regular,2025-12-30
9701,Advay,Nanda,cust9701_hotmail.com,+91 951667948,Male,24,Pune,West,Regular,2024-01-05
9702,Elijah,Kurian,cust9702_hotmail.com,+91 846531428,Other,39,Mumbai,West,Regular,2024-07-10
9703,Jagrati,Mall,cust9703_hotmail.com,+91 987965956,Male,54,Chandigarh,North,New,2024-03-10
9704,Nicholas,Prabhakar,cust9704_hotmail.com,+91 888783173,Other,40,Nagpur,Central,New,2023-09-24
9705,Gayathri,Chaudhuri,cust9705_gmail.com,+91 745397215,Other,39,Ahmedabad,West,Occasional,2024-06-01
9706,Bakhshi,Narang,cust9706_hotmail.com,+91 755962551,Female,29,Kolkata,East,Occasional,2023-10-21
9707,Indali,Menon,cust9707_gmail.com,+91 715631311,Male,47,Ahmedabad,West,Occasional,2023-04-15
9708,Odika,Joshi,cust9708_hotmail.com,+91 917108713,Other,19,Ahmedabad,West,New,2025-06-22
9709,Irya,Choudhary,cust9709_hotmail.com,+91 781923409,Male,27,Pune,West,Occasional,2025-12-05
9710,Hardik,Bal,cust9710_hotmail.com,+91 770381613,Other,44,Hyderabad,South,Regular,2025-12-29
9711,Widisha,More,cust9711_yahoo.com,+91 991107226,Female,18,Pune,West,Occasional,2024-09-30
9712,Victor,Sanghvi,cust9712_gmail.com,+91 916250852,Other,56,Bhubaneswar,East,Regular,2023-06-16
9713,Ishani,Anne,cust9713_yahoo.com,+91 957695568,Other,55,Patna,East,Regular,2024-09-16
9714,Azaan,Krishnamurthy,cust9714_gmail.com,+91 866401526,Female,33,Lucknow,North,Occasional,2026-02-14
9715,Wazir,Taneja,cust9715_gmail.com,+91 758418916,Female,52,Hyderabad,South,Occasional,2025-02-02
9716,Warjas,Lal,cust9716_gmail.com,+91 773764128,Female,19,Raipur,Central,Occasional,2023-08-07
9717,Vidhi,Thakkar,cust9717_yahoo.com,+91 738991721,Other,47,Raipur,Central,New,2024-10-14
9718,Rushil,Gera,cust9718_gmail.com,+91 916510545,Other,41,Surat,West,Regular,2023-03-03
9719,Isaac,Dey,cust9719_hotmail.com,+91 956328132,Other,30,Chennai,South,Regular,2025-09-10
9720,Ridhi,Bhatnagar,cust9720_hotmail.com,+91 836125359,Other,18,Raipur,Central,New,2023-05-05
9721,Victor,Pandit,cust9721_yahoo.com,+91 837484456,Other,56,New Delhi,North,Regular,2025-08-24
9722,Saanvi,Nagarajan,cust9722_gmail.com,+91 933523616,Male,46,Kochi,South,Regular,2025-11-14
9723,Ekavir,Edwin,cust9723_yahoo.com,+91 749230476,Female,29,Chennai,South,Occasional,2023-07-06
9724,Edhitha,Sampath,cust9724_gmail.com,+91 965716123,Male,60,Kolkata,East,Occasional,2026-03-09
9725,Widisha,Kalla,cust9725_gmail.com,+91 878599303,Female,38,Guwahati,East,Occasional,2026-03-22
9726,Damini,Jha,cust9726_gmail.com,+91 744278613,Female,57,Ahmedabad,West,Regular,2023-05-17
9727,Amol,Warrior,cust9727_hotmail.com,+91 864259149,Female,42,Chennai,South,New,2023-06-13
9728,Neel,Khosla,cust9728_gmail.com,+91 752831711,Female,56,Pune,West,Regular,2024-09-17
9729,Gaurika,Lad,cust9729_hotmail.com,+91 975147883,Other,18,Pune,West,New,2024-11-02
9730,Avi,Keer,cust9730_hotmail.com,+91 860981538,Other,55,Guwahati,East,Regular,2023-02-10
9731,Yashodhara,Bahl,cust9731_gmail.com,+91 990304119,Female,55,Lucknow,North,Occasional,2023-05-29
9732,Omisha,Mishra,cust9732_hotmail.com,+91 889569579,Female,56,Pune,West,New,2025-12-31
9733,George,Barad,cust9733_gmail.com,+91 731559312,Male,21,Kolkata,East,Regular,2024-08-01
9734,Ekansh,Tella,cust9734_gmail.com,+91 727431420,Female,50,Kochi,South,Regular,2023-07-20
9735,Faqid,Krishnan,cust9735_gmail.com,+91 741370744,Female,18,Bhopal,Central,Regular,2024-04-18
9736,Gagan,Sem,cust9736_gmail.com,+91 917510393,Other,28,New Delhi,North,New,2025-04-25
9737,Zarna,Lala,cust9737_yahoo.com,+91 983391363,Female,44,Guwahati,East,Occasional,2023-07-29
9738,Panini,Singhal,cust9738_hotmail.com,+91 795905942,Other,17,Bhubaneswar,East,New,2023-04-08
9739,Rehaan,Gour,cust9739_gmail.com,+91 932594987,Male,30,Jaipur,North,Regular,2024-11-23
9740,Vanya,Apte,cust9740_gmail.com,+91 922806539,Other,45,Bangalore,South,Occasional,2024-03-13
9741,Kabir,Bail,cust9741_yahoo.com,+91 960503962,Male,51,Kolkata,East,Occasional,2025-10-29
9742,Deepa,Tandon,cust9742_yahoo.com,+91 780827857,Other,18,Surat,West,Regular,2023-10-19
9743,Samarth,Mohanty,cust9743_yahoo.com,+91 923829581,Female,48,Hyderabad,South,Occasional,2023-11-27
9744,Hemang,Bassi,cust9744_yahoo.com,+91 965689100,Female,55,Pune,West,Regular,2023-07-21
9745,Dominic,Bath,cust9745_gmail.com,+91 731700969,Female,43,Lucknow,North,Occasional,2024-07-15
9746,Megha,Agarwal,cust9746_gmail.com,+91 868195497,Other,19,Indore,Central,Regular,2024-04-02
9747,Brinda,Choudhry,cust9747_gmail.com,+91 925199123,Other,60,New Delhi,North,Regular,2023-01-19
9748,Wahab,Nayar,cust9748_yahoo.com,+91 875362476,Male,60,Ahmedabad,West,Regular,2023-07-09
9749,Tamanna,Mitter,cust9749_gmail.com,+91 894819323,Male,57,Kolkata,East,Occasional,2024-06-02
9750,Urmi,Din,cust9750_hotmail.com,+91 996656556,Female,58,Bhopal,Central,Regular,2023-03-15
9751,Joshua,Kata,cust9751_hotmail.com,+91 859587706,Male,43,Nagpur,Central,Occasional,2025-11-23
9752,Pallavi,Shetty,cust9752_gmail.com,+91 880404576,Other,41,Indore,Central,Regular,2024-07-09
9753,Frederick,Suresh,cust9753_yahoo.com,+91 741301413,Female,39,Raipur,Central,New,2025-10-17
9754,Faraj,Virk,cust9754_hotmail.com,+91 922997603,Other,45,Chandigarh,North,Regular,2026-05-19
9755,Watika,Setty,cust9755_yahoo.com,+91 878544364,Male,22,Bangalore,South,New,2026-03-24
9756,Vamakshi,Sarma,cust9756_yahoo.com,+91 870179568,Female,51,Nagpur,Central,Occasional,2024-10-19
9757,Teerth,Tella,cust9757_yahoo.com,+91 878598651,Other,41,Raipur,Central,Occasional,2023-04-09
9758,Faraj,Dave,cust9758_gmail.com,+91 886659555,Female,20,Bhopal,Central,Occasional,2024-12-22
9759,Frado,Walia,cust9759_hotmail.com,+91 738187267,Female,46,Nagpur,Central,Occasional,2025-07-31
9760,Tanmayi,Dyal,cust9760_gmail.com,+91 826915992,Male,49,Patna,East,Regular,2023-12-13
9761,Yashawini,Soni,cust9761_gmail.com,+91 761755196,Female,23,Indore,Central,Occasional,2024-03-07
9762,Anvi,Patel,cust9762_gmail.com,+91 796496316,Other,53,Lucknow,North,New,2023-03-02
9763,Zayyan,Nagar,cust9763_yahoo.com,+91 930918658,Male,36,Ahmedabad,West,Occasional,2025-06-30
9764,Yachana,Rout,cust9764_hotmail.com,+91 774713629,Male,20,Indore,Central,Occasional,2026-02-22
9765,Tanmayi,Kapoor,cust9765_yahoo.com,+91 951721781,Male,47,Indore,Central,Regular,2023-05-12
9766,Azaan,Tara,cust9766_hotmail.com,+91 716964832,Female,55,Pune,West,Regular,2023-06-26
9767,Neha,Muni,cust9767_hotmail.com,+91 824229341,Female,52,Mumbai,West,Occasional,2025-10-18
9768,Banjeet,Kota,cust9768_hotmail.com,+91 987741705,Male,46,Indore,Central,Occasional,2025-11-18
9769,Hredhaan,Pall,cust9769_yahoo.com,+91 987607901,Other,26,Raipur,Central,Occasional,2025-09-11
9770,Yashvi,Narula,cust9770_hotmail.com,+91 898754808,Male,28,Kochi,South,Regular,2024-05-10
9771,Hitesh,Zacharia,cust9771_hotmail.com,+91 756914919,Male,41,Bhubaneswar,East,Regular,2023-10-27
9772,William,Raman,cust9772_hotmail.com,+91 991804623,Male,58,Kolkata,East,Occasional,2024-05-20
9773,Bachittar,Pathak,cust9773_yahoo.com,+91 863176900,Male,27,Patna,East,Occasional,2023-08-06
9774,Rayaan,Keer,cust9774_hotmail.com,+91 873178689,Male,38,Lucknow,North,Occasional,2024-04-19
9775,Sara,Bumb,cust9775_hotmail.com,+91 968560889,Male,23,Pune,West,Occasional,2023-10-11
9776,Diya,Krishnamurthy,cust9776_gmail.com,+91 894300399,Male,35,Chandigarh,North,New,2025-05-25
9777,Vedant,Varty,cust9777_yahoo.com,+91 782680920,Other,60,Bhubaneswar,East,Occasional,2024-09-29
9778,Tanmayi,Anand,cust9778_gmail.com,+91 839225929,Male,60,Mumbai,West,Regular,2024-10-15
9779,Upadhriti,Borde,cust9779_yahoo.com,+91 931836677,Other,46,Surat,West,New,2023-03-26
9780,Tara,Mallick,cust9780_gmail.com,+91 726386601,Male,22,Kochi,South,New,2023-11-03
9781,Hiral,Parmer,cust9781_hotmail.com,+91 940763947,Male,28,New Delhi,North,Regular,2023-03-27
9782,Ijaya,Nayar,cust9782_gmail.com,+91 887579761,Other,31,Jaipur,North,Occasional,2025-10-05
9783,Ekaja,Loke,cust9783_yahoo.com,+91 964783717,Female,41,Pune,West,New,2025-11-12
9784,Balendra,Sengupta,cust9784_hotmail.com,+91 932307600,Male,42,Chennai,South,Regular,2026-03-25
9785,Odika,Shah,cust9785_yahoo.com,+91 714937539,Male,41,Patna,East,Regular,2026-01-05
9786,Yahvi,Vora,cust9786_hotmail.com,+91 878519667,Other,51,Hyderabad,South,Regular,2025-12-21
9787,Nitesh,Deshmukh,cust9787_gmail.com,+91 764860824,Other,31,Hyderabad,South,Occasional,2026-05-31
9788,Azad,Barad,cust9788_yahoo.com,+91 929554350,Other,55,Ahmedabad,West,Occasional,2026-03-30
9789,Logan,Andra,cust9789_yahoo.com,+91 822384676,Female,48,Mumbai,West,New,2026-04-26
9790,Dayita,Talwar,cust9790_gmail.com,+91 930845733,Other,42,New Delhi,North,Occasional,2023-02-03
9791,Oscar,Merchant,cust9791_yahoo.com,+91 954711161,Female,52,Hyderabad,South,Regular,2023-07-13
9792,Sachi,Peri,cust9792_hotmail.com,+91 954485342,Female,24,Bangalore,South,New,2023-06-14
9793,Alexander,Mammen,cust9793_gmail.com,+91 997612626,Female,38,Pune,West,Occasional,2025-02-02
9794,Deepa,Sane,cust9794_yahoo.com,+91 794395160,Male,24,Bhopal,Central,Occasional,2023-02-05
9795,Finn,Vig,cust9795_yahoo.com,+91 795920958,Female,31,Indore,Central,Occasional,2025-01-21
9796,Anjali,Dixit,cust9796_yahoo.com,+91 739306210,Male,57,Chandigarh,North,Occasional,2024-02-04
9797,Brinda,Mital,cust9797_yahoo.com,+91 910701493,Other,30,Surat,West,Occasional,2023-07-15
9798,Aarna,Sachdeva,cust9798_yahoo.com,+91 883399481,Female,55,Pune,West,Occasional,2023-04-03
9799,Ishwar,Babu,cust9799_gmail.com,+91 794572269,Male,45,Surat,West,Occasional,2023-05-08
9800,Ubika,Shukla,cust9800_gmail.com,+91 977828845,Other,44,Pune,West,Regular,2025-02-18
9801,Xavier,Dugar,cust9801_yahoo.com,+91 844223357,Male,53,Surat,West,Regular,2023-12-25
9802,Champak,Mangal,cust9802_hotmail.com,+91 724672895,Other,20,Bhubaneswar,East,VIP,2024-12-20
9803,Udarsh,Balakrishnan,cust9803_yahoo.com,+91 796861184,Male,16,Bangalore,South,Regular,2024-04-01
9804,Krish,Morar,cust9804_yahoo.com,+91 887101236,Female,15,Patna,East,Regular,2024-01-15
9805,Pallavi,Wagle,cust9805_hotmail.com,+91 977918267,Male,21,Jaipur,North,Regular,2025-10-21
9806,Vasudha,Kunda,cust9806_hotmail.com,+91 855285862,Other,16,Pune,West,New,2025-08-11
9807,Darpan,Kala,cust9807_hotmail.com,+91 827666766,Male,30,Bangalore,South,Regular,2025-11-21
9808,Dakshesh,Lal,cust9808_gmail.com,+91 953426791,Other,60,Bhopal,Central,Occasional,2026-04-20
9809,Harrison,Shetty,cust9809_yahoo.com,+91 959828305,Female,18,Guwahati,East,Regular,2025-03-08
9810,Xiti,Dhar,cust9810_yahoo.com,+91 976794506,Other,15,Chennai,South,VIP,2025-08-27
9811,Naveen,Mander,cust9811_yahoo.com,+91 960628307,Female,37,New Delhi,North,New,2024-09-19
9812,Barkha,Wable,cust9812_gmail.com,+91 817567529,Other,37,Mumbai,West,Regular,2023-02-04
9813,Rehaan,Bhargava,cust9813_gmail.com,+91 815836214,Female,52,Hyderabad,South,Regular,2023-06-13
9814,Pooja,Mani,cust9814_gmail.com,+91 786633802,Other,18,Mumbai,West,Regular,2025-03-05
9815,Yug,Chacko,cust9815_yahoo.com,+91 767133196,Female,56,Mumbai,West,Regular,2023-07-31
9816,Ladli,Prabhu,cust9816_gmail.com,+91 924248708,Male,42,Bhubaneswar,East,Occasional,2024-07-09
9817,Jeet,Ganesan,cust9817_yahoo.com,+91 744712831,Female,35,Guwahati,East,Regular,2025-03-03
9818,Faris,Soman,cust9818_gmail.com,+91 784254929,Female,23,Guwahati,East,Occasional,2024-07-24
9819,Yatan,Madan,cust9819_gmail.com,+91 795340802,Male,23,Patna,East,Regular,2023-02-03
9820,Triveni,Madan,cust9820_gmail.com,+91 822797230,Female,52,Indore,Central,Occasional,2026-03-24
9821,Mohammed,Pandya,cust9821_yahoo.com,+91 957894330,Female,56,Kolkata,East,Regular,2026-02-06
9822,Upasna,Minhas,cust9822_gmail.com,+91 920217909,Male,23,Kolkata,East,Regular,2025-11-26
9823,Ganga,Kade,cust9823_yahoo.com,+91 743805954,Other,48,Patna,East,VIP,2026-05-18
9824,Divya,Chand,cust9824_hotmail.com,+91 953865625,Other,44,Hyderabad,South,Regular,2023-08-03
9825,Mohammed,Jha,cust9825_gmail.com,+91 926960396,Male,16,Ahmedabad,West,Regular,2025-11-09
9826,Gayathri,Kuruvilla,cust9826_gmail.com,+91 977856963,Male,47,Nagpur,Central,Regular,2023-04-24
9827,Ekalinga,Comar,cust9827_hotmail.com,+91 879770895,Male,25,Mumbai,West,Regular,2025-09-16
9828,Laksh,Bala,cust9828_yahoo.com,+91 999859470,Female,25,Jaipur,North,Occasional,2023-02-11
9829,Vrinda,Chaudry,cust9829_gmail.com,+91 846530921,Male,29,Bhopal,Central,Occasional,2023-01-18
9830,Neelima,Jani,cust9830_gmail.com,+91 719731879,Male,31,Hyderabad,South,Regular,2026-02-18
9831,Bachittar,Patel,cust9831_gmail.com,+91 794343682,Female,39,New Delhi,North,Regular,2026-05-02
9832,Faqid,More,cust9832_yahoo.com,+91 923811973,Other,59,New Delhi,North,Occasional,2023-10-02
9833,Panini,Sarma,cust9833_hotmail.com,+91 772617483,Male,37,Guwahati,East,Regular,2023-09-12
9834,Jasmit,Iyengar,cust9834_hotmail.com,+91 991147177,Male,42,Jaipur,North,Regular,2024-01-15
9835,Laban,Mutti,cust9835_yahoo.com,+91 723872230,Male,16,Pune,West,Occasional,2024-02-17
9836,Jatin,Rout,cust9836_gmail.com,+91 965562339,Male,52,Patna,East,Regular,2023-07-06
9837,Dhriti,Mukhopadhyay,cust9837_yahoo.com,+91 729632812,Other,39,Nagpur,Central,Regular,2025-11-30
9838,Lucky,Sachdev,cust9838_hotmail.com,+91 759531354,Male,16,Bhubaneswar,East,Regular,2026-02-15
9839,Anvi,Narayan,cust9839_yahoo.com,+91 929339325,Male,19,Patna,East,Regular,2023-05-13
9840,Reva,Nadig,cust9840_hotmail.com,+91 947868704,Female,56,Patna,East,New,2023-11-22
9841,Neelima,Wagle,cust9841_gmail.com,+91 943504663,Female,20,Hyderabad,South,Regular,2023-08-28
9842,Jyoti,Bhasin,cust9842_hotmail.com,+91 950668610,Female,56,Ahmedabad,West,Occasional,2026-01-23
9843,Anamika,Mukhopadhyay,cust9843_gmail.com,+91 958487875,Other,18,Guwahati,East,Occasional,2023-06-15
9844,Rehaan,Deol,cust9844_gmail.com,+91 857498529,Male,28,Bhubaneswar,East,Occasional,2023-10-12
9845,Kamala,Karpe,cust9845_yahoo.com,+91 980375177,Male,17,Hyderabad,South,Occasional,2024-06-23
9846,Daksh,Jhaveri,cust9846_hotmail.com,+91 878952105,Other,59,Chandigarh,North,Regular,2025-03-05
9847,Gauri,Garg,cust9847_hotmail.com,+91 816323423,Other,42,Surat,West,Occasional,2026-02-18
9848,Ayushman,Nayar,cust9848_gmail.com,+91 851480592,Male,50,Bangalore,South,Regular,2025-03-15
9849,Diya,Bath,cust9849_yahoo.com,+91 729782725,Female,37,Nagpur,Central,Regular,2025-02-09
9850,Yashoda,Chakrabarti,cust9850_hotmail.com,+91 868156767,Female,24,Surat,West,New,2026-01-17
9851,Shravya,Kakar,cust9851_yahoo.com,+91 923734141,Female,31,Bhubaneswar,East,Regular,2025-12-01
9852,Chaitaly,Deep,cust9852_yahoo.com,+91 948864988,Male,20,Surat,West,Regular,2024-02-07
9853,Avni,Solanki,cust9853_yahoo.com,+91 845643914,Other,53,Bhubaneswar,East,Occasional,2023-10-08
9854,Vasudha,Kulkarni,cust9854_yahoo.com,+91 815906371,Other,47,Bhopal,Central,Regular,2025-01-29
9855,Anusha,Ramakrishnan,cust9855_yahoo.com,+91 779948224,Male,34,Jaipur,North,Occasional,2026-04-24
9856,Yatan,Bandi,cust9856_yahoo.com,+91 781548692,Female,52,Mumbai,West,Regular,2026-05-18
9857,Barkha,Bera,cust9857_gmail.com,+91 814852973,Male,48,Ahmedabad,West,Occasional,2024-10-25
9858,Abhiram,Raju,cust9858_hotmail.com,+91 926768244,Other,25,Surat,West,Occasional,2024-11-06
9859,Yasti,Deshmukh,cust9859_yahoo.com,+91 984732185,Male,43,Patna,East,New,2025-04-06
9860,Radha,Dass,cust9860_hotmail.com,+91 935844875,Other,58,Hyderabad,South,Occasional,2024-04-07
9861,Tanvi,Patla,cust9861_yahoo.com,+91 955907869,Other,37,Indore,Central,New,2025-11-09
9862,Sarthak,Taneja,cust9862_yahoo.com,+91 969585133,Female,37,Kochi,South,Regular,2026-05-31
9863,Vedant,Pandey,cust9863_hotmail.com,+91 778177893,Female,58,Jaipur,North,Occasional,2025-07-11
9864,Ladli,Bail,cust9864_hotmail.com,+91 898584537,Male,41,Raipur,Central,Occasional,2024-03-26
9865,Logan,Dara,cust9865_gmail.com,+91 744877709,Female,56,Indore,Central,Regular,2023-06-06
9866,Arjun,Sidhu,cust9866_gmail.com,+91 819156210,Female,55,Bhubaneswar,East,Occasional,2024-01-30
9867,Zehaan,Pandya,cust9867_hotmail.com,+91 854357442,Female,41,Nagpur,Central,Regular,2024-07-13
9868,Radhika,Bassi,cust9868_gmail.com,+91 922381808,Female,58,Bangalore,South,New,2023-11-04
9869,Radha,Bhasin,cust9869_hotmail.com,+91 959363294,Other,60,New Delhi,North,Regular,2026-03-19
9870,Tristan,Dhaliwal,cust9870_hotmail.com,+91 773115248,Female,53,Kolkata,East,New,2025-08-12
9871,Zayyan,Sidhu,cust9871_gmail.com,+91 727686363,Male,37,Kochi,South,New,2026-02-28
9872,Luke,Ranganathan,cust9872_gmail.com,+91 970276541,Other,20,Surat,West,Regular,2024-11-15
9873,Hemang,Sood,cust9873_yahoo.com,+91 789361202,Other,43,Ahmedabad,West,Regular,2024-07-14
9874,Jeet,Ramesh,cust9874_gmail.com,+91 781728503,Male,19,Patna,East,Occasional,2023-11-09
9875,Karan,Prabhu,cust9875_gmail.com,+91 854888470,Female,20,Bhubaneswar,East,Regular,2023-12-05
9876,Vihaan,Mishra,cust9876_gmail.com,+91 746237790,Male,29,Kochi,South,New,2025-10-05
9877,Yashoda,Wali,cust9877_yahoo.com,+91 929441518,Other,36,Hyderabad,South,Occasional,2025-11-13
9878,Mohammed,Sharaf,cust9878_hotmail.com,+91 771823516,Other,59,Guwahati,East,Occasional,2024-02-20
9879,Ishita,Dugal,cust9879_hotmail.com,+91 929755422,Female,54,Kochi,South,Regular,2025-06-09
9880,Prisha,Chana,cust9880_yahoo.com,+91 882752219,Other,49,Patna,East,VIP,2024-01-13
9881,Aishani,Sachdeva,cust9881_hotmail.com,+91 885802793,Other,55,Indore,Central,Occasional,2025-07-07
9882,Gayathri,Mohan,cust9882_hotmail.com,+91 959742265,Female,45,Surat,West,Regular,2024-02-12
9883,Irya,Pandya,cust9883_yahoo.com,+91 979516295,Female,35,Patna,East,Occasional,2025-12-21
9884,Yashica,D’Alia,cust9884_gmail.com,+91 762979690,Male,29,Bhopal,Central,Regular,2026-02-12
9885,Reyansh,Chopra,cust9885_yahoo.com,+91 744308275,Female,40,Pune,West,New,2024-11-27
9886,Bhavna,Dhawan,cust9886_yahoo.com,+91 864624652,Male,58,Nagpur,Central,Regular,2026-01-07
9887,Hredhaan,Wadhwa,cust9887_gmail.com,+91 890906219,Other,25,New Delhi,North,New,2026-02-07
9888,Maanav,Mammen,cust9888_gmail.com,+91 868121348,Other,31,Nagpur,Central,Occasional,2023-07-26
9889,Tanay,Joshi,cust9889_yahoo.com,+91 933509810,Male,34,Bhopal,Central,Occasional,2023-09-08
9890,Kai,Soni,cust9890_yahoo.com,+91 974264191,Other,44,Bhopal,Central,Regular,2025-10-31
9891,Triya,Rege,cust9891_yahoo.com,+91 992620936,Female,40,Ahmedabad,West,Regular,2023-06-09
9892,Azaan,Malhotra,cust9892_gmail.com,+91 723243212,Other,51,Bhopal,Central,Regular,2026-01-08
9893,Lopa,Nayar,cust9893_hotmail.com,+91 913161174,Male,15,Raipur,Central,Regular,2024-03-08
9894,Hardik,Buch,cust9894_gmail.com,+91 927236804,Male,54,Kochi,South,New,2024-07-23
9895,Krishna,Kashyap,cust9895_hotmail.com,+91 872452122,Female,46,Nagpur,Central,Regular,2025-05-08
9896,Jason,Babu,cust9896_yahoo.com,+91 927790228,Male,31,Surat,West,Regular,2023-05-04
9897,Laban,Deep,cust9897_hotmail.com,+91 873309922,Male,54,Mumbai,West,Occasional,2023-01-11
9898,Neel,Barad,cust9898_yahoo.com,+91 760611956,Female,42,Bhubaneswar,East,Regular,2026-01-21
9899,Bishakha,Nigam,cust9899_hotmail.com,+91 722565896,Other,44,Surat,West,Regular,2026-04-18
9900,Omkaar,Vora,cust9900_hotmail.com,+91 789182215,Other,16,Raipur,Central,Occasional,2024-07-07
9901,Riya,Salvi,cust9901_yahoo.com,+91 987975564,Other,27,Bhopal,Central,Occasional,2023-07-29
9902,Anjali,Gopal,cust9902_gmail.com,+91 962592407,Male,21,Kochi,South,Regular,2025-01-18
9903,Shivansh,Nadkarni,cust9903_hotmail.com,+91 868359858,Male,32,Ahmedabad,West,Regular,2025-08-28
9904,Teerth,Karnik,cust9904_hotmail.com,+91 766911939,Other,30,Pune,West,Occasional,2024-02-16
9905,Rishi,Deol,cust9905_hotmail.com,+91 936527810,Male,35,Chandigarh,North,Occasional,2024-12-10
9906,Zinal,Kalita,cust9906_hotmail.com,+91 765207638,Other,28,Indore,Central,Regular,2024-11-15
9907,Rachit,Buch,cust9907_yahoo.com,+91 884822366,Other,32,Ahmedabad,West,Regular,2024-10-11
9908,Benjamin,Arora,cust9908_gmail.com,+91 987823774,Female,25,New Delhi,North,Occasional,2023-07-05
9909,Aarav,Suri,cust9909_yahoo.com,+91 716564269,Female,36,Ahmedabad,West,Occasional,2024-08-12
9910,Noah,Bir,cust9910_yahoo.com,+91 773794672,Male,53,Surat,West,Regular,2026-03-21
9911,Zayan,Vig,cust9911_yahoo.com,+91 868489232,Male,25,Bhopal,Central,Occasional,2023-10-28
9912,Lavanya,Oza,cust9912_gmail.com,+91 832670115,Other,27,Bhopal,Central,New,2025-06-03
9913,Ekansh,Patel,cust9913_yahoo.com,+91 766456685,Female,26,Lucknow,North,Regular,2025-02-10
9914,Yuvraj,Choudhury,cust9914_gmail.com,+91 990893786,Other,43,Pune,West,Occasional,2025-01-10
9915,Pratyush,Agrawal,cust9915_hotmail.com,+91 993810827,Other,23,Nagpur,Central,Occasional,2024-07-07
9916,Robert,Bhatti,cust9916_hotmail.com,+91 829549214,Female,48,Raipur,Central,New,2025-06-01
9917,Tristan,Balasubramanian,cust9917_hotmail.com,+91 920418533,Other,30,Mumbai,West,New,2024-12-04
9918,Janaki,Behl,cust9918_yahoo.com,+91 756752589,Other,52,Indore,Central,VIP,2025-06-01
9919,Shaurya,Kaul,cust9919_yahoo.com,+91 933756750,Other,49,Hyderabad,South,Regular,2025-08-25
9920,Vedant,Cheema,cust9920_gmail.com,+91 959275374,Male,60,Indore,Central,Regular,2024-11-28
9921,Vamakshi,Hans,cust9921_yahoo.com,+91 974151828,Male,58,New Delhi,North,Occasional,2025-08-09
9922,Deepa,Varughese,cust9922_yahoo.com,+91 736984136,Female,39,Raipur,Central,Occasional,2023-05-14
9923,Nathaniel,Setty,cust9923_hotmail.com,+91 893449918,Other,46,Guwahati,East,Regular,2023-03-22
9924,Avi,Vora,cust9924_gmail.com,+91 735638885,Other,55,Nagpur,Central,Occasional,2024-08-02
9925,Andrew,Acharya,cust9925_hotmail.com,+91 861523347,Male,60,Mumbai,West,Regular,2024-10-01
9926,Urmi,Dora,cust9926_gmail.com,+91 726253312,Female,45,Mumbai,West,Occasional,2023-04-02
9927,Vanya,Chada,cust9927_gmail.com,+91 756926361,Female,59,Nagpur,Central,Occasional,2023-02-12
9928,Jairaj,Vig,cust9928_hotmail.com,+91 929234359,Male,55,Nagpur,Central,New,2026-03-16
9929,Arya,Palan,cust9929_gmail.com,+91 993418263,Female,24,Raipur,Central,VIP,2026-03-15
9930,Ekiya,Sachdev,cust9930_gmail.com,+91 772580895,Other,37,Nagpur,Central,New,2024-01-17
9931,Wahab,Kadakia,cust9931_gmail.com,+91 985780346,Male,58,Jaipur,North,Regular,2023-07-24
9932,Zaitra,Shetty,cust9932_yahoo.com,+91 831679927,Other,20,Hyderabad,South,Occasional,2024-05-24
9933,Triveni,Patel,cust9933_yahoo.com,+91 929547961,Male,47,Mumbai,West,VIP,2023-06-28
9934,Ayushman,Hora,cust9934_gmail.com,+91 941429437,Female,16,Lucknow,North,New,2026-05-11
9935,Akshay,Vora,cust9935_hotmail.com,+91 950390147,Other,45,Guwahati,East,Occasional,2023-11-02
9936,Radha,Aggarwal,cust9936_hotmail.com,+91 870742212,Male,22,Kochi,South,Occasional,2023-03-30
9937,Ekalinga,Shroff,cust9937_yahoo.com,+91 996270994,Female,29,Hyderabad,South,Regular,2024-03-15
9938,Omkaar,Mammen,cust9938_gmail.com,+91 951571671,Male,28,Guwahati,East,Regular,2023-01-19
9939,Arjun,Batta,cust9939_yahoo.com,+91 846457920,Other,40,Chandigarh,North,Regular,2023-12-10
9940,Pallavi,Tak,cust9940_hotmail.com,+91 735275102,Male,38,Bangalore,South,Regular,2025-03-08
9941,Zaitra,Sundaram,cust9941_yahoo.com,+91 983948386,Male,17,Kochi,South,Regular,2024-06-27
9942,Hamsini,Ahluwalia,cust9942_hotmail.com,+91 771954986,Male,45,Chandigarh,North,Regular,2024-06-13
9943,Gunbir,Mitter,cust9943_yahoo.com,+91 764359766,Male,39,New Delhi,North,VIP,2024-06-10
9944,Chaman,Sarma,cust9944_gmail.com,+91 988272555,Male,23,Hyderabad,South,New,2023-03-08
9945,Mahika,Sachar,cust9945_hotmail.com,+91 832724355,Female,55,Surat,West,Occasional,2024-01-21
9946,Maya,Dave,cust9946_yahoo.com,+91 840311745,Female,17,Kochi,South,Regular,2024-03-28
9947,Yachana,Sanghvi,cust9947_yahoo.com,+91 947653922,Male,36,Hyderabad,South,Occasional,2023-10-04
9948,Jeet,Mani,cust9948_hotmail.com,+91 776857631,Female,39,New Delhi,North,Occasional,2023-06-12
9949,Balveer,Morar,cust9949_gmail.com,+91 888383885,Female,26,Bangalore,South,VIP,2023-07-28
9950,Anamika,Naik,cust9950_gmail.com,+91 775806326,Other,26,Kochi,South,Regular,2025-10-08
9951,Aashi,Rattan,cust9951_gmail.com,+91 836204611,Other,26,Ahmedabad,West,Regular,2025-11-25
9952,Vidhi,Raju,cust9952_yahoo.com,+91 998984812,Female,36,Bangalore,South,Regular,2023-06-14
9953,Rishi,Merchant,cust9953_hotmail.com,+91 733366612,Male,34,Jaipur,North,New,2025-10-26
9954,Bhavini,Chhabra,cust9954_yahoo.com,+91 955393409,Male,27,Chandigarh,North,New,2023-11-09
9955,Krishna,Sen,cust9955_yahoo.com,+91 913600818,Other,49,Kolkata,East,Regular,2026-05-03
9956,Riya,Saini,cust9956_hotmail.com,+91 882709950,Male,27,Pune,West,Occasional,2023-02-22
9957,Jagvi,Walia,cust9957_yahoo.com,+91 986477201,Female,51,Patna,East,Occasional,2025-03-04
9958,Anika,Borra,cust9958_gmail.com,+91 752635431,Male,28,Jaipur,North,Occasional,2024-11-24
9959,Megha,Sarkar,cust9959_yahoo.com,+91 875150368,Other,48,Bhubaneswar,East,Regular,2023-03-26
9960,Matthew,Sanghvi,cust9960_yahoo.com,+91 828300772,Other,27,Guwahati,East,Regular,2025-09-22
9961,Yamini,Sem,cust9961_hotmail.com,+91 748840576,Other,26,Bangalore,South,VIP,2023-05-23
9962,Shivani,Yogi,cust9962_hotmail.com,+91 727473566,Other,29,Indore,Central,Regular,2024-01-02
9963,Tarak,Sha,cust9963_yahoo.com,+91 752515570,Male,59,Bhopal,Central,Regular,2024-05-07
9964,Elijah,Dutta,cust9964_yahoo.com,+91 852228466,Female,41,Indore,Central,Occasional,2023-03-23
9965,Simon,Choudhary,cust9965_yahoo.com,+91 835401298,Other,35,Lucknow,North,Regular,2025-06-12
9966,Amaira,Parekh,cust9966_hotmail.com,+91 764595183,Male,35,Bhubaneswar,East,Regular,2026-02-24
9967,Manan,Kuruvilla,cust9967_gmail.com,+91 844107401,Female,31,Ahmedabad,West,Occasional,2025-11-06
9968,Akshay,Madan,cust9968_yahoo.com,+91 715775624,Male,27,Kochi,South,Regular,2024-11-12
9969,Brinda,Baral,cust9969_yahoo.com,+91 981138369,Other,19,Chandigarh,North,Occasional,2023-01-05
9970,Sai,Ramachandran,cust9970_yahoo.com,+91 868305661,Female,38,Raipur,Central,Occasional,2025-09-02
9971,Yashodhara,Sekhon,cust9971_yahoo.com,+91 725783243,Other,35,Mumbai,West,Occasional,2023-04-17
9972,Pranav,Sankaran,cust9972_hotmail.com,+91 733985212,Female,37,Indore,Central,Occasional,2024-09-03
9973,Liam,Bedi,cust9973_gmail.com,+91 813913399,Male,15,Raipur,Central,Occasional,2025-07-04
9974,Nathan,Singh,cust9974_gmail.com,+91 920959593,Female,20,Chennai,South,Occasional,2025-11-04
9975,Watika,Dalal,cust9975_gmail.com,+91 774341866,Female,19,Ahmedabad,West,Regular,2024-06-15
9976,Lopa,Sule,cust9976_gmail.com,+91 795133483,Male,26,Kochi,South,Occasional,2024-07-19
9977,Mohammed,Krish,cust9977_gmail.com,+91 835382921,Other,51,Kochi,South,Occasional,2023-04-23
9978,Harita,Shankar,cust9978_hotmail.com,+91 869987416,Female,60,Surat,West,Occasional,2023-02-11
9979,Ikshita,Contractor,cust9979_yahoo.com,+91 730284925,Female,35,Pune,West,Occasional,2025-02-24
9980,Lucky,Mody,cust9980_gmail.com,+91 860563589,Other,47,Hyderabad,South,New,2023-12-30
9981,Lipika,Rai,cust9981_gmail.com,+91 938823228,Other,23,Chandigarh,North,Occasional,2024-06-12
9982,Aadi,Nath,cust9982_yahoo.com,+91 747180627,Male,45,Surat,West,Regular,2023-01-11
9983,Simon,Reddy,cust9983_hotmail.com,+91 875414255,Female,39,Surat,West,Regular,2025-04-15
9984,Chakradhar,Jha,cust9984_gmail.com,+91 832135170,Male,45,Bhubaneswar,East,New,2025-07-29
9985,Amruta,Bora,cust9985_gmail.com,+91 833353158,Male,50,New Delhi,North,VIP,2023-11-11
9986,Nidra,Nigam,cust9986_hotmail.com,+91 817863771,Male,29,Kochi,South,Occasional,2025-09-16
9987,Jeremiah,Varma,cust9987_yahoo.com,+91 875728102,Male,26,Patna,East,Regular,2023-10-21
9988,Amara,Sawhney,cust9988_hotmail.com,+91 964921327,Other,42,Patna,East,Occasional,2024-11-04
9989,Ridhi,Bala,cust9989_hotmail.com,+91 880560860,Other,17,Kolkata,East,VIP,2026-05-31
9990,Caleb,Sandhu,cust9990_gmail.com,+91 778832643,Female,30,Bhubaneswar,East,Regular,2025-02-13
9991,Wishi,Magar,cust9991_yahoo.com,+91 729621249,Female,30,Chandigarh,North,VIP,2023-02-08
9992,Arunima,Khatri,cust9992_gmail.com,+91 755811686,Male,18,Pune,West,VIP,2023-06-04
9993,Azad,Behl,cust9993_yahoo.com,+91 725745151,Male,37,New Delhi,North,VIP,2024-11-22
9994,Fariq,Sura,cust9994_yahoo.com,+91 918269799,Male,59,Chennai,South,VIP,2026-02-13
9995,Ronith,Ram,cust9995_hotmail.com,+91 982548930,Female,53,Ahmedabad,West,Regular,2024-03-16
9996,Fitan,Raj,cust9996_gmail.com,+91 899774505,Other,36,Pune,West,Regular,2024-11-10
9997,Tara,Sarkar,cust9997_gmail.com,+91 777800891,Male,15,Ahmedabad,West,Occasional,2025-02-21
9998,Ishita,Sridhar,cust9998_hotmail.com,+91 876544341,Female,34,Ahmedabad,West,Occasional,2023-05-04
9999,Charvi,Ahuja,cust9999_hotmail.com,+91 952922135,Male,40,Jaipur,North,Occasional,2025-01-30
10000,Aadhya,Prasad,cust10000_hotmail.com,+91 984613418,Male,35,Indore,Central,Regular,2024-05-19
