ReturnID,OrderID,ProductID,ReturnDate,Quantity,Reason,RefundAmount,Status
1,15,1014,2025-02-11 22:18:00,1,Color Bled,943.95,Approved
2,18,1289,2025-08-02 19:25:00,1,Wrong Size,837.9,Approved
3,27,547,2025-03-26 16:19:00,1,Wrong Size,1698.16,Approved
4,32,1890,2025-05-09 21:21:00,2,Color Bled,2097.9,Approved
5,44,1747,2025-06-16 10:00:00,2,Defective Stitching,1677.9,Approved
6,50,1637,2026-03-29 15:39:00,1,Wrong Size,418.95,Approved
7,55,1084,2024-10-21 10:33:00,2,Changed Mind,784.35,Approved
8,57,1945,2025-06-19 19:26:00,1,Defective Stitching,103.95,Approved
9,62,1683,2024-06-15 18:22:00,3,Defective Stitching,941.85,Approved
10,64,373,2025-03-14 14:40:00,3,Color Bled,1571.85,Approved
11,76,520,2025-04-28 10:53:00,2,Wrong Size,941.85,Approved
12,104,805,2025-06-09 20:01:00,2,Fabric Quality,1467.9,Approved
13,112,1974,2026-04-05 14:19:00,1,Color Bled,313.95,Approved
14,121,1314,2025-07-13 14:52:00,1,Changed Mind,705.92,Approved
15,124,280,2025-09-24 14:07:00,1,Changed Mind,523.95,Approved
16,128,1830,2024-10-02 12:36:00,1,Fabric Quality,1257.9,Approved
17,134,326,2025-09-22 20:50:00,1,Color Bled,261.45,Approved
18,135,1087,2025-02-23 22:43:00,1,Color Bled,103.95,Approved
19,153,1246,2026-06-25 14:11:00,1,Defective Stitching,628.95,Approved
20,156,1036,2024-07-13 18:45:00,1,Fabric Quality,1677.9,Approved
21,165,1643,2024-02-28 12:09:00,1,Color Bled,376.11,Approved
22,178,774,2024-09-15 18:20:00,1,Wrong Size,261.45,Approved
23,180,513,2026-04-06 12:50:00,2,Fabric Quality,3146.85,Approved
24,188,1122,2026-01-26 18:22:00,1,Defective Stitching,282.56,Approved
25,191,1740,2025-09-24 14:31:00,1,Changed Mind,417.9,Approved
26,206,1423,2025-11-27 19:00:00,3,Fabric Quality,2201.85,Approved
27,215,86,2024-04-21 15:15:00,1,Changed Mind,943.95,Approved
28,215,1598,2024-04-21 15:15:00,2,Fabric Quality,2516.85,Approved
29,228,145,2026-02-13 19:15:00,1,Color Bled,208.95,Approved
30,229,1323,2024-03-11 13:50:00,1,Wrong Size,1467.9,Approved
31,230,1120,2025-09-08 21:46:00,1,Wrong Size,733.95,Approved
32,231,989,2026-04-16 16:21:00,1,Fabric Quality,838.95,Approved
33,232,139,2024-12-28 20:46:00,2,Color Bled,1571.85,Approved
34,252,68,2024-12-15 14:59:00,1,Fabric Quality,2097.9,Approved
35,252,1146,2024-12-21 14:59:00,1,Color Bled,733.95,Approved
36,275,285,2025-07-13 17:19:00,2,Wrong Size,187.11,Approved
37,278,1494,2025-08-10 10:17:00,1,Changed Mind,2831.85,Approved
38,285,1893,2025-05-07 20:12:00,1,Color Bled,417.9,Approved
39,285,98,2025-05-02 20:12:00,1,Color Bled,223.97,Approved
40,287,331,2024-12-01 17:20:00,1,Fabric Quality,165.9,Approved
41,287,722,2024-12-04 17:20:00,2,Wrong Size,1887.9,Approved
42,292,1743,2026-04-24 11:53:00,1,Defective Stitching,140.81,Approved
43,295,1214,2024-04-23 11:19:00,1,Wrong Size,627.9,Approved
44,303,937,2026-05-25 15:37:00,1,Color Bled,418.95,Approved
45,307,1368,2024-07-06 22:56:00,1,Wrong Size,208.95,Approved
46,309,765,2026-01-12 19:33:00,1,Defective Stitching,1677.9,Approved
47,324,993,2024-06-19 20:40:00,1,Defective Stitching,2201.85,Approved
48,338,1013,2024-08-21 11:00:00,1,Changed Mind,2516.85,Approved
49,344,1270,2025-08-14 16:51:00,1,Changed Mind,626.85,Approved
50,350,212,2025-07-17 20:06:00,1,Defective Stitching,93.56,Approved
51,355,1950,2025-03-01 14:11:00,3,Changed Mind,626.85,Approved
52,355,1131,2025-03-02 14:11:00,2,Color Bled,522.9,Approved
53,383,1534,2024-03-13 18:51:00,1,Color Bled,627.9,Approved
54,393,1814,2026-07-08 12:49:00,1,Wrong Size,784.35,Approved
55,407,44,2026-04-29 13:17:00,1,Defective Stitching,1257.9,Approved
56,420,1051,2025-07-18 11:24:00,1,Color Bled,838.95,Approved
57,425,145,2025-07-03 20:28:00,1,Fabric Quality,626.85,Approved
58,435,1355,2024-06-07 12:06:00,1,Color Bled,418.95,Approved
59,446,465,2025-03-06 12:00:00,1,Wrong Size,943.95,Approved
60,454,1500,2025-11-13 20:23:00,1,Wrong Size,628.95,Approved
61,456,48,2026-04-11 15:25:00,1,Fabric Quality,523.95,Approved
62,461,334,2026-01-18 22:48:00,1,Defective Stitching,733.95,Approved
63,484,1433,2026-03-23 11:29:00,2,Defective Stitching,1677.9,Approved
64,498,271,2025-04-12 21:52:00,3,Defective Stitching,626.85,Approved
65,513,927,2024-01-12 20:12:00,2,Defective Stitching,522.9,Approved
66,520,419,2024-02-18 15:03:00,1,Defective Stitching,313.95,Approved
67,525,1655,2024-06-23 16:13:00,1,Changed Mind,313.95,Approved
68,529,460,2024-01-05 18:00:00,1,Wrong Size,311.85,Approved
69,535,1678,2025-09-27 12:25:00,1,Wrong Size,261.45,Approved
70,547,1388,2025-03-02 21:43:00,2,Wrong Size,837.9,Approved
71,551,556,2025-10-10 16:20:00,2,Wrong Size,941.85,Approved
72,551,1202,2025-10-11 16:20:00,1,Changed Mind,313.95,Approved
73,552,571,2025-10-31 12:18:00,1,Fabric Quality,2831.85,Approved
74,558,1094,2025-04-06 11:01:00,1,Wrong Size,523.95,Approved
75,559,1522,2024-03-28 15:01:00,2,Wrong Size,2516.85,Approved
76,561,1172,2024-03-01 10:24:00,1,Changed Mind,1886.85,Approved
77,562,407,2024-09-03 21:25:00,2,Defective Stitching,376.11,Approved
78,568,1098,2025-02-25 13:16:00,1,Fabric Quality,1257.9,Approved
79,568,315,2025-02-26 13:16:00,1,Color Bled,82.95,Approved
80,577,1105,2024-11-16 10:35:00,3,Fabric Quality,941.85,Approved
81,580,1753,2026-03-31 11:53:00,2,Defective Stitching,784.35,Approved
82,586,1970,2026-03-29 16:00:00,1,Defective Stitching,838.95,Approved
83,593,558,2026-01-05 13:55:00,1,Color Bled,311.85,Approved
84,595,812,2026-02-28 15:57:00,2,Changed Mind,2201.85,Approved
85,599,392,2026-06-29 16:43:00,3,Color Bled,1131.16,Approved
86,599,1676,2026-07-01 16:43:00,1,Wrong Size,313.95,Approved
87,604,530,2025-10-28 15:18:00,1,Defective Stitching,469.35,Approved
88,609,23,2024-11-11 19:20:00,2,Color Bled,1256.85,Approved
89,610,1306,2024-04-29 14:45:00,1,Fabric Quality,261.45,Approved
90,611,1661,2024-04-02 16:00:00,1,Defective Stitching,1677.9,Approved
91,615,1210,2025-06-21 21:32:00,2,Changed Mind,312.9,Approved
92,633,1732,2024-03-29 16:45:00,1,Changed Mind,1048.95,Approved
93,644,400,2024-08-16 12:15:00,1,Wrong Size,261.45,Approved
94,654,901,2024-06-29 16:05:00,1,Changed Mind,417.9,Approved
95,656,97,2025-01-26 11:00:00,1,Changed Mind,156.45,Approved
96,659,266,2025-08-23 18:56:00,1,Color Bled,261.45,Approved
97,678,764,2024-06-17 10:13:00,1,Changed Mind,1887.9,Approved
98,678,48,2024-06-15 10:13:00,1,Changed Mind,1571.85,Approved
99,680,1123,2026-06-11 21:38:00,1,Fabric Quality,103.95,Approved
100,681,1827,2026-02-20 22:18:00,1,Defective Stitching,1047.9,Approved
101,682,1942,2025-01-20 18:08:00,1,Color Bled,523.95,Approved
102,690,156,2026-01-31 19:02:00,2,Color Bled,1047.9,Approved
103,700,1032,2024-01-21 17:47:00,1,Color Bled,943.95,Approved
104,703,727,2024-09-05 20:05:00,2,Color Bled,1887.9,Approved
105,708,138,2024-07-12 12:50:00,1,Defective Stitching,755.06,Approved
106,714,1719,2025-10-29 15:58:00,3,Fabric Quality,564.17,Approved
107,715,1719,2026-01-10 21:04:00,1,Changed Mind,376.11,Approved
108,722,960,2026-04-04 20:00:00,1,Wrong Size,235.31,Approved
109,727,177,2024-05-23 19:45:00,1,Wrong Size,941.85,Approved
110,734,674,2025-09-02 22:34:00,2,Wrong Size,1257.9,Approved
111,747,251,2024-04-27 11:59:00,2,Color Bled,1467.9,Approved
112,752,219,2024-02-15 16:26:00,2,Wrong Size,280.67,Approved
113,759,194,2025-06-25 13:19:00,1,Defective Stitching,2201.85,Approved
114,764,657,2024-03-24 20:19:00,3,Changed Mind,2516.85,Approved
115,772,967,2025-01-07 10:12:00,2,Defective Stitching,705.92,Approved
116,773,1354,2026-03-16 22:00:00,1,Wrong Size,627.9,Approved
117,776,184,2024-09-25 18:00:00,2,Color Bled,847.67,Approved
118,776,715,2024-09-28 18:00:00,2,Color Bled,1677.9,Approved
119,788,1244,2025-06-29 18:41:00,1,Changed Mind,523.95,Approved
120,793,1841,2024-10-06 20:41:00,2,Changed Mind,1698.16,Approved
121,793,1240,2024-10-05 20:41:00,1,Color Bled,376.11,Approved
122,811,893,2025-12-29 12:31:00,1,Wrong Size,261.45,Approved
123,817,450,2025-08-18 10:00:00,1,Defective Stitching,208.95,Approved
124,819,1892,2025-09-24 10:40:00,1,Changed Mind,1467.9,Approved
125,820,1468,2026-02-13 11:38:00,1,Wrong Size,261.45,Approved
126,825,1802,2026-01-04 11:20:00,1,Fabric Quality,628.95,Approved
127,829,1633,2025-07-26 12:18:00,3,Changed Mind,2831.85,Approved
128,830,1137,2024-02-04 14:08:00,1,Changed Mind,418.95,Approved
129,839,1696,2026-04-07 13:11:00,1,Wrong Size,628.95,Approved
130,840,627,2025-01-07 22:00:00,1,Wrong Size,1888.11,Approved
131,841,94,2026-02-12 16:00:00,1,Fabric Quality,523.95,Approved
132,843,1098,2025-07-08 21:04:00,2,Changed Mind,1886.85,Approved
133,850,98,2025-03-21 16:04:00,1,Fabric Quality,165.9,Approved
134,856,375,2024-08-20 13:00:00,1,Changed Mind,282.56,Approved
135,856,1004,2024-08-25 13:00:00,1,Defective Stitching,1677.9,Approved
136,858,1408,2024-07-18 15:38:00,2,Color Bled,223.97,Approved
137,890,897,2024-09-24 10:39:00,2,Defective Stitching,1047.9,Approved
138,893,627,2025-11-25 17:14:00,2,Fabric Quality,3146.85,Approved
139,900,304,2026-05-05 22:27:00,2,Color Bled,1047.9,Approved
140,912,1814,2026-06-22 16:35:00,1,Changed Mind,705.92,Approved
141,915,323,2025-07-16 14:23:00,1,Wrong Size,312.9,Approved
142,922,1757,2024-10-11 10:34:00,1,Color Bled,523.95,Approved
143,927,1538,2025-02-18 10:33:00,1,Defective Stitching,941.85,Approved
144,936,1745,2024-12-12 21:42:00,1,Color Bled,93.56,Approved
145,942,1809,2024-07-30 16:36:00,1,Fabric Quality,248.85,Approved
146,944,397,2026-03-28 16:20:00,1,Fabric Quality,74.66,Approved
147,950,604,2024-06-30 13:40:00,2,Wrong Size,522.9,Approved
148,953,392,2025-10-12 16:04:00,1,Wrong Size,418.95,Approved
149,962,110,2024-03-26 17:14:00,1,Wrong Size,261.45,Approved
150,970,984,2026-04-12 10:21:00,1,Fabric Quality,943.95,Approved
151,975,1282,2025-03-26 15:18:00,1,Defective Stitching,418.95,Approved
152,975,701,2025-03-26 15:18:00,2,Color Bled,837.9,Approved
153,976,349,2024-05-18 15:29:00,2,Defective Stitching,522.9,Approved
154,980,1343,2025-03-30 10:00:00,2,Defective Stitching,312.9,Approved
155,983,27,2025-01-22 12:54:00,1,Wrong Size,223.97,Approved
156,984,429,2024-04-02 12:00:00,1,Defective Stitching,838.95,Approved
157,991,1212,2024-07-17 20:57:00,1,Changed Mind,418.95,Approved
158,995,871,2025-04-01 22:39:00,1,Fabric Quality,1677.9,Approved
159,998,551,2026-01-28 11:54:00,1,Fabric Quality,522.9,Approved
160,1001,596,2025-01-10 19:42:00,1,Wrong Size,1571.85,Approved
161,1005,97,2024-08-07 22:59:00,1,Color Bled,156.45,Approved
162,1006,1567,2024-02-21 15:37:00,1,Fabric Quality,471.56,Approved
163,1008,297,2024-10-21 16:00:00,2,Defective Stitching,1571.85,Approved
164,1024,397,2025-01-25 22:19:00,1,Wrong Size,82.95,Approved
165,1028,1207,2026-06-22 12:22:00,1,Defective Stitching,261.45,Approved
166,1030,153,2024-11-22 19:26:00,1,Color Bled,418.95,Approved
167,1035,820,2025-08-04 14:20:00,1,Wrong Size,837.9,Approved
168,1039,1810,2024-03-01 12:27:00,2,Fabric Quality,565.11,Approved
169,1041,1715,2025-09-15 16:23:00,1,Color Bled,627.9,Approved
170,1054,876,2024-04-08 22:30:00,1,Color Bled,1677.9,Approved
171,1057,310,2024-01-18 21:58:00,1,Fabric Quality,1257.9,Approved
172,1057,309,2024-01-16 21:58:00,1,Fabric Quality,3146.85,Approved
173,1057,619,2024-01-13 21:58:00,1,Color Bled,733.95,Approved
174,1065,40,2024-06-17 15:55:00,2,Fabric Quality,312.9,Approved
175,1080,1107,2025-07-30 18:05:00,2,Fabric Quality,627.9,Approved
176,1092,1951,2026-06-07 15:10:00,1,Defective Stitching,523.95,Approved
177,1097,1853,2024-07-26 21:23:00,2,Defective Stitching,1047.9,Approved
178,1102,1265,2026-05-13 21:00:00,2,Wrong Size,1047.9,Approved
179,1103,438,2026-06-18 15:00:00,1,Defective Stitching,313.95,Approved
180,1110,410,2025-04-21 12:08:00,1,Wrong Size,2548.66,Approved
181,1111,153,2025-08-19 22:31:00,3,Wrong Size,1256.85,Approved
182,1122,437,2024-04-18 22:46:00,1,Fabric Quality,943.95,Approved
183,1132,23,2026-04-14 21:16:00,3,Wrong Size,1256.85,Approved
184,1137,1355,2026-04-26 16:56:00,1,Wrong Size,754.11,Approved
185,1146,790,2026-05-03 13:19:00,1,Changed Mind,755.06,Approved
186,1147,577,2025-01-17 20:00:00,1,Changed Mind,1047.9,Approved
187,1160,1642,2024-02-06 19:18:00,2,Fabric Quality,1467.9,Approved
188,1166,1882,2025-08-05 18:40:00,1,Color Bled,943.95,Approved
189,1167,1265,2024-01-31 18:39:00,1,Changed Mind,523.95,Approved
190,1168,1702,2026-03-27 22:21:00,1,Fabric Quality,628.95,Approved
191,1169,1996,2026-03-11 19:07:00,1,Color Bled,1048.95,Approved
192,1175,136,2024-04-14 22:00:00,2,Fabric Quality,943.11,Approved
193,1178,706,2025-01-16 17:54:00,1,Color Bled,261.45,Approved
194,1181,912,2024-12-07 18:21:00,1,Changed Mind,1047.9,Approved
195,1189,488,2025-08-25 19:18:00,2,Fabric Quality,312.9,Approved
196,1198,815,2024-07-13 10:50:00,1,Wrong Size,1677.9,Approved
197,1200,1926,2024-07-22 18:47:00,1,Fabric Quality,208.95,Approved
198,1200,1841,2024-07-22 18:47:00,2,Color Bled,1257.9,Approved
199,1202,1838,2026-02-23 17:17:00,1,Changed Mind,207.9,Approved
200,1207,835,2024-10-02 22:26:00,1,Fabric Quality,261.45,Approved
201,1218,1905,2025-08-18 16:00:00,2,Wrong Size,1256.85,Approved
202,1220,908,2025-11-19 16:46:00,1,Color Bled,208.95,Approved
203,1231,546,2024-02-19 10:59:00,1,Changed Mind,523.95,Approved
204,1237,1776,2026-01-02 13:34:00,3,Fabric Quality,1571.85,Approved
205,1238,1437,2025-01-31 19:36:00,1,Defective Stitching,207.9,Approved
206,1239,1443,2024-01-25 14:41:00,1,Fabric Quality,628.95,Approved
207,1239,1644,2024-01-22 14:41:00,1,Changed Mind,469.35,Approved
208,1243,1490,2026-03-12 17:42:00,2,Color Bled,1886.85,Approved
209,1245,924,2025-06-24 11:32:00,3,Defective Stitching,2201.85,Approved
210,1258,1243,2024-03-08 20:26:00,1,Fabric Quality,313.95,Approved
211,1275,538,2025-09-22 20:20:00,3,Color Bled,784.35,Approved
212,1276,1629,2025-11-23 10:41:00,1,Color Bled,1677.9,Approved
213,1278,873,2025-01-05 20:15:00,1,Changed Mind,418.95,Approved
214,1282,945,2026-05-25 15:00:00,3,Changed Mind,847.67,Approved
215,1286,1583,2024-11-24 17:57:00,1,Wrong Size,626.85,Approved
216,1287,1520,2025-11-19 12:13:00,1,Wrong Size,261.45,Approved
217,1297,789,2024-04-16 10:36:00,1,Defective Stitching,2201.85,Approved
218,1306,1839,2025-06-03 21:47:00,1,Changed Mind,626.85,Approved
219,1311,1942,2024-05-04 17:51:00,2,Changed Mind,1047.9,Approved
220,1311,796,2024-05-02 17:51:00,2,Color Bled,1257.9,Approved
221,1316,1287,2026-06-26 19:12:00,3,Color Bled,2831.85,Approved
222,1317,93,2024-11-12 16:10:00,3,Wrong Size,3146.85,Approved
223,1328,561,2024-01-25 14:50:00,1,Color Bled,628.95,Approved
224,1330,1817,2025-08-19 10:15:00,1,Color Bled,733.95,Approved
225,1340,1368,2024-01-25 15:00:00,2,Fabric Quality,626.85,Approved
226,1343,355,2025-05-21 12:31:00,2,Fabric Quality,1467.9,Approved
227,1343,1731,2025-05-16 12:31:00,1,Fabric Quality,208.95,Approved
228,1358,1357,2025-02-11 11:19:00,1,Fabric Quality,282.56,Approved
229,1361,540,2024-06-10 13:08:00,1,Color Bled,1888.11,Approved
230,1362,1899,2025-05-12 12:15:00,1,Changed Mind,943.11,Approved
231,1364,495,2025-08-22 15:35:00,2,Changed Mind,1887.9,Approved
232,1370,733,2025-04-25 20:07:00,1,Defective Stitching,208.95,Approved
233,1371,1258,2025-09-10 12:00:00,1,Changed Mind,626.85,Approved
234,1379,708,2024-05-18 17:09:00,1,Fabric Quality,1048.95,Approved
235,1381,1511,2024-07-22 11:22:00,1,Defective Stitching,522.9,Approved
236,1386,880,2024-09-23 21:38:00,1,Color Bled,470.61,Approved
237,1388,263,2025-01-25 19:06:00,2,Fabric Quality,1047.9,Approved
238,1409,1805,2025-12-03 13:11:00,1,Defective Stitching,943.95,Approved
239,1418,1677,2025-02-16 14:45:00,1,Changed Mind,1048.95,Approved
240,1421,1278,2025-09-15 20:38:00,3,Defective Stitching,2548.66,Approved
241,1440,452,2025-04-24 19:57:00,3,Changed Mind,1886.85,Approved
242,1446,52,2024-02-06 17:00:00,2,Changed Mind,1256.85,Approved
243,1453,1970,2026-01-18 22:47:00,2,Wrong Size,2516.85,Approved
244,1458,180,2025-03-19 19:53:00,2,Changed Mind,627.9,Approved
245,1460,212,2024-10-05 13:01:00,1,Color Bled,93.56,Approved
246,1469,1196,2026-03-12 10:51:00,1,Color Bled,82.95,Approved
247,1474,292,2025-11-18 22:59:00,1,Changed Mind,1677.9,Approved
248,1479,809,2024-10-24 14:45:00,1,Wrong Size,2831.85,Approved
249,1499,138,2025-09-17 18:00:00,2,Wrong Size,2516.85,Approved
250,1506,182,2024-02-21 21:23:00,2,Color Bled,784.35,Approved
251,1507,1767,2026-04-17 14:53:00,2,Defective Stitching,280.67,Approved
252,1527,1210,2026-03-03 18:26:00,3,Wrong Size,469.35,Approved
253,1531,1201,2024-12-31 17:32:00,1,Changed Mind,313.95,Approved
254,1535,449,2025-05-23 22:08:00,1,Fabric Quality,628.95,Approved
255,1536,1024,2025-09-01 18:33:00,1,Changed Mind,3146.85,Approved
256,1536,708,2025-09-06 18:33:00,1,Changed Mind,944.06,Approved
257,1541,1502,2026-05-23 11:31:00,2,Wrong Size,1571.85,Approved
258,1543,1250,2024-04-29 14:38:00,2,Wrong Size,417.9,Approved
259,1546,1533,2026-04-09 14:34:00,2,Defective Stitching,1887.9,Approved
260,1562,158,2026-04-24 11:00:00,1,Wrong Size,943.95,Approved
261,1565,1591,2024-11-14 13:00:00,1,Fabric Quality,156.45,Approved
262,1572,124,2024-02-07 14:36:00,1,Changed Mind,188.06,Approved
263,1587,1215,2024-12-20 18:04:00,1,Wrong Size,2201.85,Approved
264,1588,71,2024-05-02 21:48:00,2,Changed Mind,565.11,Approved
265,1588,158,2024-05-03 21:48:00,2,Defective Stitching,1887.9,Approved
266,1592,1437,2024-06-06 18:01:00,2,Wrong Size,187.11,Approved
267,1594,1155,2024-04-06 11:33:00,1,Defective Stitching,313.95,Approved
268,1597,1398,2026-04-11 22:56:00,3,Changed Mind,1886.85,Approved
269,1603,772,2025-02-06 15:37:00,2,Color Bled,1886.85,Approved
270,1605,1961,2026-06-21 14:48:00,1,Fabric Quality,103.95,Approved
271,1606,1832,2026-01-14 17:44:00,1,Defective Stitching,82.95,Approved
272,1614,1583,2025-04-26 19:24:00,1,Defective Stitching,417.9,Approved
273,1625,1637,2025-02-21 19:41:00,1,Fabric Quality,418.95,Approved
274,1636,135,2024-09-14 10:33:00,1,Fabric Quality,628.95,Approved
275,1644,621,2025-08-28 14:50:00,1,Fabric Quality,261.45,Approved
276,1660,1149,2025-10-08 21:14:00,1,Color Bled,523.95,Approved
277,1660,1489,2025-10-10 21:14:00,3,Wrong Size,1886.85,Approved
278,1666,1810,2026-05-12 22:51:00,1,Color Bled,941.85,Approved
279,1668,425,2025-07-06 10:34:00,1,Wrong Size,313.95,Approved
280,1677,1188,2025-06-23 15:45:00,1,Wrong Size,313.95,Approved
281,1688,1656,2026-04-26 10:31:00,1,Color Bled,103.95,Approved
282,1692,1009,2026-03-02 17:26:00,1,Color Bled,418.95,Approved
283,1693,209,2026-01-18 14:55:00,2,Color Bled,1886.85,Approved
284,1693,1580,2026-01-19 14:55:00,2,Fabric Quality,417.9,Approved
285,1694,131,2025-09-26 13:02:00,1,Wrong Size,261.45,Approved
286,1698,244,2026-06-20 19:45:00,1,Changed Mind,943.95,Approved
287,1700,111,2024-11-02 18:53:00,1,Changed Mind,156.45,Approved
288,1701,293,2025-01-03 19:13:00,1,Defective Stitching,523.95,Approved
289,1708,429,2025-01-28 13:00:00,1,Color Bled,2516.85,Approved
290,1711,858,2025-04-11 13:40:00,2,Defective Stitching,522.9,Approved
291,1717,167,2024-01-28 19:42:00,1,Color Bled,2201.85,Approved
292,1724,909,2025-07-31 15:20:00,1,Color Bled,418.95,Approved
293,1735,1511,2025-03-16 20:34:00,3,Fabric Quality,784.35,Approved
294,1740,267,2024-08-29 19:17:00,1,Changed Mind,156.45,Approved
295,1753,318,2025-01-23 13:58:00,2,Color Bled,941.85,Approved
296,1755,1857,2025-01-09 19:33:00,2,Wrong Size,1047.9,Approved
297,1766,1113,2025-01-22 20:05:00,1,Wrong Size,313.95,Approved
298,1768,502,2026-04-10 18:30:00,2,Color Bled,627.9,Approved
299,1774,553,2025-04-29 18:22:00,1,Wrong Size,628.95,Approved
300,1782,483,2024-08-07 13:44:00,2,Wrong Size,469.35,Approved
301,1793,404,2024-08-30 16:00:00,1,Fabric Quality,522.9,Approved
302,1799,1997,2025-05-31 15:28:00,1,Wrong Size,82.95,Approved
303,1802,870,2024-10-03 10:17:00,3,Fabric Quality,626.85,Approved
304,1804,464,2025-02-01 20:02:00,2,Defective Stitching,2201.85,Approved
305,1808,1390,2024-04-15 18:30:00,2,Fabric Quality,784.35,Approved
306,1817,290,2026-01-03 18:07:00,1,Fabric Quality,1467.9,Approved
307,1819,1955,2025-03-31 18:45:00,3,Changed Mind,941.85,Approved
308,1822,83,2025-12-06 16:11:00,1,Defective Stitching,522.9,Approved
309,1826,15,2026-06-03 19:59:00,2,Defective Stitching,522.9,Approved
310,1849,386,2024-04-22 10:34:00,1,Color Bled,208.95,Approved
311,1867,1657,2025-03-13 12:25:00,1,Defective Stitching,313.95,Approved
312,1871,1023,2025-12-02 19:01:00,3,Color Bled,564.17,Approved
313,1874,772,2024-04-16 22:18:00,3,Fabric Quality,1886.85,Approved
314,1881,1737,2024-07-29 10:21:00,2,Fabric Quality,1257.9,Approved
315,1886,1990,2024-08-10 19:24:00,2,Fabric Quality,1257.9,Approved
316,1886,1170,2024-08-09 19:24:00,1,Fabric Quality,565.11,Approved
317,1895,1061,2024-09-05 13:37:00,1,Color Bled,1677.9,Approved
318,1901,939,2026-03-19 20:46:00,1,Fabric Quality,1048.95,Approved
319,1906,1149,2025-04-23 11:09:00,2,Color Bled,943.11,Approved
320,1908,718,2025-07-16 18:19:00,3,Defective Stitching,3146.85,Approved
321,1910,417,2025-06-30 22:48:00,1,Changed Mind,626.85,Approved
322,1918,822,2026-02-17 11:19:00,2,Wrong Size,784.35,Approved
323,1931,44,2025-03-20 10:32:00,1,Defective Stitching,628.95,Approved
324,1932,610,2024-04-14 16:59:00,1,Wrong Size,2516.85,Approved
325,1935,1793,2025-02-27 17:57:00,1,Fabric Quality,282.56,Approved
326,1950,1392,2025-10-22 11:39:00,1,Wrong Size,165.9,Approved
327,1950,906,2025-10-23 11:39:00,1,Fabric Quality,522.9,Approved
328,1952,785,2024-04-01 21:39:00,1,Defective Stitching,523.95,Approved
329,1958,580,2025-01-19 22:07:00,1,Defective Stitching,838.95,Approved
330,1965,1993,2025-05-17 20:56:00,2,Fabric Quality,1571.85,Approved
331,1967,1854,2024-02-19 19:00:00,1,Fabric Quality,313.95,Approved
332,1967,1782,2024-02-19 19:00:00,1,Color Bled,313.95,Approved
333,1969,620,2026-03-08 15:31:00,1,Changed Mind,208.95,Approved
334,1970,103,2025-04-02 22:39:00,1,Changed Mind,784.35,Approved
335,1978,716,2024-10-10 14:07:00,1,Wrong Size,156.45,Approved
336,1978,556,2024-10-04 14:07:00,2,Fabric Quality,627.9,Approved
337,1993,1555,2025-05-31 13:35:00,1,Wrong Size,733.95,Approved
338,1994,350,2024-08-21 21:43:00,2,Fabric Quality,626.85,Approved
339,1996,935,2025-08-15 17:10:00,1,Wrong Size,627.9,Approved
340,1999,641,2025-07-13 14:36:00,1,Changed Mind,941.85,Approved
341,2001,996,2025-05-16 18:39:00,1,Wrong Size,565.11,Approved
342,2004,121,2025-06-09 20:24:00,1,Changed Mind,627.9,Approved
343,2010,1033,2024-09-21 18:29:00,1,Changed Mind,313.95,Approved
344,2022,1743,2025-06-07 21:04:00,1,Defective Stitching,156.45,Approved
345,2023,909,2024-11-10 12:29:00,2,Changed Mind,1131.16,Approved
346,2026,1681,2025-03-26 21:52:00,2,Fabric Quality,2516.85,Approved
347,2032,1610,2026-05-19 14:02:00,1,Color Bled,261.45,Approved
348,2037,775,2025-12-10 12:09:00,2,Color Bled,522.9,Approved
349,2040,841,2025-06-06 12:43:00,1,Defective Stitching,208.95,Approved
350,2060,999,2024-06-22 12:25:00,1,Fabric Quality,3146.85,Approved
351,2062,147,2025-03-15 22:00:00,2,Changed Mind,1886.85,Approved
352,2069,49,2026-05-14 21:19:00,1,Changed Mind,2548.66,Approved
353,2070,844,2024-12-01 20:31:00,1,Defective Stitching,941.85,Approved
354,2075,1827,2025-05-04 20:16:00,3,Changed Mind,1571.85,Approved
355,2085,1828,2025-01-17 10:10:00,1,Wrong Size,837.9,Approved
356,2090,750,2025-10-01 21:43:00,1,Color Bled,838.95,Approved
357,2096,1204,2025-04-15 19:54:00,1,Wrong Size,627.9,Approved
358,2096,1192,2025-04-17 19:54:00,1,Wrong Size,837.9,Approved
359,2098,1062,2025-04-20 13:44:00,1,Wrong Size,313.95,Approved
360,2109,169,2024-06-24 11:41:00,2,Wrong Size,223.97,Approved
361,2110,238,2024-07-15 17:27:00,1,Color Bled,282.56,Approved
362,2118,1935,2024-11-05 20:45:00,1,Fabric Quality,941.85,Approved
363,2127,1551,2025-06-09 19:21:00,1,Defective Stitching,3146.85,Approved
364,2137,1533,2025-05-27 21:08:00,2,Wrong Size,2548.66,Approved
365,2138,1615,2024-07-31 19:39:00,3,Defective Stitching,784.35,Approved
366,2138,490,2024-08-05 19:39:00,1,Defective Stitching,156.45,Approved
367,2141,430,2026-04-11 20:54:00,3,Color Bled,2516.85,Approved
368,2145,1067,2024-08-20 21:36:00,2,Wrong Size,784.35,Approved
369,2145,1680,2024-08-21 21:36:00,3,Wrong Size,1256.85,Approved
370,2155,736,2024-04-10 21:42:00,2,Wrong Size,1132.11,Approved
371,2171,1999,2025-04-01 15:00:00,1,Color Bled,628.95,Approved
372,2174,348,2025-08-11 14:04:00,2,Color Bled,627.9,Approved
373,2181,667,2025-03-07 10:58:00,2,Defective Stitching,1257.9,Approved
374,2188,1293,2026-01-08 20:10:00,1,Wrong Size,1467.9,Approved
375,2194,1582,2024-05-31 10:38:00,1,Wrong Size,312.9,Approved
376,2204,1792,2025-09-14 19:31:00,2,Fabric Quality,1257.9,Approved
377,2214,1607,2026-03-01 19:57:00,2,Changed Mind,626.85,Approved
378,2217,421,2024-10-15 16:37:00,1,Fabric Quality,1048.95,Approved
379,2220,1118,2024-11-19 14:00:00,2,Changed Mind,417.9,Approved
380,2229,491,2026-03-28 16:38:00,1,Defective Stitching,261.45,Approved
381,2239,886,2025-11-25 16:43:00,1,Defective Stitching,523.95,Approved
382,2240,319,2026-02-24 21:00:00,1,Changed Mind,470.61,Approved
383,2242,798,2025-03-17 17:09:00,1,Defective Stitching,313.95,Approved
384,2243,92,2024-06-04 17:27:00,1,Fabric Quality,522.9,Approved
385,2243,776,2024-06-05 17:27:00,1,Color Bled,628.95,Approved
386,2244,1357,2024-05-17 19:37:00,1,Wrong Size,941.85,Approved
387,2247,954,2024-05-13 10:55:00,1,Defective Stitching,418.95,Approved
388,2251,521,2025-01-16 10:13:00,1,Wrong Size,566.06,Approved
389,2255,1828,2024-05-03 17:51:00,1,Changed Mind,1131.16,Approved
390,2276,1611,2025-12-19 21:02:00,1,Fabric Quality,565.11,Approved
391,2301,1606,2025-03-21 10:09:00,1,Color Bled,628.95,Approved
392,2302,138,2025-07-19 17:53:00,2,Defective Stitching,1510.11,Approved
393,2310,22,2024-09-06 10:14:00,3,Wrong Size,248.85,Approved
394,2310,1908,2024-09-11 10:14:00,1,Changed Mind,103.95,Approved
395,2315,482,2024-03-13 18:42:00,1,Fabric Quality,1886.85,Approved
396,2315,1772,2024-03-16 18:42:00,2,Fabric Quality,312.9,Approved
397,2322,1759,2026-01-02 17:34:00,1,Defective Stitching,733.95,Approved
398,2329,451,2026-04-29 22:48:00,2,Changed Mind,2516.85,Approved
399,2350,1288,2024-04-18 14:58:00,1,Defective Stitching,523.95,Approved
400,2350,1978,2024-04-24 14:58:00,1,Defective Stitching,208.95,Approved
401,2351,945,2026-03-13 18:49:00,1,Color Bled,313.95,Approved
402,2351,1576,2026-03-15 18:49:00,1,Defective Stitching,261.45,Approved
403,2356,1824,2024-07-28 10:00:00,1,Defective Stitching,705.92,Approved
404,2356,7,2024-07-31 10:00:00,2,Wrong Size,837.9,Approved
405,2357,1134,2025-03-31 15:00:00,1,Defective Stitching,1467.9,Approved
406,2358,1577,2026-03-12 22:39:00,2,Changed Mind,627.9,Approved
407,2368,131,2026-04-07 14:37:00,1,Changed Mind,784.35,Approved
408,2375,679,2026-04-11 22:30:00,1,Wrong Size,418.95,Approved
409,2386,1321,2025-12-30 18:43:00,2,Changed Mind,627.9,Approved
410,2391,1578,2024-09-20 18:02:00,2,Fabric Quality,627.9,Approved
411,2400,1563,2024-10-16 18:41:00,2,Wrong Size,1887.9,Approved
412,2403,1394,2024-04-03 20:00:00,3,Defective Stitching,2831.85,Approved
413,2406,1062,2024-09-29 15:44:00,2,Defective Stitching,565.11,Approved
414,2415,1362,2025-03-24 22:33:00,3,Defective Stitching,1571.85,Approved
415,2417,254,2026-07-01 12:00:00,2,Color Bled,943.11,Approved
416,2424,684,2026-03-13 14:13:00,3,Color Bled,1571.85,Approved
417,2425,918,2024-09-03 20:00:00,1,Changed Mind,418.95,Approved
418,2449,927,2026-01-05 17:59:00,1,Changed Mind,261.45,Approved
419,2453,1634,2024-07-14 17:15:00,1,Changed Mind,417.9,Approved
420,2462,403,2025-04-09 14:13:00,1,Defective Stitching,941.85,Approved
421,2466,1103,2024-07-05 21:24:00,3,Color Bled,248.85,Approved
422,2469,383,2026-03-30 13:27:00,1,Defective Stitching,471.56,Approved
423,2474,1388,2025-01-16 21:07:00,2,Wrong Size,837.9,Approved
424,2476,1131,2024-10-13 13:29:00,2,Wrong Size,522.9,Approved
425,2493,959,2024-01-19 11:09:00,1,Wrong Size,522.9,Approved
426,2503,1970,2024-05-12 16:00:00,1,Changed Mind,1677.9,Approved
427,2505,710,2024-11-18 18:58:00,1,Changed Mind,1047.9,Approved
428,2510,1954,2026-03-25 14:22:00,3,Changed Mind,1886.85,Approved
429,2512,1458,2024-01-28 18:15:00,1,Color Bled,837.9,Approved
430,2530,1758,2026-06-04 19:26:00,1,Defective Stitching,74.66,Approved
431,2534,1009,2026-04-15 17:30:00,2,Wrong Size,1256.85,Approved
432,2538,772,2025-03-31 21:37:00,1,Wrong Size,1257.9,Approved
433,2541,1894,2024-08-24 14:38:00,1,Changed Mind,1132.11,Approved
434,2548,264,2025-10-14 22:14:00,1,Defective Stitching,838.95,Approved
435,2556,547,2025-09-24 15:44:00,1,Fabric Quality,1132.11,Approved
436,2559,1049,2025-12-11 11:00:00,1,Defective Stitching,522.9,Approved
437,2564,741,2026-06-23 12:22:00,1,Wrong Size,1467.9,Approved
438,2569,886,2025-11-17 22:56:00,2,Fabric Quality,1571.85,Approved
439,2580,507,2025-06-23 18:11:00,2,Defective Stitching,1887.9,Approved
440,2581,367,2024-09-04 22:50:00,2,Color Bled,417.9,Approved
441,2585,1948,2024-10-01 15:56:00,1,Fabric Quality,3146.85,Approved
442,2588,991,2025-03-30 10:27:00,1,Changed Mind,943.95,Approved
443,2595,1936,2026-01-15 18:35:00,1,Wrong Size,165.9,Approved
444,2598,368,2025-11-19 17:06:00,2,Wrong Size,522.9,Approved
445,2599,1365,2025-02-21 19:28:00,1,Defective Stitching,313.95,Approved
446,2599,1383,2025-02-20 19:28:00,1,Fabric Quality,733.95,Approved
447,2606,1516,2025-05-27 16:34:00,1,Changed Mind,469.35,Approved
448,2607,1334,2024-12-11 17:00:00,1,Changed Mind,838.95,Approved
449,2619,741,2024-10-11 15:04:00,3,Color Bled,2201.85,Approved
450,2620,484,2025-07-17 17:52:00,1,Fabric Quality,208.95,Approved
451,2622,638,2024-12-17 16:46:00,1,Color Bled,313.95,Approved
452,2635,1935,2025-10-26 16:45:00,1,Changed Mind,313.95,Approved
453,2639,1592,2025-03-21 17:32:00,1,Color Bled,837.9,Approved
454,2640,716,2025-08-10 20:50:00,1,Defective Stitching,312.9,Approved
455,2643,1451,2024-07-11 15:50:00,3,Color Bled,847.67,Approved
456,2652,399,2026-01-14 11:54:00,1,Fabric Quality,944.06,Approved
457,2665,1803,2024-01-08 20:40:00,1,Wrong Size,417.9,Approved
458,2668,1006,2025-06-04 16:06:00,1,Changed Mind,188.06,Approved
459,2685,667,2025-05-29 13:00:00,2,Wrong Size,1698.16,Approved
460,2694,228,2025-10-25 19:41:00,2,Color Bled,1256.85,Approved
461,2707,737,2025-02-14 21:59:00,1,Defective Stitching,1571.85,Approved
462,2707,1020,2025-02-20 21:59:00,1,Color Bled,417.9,Approved
463,2710,1286,2026-01-14 16:55:00,2,Defective Stitching,3146.85,Approved
464,2724,308,2024-12-14 13:35:00,1,Wrong Size,313.95,Approved
465,2725,1643,2026-04-04 17:32:00,1,Wrong Size,208.95,Approved
466,2725,94,2026-04-05 17:32:00,1,Changed Mind,1047.9,Approved
467,2728,1353,2026-05-01 12:54:00,1,Color Bled,156.45,Approved
468,2732,18,2025-10-26 21:00:00,2,Wrong Size,165.9,Approved
469,2745,1734,2025-01-09 19:10:00,1,Fabric Quality,235.31,Approved
470,2746,1717,2025-03-09 12:57:00,2,Changed Mind,469.35,Approved
471,2750,1444,2024-04-27 11:45:00,1,Color Bled,705.92,Approved
472,2758,1803,2025-05-13 15:50:00,2,Defective Stitching,626.85,Approved
473,2766,527,2025-10-28 12:04:00,1,Fabric Quality,849.56,Approved
474,2766,1534,2025-10-29 12:04:00,1,Fabric Quality,313.95,Approved
475,2779,1892,2024-09-04 22:48:00,2,Color Bled,1467.9,Approved
476,2796,891,2024-08-13 14:54:00,3,Wrong Size,2831.85,Approved
477,2804,327,2024-07-23 11:02:00,2,Wrong Size,1571.85,Approved
478,2805,1478,2024-10-26 10:05:00,1,Wrong Size,784.35,Approved
479,2814,1661,2025-08-02 13:46:00,2,Changed Mind,1677.9,Approved
480,2817,602,2026-01-15 14:29:00,3,Changed Mind,2831.85,Approved
481,2818,1432,2025-04-21 18:00:00,1,Defective Stitching,2097.9,Approved
482,2822,985,2025-07-28 10:03:00,2,Fabric Quality,207.9,Approved
483,2827,1631,2024-02-23 11:24:00,1,Defective Stitching,566.06,Approved
484,2831,1072,2024-10-23 13:38:00,2,Color Bled,417.9,Approved
485,2843,401,2024-03-07 20:04:00,1,Defective Stitching,208.95,Approved
486,2848,846,2026-04-28 12:48:00,3,Wrong Size,1571.85,Approved
487,2848,194,2026-04-28 12:48:00,2,Color Bled,1467.9,Approved
488,2859,228,2024-07-14 20:37:00,1,Color Bled,418.95,Approved
489,2860,1910,2024-04-02 21:56:00,2,Color Bled,417.9,Approved
490,2862,542,2026-06-06 16:52:00,1,Changed Mind,784.35,Approved
491,2866,627,2025-12-15 13:00:00,1,Fabric Quality,1048.95,Approved
492,2875,1509,2025-04-02 16:29:00,1,Fabric Quality,847.67,Approved
493,2875,1725,2025-04-05 16:29:00,2,Defective Stitching,248.85,Approved
494,2876,1153,2025-11-04 14:41:00,1,Fabric Quality,1886.85,Approved
495,2884,780,2024-01-16 12:09:00,2,Changed Mind,1699.11,Approved
496,2885,1151,2025-06-05 21:21:00,1,Defective Stitching,2516.85,Approved
497,2885,1228,2025-06-04 21:21:00,1,Changed Mind,261.45,Approved
498,2889,1782,2026-04-02 14:40:00,1,Wrong Size,565.11,Approved
499,2896,1264,2025-11-27 21:48:00,1,Changed Mind,1698.16,Approved
500,2902,138,2025-03-26 18:43:00,3,Changed Mind,2516.85,Approved
501,2909,723,2025-05-26 22:42:00,1,Color Bled,523.95,Approved
502,2914,1213,2025-06-27 15:26:00,1,Color Bled,1698.16,Approved
503,2928,1799,2024-07-25 15:50:00,2,Color Bled,1886.85,Approved
504,2937,332,2024-04-14 19:12:00,3,Changed Mind,248.85,Approved
505,2943,1660,2024-09-15 12:38:00,1,Changed Mind,944.06,Approved
506,2946,270,2026-04-03 13:58:00,1,Wrong Size,1467.9,Approved
507,2950,1040,2024-11-18 20:01:00,3,Color Bled,2516.85,Approved
508,2956,279,2025-06-14 14:51:00,1,Changed Mind,523.95,Approved
509,2957,446,2024-02-01 11:25:00,1,Defective Stitching,1887.9,Approved
510,2961,1390,2024-03-22 11:17:00,1,Color Bled,784.35,Approved
511,2966,1853,2025-05-11 20:55:00,1,Fabric Quality,1571.85,Approved
512,2971,1457,2025-11-14 20:03:00,1,Changed Mind,470.61,Approved
513,2977,803,2024-10-13 15:17:00,1,Fabric Quality,943.95,Approved
514,2979,1477,2025-01-31 11:34:00,2,Changed Mind,1257.9,Approved
515,2980,1473,2025-08-20 14:16:00,2,Color Bled,564.17,Approved
516,2993,889,2024-11-25 16:00:00,1,Color Bled,628.95,Approved
517,2994,1705,2025-02-02 21:26:00,1,Color Bled,208.95,Approved
518,2994,1730,2025-02-07 21:26:00,1,Fabric Quality,522.9,Approved
519,3010,176,2025-09-24 21:21:00,2,Defective Stitching,312.9,Approved
520,3011,1981,2025-07-02 21:47:00,2,Wrong Size,207.9,Approved
521,3013,303,2024-10-16 15:11:00,1,Changed Mind,1048.95,Approved
522,3032,1016,2024-07-05 12:55:00,1,Defective Stitching,223.97,Approved
523,3035,162,2025-04-03 20:39:00,2,Color Bled,2201.85,Approved
524,3036,1574,2026-06-20 20:59:00,1,Defective Stitching,313.95,Approved
525,3043,1660,2024-12-02 11:35:00,2,Fabric Quality,3146.85,Approved
526,3055,830,2025-07-23 16:44:00,1,Wrong Size,2548.66,Approved
527,3055,1801,2025-07-25 16:44:00,2,Fabric Quality,522.9,Approved
528,3061,276,2026-04-04 18:30:00,1,Wrong Size,3146.85,Approved
529,3064,1094,2025-03-12 10:19:00,1,Changed Mind,1047.9,Approved
530,3078,442,2026-01-07 18:13:00,2,Color Bled,626.85,Approved
531,3081,849,2025-06-20 20:25:00,1,Changed Mind,628.95,Approved
532,3091,510,2026-04-17 20:00:00,1,Changed Mind,1048.95,Approved
533,3098,693,2025-10-11 19:29:00,1,Wrong Size,418.95,Approved
534,3100,1386,2026-01-30 18:34:00,1,Color Bled,733.95,Approved
535,3103,1179,2024-08-30 17:51:00,2,Defective Stitching,469.35,Approved
536,3109,522,2025-12-12 10:36:00,1,Fabric Quality,627.9,Approved
537,3110,656,2025-11-04 17:28:00,1,Fabric Quality,522.9,Approved
538,3113,741,2026-05-19 15:21:00,1,Defective Stitching,733.95,Approved
539,3114,707,2025-04-21 12:14:00,1,Wrong Size,282.56,Approved
540,3123,1112,2025-04-09 17:12:00,1,Wrong Size,522.9,Approved
541,3138,1978,2024-04-11 22:15:00,1,Changed Mind,626.85,Approved
542,3139,1753,2024-07-05 14:30:00,3,Changed Mind,705.92,Approved
543,3151,1731,2025-12-14 21:48:00,1,Wrong Size,626.85,Approved
544,3158,1236,2024-07-21 13:45:00,2,Fabric Quality,941.85,Approved
545,3161,144,2024-07-30 14:00:00,1,Color Bled,565.11,Approved
546,3162,1754,2024-01-23 16:01:00,1,Fabric Quality,208.95,Approved
547,3165,1089,2024-09-29 14:41:00,1,Changed Mind,628.95,Approved
548,3171,154,2025-03-10 20:00:00,1,Color Bled,261.45,Approved
549,3174,1074,2024-11-27 18:50:00,1,Defective Stitching,312.9,Approved
550,3178,1484,2024-10-10 15:00:00,1,Changed Mind,784.35,Approved
551,3184,366,2025-05-11 12:27:00,1,Color Bled,165.9,Approved
552,3195,1,2025-03-05 21:23:00,1,Defective Stitching,733.95,Approved
553,3196,1866,2025-02-25 14:00:00,1,Wrong Size,837.9,Approved
554,3197,426,2026-06-20 16:00:00,1,Wrong Size,313.95,Approved
555,3212,1478,2026-02-25 14:23:00,1,Wrong Size,261.45,Approved
556,3215,1583,2025-11-28 13:18:00,1,Changed Mind,208.95,Approved
557,3227,417,2025-07-19 21:13:00,1,Color Bled,208.95,Approved
558,3229,747,2026-05-01 17:16:00,1,Changed Mind,156.45,Approved
559,3235,590,2024-11-10 12:26:00,1,Fabric Quality,208.95,Approved
560,3243,1000,2025-07-25 11:17:00,3,Defective Stitching,1886.85,Approved
561,3255,1278,2024-10-09 20:00:00,1,Changed Mind,849.56,Approved
562,3264,633,2024-02-09 11:46:00,1,Wrong Size,418.95,Approved
563,3265,364,2024-09-14 20:46:00,2,Defective Stitching,941.85,Approved
564,3272,1987,2024-06-08 17:24:00,1,Color Bled,523.95,Approved
565,3273,755,2024-03-23 22:41:00,1,Changed Mind,838.95,Approved
566,3281,875,2024-11-18 12:54:00,1,Wrong Size,837.9,Approved
567,3285,312,2026-03-08 16:47:00,2,Color Bled,1886.85,Approved
568,3304,1825,2025-03-12 17:58:00,1,Changed Mind,838.95,Approved
569,3311,850,2025-05-20 15:26:00,1,Wrong Size,1467.9,Approved
570,3315,1400,2024-02-08 16:59:00,1,Wrong Size,1047.9,Approved
571,3327,1800,2024-04-16 17:03:00,1,Defective Stitching,733.95,Approved
572,3334,1171,2024-03-18 16:00:00,1,Fabric Quality,165.9,Approved
573,3335,1007,2024-01-26 12:43:00,1,Changed Mind,1257.9,Approved
574,3338,1095,2025-08-29 18:00:00,1,Color Bled,1677.9,Approved
575,3351,310,2026-04-16 10:18:00,3,Defective Stitching,1886.85,Approved
576,3351,1270,2026-04-21 10:18:00,2,Changed Mind,417.9,Approved
577,3359,497,2024-09-18 11:17:00,1,Color Bled,261.45,Approved
578,3365,472,2025-03-02 17:19:00,1,Changed Mind,1887.9,Approved
579,3367,1922,2025-06-28 21:49:00,1,Defective Stitching,628.95,Approved
580,3368,97,2024-06-03 14:04:00,3,Defective Stitching,422.42,Approved
581,3374,1539,2024-07-21 14:58:00,1,Defective Stitching,755.06,Approved
582,3379,720,2025-02-16 10:42:00,3,Defective Stitching,3146.85,Approved
583,3382,1661,2025-09-29 22:36:00,2,Wrong Size,2516.85,Approved
584,3383,975,2026-07-03 21:25:00,1,Defective Stitching,838.95,Approved
585,3387,414,2025-09-23 19:38:00,1,Wrong Size,313.95,Approved
586,3388,1146,2025-05-17 20:25:00,1,Wrong Size,2201.85,Approved
587,3388,760,2025-05-14 20:25:00,1,Color Bled,235.31,Approved
588,3389,597,2026-03-14 11:14:00,2,Color Bled,1886.85,Approved
589,3392,842,2025-09-18 16:27:00,1,Defective Stitching,313.95,Approved
590,3393,215,2026-02-08 14:39:00,1,Fabric Quality,261.45,Approved
591,3395,170,2024-06-01 13:37:00,3,Fabric Quality,1571.85,Approved
592,3399,1631,2024-05-11 17:39:00,2,Color Bled,1257.9,Approved
593,3404,632,2025-12-23 14:56:00,1,Color Bled,418.95,Approved
594,3408,298,2025-02-24 10:02:00,1,Defective Stitching,1467.9,Approved
595,3411,423,2025-07-23 11:48:00,1,Defective Stitching,156.45,Approved
596,3412,1979,2025-10-12 16:09:00,3,Changed Mind,941.85,Approved
597,3421,965,2025-04-25 13:31:00,1,Wrong Size,943.95,Approved
598,3422,1827,2026-06-20 21:36:00,1,Color Bled,1047.9,Approved
599,3429,681,2024-05-04 20:04:00,2,Changed Mind,2097.9,Approved
600,3438,1590,2026-04-04 10:23:00,3,Wrong Size,2831.85,Approved
601,3440,1133,2026-01-03 10:24:00,1,Changed Mind,1571.85,Approved
602,3447,145,2026-02-01 13:37:00,2,Color Bled,417.9,Approved
603,3455,780,2025-09-18 19:52:00,1,Defective Stitching,943.95,Approved
604,3461,570,2026-01-21 19:00:00,2,Defective Stitching,941.85,Approved
605,3463,930,2025-03-23 10:07:00,1,Fabric Quality,627.9,Approved
606,3473,260,2026-02-09 22:56:00,1,Wrong Size,313.95,Approved
607,3490,748,2024-09-06 16:24:00,1,Color Bled,261.45,Approved
608,3497,865,2025-01-10 13:11:00,1,Fabric Quality,565.11,Approved
609,3501,1197,2025-09-05 14:17:00,1,Wrong Size,377.06,Approved
610,3502,1963,2024-01-31 20:50:00,3,Fabric Quality,469.35,Approved
611,3517,1373,2025-07-14 12:49:00,1,Changed Mind,628.95,Approved
612,3522,1402,2026-01-20 19:59:00,2,Changed Mind,3146.85,Approved
613,3526,899,2024-06-03 11:06:00,2,Wrong Size,784.35,Approved
614,3539,1044,2026-06-20 19:37:00,2,Color Bled,627.9,Approved
615,3542,1550,2024-02-20 10:37:00,2,Changed Mind,2097.9,Approved
616,3554,1461,2025-07-30 19:01:00,1,Changed Mind,248.85,Approved
617,3556,64,2025-03-09 13:30:00,2,Wrong Size,941.85,Approved
618,3557,207,2025-09-02 19:52:00,1,Defective Stitching,418.95,Approved
619,3562,1391,2024-08-14 12:08:00,2,Defective Stitching,376.11,Approved
620,3565,1258,2025-12-27 14:30:00,2,Defective Stitching,417.9,Approved
621,3566,1469,2024-01-16 15:45:00,2,Changed Mind,3146.85,Approved
622,3575,1816,2024-02-02 19:00:00,2,Changed Mind,522.9,Approved
623,3575,1533,2024-02-01 19:00:00,1,Defective Stitching,1887.9,Approved
624,3576,26,2026-05-26 22:25:00,1,Defective Stitching,1048.95,Approved
625,3579,1506,2025-01-10 10:11:00,2,Wrong Size,837.9,Approved
626,3581,1641,2026-01-02 16:58:00,1,Defective Stitching,523.95,Approved
627,3596,1694,2024-02-19 14:49:00,3,Color Bled,626.85,Approved
628,3612,1218,2026-04-08 20:20:00,2,Fabric Quality,1887.9,Approved
629,3630,454,2024-02-21 13:59:00,1,Changed Mind,1571.85,Approved
630,3633,1329,2024-12-11 18:16:00,1,Wrong Size,418.95,Approved
631,3639,830,2026-06-15 14:23:00,1,Changed Mind,943.95,Approved
632,3640,1089,2026-04-07 19:58:00,1,Fabric Quality,628.95,Approved
633,3643,1908,2026-02-19 22:52:00,2,Color Bled,311.85,Approved
634,3646,1024,2024-11-24 11:34:00,1,Wrong Size,3146.85,Approved
635,3647,310,2026-01-22 18:03:00,2,Defective Stitching,1886.85,Approved
636,3648,181,2024-09-21 12:20:00,2,Fabric Quality,1256.85,Approved
637,3649,1830,2026-06-24 18:51:00,2,Defective Stitching,1886.85,Approved
638,3652,1284,2024-09-14 14:01:00,1,Changed Mind,313.95,Approved
639,3652,975,2024-09-18 14:01:00,2,Color Bled,1677.9,Approved
640,3657,1858,2024-01-22 18:00:00,1,Color Bled,941.85,Approved
641,3667,1782,2024-04-26 15:48:00,2,Wrong Size,627.9,Approved
642,3669,808,2026-04-27 21:12:00,2,Wrong Size,1132.11,Approved
643,3671,1200,2026-06-03 13:08:00,2,Fabric Quality,1256.85,Approved
644,3679,140,2026-05-31 18:30:00,2,Changed Mind,2831.85,Approved
645,3684,48,2024-09-05 11:29:00,1,Color Bled,1414.66,Approved
646,3686,1666,2025-01-26 17:17:00,1,Color Bled,469.35,Approved
647,3693,249,2026-05-08 17:05:00,1,Wrong Size,1886.85,Approved
648,3701,434,2025-10-31 18:34:00,2,Defective Stitching,1467.9,Approved
649,3711,1439,2024-08-18 10:47:00,1,Fabric Quality,261.45,Approved
650,3715,898,2025-03-30 10:10:00,1,Color Bled,417.9,Approved
651,3721,754,2024-04-17 13:13:00,1,Changed Mind,208.95,Approved
652,3729,308,2025-07-14 21:42:00,1,Wrong Size,313.95,Approved
653,3734,1084,2025-09-19 18:00:00,1,Fabric Quality,235.31,Approved
654,3736,1944,2024-07-08 20:10:00,1,Color Bled,1677.9,Approved
655,3742,45,2024-04-12 13:42:00,2,Changed Mind,941.85,Approved
656,3746,57,2024-12-13 22:12:00,1,Wrong Size,312.9,Approved
657,3747,432,2024-04-19 16:07:00,1,Changed Mind,313.95,Approved
658,3749,455,2026-06-11 14:41:00,2,Wrong Size,2201.85,Approved
659,3752,77,2025-03-06 20:54:00,1,Wrong Size,1510.11,Approved
660,3757,681,2024-04-05 12:07:00,2,Color Bled,3146.85,Approved
661,3759,761,2024-03-28 20:34:00,1,Defective Stitching,2097.9,Approved
662,3762,261,2025-04-01 22:33:00,3,Defective Stitching,311.85,Approved
663,3762,931,2025-04-06 22:33:00,3,Color Bled,2516.85,Approved
664,3768,797,2024-01-11 17:42:00,1,Fabric Quality,733.95,Approved
665,3791,1816,2026-01-19 22:52:00,1,Fabric Quality,261.45,Approved
666,3802,35,2024-06-21 13:00:00,2,Wrong Size,564.17,Approved
667,3805,571,2025-11-11 12:18:00,1,Fabric Quality,943.95,Approved
668,3806,1341,2026-02-26 10:12:00,3,Wrong Size,626.85,Approved
669,3807,1306,2025-02-19 18:17:00,2,Color Bled,522.9,Approved
670,3810,1146,2025-01-01 11:00:00,1,Changed Mind,733.95,Approved
671,3811,1131,2025-01-14 17:39:00,1,Color Bled,261.45,Approved
672,3815,1600,2024-04-17 14:37:00,1,Wrong Size,311.85,Approved
673,3815,496,2024-04-12 14:37:00,1,Changed Mind,943.95,Approved
674,3817,1494,2024-10-18 10:55:00,1,Wrong Size,849.56,Approved
675,3828,116,2024-06-18 19:37:00,2,Color Bled,1887.9,Approved
676,3829,1355,2025-08-15 18:17:00,1,Fabric Quality,418.95,Approved
677,3833,1663,2025-02-06 18:17:00,1,Color Bled,156.45,Approved
678,3844,1758,2026-05-08 13:04:00,1,Color Bled,165.9,Approved
679,3845,714,2024-06-18 15:18:00,1,Changed Mind,733.95,Approved
680,3846,1209,2024-07-05 20:15:00,1,Fabric Quality,208.95,Approved
681,3859,689,2025-08-23 19:43:00,1,Fabric Quality,628.95,Approved
682,3863,496,2024-03-19 18:30:00,2,Wrong Size,2831.85,Approved
683,3867,577,2024-12-20 11:43:00,1,Color Bled,1047.9,Approved
684,3870,702,2024-01-13 16:44:00,1,Changed Mind,313.95,Approved
685,3872,450,2024-01-10 14:59:00,1,Changed Mind,417.9,Approved
686,3877,1596,2024-08-05 14:13:00,1,Wrong Size,156.45,Approved
687,3879,533,2026-03-08 21:18:00,3,Wrong Size,941.85,Approved
688,3886,659,2025-03-25 12:29:00,1,Color Bled,208.95,Approved
689,3886,417,2025-03-28 12:29:00,2,Changed Mind,376.11,Approved
690,3887,1420,2024-03-16 14:21:00,1,Color Bled,628.95,Approved
691,3896,1227,2024-01-21 18:24:00,1,Defective Stitching,2097.9,Approved
692,3897,397,2025-03-12 18:03:00,2,Wrong Size,165.9,Approved
693,3908,1087,2024-09-25 12:00:00,2,Fabric Quality,311.85,Approved
694,3917,1545,2025-01-30 20:39:00,2,Changed Mind,417.9,Approved
695,3923,1882,2025-07-06 22:00:00,3,Wrong Size,2831.85,Approved
696,3932,1624,2024-04-04 15:00:00,1,Fabric Quality,733.95,Approved
697,3941,1274,2024-12-04 16:42:00,1,Changed Mind,261.45,Approved
698,3944,359,2025-09-11 10:56:00,1,Fabric Quality,3146.85,Approved
699,3950,239,2026-01-06 17:54:00,1,Changed Mind,417.9,Approved
700,3954,1527,2025-10-02 14:14:00,1,Wrong Size,261.45,Approved
701,3954,769,2025-10-02 14:14:00,2,Changed Mind,2201.85,Approved
702,3959,682,2025-03-04 19:39:00,1,Color Bled,1699.11,Approved
703,3959,1231,2025-03-04 19:39:00,1,Wrong Size,1699.11,Approved
704,3961,1116,2024-02-01 19:00:00,3,Color Bled,626.85,Approved
705,3964,612,2026-07-02 16:27:00,1,Color Bled,1048.95,Approved
706,3969,1050,2025-09-18 22:47:00,3,Color Bled,784.35,Approved
707,3971,1550,2025-01-20 10:54:00,2,Changed Mind,2097.9,Approved
708,3983,1768,2024-11-27 21:40:00,1,Fabric Quality,208.95,Approved
709,3983,687,2024-11-23 21:40:00,2,Color Bled,627.9,Approved
710,3996,239,2025-09-09 15:26:00,2,Wrong Size,626.85,Approved
711,3997,935,2025-06-06 17:58:00,1,Changed Mind,627.9,Approved
712,4005,143,2026-04-29 20:08:00,1,Defective Stitching,313.95,Approved
713,4013,611,2025-06-26 18:42:00,1,Defective Stitching,418.95,Approved
714,4017,220,2025-07-17 10:38:00,1,Fabric Quality,1677.9,Approved
715,4029,1718,2026-03-25 16:59:00,1,Changed Mind,941.85,Approved
716,4033,835,2025-01-05 19:57:00,1,Color Bled,522.9,Approved
717,4044,294,2025-10-04 20:47:00,1,Color Bled,208.95,Approved
718,4055,1818,2026-03-24 22:02:00,1,Fabric Quality,838.95,Approved
719,4063,1961,2025-08-20 14:06:00,1,Wrong Size,103.95,Approved
720,4067,1829,2026-04-05 14:10:00,3,Color Bled,1256.85,Approved
721,4071,1681,2025-08-04 18:23:00,1,Changed Mind,838.95,Approved
722,4078,747,2024-09-23 20:21:00,1,Fabric Quality,140.81,Approved
723,4080,851,2024-12-16 14:04:00,2,Fabric Quality,165.9,Approved
724,4087,159,2024-09-12 15:58:00,1,Defective Stitching,943.95,Approved
725,4088,51,2024-07-07 19:00:00,1,Wrong Size,188.06,Approved
726,4089,1749,2026-01-17 19:01:00,1,Fabric Quality,705.92,Approved
727,4094,1081,2025-10-01 10:07:00,2,Defective Stitching,312.9,Approved
728,4097,223,2026-06-28 22:38:00,1,Color Bled,1677.9,Approved
729,4099,1772,2025-07-25 13:17:00,2,Changed Mind,469.35,Approved
730,4104,1789,2024-01-22 13:30:00,1,Defective Stitching,2097.9,Approved
731,4104,1924,2024-01-20 13:30:00,3,Changed Mind,1571.85,Approved
732,4108,650,2025-05-27 18:34:00,1,Defective Stitching,941.85,Approved
733,4112,1146,2025-07-11 14:32:00,1,Color Bled,733.95,Approved
734,4116,1383,2026-04-26 17:20:00,1,Color Bled,1467.9,Approved
735,4117,380,2026-02-26 21:22:00,2,Fabric Quality,1571.85,Approved
736,4120,1560,2024-11-01 17:00:00,1,Fabric Quality,1047.9,Approved
737,4127,1960,2026-02-27 15:00:00,2,Wrong Size,207.9,Approved
738,4128,1213,2025-08-29 13:21:00,1,Wrong Size,1698.16,Approved
739,4138,72,2024-10-18 19:59:00,3,Defective Stitching,1886.85,Approved
740,4144,205,2024-02-08 15:44:00,1,Wrong Size,627.9,Approved
741,4145,1993,2024-10-20 22:35:00,2,Color Bled,1571.85,Approved
742,4146,322,2026-02-16 21:41:00,2,Changed Mind,3146.85,Approved
743,4151,339,2024-09-30 13:19:00,3,Changed Mind,1256.85,Approved
744,4152,277,2025-09-21 14:00:00,1,Wrong Size,313.95,Approved
745,4152,1691,2025-09-23 14:00:00,1,Fabric Quality,1887.9,Approved
746,4162,609,2024-06-04 16:47:00,2,Changed Mind,2265.16,Approved
747,4163,564,2025-07-08 19:22:00,2,Changed Mind,1887.9,Approved
748,4170,1116,2026-05-17 20:45:00,1,Color Bled,208.95,Approved
749,4184,1774,2024-08-27 11:37:00,2,Changed Mind,1699.11,Approved
750,4195,447,2026-03-15 11:32:00,1,Changed Mind,523.95,Approved
751,4195,957,2026-03-15 11:32:00,1,Defective Stitching,523.95,Approved
752,4202,1105,2024-01-25 16:00:00,1,Wrong Size,313.95,Approved
753,4203,1952,2024-02-25 17:00:00,1,Color Bled,248.85,Approved
754,4212,1690,2026-04-05 14:02:00,1,Defective Stitching,312.9,Approved
755,4221,1803,2025-07-08 11:59:00,1,Wrong Size,417.9,Approved
756,4223,563,2025-12-10 18:00:00,2,Changed Mind,784.35,Approved
757,4225,414,2024-11-30 20:00:00,2,Defective Stitching,941.85,Approved
758,4226,1866,2026-03-31 18:43:00,2,Defective Stitching,837.9,Approved
759,4230,648,2025-08-07 11:24:00,1,Fabric Quality,733.95,Approved
760,4237,889,2025-11-22 16:10:00,3,Wrong Size,1886.85,Approved
761,4239,394,2024-08-30 11:12:00,1,Color Bled,943.95,Approved
762,4248,464,2024-07-15 15:15:00,1,Wrong Size,1321.11,Approved
763,4256,725,2024-12-26 17:04:00,1,Changed Mind,943.95,Approved
764,4257,493,2025-04-08 15:55:00,1,Fabric Quality,208.95,Approved
765,4265,63,2024-12-17 18:12:00,2,Fabric Quality,1131.16,Approved
766,4275,1755,2024-06-09 20:58:00,2,Changed Mind,165.9,Approved
767,4276,534,2026-01-03 21:33:00,1,Wrong Size,1047.9,Approved
768,4285,1101,2024-05-22 17:03:00,1,Defective Stitching,628.95,Approved
769,4292,391,2024-01-13 12:27:00,1,Changed Mind,207.9,Approved
770,4308,68,2025-05-25 12:28:00,3,Defective Stitching,3146.85,Approved
771,4310,1482,2026-02-25 11:02:00,1,Color Bled,523.95,Approved
772,4310,465,2026-02-27 11:02:00,1,Fabric Quality,2831.85,Approved
773,4321,623,2026-01-16 16:30:00,1,Fabric Quality,313.95,Approved
774,4321,1900,2026-01-16 16:30:00,1,Defective Stitching,522.9,Approved
775,4325,1146,2024-11-29 10:27:00,1,Defective Stitching,733.95,Approved
776,4326,424,2025-08-23 21:00:00,2,Fabric Quality,784.35,Approved
777,4326,672,2025-08-20 21:00:00,1,Color Bled,156.45,Approved
778,4327,1790,2024-07-20 14:03:00,1,Color Bled,847.67,Approved
779,4328,1249,2024-04-30 12:52:00,1,Defective Stitching,847.67,Approved
780,4329,1390,2026-07-05 20:10:00,1,Changed Mind,261.45,Approved
781,4331,573,2024-06-15 10:29:00,1,Fabric Quality,523.95,Approved
782,4339,1139,2024-06-23 14:00:00,3,Fabric Quality,2832.16,Approved
783,4349,1669,2026-02-15 10:00:00,1,Wrong Size,837.9,Approved
784,4350,188,2024-01-31 15:41:00,1,Defective Stitching,313.95,Approved
785,4360,784,2025-01-25 12:35:00,3,Fabric Quality,1571.85,Approved
786,4370,722,2025-10-28 17:23:00,1,Defective Stitching,1887.9,Approved
787,4370,47,2025-10-30 17:23:00,1,Changed Mind,261.45,Approved
788,4374,294,2024-02-10 18:41:00,1,Defective Stitching,208.95,Approved
789,4374,1445,2024-02-13 18:41:00,1,Defective Stitching,103.95,Approved
790,4378,1882,2024-10-21 13:05:00,1,Changed Mind,943.95,Approved
791,4380,1647,2024-08-29 22:57:00,1,Color Bled,156.45,Approved
792,4383,1676,2025-08-09 10:12:00,2,Wrong Size,627.9,Approved
793,4386,1759,2025-02-26 17:00:00,1,Color Bled,733.95,Approved
794,4400,1071,2024-01-27 20:36:00,2,Wrong Size,1256.85,Approved
795,4404,1764,2026-03-15 14:58:00,1,Defective Stitching,1677.9,Approved
796,4404,1895,2026-03-15 14:58:00,3,Defective Stitching,1571.85,Approved
797,4406,1677,2026-05-09 20:00:00,2,Wrong Size,2097.9,Approved
798,4419,1018,2025-02-13 12:24:00,1,Defective Stitching,628.95,Approved
799,4420,1033,2025-11-25 21:35:00,2,Wrong Size,565.11,Approved
800,4421,727,2025-04-02 22:12:00,1,Changed Mind,1887.9,Approved
801,4421,1263,2025-04-03 22:12:00,3,Changed Mind,626.85,Approved
802,4425,1511,2024-12-12 22:12:00,1,Wrong Size,261.45,Approved
803,4431,71,2025-02-14 11:22:00,1,Changed Mind,313.95,Approved
804,4436,560,2024-07-20 16:00:00,1,Defective Stitching,1699.11,Approved
805,4442,1346,2026-02-18 11:23:00,1,Changed Mind,2097.9,Approved
806,4444,916,2026-01-31 14:52:00,1,Color Bled,1414.66,Approved
807,4446,1228,2026-07-01 19:35:00,1,Defective Stitching,784.35,Approved
808,4450,1239,2026-01-20 21:12:00,1,Wrong Size,165.9,Approved
809,4454,101,2024-10-31 22:40:00,1,Color Bled,208.95,Approved
810,4468,1298,2025-03-22 21:39:00,1,Defective Stitching,471.56,Approved
811,4471,1541,2025-09-27 19:27:00,2,Defective Stitching,417.9,Approved
812,4472,688,2025-12-23 21:59:00,1,Fabric Quality,418.95,Approved
813,4480,1397,2024-11-03 11:38:00,1,Defective Stitching,417.9,Approved
814,4483,869,2026-04-02 20:46:00,1,Changed Mind,1888.11,Approved
815,4484,1657,2025-01-13 19:15:00,1,Color Bled,627.9,Approved
816,4487,195,2024-06-07 10:42:00,2,Defective Stitching,311.85,Approved
817,4497,1887,2025-03-27 16:22:00,1,Wrong Size,522.9,Approved
818,4501,46,2024-02-08 15:54:00,1,Defective Stitching,1467.9,Approved
819,4501,230,2024-02-03 15:54:00,1,Defective Stitching,261.45,Approved
820,4502,1015,2024-08-23 19:40:00,2,Changed Mind,1699.11,Approved
821,4505,459,2024-07-07 15:30:00,1,Fabric Quality,248.85,Approved
822,4514,899,2025-01-23 21:14:00,1,Defective Stitching,522.9,Approved
823,4514,920,2025-01-19 21:14:00,2,Wrong Size,2516.85,Approved
824,4519,1422,2025-02-13 11:50:00,1,Fabric Quality,313.95,Approved
825,4525,1473,2026-01-15 10:40:00,1,Fabric Quality,208.95,Approved
826,4531,974,2025-09-12 20:16:00,3,Fabric Quality,311.85,Approved
827,4532,39,2024-05-11 19:10:00,1,Wrong Size,522.9,Approved
828,4533,1337,2025-09-08 13:33:00,2,Fabric Quality,2516.85,Approved
829,4538,853,2024-03-29 18:03:00,1,Color Bled,208.95,Approved
830,4538,1441,2024-04-01 18:03:00,3,Changed Mind,626.85,Approved
831,4544,1262,2026-03-19 14:21:00,2,Changed Mind,2548.66,Approved
832,4550,1529,2024-07-15 10:57:00,1,Fabric Quality,156.45,Approved
833,4553,1030,2024-07-26 10:00:00,2,Fabric Quality,376.11,Approved
834,4557,996,2025-03-21 15:33:00,3,Defective Stitching,847.67,Approved
835,4565,1996,2026-01-14 10:53:00,1,Changed Mind,944.06,Approved
836,4570,791,2024-02-27 13:00:00,1,Wrong Size,941.85,Approved
837,4589,686,2026-06-02 16:48:00,1,Fabric Quality,705.92,Approved
838,4612,1859,2024-05-31 10:39:00,2,Defective Stitching,847.67,Approved
839,4627,1071,2024-08-05 16:13:00,3,Changed Mind,1256.85,Approved
840,4627,1344,2024-08-04 16:13:00,1,Changed Mind,1571.85,Approved
841,4628,1321,2026-05-31 10:49:00,3,Fabric Quality,941.85,Approved
842,4639,1418,2025-12-01 18:40:00,1,Color Bled,2097.9,Approved
843,4653,1106,2026-02-17 12:28:00,1,Fabric Quality,156.45,Approved
844,4653,1700,2026-02-13 12:28:00,2,Changed Mind,1467.9,Approved
845,4662,731,2024-12-04 15:00:00,2,Changed Mind,469.35,Approved
846,4665,132,2024-11-22 13:42:00,2,Fabric Quality,626.85,Approved
847,4670,400,2026-06-18 16:06:00,1,Fabric Quality,235.31,Approved
848,4680,1324,2025-07-15 20:29:00,1,Defective Stitching,313.95,Approved
849,4692,402,2024-04-20 12:10:00,1,Fabric Quality,626.85,Approved
850,4692,1426,2024-04-16 12:10:00,1,Fabric Quality,2097.9,Approved
851,4696,902,2024-04-26 11:00:00,1,Fabric Quality,1131.16,Approved
852,4697,98,2026-04-20 15:18:00,1,Color Bled,165.9,Approved
853,4707,1411,2025-04-06 14:25:00,1,Color Bled,418.95,Approved
854,4711,71,2025-02-25 17:02:00,1,Fabric Quality,313.95,Approved
855,4711,994,2025-02-19 17:02:00,2,Defective Stitching,312.9,Approved
856,4711,267,2025-02-24 17:02:00,1,Defective Stitching,156.45,Approved
857,4713,1340,2026-02-19 22:01:00,1,Defective Stitching,849.56,Approved
858,4715,649,2026-05-10 16:37:00,1,Color Bled,943.95,Approved
859,4715,1055,2026-05-10 16:37:00,1,Defective Stitching,208.95,Approved
860,4715,522,2026-05-15 16:37:00,2,Changed Mind,941.85,Approved
861,4716,108,2024-12-07 17:27:00,3,Color Bled,1256.85,Approved
862,4719,1294,2025-03-28 17:00:00,1,Wrong Size,523.95,Approved
863,4723,492,2026-02-24 15:00:00,1,Color Bled,1257.9,Approved
864,4725,1662,2025-01-04 20:47:00,1,Defective Stitching,627.9,Approved
865,4726,1504,2025-05-11 15:56:00,2,Color Bled,376.11,Approved
866,4726,976,2025-05-13 15:56:00,2,Color Bled,941.85,Approved
867,4736,479,2024-07-09 14:29:00,2,Color Bled,1467.9,Approved
868,4738,714,2025-09-05 22:33:00,2,Fabric Quality,1467.9,Approved
869,4743,939,2024-06-08 19:43:00,2,Color Bled,2097.9,Approved
870,4745,544,2025-10-04 20:35:00,1,Fabric Quality,943.95,Approved
871,4749,743,2024-03-25 14:46:00,1,Defective Stitching,156.45,Approved
872,4750,1012,2026-02-01 16:27:00,3,Wrong Size,784.35,Approved
873,4756,993,2026-06-20 15:00:00,2,Changed Mind,1321.11,Approved
874,4761,1614,2026-02-02 15:52:00,1,Fabric Quality,523.95,Approved
875,4767,356,2026-06-23 13:43:00,2,Fabric Quality,376.11,Approved
876,4775,1802,2024-08-22 19:45:00,1,Wrong Size,1886.85,Approved
877,4791,92,2025-08-26 19:22:00,1,Changed Mind,261.45,Approved
878,4792,1821,2025-04-24 19:17:00,3,Color Bled,1886.85,Approved
879,4794,467,2025-06-19 21:51:00,2,Changed Mind,207.9,Approved
880,4796,1705,2024-09-21 11:28:00,1,Color Bled,417.9,Approved
881,4798,1296,2026-07-07 19:29:00,1,Fabric Quality,628.95,Approved
882,4807,1081,2024-05-02 18:44:00,2,Color Bled,469.35,Approved
883,4809,1984,2025-07-14 10:25:00,1,Changed Mind,628.95,Approved
884,4819,1601,2024-10-08 14:41:00,2,Fabric Quality,754.11,Approved
885,4839,875,2025-05-22 22:13:00,1,Wrong Size,837.9,Approved
886,4841,463,2025-09-14 15:00:00,2,Changed Mind,522.9,Approved
887,4845,1330,2025-03-05 14:51:00,2,Changed Mind,470.61,Approved
888,4849,894,2024-09-28 16:32:00,1,Wrong Size,2201.85,Approved
889,4854,920,2026-01-28 19:15:00,1,Color Bled,1510.11,Approved
890,4873,75,2025-05-06 11:10:00,1,Color Bled,1677.9,Approved
891,4883,1427,2024-02-11 11:31:00,1,Changed Mind,660.56,Approved
892,4885,940,2026-06-26 16:00:00,1,Fabric Quality,188.06,Approved
893,4887,1352,2025-01-29 13:01:00,1,Wrong Size,208.95,Approved
894,4890,370,2025-10-07 20:10:00,2,Fabric Quality,1887.9,Approved
895,4892,1224,2025-02-04 21:24:00,1,Fabric Quality,941.85,Approved
896,4893,615,2026-01-06 15:26:00,3,Wrong Size,941.85,Approved
897,4898,1203,2024-07-24 12:44:00,2,Wrong Size,1698.16,Approved
898,4919,1731,2025-04-23 18:30:00,3,Color Bled,626.85,Approved
899,4920,1843,2025-08-20 12:43:00,2,Wrong Size,522.9,Approved
900,4926,1834,2024-09-06 15:02:00,2,Color Bled,1571.85,Approved
901,4931,1303,2025-06-07 12:50:00,1,Changed Mind,235.31,Approved
902,4932,473,2026-05-03 11:22:00,3,Changed Mind,248.85,Approved
903,4932,1035,2026-04-28 11:22:00,1,Wrong Size,838.95,Approved
904,4934,473,2024-05-27 15:05:00,2,Wrong Size,248.85,Approved
905,4934,812,2024-05-27 15:05:00,2,Defective Stitching,2201.85,Approved
906,4944,280,2026-04-16 17:36:00,2,Color Bled,1047.9,Approved
907,4954,1759,2025-11-28 19:00:00,2,Defective Stitching,1467.9,Approved
908,4954,845,2025-11-27 19:00:00,1,Color Bled,2097.9,Approved
909,4977,1568,2025-09-24 16:13:00,1,Defective Stitching,733.95,Approved
910,4984,1628,2025-01-10 18:00:00,1,Fabric Quality,282.56,Approved
911,4990,1015,2026-05-22 19:04:00,1,Wrong Size,943.95,Approved
912,4990,316,2026-05-21 19:04:00,1,Wrong Size,312.9,Approved
913,4998,1459,2025-04-08 16:06:00,3,Fabric Quality,941.85,Approved
914,5027,1847,2024-09-09 12:48:00,1,Fabric Quality,943.95,Approved
915,5029,432,2026-05-28 13:31:00,1,Changed Mind,313.95,Approved
916,5032,1008,2026-06-13 11:01:00,1,Changed Mind,523.95,Approved
917,5036,975,2025-10-17 12:31:00,3,Fabric Quality,2265.16,Approved
918,5041,882,2024-07-27 11:00:00,1,Wrong Size,628.95,Approved
919,5056,244,2024-06-10 18:59:00,2,Color Bled,1887.9,Approved
920,5057,1879,2024-02-02 21:46:00,1,Wrong Size,313.95,Approved
921,5057,74,2024-01-30 21:46:00,1,Changed Mind,282.56,Approved
922,5061,571,2025-12-05 13:48:00,3,Defective Stitching,2548.66,Approved
923,5068,665,2026-04-17 14:46:00,1,Defective Stitching,1467.9,Approved
924,5070,766,2025-07-18 10:35:00,1,Fabric Quality,261.45,Approved
925,5073,1106,2026-03-26 15:55:00,1,Color Bled,312.9,Approved
926,5074,118,2025-01-23 19:56:00,1,Wrong Size,628.95,Approved
927,5086,1693,2024-03-06 13:25:00,2,Defective Stitching,1256.85,Approved
928,5090,935,2024-04-11 19:45:00,1,Color Bled,847.67,Approved
929,5095,1437,2026-05-26 18:00:00,2,Changed Mind,311.85,Approved
930,5097,507,2024-09-02 10:00:00,1,Changed Mind,2831.85,Approved
931,5099,363,2026-02-16 20:05:00,1,Color Bled,1414.66,Approved
932,5099,162,2026-02-16 20:05:00,2,Color Bled,1467.9,Approved
933,5103,1738,2024-07-22 13:02:00,1,Fabric Quality,1257.9,Approved
934,5113,1619,2024-10-19 13:00:00,3,Color Bled,1886.85,Approved
935,5123,1751,2026-01-13 22:00:00,1,Changed Mind,628.95,Approved
936,5125,419,2026-06-15 13:53:00,3,Color Bled,941.85,Approved
937,5132,1276,2025-09-29 10:00:00,1,Color Bled,261.45,Approved
938,5133,1237,2026-03-24 22:49:00,1,Fabric Quality,627.9,Approved
939,5150,919,2025-03-23 15:38:00,1,Color Bled,2516.85,Approved
940,5163,889,2024-09-30 14:13:00,1,Defective Stitching,566.06,Approved
941,5164,80,2026-03-01 10:27:00,1,Fabric Quality,1510.11,Approved
942,5165,362,2025-01-10 20:00:00,1,Color Bled,1677.9,Approved
943,5167,921,2025-09-06 14:27:00,1,Fabric Quality,261.45,Approved
944,5170,991,2025-01-15 14:48:00,1,Changed Mind,1887.9,Approved
945,5177,1320,2024-12-04 12:50:00,1,Fabric Quality,208.95,Approved
946,5191,900,2026-01-13 18:54:00,1,Defective Stitching,313.95,Approved
947,5193,1480,2025-05-28 21:00:00,3,Wrong Size,2201.85,Approved
948,5194,604,2024-01-25 10:55:00,2,Fabric Quality,522.9,Approved
949,5197,1864,2026-04-20 16:00:00,1,Defective Stitching,470.61,Approved
950,5201,1532,2025-06-12 22:58:00,2,Wrong Size,1257.9,Approved
951,5203,1372,2025-07-21 20:29:00,2,Fabric Quality,2201.85,Approved
952,5209,551,2025-12-05 20:30:00,1,Defective Stitching,261.45,Approved
953,5212,1853,2025-02-04 10:28:00,2,Defective Stitching,943.11,Approved
954,5216,505,2025-01-22 11:54:00,3,Wrong Size,1414.66,Approved
955,5221,612,2024-12-27 16:26:00,1,Fabric Quality,1048.95,Approved
956,5226,1661,2025-06-13 22:27:00,2,Changed Mind,2516.85,Approved
957,5232,1661,2025-07-29 20:07:00,2,Defective Stitching,1677.9,Approved
958,5234,522,2024-03-24 21:35:00,1,Defective Stitching,941.85,Approved
959,5235,284,2025-06-22 12:16:00,1,Fabric Quality,1257.9,Approved
960,5236,1483,2026-03-24 19:45:00,2,Color Bled,1256.85,Approved
961,5258,917,2025-07-15 10:16:00,2,Wrong Size,1047.9,Approved
962,5262,1933,2024-09-26 18:31:00,1,Fabric Quality,418.95,Approved
963,5265,1686,2024-10-20 14:35:00,2,Wrong Size,1257.9,Approved
964,5270,54,2024-07-10 21:30:00,3,Changed Mind,2831.85,Approved
965,5271,491,2025-01-31 21:11:00,1,Changed Mind,522.9,Approved
966,5273,753,2024-07-09 18:28:00,1,Color Bled,235.31,Approved
967,5287,785,2024-02-09 12:51:00,2,Fabric Quality,1047.9,Approved
968,5287,1673,2024-02-09 12:51:00,3,Color Bled,784.35,Approved
969,5289,1809,2024-01-11 12:59:00,1,Changed Mind,82.95,Approved
970,5305,621,2024-08-09 22:07:00,1,Wrong Size,522.9,Approved
971,5316,1837,2025-10-09 18:28:00,1,Fabric Quality,523.95,Approved
972,5330,901,2024-04-21 13:32:00,2,Fabric Quality,417.9,Approved
973,5332,882,2024-02-09 21:44:00,3,Color Bled,1886.85,Approved
974,5334,1611,2026-02-28 17:54:00,2,Fabric Quality,941.85,Approved
975,5334,871,2026-02-26 17:54:00,1,Color Bled,1677.9,Approved
976,5339,572,2025-08-24 20:49:00,1,Wrong Size,660.56,Approved
977,5341,1622,2024-11-24 13:36:00,1,Wrong Size,943.95,Approved
978,5344,1326,2025-04-12 18:16:00,2,Wrong Size,847.67,Approved
979,5348,288,2026-05-27 14:31:00,2,Color Bled,837.9,Approved
980,5379,519,2024-12-23 10:20:00,1,Defective Stitching,313.95,Approved
981,5384,1678,2025-11-16 19:28:00,1,Color Bled,470.61,Approved
982,5392,772,2024-02-21 12:00:00,3,Defective Stitching,1886.85,Approved
983,5392,1199,2024-02-20 12:00:00,1,Color Bled,208.95,Approved
984,5395,1469,2024-01-25 12:10:00,2,Wrong Size,1888.11,Approved
985,5406,689,2024-06-19 12:19:00,2,Defective Stitching,1698.16,Approved
986,5406,1563,2024-06-21 12:19:00,1,Defective Stitching,1887.9,Approved
987,5407,1322,2025-10-06 22:39:00,1,Changed Mind,2516.85,Approved
988,5423,1920,2024-08-03 19:31:00,1,Fabric Quality,847.67,Approved
989,5428,712,2026-01-16 17:25:00,3,Fabric Quality,2201.85,Approved
990,5432,1517,2026-04-04 12:46:00,1,Wrong Size,628.95,Approved
991,5433,1856,2025-09-04 15:56:00,3,Changed Mind,1256.85,Approved
992,5437,381,2024-06-26 10:22:00,1,Fabric Quality,376.11,Approved
993,5439,661,2024-11-21 11:53:00,2,Changed Mind,417.9,Approved
994,5457,1066,2024-09-18 15:04:00,1,Wrong Size,156.45,Approved
995,5460,380,2025-10-15 19:10:00,2,Changed Mind,1047.9,Approved
996,5463,433,2025-09-20 16:47:00,1,Changed Mind,418.95,Approved
997,5468,1387,2025-06-05 17:00:00,1,Color Bled,313.95,Approved
998,5477,1134,2024-05-22 12:24:00,2,Changed Mind,1981.66,Approved
999,5506,599,2025-07-05 10:29:00,2,Wrong Size,2548.66,Approved
1000,5509,1796,2024-07-01 22:10:00,2,Color Bled,417.9,Approved
1001,5531,375,2026-05-31 10:22:00,1,Fabric Quality,565.11,Approved
1002,5531,1181,2026-05-30 10:22:00,1,Wrong Size,418.95,Approved
1003,5536,803,2025-07-31 21:03:00,1,Wrong Size,943.95,Approved
1004,5537,437,2025-06-04 11:00:00,1,Fabric Quality,943.95,Approved
1005,5538,1762,2025-02-08 12:23:00,3,Changed Mind,469.35,Approved
1006,5538,1682,2025-02-07 12:23:00,1,Changed Mind,82.95,Approved
1007,5543,1209,2025-04-15 18:32:00,1,Wrong Size,208.95,Approved
1008,5572,1239,2025-03-10 12:42:00,2,Changed Mind,165.9,Approved
1009,5575,833,2024-03-25 22:50:00,1,Wrong Size,2831.85,Approved
1010,5577,1964,2024-02-01 10:56:00,3,Changed Mind,2201.85,Approved
1011,5577,1517,2024-01-27 10:56:00,1,Fabric Quality,628.95,Approved
1012,5585,706,2024-05-09 13:29:00,2,Color Bled,522.9,Approved
1013,5587,1125,2025-09-23 18:12:00,1,Color Bled,471.56,Approved
1014,5590,812,2025-04-16 20:09:00,1,Wrong Size,660.56,Approved
1015,5595,1908,2024-10-27 12:31:00,1,Changed Mind,187.11,Approved
1016,5599,928,2024-05-30 20:35:00,1,Wrong Size,471.56,Approved
1017,5603,666,2025-02-09 15:13:00,2,Changed Mind,627.9,Approved
1018,5603,978,2025-02-14 15:13:00,1,Changed Mind,838.95,Approved
1019,5606,716,2024-11-20 11:00:00,2,Changed Mind,312.9,Approved
1020,5613,126,2026-05-30 17:50:00,3,Color Bled,784.35,Approved
1021,5614,936,2025-07-25 15:58:00,1,Defective Stitching,149.31,Approved
1022,5619,1601,2024-05-01 16:20:00,1,Changed Mind,418.95,Approved
1023,5629,1197,2025-06-12 14:00:00,3,Color Bled,1256.85,Approved
1024,5639,751,2026-02-01 16:39:00,1,Fabric Quality,1886.85,Approved
1025,5642,779,2024-11-14 15:00:00,2,Changed Mind,1699.11,Approved
1026,5646,558,2024-10-12 12:50:00,1,Fabric Quality,207.9,Approved
1027,5646,622,2024-10-11 12:50:00,2,Changed Mind,1256.85,Approved
1028,5669,1700,2025-05-09 22:01:00,1,Wrong Size,1467.9,Approved
1029,5673,969,2024-05-18 19:15:00,1,Wrong Size,943.95,Approved
1030,5679,233,2025-10-24 21:00:00,1,Changed Mind,733.95,Approved
1031,5680,394,2024-01-31 15:26:00,1,Defective Stitching,849.56,Approved
1032,5686,415,2025-06-19 19:58:00,1,Wrong Size,627.9,Approved
1033,5691,300,2026-04-20 21:14:00,1,Wrong Size,312.9,Approved
1034,5705,305,2026-02-08 20:01:00,1,Fabric Quality,418.95,Approved
1035,5706,396,2024-10-31 12:19:00,1,Color Bled,313.95,Approved
1036,5706,766,2024-10-31 12:19:00,1,Fabric Quality,522.9,Approved
1037,5706,390,2024-10-28 12:19:00,1,Fabric Quality,282.56,Approved
1038,5710,1426,2024-06-21 14:00:00,1,Defective Stitching,1048.95,Approved
1039,5720,866,2024-03-31 16:45:00,3,Fabric Quality,941.85,Approved
1040,5729,137,2025-04-28 15:00:00,1,Changed Mind,626.85,Approved
1041,5740,1189,2025-09-22 22:01:00,1,Changed Mind,261.45,Approved
1042,5746,1437,2024-06-24 21:28:00,1,Color Bled,103.95,Approved
1043,5756,1935,2026-02-23 16:17:00,1,Wrong Size,313.95,Approved
1044,5767,1575,2024-03-25 13:35:00,3,Color Bled,784.35,Approved
1045,5770,1447,2025-09-26 13:42:00,1,Wrong Size,313.95,Approved
1046,5771,574,2024-08-21 15:29:00,1,Wrong Size,1256.85,Approved
1047,5772,118,2025-01-31 13:21:00,1,Color Bled,1132.11,Approved
1048,5775,489,2024-07-23 18:24:00,1,Color Bled,1132.11,Approved
1049,5776,1919,2025-03-22 19:21:00,1,Wrong Size,943.95,Approved
1050,5777,40,2024-01-22 13:04:00,2,Defective Stitching,469.35,Approved
1051,5801,1953,2024-01-24 15:32:00,1,Changed Mind,660.56,Approved
1052,5810,1547,2026-02-14 16:36:00,1,Fabric Quality,3146.85,Approved
1053,5812,1547,2024-12-20 11:00:00,2,Wrong Size,2097.9,Approved
1054,5813,917,2025-02-17 14:58:00,1,Defective Stitching,523.95,Approved
1055,5820,1789,2024-07-03 18:34:00,2,Color Bled,2097.9,Approved
1056,5822,1071,2025-04-27 22:47:00,2,Defective Stitching,1256.85,Approved
1057,5830,360,2026-05-10 18:00:00,1,Changed Mind,1047.9,Approved
1058,5831,379,2026-01-19 11:07:00,1,Changed Mind,1257.9,Approved
1059,5835,1915,2024-10-16 17:50:00,3,Fabric Quality,3146.85,Approved
1060,5837,40,2026-02-20 19:36:00,2,Color Bled,469.35,Approved
1061,5843,166,2024-01-16 15:39:00,2,Wrong Size,312.9,Approved
1062,5844,1608,2025-07-16 12:02:00,1,Wrong Size,2548.66,Approved
1063,5856,933,2024-11-27 18:23:00,2,Color Bled,627.9,Approved
1064,5859,352,2025-09-02 13:30:00,1,Color Bled,1677.9,Approved
1065,5863,528,2025-05-12 11:01:00,2,Changed Mind,1467.9,Approved
1066,5866,1120,2026-05-10 15:31:00,2,Fabric Quality,2201.85,Approved
1067,5872,392,2024-07-13 16:18:00,2,Fabric Quality,1131.16,Approved
1068,5887,1685,2025-10-29 13:21:00,1,Color Bled,103.95,Approved
1069,5889,395,2024-07-15 21:36:00,1,Defective Stitching,1888.11,Approved
1070,5892,1518,2026-04-15 21:27:00,1,Defective Stitching,282.56,Approved
1071,5896,1123,2024-03-18 16:57:00,1,Wrong Size,207.9,Approved
1072,5897,1187,2026-02-25 12:30:00,2,Defective Stitching,1047.9,Approved
1073,5908,635,2024-05-09 20:37:00,2,Wrong Size,248.85,Approved
1074,5909,1095,2026-03-31 19:02:00,1,Changed Mind,838.95,Approved
1075,5910,1135,2025-08-16 13:04:00,1,Changed Mind,733.95,Approved
1076,5912,240,2026-01-02 20:24:00,1,Wrong Size,207.9,Approved
1077,5918,537,2025-06-20 12:47:00,1,Defective Stitching,660.56,Approved
1078,5918,1308,2025-06-19 12:47:00,1,Fabric Quality,313.95,Approved
1079,5925,271,2024-07-10 11:55:00,1,Fabric Quality,417.9,Approved
1080,5925,1901,2024-07-09 11:55:00,3,Defective Stitching,2548.66,Approved
1081,5929,963,2026-01-27 15:46:00,2,Changed Mind,2201.85,Approved
1082,5936,106,2026-04-12 16:12:00,2,Color Bled,522.9,Approved
1083,5948,275,2024-09-21 17:47:00,1,Fabric Quality,156.45,Approved
1084,5958,366,2026-02-05 18:10:00,1,Changed Mind,82.95,Approved
1085,5962,296,2025-03-08 15:06:00,1,Defective Stitching,1256.85,Approved
1086,5969,389,2025-08-23 15:18:00,1,Wrong Size,1887.9,Approved
1087,5973,593,2025-06-16 10:44:00,2,Color Bled,837.9,Approved
1088,5977,773,2026-02-25 22:30:00,1,Fabric Quality,313.95,Approved
1089,5980,1058,2025-07-12 12:23:00,1,Defective Stitching,566.06,Approved
1090,5984,287,2026-05-21 21:02:00,2,Changed Mind,165.9,Approved
1091,5988,85,2025-03-23 15:49:00,2,Changed Mind,1257.9,Approved
1092,5989,1527,2024-02-27 12:04:00,1,Changed Mind,261.45,Approved
1093,5996,46,2026-03-20 15:26:00,1,Color Bled,733.95,Approved
1094,6003,1783,2026-04-02 13:05:00,1,Color Bled,140.81,Approved
1095,6008,1272,2024-12-05 13:28:00,3,Fabric Quality,705.92,Approved
1096,6010,240,2025-02-02 11:39:00,1,Wrong Size,207.9,Approved
1097,6025,45,2024-04-17 13:00:00,1,Color Bled,313.95,Approved
1098,6029,1521,2025-08-28 21:49:00,2,Fabric Quality,248.85,Approved
1099,6029,1568,2025-08-28 21:49:00,2,Color Bled,1467.9,Approved
1100,6032,552,2024-05-25 17:52:00,2,Fabric Quality,754.11,Approved
1101,6033,925,2026-05-31 18:17:00,2,Fabric Quality,837.9,Approved
1102,6045,1536,2026-02-21 20:03:00,2,Changed Mind,1467.9,Approved
1103,6049,116,2026-03-22 20:10:00,1,Wrong Size,849.56,Approved
1104,6049,428,2026-03-21 20:10:00,2,Changed Mind,376.11,Approved
1105,6053,1602,2025-02-21 20:36:00,2,Wrong Size,2201.85,Approved
1106,6054,1099,2025-09-07 13:29:00,1,Changed Mind,941.85,Approved
1107,6060,1547,2024-04-25 18:43:00,1,Wrong Size,1048.95,Approved
1108,6066,640,2024-08-10 12:23:00,2,Wrong Size,417.9,Approved
1109,6067,1488,2026-05-01 19:57:00,2,Fabric Quality,522.9,Approved
1110,6074,1010,2024-10-01 15:05:00,1,Defective Stitching,1048.95,Approved
1111,6075,1756,2024-11-03 11:00:00,2,Changed Mind,2516.85,Approved
1112,6075,1751,2024-11-03 11:00:00,2,Defective Stitching,1886.85,Approved
1113,6082,34,2024-04-02 11:26:00,1,Changed Mind,1048.95,Approved
1114,6091,1413,2026-06-07 13:33:00,2,Color Bled,943.11,Approved
1115,6092,1422,2026-04-04 19:54:00,1,Wrong Size,313.95,Approved
1116,6093,1831,2025-07-27 21:14:00,1,Color Bled,208.95,Approved
1117,6101,1442,2026-06-21 17:11:00,1,Fabric Quality,1257.9,Approved
1118,6101,447,2026-06-19 17:11:00,1,Defective Stitching,471.56,Approved
1119,6112,503,2025-12-16 14:28:00,3,Changed Mind,3146.85,Approved
1120,6120,1637,2025-02-27 12:03:00,1,Changed Mind,418.95,Approved
1121,6120,1077,2025-02-28 12:03:00,1,Fabric Quality,188.06,Approved
1122,6125,1507,2024-12-09 12:00:00,1,Defective Stitching,733.95,Approved
1123,6131,1407,2025-09-22 12:13:00,2,Color Bled,1571.85,Approved
1124,6133,1971,2025-12-30 13:00:00,1,Color Bled,522.9,Approved
1125,6136,1607,2024-04-28 10:17:00,1,Defective Stitching,208.95,Approved
1126,6145,1457,2024-02-28 10:21:00,2,Color Bled,470.61,Approved
1127,6151,1354,2025-08-13 13:51:00,1,Changed Mind,627.9,Approved
1128,6157,1827,2025-04-22 19:00:00,1,Wrong Size,523.95,Approved
1129,6167,1593,2024-06-27 22:21:00,1,Wrong Size,784.35,Approved
1130,6171,1324,2024-08-12 18:10:00,3,Changed Mind,941.85,Approved
1131,6174,1727,2024-05-02 10:21:00,2,Changed Mind,1677.9,Approved
1132,6189,1872,2025-09-15 20:13:00,2,Color Bled,422.42,Approved
1133,6198,1821,2024-04-01 11:33:00,1,Defective Stitching,628.95,Approved
1134,6205,608,2025-07-22 15:00:00,2,Fabric Quality,1887.9,Approved
1135,6209,120,2024-11-12 19:44:00,1,Wrong Size,1571.85,Approved
1136,6218,103,2026-04-05 19:48:00,3,Changed Mind,784.35,Approved
1137,6223,1643,2025-07-11 10:53:00,2,Wrong Size,417.9,Approved
1138,6227,283,2026-01-25 21:23:00,3,Wrong Size,311.85,Approved
1139,6244,213,2024-08-29 10:44:00,1,Fabric Quality,248.85,Approved
1140,6246,1212,2025-09-13 12:44:00,2,Wrong Size,837.9,Approved
1141,6255,305,2026-01-07 10:00:00,1,Color Bled,377.06,Approved
1142,6269,1276,2026-03-03 16:52:00,1,Wrong Size,784.35,Approved
1143,6272,1993,2024-05-28 19:56:00,1,Color Bled,523.95,Approved
1144,6277,149,2026-05-01 15:12:00,1,Defective Stitching,376.11,Approved
1145,6277,1535,2026-04-26 15:12:00,3,Fabric Quality,2516.85,Approved
1146,6280,1661,2025-07-13 22:23:00,1,Color Bled,755.06,Approved
1147,6281,565,2025-08-25 14:23:00,1,Wrong Size,522.9,Approved
1148,6281,1211,2025-08-25 14:23:00,1,Wrong Size,1887.9,Approved
1149,6286,139,2024-02-03 14:58:00,1,Wrong Size,1571.85,Approved
1150,6291,97,2025-06-19 12:58:00,1,Defective Stitching,156.45,Approved
1151,6309,583,2024-07-25 19:01:00,2,Color Bled,469.35,Approved
1152,6313,1340,2025-10-26 19:36:00,2,Changed Mind,2831.85,Approved
1153,6318,614,2024-01-30 11:25:00,2,Fabric Quality,522.9,Approved
1154,6318,1707,2024-01-30 11:25:00,3,Fabric Quality,941.85,Approved
1155,6340,582,2025-11-04 13:59:00,1,Color Bled,628.95,Approved
1156,6340,1836,2025-11-02 13:59:00,2,Color Bled,2201.85,Approved
1157,6344,1013,2025-05-06 17:26:00,1,Changed Mind,838.95,Approved
1158,6348,497,2025-11-29 20:53:00,1,Defective Stitching,522.9,Approved
1159,6355,1616,2026-06-12 16:52:00,1,Changed Mind,941.85,Approved
1160,6362,713,2024-04-22 14:59:00,1,Changed Mind,313.95,Approved
1161,6362,574,2024-04-27 14:59:00,2,Defective Stitching,837.9,Approved
1162,6366,637,2026-06-02 13:00:00,1,Color Bled,626.85,Approved
1163,6370,1635,2025-01-14 10:31:00,1,Changed Mind,626.85,Approved
1164,6373,1601,2024-12-26 13:54:00,1,Color Bled,837.9,Approved
1165,6377,1550,2024-03-31 20:04:00,2,Fabric Quality,3146.85,Approved
1166,6377,142,2024-03-27 20:04:00,2,Changed Mind,1256.85,Approved
1167,6385,1469,2024-05-17 19:18:00,2,Wrong Size,3146.85,Approved
1168,6391,1716,2025-08-11 22:00:00,1,Changed Mind,941.85,Approved
1169,6394,1331,2026-01-22 19:04:00,1,Fabric Quality,235.31,Approved
1170,6403,115,2025-06-15 19:58:00,1,Defective Stitching,838.95,Approved
1171,6403,1804,2025-06-19 19:58:00,2,Fabric Quality,784.35,Approved
1172,6409,1347,2024-07-30 19:36:00,2,Fabric Quality,837.9,Approved
1173,6412,1017,2024-04-20 16:52:00,3,Color Bled,705.92,Approved
1174,6416,584,2024-04-19 16:00:00,1,Changed Mind,418.95,Approved
1175,6425,1520,2025-02-01 21:14:00,2,Color Bled,522.9,Approved
1176,6434,1215,2024-04-19 18:27:00,2,Color Bled,1467.9,Approved
1177,6436,841,2025-01-04 10:36:00,1,Fabric Quality,417.9,Approved
1178,6438,461,2024-04-17 16:29:00,2,Fabric Quality,417.9,Approved
1179,6441,1114,2025-03-05 18:06:00,2,Changed Mind,2831.85,Approved
1180,6444,813,2025-02-24 14:22:00,3,Defective Stitching,626.85,Approved
1181,6450,475,2025-04-30 18:39:00,3,Color Bled,1886.85,Approved
1182,6452,1374,2025-10-28 15:52:00,2,Fabric Quality,312.9,Approved
1183,6457,1740,2025-10-08 14:00:00,2,Fabric Quality,376.11,Approved
1184,6458,1717,2025-07-24 19:04:00,1,Defective Stitching,312.9,Approved
1185,6460,10,2026-02-24 15:00:00,1,Wrong Size,313.95,Approved
1186,6487,221,2024-08-01 12:00:00,1,Wrong Size,418.95,Approved
1187,6488,854,2024-09-18 20:47:00,1,Color Bled,313.95,Approved
1188,6491,1261,2025-03-17 12:23:00,1,Fabric Quality,261.45,Approved
1189,6499,1916,2024-02-29 15:00:00,2,Fabric Quality,1131.16,Approved
1190,6505,1392,2024-04-10 22:08:00,3,Wrong Size,248.85,Approved
1191,6518,1937,2025-06-25 13:41:00,2,Changed Mind,564.17,Approved
1192,6524,346,2025-01-19 16:35:00,2,Fabric Quality,470.61,Approved
1193,6526,454,2026-03-30 19:51:00,2,Defective Stitching,1047.9,Approved
1194,6536,69,2024-10-07 15:31:00,2,Fabric Quality,1047.9,Approved
1195,6539,1302,2025-08-11 17:00:00,2,Color Bled,627.9,Approved
1196,6544,1568,2024-10-10 22:30:00,1,Changed Mind,1467.9,Approved
1197,6545,202,2025-07-10 17:05:00,2,Wrong Size,627.9,Approved
1198,6545,426,2025-07-10 17:05:00,2,Wrong Size,941.85,Approved
1199,6548,605,2024-02-02 18:21:00,1,Fabric Quality,261.45,Approved
1200,6555,1850,2024-05-07 22:00:00,1,Wrong Size,165.9,Approved
1201,6561,1687,2024-05-03 13:15:00,1,Fabric Quality,523.95,Approved
1202,6561,314,2024-04-27 13:15:00,1,Color Bled,418.95,Approved
1203,6567,1704,2025-07-17 16:12:00,2,Wrong Size,784.35,Approved
1204,6573,614,2024-04-04 13:17:00,1,Fabric Quality,261.45,Approved
1205,6596,875,2024-04-04 11:11:00,1,Color Bled,837.9,Approved
1206,6619,243,2025-01-16 17:31:00,1,Color Bled,627.9,Approved
1207,6621,1800,2025-12-17 21:00:00,1,Defective Stitching,1467.9,Approved
1208,6622,683,2024-07-30 12:33:00,1,Color Bled,1257.9,Approved
1209,6623,688,2025-07-31 19:00:00,1,Changed Mind,418.95,Approved
1210,6623,1358,2025-08-01 19:00:00,1,Defective Stitching,235.31,Approved
1211,6625,1115,2024-03-21 19:19:00,1,Changed Mind,1677.9,Approved
1212,6629,1142,2026-06-07 11:00:00,1,Wrong Size,418.95,Approved
1213,6631,1214,2026-04-11 21:39:00,1,Defective Stitching,282.56,Approved
1214,6633,776,2024-08-28 21:04:00,2,Wrong Size,1257.9,Approved
1215,6634,1864,2024-07-02 10:02:00,2,Defective Stitching,522.9,Approved
1216,6642,1275,2024-09-11 13:18:00,2,Defective Stitching,149.31,Approved
1217,6643,655,2026-03-08 16:00:00,2,Color Bled,522.9,Approved
1218,6646,179,2025-01-11 15:11:00,1,Wrong Size,208.95,Approved
1219,6656,1592,2025-11-04 18:29:00,1,Defective Stitching,418.95,Approved
1220,6675,1464,2025-05-08 16:00:00,1,Defective Stitching,566.06,Approved
1221,6683,118,2025-05-31 17:29:00,2,Wrong Size,1886.85,Approved
1222,6686,1239,2025-12-07 20:49:00,2,Wrong Size,248.85,Approved
1223,6690,1313,2025-08-22 17:17:00,2,Defective Stitching,1467.9,Approved
1224,6691,1136,2025-08-29 22:19:00,2,Fabric Quality,2831.85,Approved
1225,6699,432,2024-08-09 10:00:00,1,Wrong Size,313.95,Approved
1226,6702,674,2026-06-21 14:20:00,2,Changed Mind,1257.9,Approved
1227,6704,1640,2025-01-19 16:34:00,2,Defective Stitching,941.85,Approved
1228,6710,534,2025-11-26 21:09:00,1,Defective Stitching,1047.9,Approved
1229,6712,977,2025-01-22 17:58:00,1,Changed Mind,660.56,Approved
1230,6713,1793,2026-03-16 16:23:00,1,Wrong Size,941.85,Approved
1231,6713,1362,2026-03-20 16:23:00,3,Wrong Size,1571.85,Approved
1232,6716,1602,2025-02-16 10:00:00,1,Fabric Quality,1981.66,Approved
1233,6719,1082,2025-01-13 16:23:00,1,Defective Stitching,522.9,Approved
1234,6727,212,2025-01-25 15:58:00,1,Defective Stitching,187.11,Approved
1235,6729,1722,2026-05-03 10:36:00,1,Fabric Quality,1256.85,Approved
1236,6729,1610,2026-04-29 10:36:00,2,Color Bled,522.9,Approved
1237,6731,1631,2024-02-10 13:00:00,1,Defective Stitching,1698.16,Approved
1238,6733,1288,2024-01-16 13:00:00,2,Wrong Size,1047.9,Approved
1239,6744,901,2024-03-02 10:13:00,1,Changed Mind,417.9,Approved
1240,6745,1433,2024-02-06 19:29:00,2,Wrong Size,1677.9,Approved
1241,6758,1513,2024-11-20 16:47:00,1,Defective Stitching,2201.85,Approved
1242,6771,16,2024-04-11 15:15:00,1,Defective Stitching,2516.85,Approved
1243,6783,1870,2026-05-02 17:33:00,2,Changed Mind,941.85,Approved
1244,6783,1931,2026-05-05 17:33:00,1,Defective Stitching,522.9,Approved
1245,6789,1982,2024-04-13 22:00:00,1,Changed Mind,784.35,Approved
1246,6811,1510,2024-01-08 18:52:00,2,Wrong Size,941.85,Approved
1247,6815,1670,2026-04-26 17:27:00,2,Wrong Size,1886.85,Approved
1248,6816,484,2025-07-12 18:27:00,1,Changed Mind,208.95,Approved
1249,6817,767,2025-03-30 20:57:00,1,Fabric Quality,2265.16,Approved
1250,6819,1701,2026-02-20 13:46:00,1,Color Bled,1047.9,Approved
1251,6825,617,2025-03-02 11:41:00,2,Changed Mind,564.17,Approved
1252,6844,873,2024-08-21 21:01:00,1,Wrong Size,418.95,Approved
1253,6852,1281,2025-07-23 21:33:00,2,Wrong Size,837.9,Approved
1254,6855,118,2024-12-06 11:00:00,1,Fabric Quality,1257.9,Approved
1255,6858,1845,2024-05-09 22:02:00,3,Fabric Quality,1981.66,Approved
1256,6861,1181,2025-05-07 15:31:00,1,Changed Mind,418.95,Approved
1257,6872,749,2025-03-25 14:20:00,2,Defective Stitching,1887.9,Approved
1258,6876,1304,2025-06-07 13:53:00,1,Color Bled,627.9,Approved
1259,6880,792,2024-10-13 19:20:00,3,Color Bled,311.85,Approved
1260,6885,974,2025-08-05 22:53:00,1,Color Bled,207.9,Approved
1261,6887,247,2025-12-26 20:25:00,1,Fabric Quality,523.95,Approved
1262,6900,883,2025-10-31 12:02:00,1,Color Bled,313.95,Approved
1263,6903,1997,2025-03-19 10:42:00,1,Fabric Quality,82.95,Approved
1264,6916,1127,2026-06-18 18:51:00,2,Defective Stitching,207.9,Approved
1265,6920,1831,2025-09-08 20:00:00,2,Wrong Size,626.85,Approved
1266,6932,1723,2026-02-06 15:38:00,1,Defective Stitching,660.56,Approved
1267,6932,288,2026-02-02 15:38:00,1,Defective Stitching,1256.85,Approved
1268,6939,445,2025-03-25 10:05:00,1,Fabric Quality,941.85,Approved
1269,6956,1280,2025-09-29 13:22:00,1,Fabric Quality,1048.95,Approved
1270,6981,1632,2024-07-31 21:42:00,1,Defective Stitching,2831.85,Approved
1271,6984,485,2024-05-07 17:01:00,1,Fabric Quality,837.9,Approved
1272,6984,460,2024-05-05 17:01:00,2,Changed Mind,207.9,Approved
1273,6985,16,2025-04-25 14:48:00,1,Defective Stitching,838.95,Approved
1274,6996,1099,2024-09-18 10:32:00,1,Wrong Size,313.95,Approved
1275,6996,1207,2024-09-15 10:32:00,1,Changed Mind,261.45,Approved
1276,6999,1349,2024-08-27 14:07:00,1,Defective Stitching,523.95,Approved
1277,7003,1710,2025-10-30 16:57:00,2,Fabric Quality,837.9,Approved
1278,7020,983,2024-07-31 22:26:00,1,Changed Mind,313.95,Approved
1279,7024,859,2026-06-08 18:14:00,1,Fabric Quality,313.95,Approved
1280,7024,1353,2026-06-14 18:14:00,1,Changed Mind,312.9,Approved
1281,7025,1769,2025-12-06 16:12:00,1,Changed Mind,626.85,Approved
1282,7028,756,2024-05-03 12:00:00,1,Defective Stitching,1047.9,Approved
1283,7029,1798,2025-01-16 13:00:00,1,Color Bled,312.9,Approved
1284,7033,22,2024-06-28 22:37:00,1,Wrong Size,82.95,Approved
1285,7039,766,2024-11-28 12:51:00,1,Fabric Quality,261.45,Approved
1286,7041,1862,2024-06-05 13:55:00,3,Fabric Quality,784.35,Approved
1287,7046,903,2024-06-18 16:25:00,1,Defective Stitching,660.56,Approved
1288,7047,229,2024-04-22 15:00:00,1,Color Bled,522.9,Approved
1289,7061,1928,2024-09-30 17:29:00,2,Changed Mind,312.9,Approved
1290,7061,419,2024-09-27 17:29:00,1,Changed Mind,941.85,Approved
1291,7064,269,2025-05-22 20:19:00,1,Wrong Size,628.95,Approved
1292,7067,1413,2024-02-27 18:51:00,2,Wrong Size,1047.9,Approved
1293,7086,14,2024-06-25 19:00:00,3,Defective Stitching,1886.85,Approved
1294,7087,578,2025-05-23 12:50:00,2,Defective Stitching,469.35,Approved
1295,7088,7,2024-02-02 21:37:00,2,Color Bled,837.9,Approved
1296,7090,1073,2024-09-04 18:22:00,2,Color Bled,1256.85,Approved
1297,7092,364,2025-03-04 15:03:00,1,Fabric Quality,627.9,Approved
1298,7100,685,2024-05-17 20:27:00,2,Wrong Size,626.85,Approved
1299,7122,1151,2026-02-07 19:16:00,1,Wrong Size,838.95,Approved
1300,7122,805,2026-02-07 19:16:00,1,Changed Mind,1467.9,Approved
1301,7133,1512,2024-03-14 16:27:00,1,Color Bled,1132.11,Approved
1302,7137,303,2026-06-20 19:45:00,1,Color Bled,1048.95,Approved
1303,7142,1044,2025-04-01 18:43:00,2,Changed Mind,941.85,Approved
1304,7151,1223,2026-02-14 17:52:00,3,Defective Stitching,2516.85,Approved
1305,7151,366,2026-02-15 17:52:00,2,Changed Mind,248.85,Approved
1306,7156,747,2024-02-20 20:26:00,1,Defective Stitching,469.35,Approved
1307,7158,1511,2025-01-22 19:06:00,1,Fabric Quality,470.61,Approved
1308,7163,911,2025-12-28 17:00:00,3,Fabric Quality,847.67,Approved
1309,7172,964,2025-07-25 19:00:00,1,Color Bled,261.45,Approved
1310,7180,1313,2025-07-25 21:41:00,1,Defective Stitching,733.95,Approved
1311,7185,1830,2025-07-06 14:00:00,1,Changed Mind,628.95,Approved
1312,7198,954,2025-08-10 18:54:00,1,Changed Mind,418.95,Approved
1313,7203,1781,2026-02-08 16:49:00,2,Color Bled,627.9,Approved
1314,7207,1695,2024-07-02 13:51:00,1,Changed Mind,943.11,Approved
1315,7213,2000,2024-12-09 15:24:00,1,Changed Mind,1467.9,Approved
1316,7221,1976,2026-01-07 17:39:00,1,Wrong Size,628.95,Approved
1317,7227,1293,2024-07-29 11:00:00,1,Wrong Size,733.95,Approved
1318,7229,600,2024-07-04 19:09:00,1,Fabric Quality,733.95,Approved
1319,7247,775,2025-05-22 12:58:00,1,Color Bled,784.35,Approved
1320,7251,661,2025-03-14 20:34:00,1,Fabric Quality,626.85,Approved
1321,7252,1449,2026-03-29 15:00:00,1,Defective Stitching,1132.11,Approved
1322,7254,992,2026-01-12 18:56:00,2,Wrong Size,1887.9,Approved
1323,7255,1849,2024-03-01 11:00:00,3,Changed Mind,469.35,Approved
1324,7262,1972,2024-05-03 11:11:00,3,Changed Mind,1131.16,Approved
1325,7265,714,2025-03-19 13:59:00,1,Fabric Quality,733.95,Approved
1326,7278,1578,2025-11-16 21:00:00,2,Defective Stitching,627.9,Approved
1327,7280,1565,2025-06-20 22:00:00,1,Defective Stitching,103.95,Approved
1328,7283,457,2026-02-15 14:48:00,2,Fabric Quality,1467.9,Approved
1329,7299,1597,2024-05-20 12:22:00,1,Defective Stitching,103.95,Approved
1330,7310,504,2026-06-13 19:35:00,1,Wrong Size,784.35,Approved
1331,7315,568,2024-05-12 14:00:00,3,Changed Mind,469.35,Approved
1332,7338,73,2025-10-02 21:27:00,3,Defective Stitching,1981.66,Approved
1333,7343,1914,2025-06-01 10:03:00,1,Color Bled,660.56,Approved
1334,7348,1450,2026-03-23 15:44:00,1,Wrong Size,1677.9,Approved
1335,7354,666,2025-06-19 12:08:00,1,Defective Stitching,313.95,Approved
1336,7354,794,2025-06-18 12:08:00,1,Color Bled,1257.9,Approved
1337,7355,388,2025-01-16 11:50:00,1,Fabric Quality,943.11,Approved
1338,7366,563,2025-05-13 13:24:00,1,Fabric Quality,261.45,Approved
1339,7371,543,2025-02-15 12:00:00,1,Color Bled,418.95,Approved
1340,7382,1745,2024-08-26 13:41:00,1,Color Bled,207.9,Approved
1341,7382,1604,2024-08-25 13:41:00,3,Color Bled,784.35,Approved
1342,7387,258,2025-08-03 19:39:00,1,Fabric Quality,1256.85,Approved
1343,7398,1492,2024-09-06 12:23:00,1,Fabric Quality,82.95,Approved
1344,7423,1149,2026-05-21 17:34:00,1,Color Bled,471.56,Approved
1345,7425,355,2026-06-12 15:43:00,2,Changed Mind,1467.9,Approved
1346,7426,1589,2025-10-21 11:31:00,1,Fabric Quality,784.35,Approved
1347,7428,1977,2024-05-29 11:50:00,2,Wrong Size,522.9,Approved
1348,7434,544,2025-07-17 10:52:00,1,Fabric Quality,943.95,Approved
1349,7438,818,2025-01-17 15:32:00,2,Fabric Quality,1677.9,Approved
1350,7443,1925,2025-06-12 15:30:00,2,Defective Stitching,627.9,Approved
1351,7443,1219,2025-06-10 15:30:00,2,Wrong Size,1887.9,Approved
1352,7447,455,2025-03-19 17:26:00,1,Changed Mind,1467.9,Approved
1353,7449,291,2025-08-12 13:50:00,1,Changed Mind,627.9,Approved
1354,7451,426,2024-07-03 11:53:00,3,Color Bled,847.67,Approved
1355,7453,1210,2024-08-30 12:02:00,1,Wrong Size,156.45,Approved
1356,7455,257,2025-01-26 14:38:00,1,Defective Stitching,838.95,Approved
1357,7467,1366,2025-12-13 10:00:00,1,Color Bled,313.95,Approved
1358,7471,47,2024-06-13 19:59:00,2,Changed Mind,784.35,Approved
1359,7487,287,2024-10-10 12:40:00,1,Wrong Size,248.85,Approved
1360,7487,1696,2024-10-12 12:40:00,2,Wrong Size,1257.9,Approved
1361,7488,1538,2026-03-16 15:42:00,1,Defective Stitching,313.95,Approved
1362,7490,844,2026-03-19 18:17:00,1,Changed Mind,313.95,Approved
1363,7491,1853,2024-01-20 21:19:00,1,Changed Mind,523.95,Approved
1364,7501,1366,2026-05-01 15:00:00,1,Defective Stitching,941.85,Approved
1365,7524,1392,2025-10-18 16:13:00,1,Color Bled,165.9,Approved
1366,7536,253,2025-10-07 17:00:00,3,Fabric Quality,784.35,Approved
1367,7536,889,2025-10-05 17:00:00,2,Changed Mind,1257.9,Approved
1368,7544,1907,2025-05-03 18:19:00,2,Changed Mind,1571.85,Approved
1369,7549,145,2024-12-16 16:00:00,1,Defective Stitching,417.9,Approved
1370,7551,201,2024-09-11 16:30:00,1,Wrong Size,165.9,Approved
1371,7559,860,2025-08-28 13:01:00,3,Wrong Size,626.85,Approved
1372,7564,1028,2025-06-28 18:56:00,1,Changed Mind,1467.9,Approved
1373,7573,942,2024-04-05 22:05:00,3,Wrong Size,2201.85,Approved
1374,7574,719,2026-03-14 12:05:00,2,Changed Mind,207.9,Approved
1375,7577,1247,2025-07-27 17:48:00,1,Changed Mind,564.17,Approved
1376,7580,206,2025-09-14 17:56:00,2,Wrong Size,1887.9,Approved
1377,7584,1325,2026-05-15 14:05:00,3,Defective Stitching,2201.85,Approved
1378,7586,1164,2024-04-17 11:00:00,1,Color Bled,248.85,Approved
1379,7588,662,2025-10-24 17:49:00,1,Color Bled,313.95,Approved
1380,7594,681,2024-07-28 18:25:00,1,Wrong Size,2832.16,Approved
1381,7595,198,2025-04-20 19:03:00,1,Wrong Size,1886.85,Approved
1382,7597,1374,2025-06-21 15:20:00,1,Wrong Size,312.9,Approved
1383,7604,1388,2025-08-11 17:40:00,3,Fabric Quality,1256.85,Approved
1384,7619,568,2024-08-28 13:12:00,1,Changed Mind,312.9,Approved
1385,7620,1118,2024-09-01 10:06:00,1,Wrong Size,626.85,Approved
1386,7639,301,2025-05-12 11:41:00,1,Fabric Quality,943.95,Approved
1387,7645,1770,2024-06-27 16:00:00,1,Defective Stitching,522.9,Approved
1388,7657,1902,2025-11-16 21:21:00,1,Wrong Size,313.95,Approved
1389,7667,950,2025-06-22 13:57:00,1,Changed Mind,1699.11,Approved
1390,7673,1871,2026-03-24 17:40:00,1,Defective Stitching,628.95,Approved
1391,7674,1565,2024-12-02 22:55:00,1,Color Bled,207.9,Approved
1392,7679,1805,2025-01-05 17:10:00,1,Changed Mind,943.95,Approved
1393,7710,1664,2025-01-10 20:45:00,2,Color Bled,280.67,Approved
1394,7713,186,2025-08-05 12:36:00,1,Color Bled,523.95,Approved
1395,7715,1832,2024-08-23 20:11:00,1,Defective Stitching,165.9,Approved
1396,7716,658,2024-03-13 11:57:00,1,Changed Mind,941.85,Approved
1397,7717,1259,2024-10-06 16:42:00,1,Wrong Size,1467.9,Approved
1398,7723,1212,2024-05-31 11:05:00,2,Wrong Size,1256.85,Approved
1399,7726,108,2026-06-11 18:00:00,1,Fabric Quality,418.95,Approved
1400,7733,228,2025-03-23 13:54:00,2,Defective Stitching,1256.85,Approved
1401,7743,416,2025-12-23 17:00:00,1,Fabric Quality,282.56,Approved
1402,7744,10,2024-03-17 17:19:00,1,Color Bled,627.9,Approved
1403,7745,1259,2026-01-20 22:15:00,1,Changed Mind,2201.85,Approved
1404,7747,1171,2026-03-27 10:43:00,1,Changed Mind,248.85,Approved
1405,7757,1349,2026-05-23 18:22:00,1,Defective Stitching,1571.85,Approved
1406,7769,216,2026-06-10 18:04:00,1,Color Bled,471.56,Approved
1407,7772,593,2024-03-05 20:13:00,2,Color Bled,837.9,Approved
1408,7773,1639,2024-07-08 10:33:00,2,Changed Mind,1321.11,Approved
1409,7780,1669,2024-12-02 21:24:00,1,Color Bled,418.95,Approved
1410,7782,1818,2026-02-12 16:17:00,1,Defective Stitching,2516.85,Approved
1411,7788,1581,2024-10-09 10:11:00,3,Fabric Quality,626.85,Approved
1412,7802,968,2025-05-03 12:39:00,2,Fabric Quality,1886.85,Approved
1413,7805,1794,2024-10-22 10:41:00,1,Defective Stitching,1257.9,Approved
1414,7811,1929,2024-08-08 11:00:00,1,Color Bled,1571.85,Approved
1415,7817,1532,2024-07-24 14:28:00,1,Changed Mind,1257.9,Approved
1416,7827,180,2024-08-27 16:59:00,1,Wrong Size,565.11,Approved
1417,7829,1221,2025-06-23 16:00:00,3,Fabric Quality,941.85,Approved
1418,7840,1047,2026-04-22 10:30:00,3,Fabric Quality,2516.85,Approved
1419,7844,1416,2025-12-02 21:44:00,1,Defective Stitching,313.95,Approved
1420,7846,31,2025-02-02 22:22:00,1,Color Bled,1698.16,Approved
1421,7849,908,2024-07-30 11:00:00,2,Wrong Size,376.11,Approved
1422,7868,1065,2024-09-13 14:03:00,1,Wrong Size,103.95,Approved
1423,7869,577,2025-02-01 14:06:00,1,Color Bled,523.95,Approved
1424,7878,1579,2024-06-13 17:35:00,1,Color Bled,522.9,Approved
1425,7878,1294,2024-06-13 17:35:00,1,Color Bled,523.95,Approved
1426,7880,628,2025-12-06 15:44:00,1,Changed Mind,417.9,Approved
1427,7882,455,2025-08-29 16:21:00,2,Changed Mind,1467.9,Approved
1428,7884,903,2024-06-29 22:50:00,3,Changed Mind,2201.85,Approved
1429,7889,509,2026-05-12 19:52:00,3,Fabric Quality,626.85,Approved
1430,7891,240,2024-02-11 13:46:00,1,Changed Mind,103.95,Approved
1431,7892,39,2026-06-23 19:43:00,2,Color Bled,522.9,Approved
1432,7898,279,2025-03-01 20:36:00,3,Wrong Size,1571.85,Approved
1433,7905,571,2025-04-09 10:24:00,1,Color Bled,943.95,Approved
1434,7910,315,2025-05-27 13:13:00,1,Wrong Size,82.95,Approved
1435,7916,611,2024-04-23 10:35:00,1,Fabric Quality,1256.85,Approved
1436,7918,418,2024-10-28 16:45:00,1,Color Bled,733.95,Approved
1437,7925,133,2025-03-29 15:53:00,2,Fabric Quality,1887.9,Approved
1438,7928,76,2026-04-10 19:31:00,1,Color Bled,312.9,Approved
1439,7939,1043,2025-10-26 18:00:00,2,Fabric Quality,941.85,Approved
1440,7941,172,2026-03-17 12:57:00,1,Color Bled,628.95,Approved
1441,7941,491,2026-03-20 12:57:00,2,Defective Stitching,705.92,Approved
1442,7943,220,2024-10-08 18:23:00,2,Changed Mind,1510.11,Approved
1443,7949,529,2025-09-27 18:19:00,1,Changed Mind,2516.85,Approved
1444,7949,1733,2025-09-24 18:19:00,2,Defective Stitching,1256.85,Approved
1445,7950,566,2024-05-31 13:16:00,1,Fabric Quality,418.95,Approved
1446,7951,478,2025-10-12 10:37:00,1,Changed Mind,1887.9,Approved
1447,7957,822,2025-01-20 20:00:00,2,Fabric Quality,522.9,Approved
1448,7959,1093,2025-01-14 14:54:00,1,Wrong Size,523.95,Approved
1449,7960,1533,2024-10-12 16:56:00,1,Changed Mind,1887.9,Approved
1450,7962,431,2025-06-03 12:27:00,2,Color Bled,627.9,Approved
1451,7970,277,2025-08-24 20:35:00,3,Wrong Size,941.85,Approved
1452,7975,401,2025-06-23 18:10:00,3,Changed Mind,626.85,Approved
1453,7981,509,2024-06-15 13:23:00,1,Color Bled,626.85,Approved
1454,7990,508,2024-08-10 15:52:00,3,Defective Stitching,1131.16,Approved
1455,8001,1875,2025-09-04 21:31:00,1,Changed Mind,523.95,Approved
1456,8005,1456,2024-06-10 17:50:00,1,Wrong Size,941.85,Approved
1457,8023,1260,2024-03-09 19:02:00,2,Fabric Quality,1047.9,Approved
1458,8029,1882,2025-10-02 18:06:00,2,Changed Mind,2831.85,Approved
1459,8032,1007,2025-10-04 13:00:00,2,Changed Mind,1886.85,Approved
1460,8045,568,2025-03-26 19:49:00,1,Defective Stitching,156.45,Approved
1461,8045,1572,2025-03-23 19:49:00,1,Fabric Quality,849.56,Approved
1462,8045,858,2025-03-23 19:49:00,2,Wrong Size,784.35,Approved
1463,8052,540,2024-11-21 11:03:00,2,Wrong Size,2097.9,Approved
1464,8070,1215,2024-07-11 14:00:00,1,Defective Stitching,2201.85,Approved
1465,8071,729,2024-02-06 11:34:00,2,Wrong Size,1256.85,Approved
1466,8071,29,2024-02-05 11:34:00,3,Defective Stitching,784.35,Approved
1467,8072,954,2025-01-12 12:00:00,2,Wrong Size,837.9,Approved
1468,8074,1502,2024-01-07 11:59:00,1,Defective Stitching,1047.9,Approved
1469,8075,577,2024-06-15 11:10:00,1,Fabric Quality,1571.85,Approved
1470,8084,1042,2025-03-10 19:20:00,1,Changed Mind,156.45,Approved
1471,8091,1767,2025-09-11 12:06:00,2,Defective Stitching,207.9,Approved
1472,8094,1978,2026-03-29 14:21:00,1,Changed Mind,208.95,Approved
1473,8110,944,2025-07-23 22:46:00,1,Color Bled,140.81,Approved
1474,8115,1986,2025-04-26 21:00:00,1,Fabric Quality,2265.16,Approved
1475,8117,353,2024-10-11 12:15:00,1,Color Bled,1257.9,Approved
1476,8119,1746,2024-02-01 17:28:00,1,Fabric Quality,847.67,Approved
1477,8125,847,2026-03-16 13:54:00,1,Wrong Size,1047.9,Approved
1478,8135,1880,2025-02-20 14:15:00,1,Fabric Quality,847.67,Approved
1479,8139,1527,2024-02-13 16:00:00,1,Changed Mind,522.9,Approved
1480,8139,1149,2024-02-12 16:00:00,2,Wrong Size,1047.9,Approved
1481,8143,1882,2024-02-29 11:50:00,2,Wrong Size,2831.85,Approved
1482,8144,524,2024-11-02 14:27:00,2,Color Bled,207.9,Approved
1483,8148,940,2025-06-04 14:00:00,2,Fabric Quality,417.9,Approved
1484,8151,1087,2025-01-21 21:02:00,1,Wrong Size,93.56,Approved
1485,8158,139,2024-08-03 15:00:00,1,Defective Stitching,523.95,Approved
1486,8162,419,2025-08-16 11:30:00,1,Wrong Size,313.95,Approved
1487,8162,163,2025-08-16 11:30:00,2,Changed Mind,1571.85,Approved
1488,8163,1482,2025-10-29 21:35:00,3,Color Bled,1571.85,Approved
1489,8165,1953,2024-03-31 19:50:00,2,Fabric Quality,1467.9,Approved
1490,8169,1074,2024-11-28 21:16:00,1,Color Bled,312.9,Approved
1491,8176,259,2025-04-19 13:28:00,1,Color Bled,313.95,Approved
1492,8178,751,2025-10-24 11:00:00,1,Changed Mind,1257.9,Approved
1493,8182,548,2025-07-11 16:00:00,3,Fabric Quality,941.85,Approved
1494,8182,478,2025-07-15 16:00:00,3,Color Bled,2831.85,Approved
1495,8183,1220,2025-09-18 22:50:00,3,Wrong Size,2201.85,Approved
1496,8189,1325,2025-08-03 13:00:00,1,Wrong Size,733.95,Approved
1497,8195,791,2024-07-02 17:50:00,1,Color Bled,847.67,Approved
1498,8195,195,2024-06-27 17:50:00,1,Wrong Size,280.67,Approved
1499,8197,887,2025-04-24 16:01:00,1,Wrong Size,1047.9,Approved
1500,8197,560,2025-04-20 16:01:00,1,Wrong Size,1887.9,Approved
1501,8201,382,2025-02-21 10:00:00,1,Fabric Quality,626.85,Approved
1502,8208,549,2024-06-28 21:17:00,3,Wrong Size,469.35,Approved
1503,8211,90,2024-08-30 16:48:00,2,Changed Mind,837.9,Approved
1504,8212,1195,2025-09-13 12:40:00,1,Defective Stitching,2516.85,Approved
1505,8214,1101,2024-06-16 15:40:00,1,Wrong Size,1257.9,Approved
1506,8217,1454,2025-01-23 14:31:00,1,Color Bled,1256.85,Approved
1507,8228,1612,2024-02-08 13:00:00,1,Fabric Quality,1257.9,Approved
1508,8231,514,2025-04-21 22:56:00,2,Defective Stitching,312.9,Approved
1509,8244,1701,2024-06-19 15:41:00,1,Color Bled,943.11,Approved
1510,8248,1782,2024-08-11 11:00:00,3,Color Bled,941.85,Approved
1511,8248,1200,2024-08-07 11:00:00,2,Color Bled,1256.85,Approved
1512,8262,113,2025-02-13 22:45:00,3,Color Bled,626.85,Approved
1513,8264,1665,2025-08-05 16:56:00,3,Wrong Size,626.85,Approved
1514,8268,104,2026-07-02 15:01:00,1,Changed Mind,1257.9,Approved
1515,8274,789,2024-08-21 15:01:00,1,Wrong Size,733.95,Approved
1516,8274,991,2024-08-19 15:01:00,2,Changed Mind,1699.11,Approved
1517,8278,864,2024-09-06 12:53:00,1,Defective Stitching,261.45,Approved
1518,8281,216,2024-09-28 11:25:00,2,Fabric Quality,1571.85,Approved
1519,8294,835,2026-03-24 11:27:00,1,Wrong Size,261.45,Approved
1520,8297,1768,2024-01-06 12:51:00,1,Wrong Size,626.85,Approved
1521,8298,994,2025-12-10 22:59:00,3,Wrong Size,422.42,Approved
1522,8299,538,2024-04-28 20:06:00,2,Defective Stitching,784.35,Approved
1523,8302,1128,2024-04-16 18:27:00,2,Fabric Quality,837.9,Approved
1524,8308,358,2025-07-12 13:00:00,2,Wrong Size,1047.9,Approved
1525,8319,1335,2025-01-19 10:08:00,1,Defective Stitching,1886.85,Approved
1526,8324,1526,2025-04-22 16:11:00,2,Fabric Quality,1698.16,Approved
1527,8325,1995,2025-01-28 10:00:00,1,Defective Stitching,628.95,Approved
1528,8330,973,2025-12-11 18:06:00,1,Changed Mind,261.45,Approved
1529,8332,1627,2025-08-25 16:36:00,1,Wrong Size,165.9,Approved
1530,8341,1074,2025-08-31 21:08:00,1,Fabric Quality,469.35,Approved
1531,8360,797,2024-10-15 19:53:00,1,Changed Mind,733.95,Approved
1532,8361,886,2024-04-04 11:08:00,1,Wrong Size,1047.9,Approved
1533,8372,1321,2024-08-13 17:29:00,2,Fabric Quality,627.9,Approved
1534,8380,147,2026-06-06 12:20:00,1,Defective Stitching,1257.9,Approved
1535,8393,1081,2026-05-04 15:20:00,3,Wrong Size,469.35,Approved
1536,8395,288,2026-07-06 11:22:00,3,Fabric Quality,1256.85,Approved
1537,8398,1324,2025-05-24 10:33:00,2,Defective Stitching,941.85,Approved
1538,8412,1899,2025-01-28 11:59:00,1,Changed Mind,1047.9,Approved
1539,8415,1513,2024-09-30 10:17:00,1,Fabric Quality,1467.9,Approved
1540,8419,350,2024-01-16 10:50:00,3,Color Bled,626.85,Approved
1541,8440,986,2025-07-19 17:27:00,2,Defective Stitching,1257.9,Approved
1542,8440,719,2025-07-20 17:27:00,2,Changed Mind,311.85,Approved
1543,8451,534,2024-06-06 12:56:00,1,Wrong Size,523.95,Approved
1544,8455,1007,2025-04-06 11:53:00,1,Wrong Size,1132.11,Approved
1545,8456,1115,2025-06-03 16:19:00,1,Changed Mind,2516.85,Approved
1546,8459,1789,2024-04-17 15:30:00,2,Defective Stitching,2097.9,Approved
1547,8460,657,2024-03-28 22:31:00,1,Wrong Size,838.95,Approved
1548,8461,1849,2026-05-04 15:31:00,1,Defective Stitching,469.35,Approved
1549,8463,1172,2024-03-14 19:42:00,3,Wrong Size,1886.85,Approved
1550,8464,1579,2024-03-01 12:04:00,1,Color Bled,522.9,Approved
1551,8471,536,2025-05-05 13:43:00,1,Wrong Size,313.95,Approved
1552,8476,1908,2026-01-23 18:58:00,1,Color Bled,187.11,Approved
1553,8476,1596,2026-01-25 18:58:00,2,Color Bled,469.35,Approved
1554,8483,877,2024-10-26 10:51:00,1,Wrong Size,313.95,Approved
1555,8488,1363,2024-07-31 10:31:00,3,Color Bled,1256.85,Approved
1556,8489,1080,2025-09-14 13:21:00,3,Fabric Quality,784.35,Approved
1557,8492,529,2024-04-11 13:27:00,1,Changed Mind,1677.9,Approved
1558,8511,751,2025-12-07 18:05:00,1,Changed Mind,1886.85,Approved
1559,8518,204,2024-08-16 17:58:00,3,Fabric Quality,2831.85,Approved
1560,8518,1644,2024-08-13 17:58:00,1,Changed Mind,156.45,Approved
1561,8533,528,2025-02-03 19:30:00,2,Wrong Size,2201.85,Approved
1562,8534,19,2024-09-10 16:00:00,1,Color Bled,523.95,Approved
1563,8535,691,2026-05-04 22:14:00,1,Changed Mind,261.45,Approved
1564,8535,1234,2026-05-04 22:14:00,2,Fabric Quality,941.85,Approved
1565,8541,347,2025-10-09 15:02:00,1,Defective Stitching,313.95,Approved
1566,8551,341,2025-03-08 15:16:00,1,Defective Stitching,522.9,Approved
1567,8555,1913,2026-02-17 16:58:00,1,Changed Mind,627.9,Approved
1568,8557,816,2025-05-03 14:00:00,2,Defective Stitching,1256.85,Approved
1569,8557,667,2025-05-05 14:00:00,1,Wrong Size,1257.9,Approved
1570,8561,576,2024-05-22 12:55:00,1,Wrong Size,943.95,Approved
1571,8563,1712,2026-05-05 17:34:00,1,Defective Stitching,941.85,Approved
1572,8575,1734,2026-05-23 15:21:00,1,Fabric Quality,261.45,Approved
1573,8576,932,2024-02-08 19:52:00,1,Changed Mind,103.95,Approved
1574,8576,375,2024-02-08 19:52:00,1,Defective Stitching,313.95,Approved
1575,8582,401,2025-09-09 16:28:00,1,Wrong Size,376.11,Approved
1576,8590,1391,2024-08-09 22:12:00,1,Defective Stitching,417.9,Approved
1577,8592,1595,2025-10-10 21:01:00,1,Changed Mind,2097.9,Approved
1578,8597,267,2024-04-30 21:56:00,2,Changed Mind,469.35,Approved
1579,8609,1553,2024-03-02 13:47:00,2,Wrong Size,1887.9,Approved
1580,8611,61,2024-02-17 12:25:00,2,Color Bled,1047.9,Approved
1581,8615,1700,2024-06-08 13:53:00,1,Color Bled,733.95,Approved
1582,8620,614,2025-08-03 17:00:00,2,Color Bled,522.9,Approved
1583,8620,379,2025-08-03 17:00:00,3,Color Bled,1886.85,Approved
1584,8625,1361,2025-08-17 20:00:00,1,Color Bled,188.06,Approved
1585,8629,199,2024-05-19 11:07:00,2,Color Bled,207.9,Approved
1586,8631,451,2024-12-04 13:00:00,1,Changed Mind,755.06,Approved
1587,8649,1491,2024-03-23 10:31:00,1,Changed Mind,208.95,Approved
1588,8656,538,2024-08-03 12:12:00,1,Fabric Quality,522.9,Approved
1589,8660,1141,2025-08-09 19:08:00,2,Wrong Size,1510.11,Approved
1590,8665,1292,2024-09-11 14:55:00,1,Wrong Size,261.45,Approved
1591,8668,814,2026-04-30 16:31:00,1,Wrong Size,261.45,Approved
1592,8675,425,2025-10-14 21:58:00,2,Wrong Size,565.11,Approved
1593,8682,1960,2024-08-20 18:38:00,2,Fabric Quality,207.9,Approved
1594,8686,89,2024-02-10 21:53:00,2,Wrong Size,1571.85,Approved
1595,8689,1664,2026-04-23 18:35:00,3,Changed Mind,311.85,Approved
1596,8694,643,2025-02-08 18:47:00,1,Changed Mind,849.56,Approved
1597,8699,666,2024-04-30 15:41:00,1,Fabric Quality,627.9,Approved
1598,8706,1245,2024-03-10 21:00:00,1,Defective Stitching,838.95,Approved
1599,8706,1256,2024-03-10 21:00:00,3,Fabric Quality,784.35,Approved
1600,8710,1160,2024-02-17 12:49:00,2,Defective Stitching,837.9,Approved
1601,8712,1097,2025-05-12 17:12:00,1,Fabric Quality,282.56,Approved
1602,8716,854,2026-04-23 18:00:00,1,Fabric Quality,282.56,Approved
1603,8721,952,2024-07-20 16:00:00,2,Color Bled,1047.9,Approved
1604,8722,1478,2026-06-11 12:30:00,2,Wrong Size,522.9,Approved
1605,8733,1317,2024-03-13 18:29:00,2,Wrong Size,754.11,Approved
1606,8746,427,2024-04-16 19:00:00,1,Wrong Size,1257.9,Approved
1607,8749,952,2025-04-18 19:28:00,1,Changed Mind,523.95,Approved
1608,8755,809,2026-03-17 13:23:00,2,Color Bled,2831.85,Approved
1609,8756,1673,2025-03-01 19:33:00,2,Changed Mind,522.9,Approved
1610,8758,455,2025-10-30 14:08:00,1,Changed Mind,2201.85,Approved
1611,8767,618,2024-06-16 20:19:00,3,Wrong Size,1256.85,Approved
1612,8789,1336,2025-08-05 17:45:00,2,Wrong Size,1571.85,Approved
1613,8789,373,2025-08-06 17:45:00,3,Color Bled,1571.85,Approved
1614,8790,1567,2024-10-12 18:23:00,1,Fabric Quality,1047.9,Approved
1615,8792,509,2024-03-06 18:24:00,1,Fabric Quality,208.95,Approved
1616,8805,1663,2025-06-19 11:12:00,3,Fabric Quality,469.35,Approved
1617,8814,1386,2026-04-19 14:37:00,2,Fabric Quality,2201.85,Approved
1618,8817,1558,2024-06-15 22:24:00,1,Color Bled,1048.95,Approved
1619,8819,1309,2024-11-08 17:05:00,1,Defective Stitching,523.95,Approved
1620,8822,968,2025-07-26 10:38:00,1,Wrong Size,1257.9,Approved
1621,8829,884,2025-01-25 13:01:00,2,Changed Mind,1886.85,Approved
1622,8832,225,2024-05-28 22:56:00,1,Changed Mind,1887.9,Approved
1623,8839,1036,2025-12-21 20:47:00,1,Changed Mind,838.95,Approved
1624,8845,779,2024-08-12 11:51:00,1,Changed Mind,1887.9,Approved
1625,8849,56,2025-07-15 14:19:00,1,Fabric Quality,523.95,Approved
1626,8856,998,2024-01-08 13:59:00,1,Color Bled,733.95,Approved
1627,8872,726,2024-12-26 11:18:00,1,Changed Mind,523.95,Approved
1628,8875,471,2026-04-16 16:38:00,2,Color Bled,207.9,Approved
1629,8884,1530,2025-09-10 15:58:00,1,Wrong Size,93.56,Approved
1630,8898,695,2024-02-22 19:04:00,1,Color Bled,628.95,Approved
1631,8899,52,2026-02-08 17:05:00,1,Changed Mind,418.95,Approved
1632,8900,977,2024-02-14 19:39:00,3,Changed Mind,2201.85,Approved
1633,8904,1890,2025-06-14 13:04:00,1,Color Bled,2097.9,Approved
1634,8908,709,2025-11-30 16:01:00,1,Color Bled,566.06,Approved
1635,8911,748,2025-05-01 18:59:00,1,Wrong Size,522.9,Approved
1636,8911,1172,2025-05-04 18:59:00,1,Wrong Size,628.95,Approved
1637,8913,1634,2025-04-13 18:25:00,2,Color Bled,376.11,Approved
1638,8920,614,2025-01-25 16:59:00,1,Defective Stitching,235.31,Approved
1639,8922,672,2025-05-14 10:23:00,3,Defective Stitching,422.42,Approved
1640,8931,633,2026-06-12 22:06:00,2,Fabric Quality,1256.85,Approved
1641,8939,400,2026-01-16 10:47:00,2,Fabric Quality,784.35,Approved
1642,8940,1535,2026-06-21 17:45:00,1,Wrong Size,838.95,Approved
1643,8947,353,2024-06-06 10:59:00,1,Color Bled,566.06,Approved
1644,8958,876,2024-05-14 12:21:00,2,Color Bled,1677.9,Approved
1645,8963,1472,2024-03-03 16:01:00,2,Defective Stitching,1677.9,Approved
1646,8964,358,2025-11-28 17:46:00,1,Fabric Quality,523.95,Approved
1647,8967,632,2025-07-28 14:50:00,1,Color Bled,1131.16,Approved
1648,8969,314,2025-09-15 10:00:00,1,Color Bled,837.9,Approved
1649,8975,321,2024-03-22 16:28:00,1,Fabric Quality,1257.9,Approved
1650,8979,1966,2026-03-18 18:21:00,2,Wrong Size,837.9,Approved
1651,8981,1315,2024-03-25 13:00:00,1,Changed Mind,628.95,Approved
1652,8987,727,2026-04-02 15:35:00,1,Color Bled,849.56,Approved
1653,8989,653,2024-04-22 18:02:00,2,Changed Mind,1677.9,Approved
1654,8989,1474,2024-04-22 18:02:00,1,Changed Mind,837.9,Approved
1655,8994,821,2024-07-21 14:08:00,1,Fabric Quality,261.45,Approved
1656,9004,663,2025-03-14 14:00:00,2,Changed Mind,941.85,Approved
1657,9009,1294,2024-03-18 22:01:00,3,Fabric Quality,1414.66,Approved
1658,9018,1025,2025-11-28 15:00:00,1,Wrong Size,523.95,Approved
1659,9024,412,2025-05-13 13:36:00,1,Fabric Quality,140.81,Approved
1660,9029,1215,2024-06-13 15:49:00,1,Wrong Size,733.95,Approved
1661,9036,860,2026-04-23 19:17:00,1,Fabric Quality,208.95,Approved
1662,9047,1721,2025-07-26 13:37:00,1,Wrong Size,208.95,Approved
1663,9058,137,2024-08-14 20:32:00,1,Color Bled,626.85,Approved
1664,9063,379,2026-04-14 11:00:00,1,Color Bled,1886.85,Approved
1665,9066,291,2025-10-14 14:18:00,1,Defective Stitching,282.56,Approved
1666,9073,1802,2025-09-03 14:51:00,2,Changed Mind,1886.85,Approved
1667,9087,248,2026-03-15 12:44:00,2,Fabric Quality,1886.85,Approved
1668,9091,945,2025-08-21 14:00:00,2,Defective Stitching,847.67,Approved
1669,9094,1977,2025-12-15 18:43:00,2,Changed Mind,784.35,Approved
1670,9094,695,2025-12-14 18:43:00,1,Defective Stitching,628.95,Approved
1671,9098,1007,2025-04-25 16:27:00,1,Color Bled,566.06,Approved
1672,9100,1051,2025-03-22 21:52:00,1,Color Bled,755.06,Approved
1673,9114,669,2025-10-22 16:06:00,2,Wrong Size,280.67,Approved
1674,9132,1026,2025-01-26 10:49:00,1,Color Bled,418.95,Approved
1675,9134,711,2025-10-01 20:19:00,1,Fabric Quality,418.95,Approved
1676,9134,1955,2025-09-26 20:19:00,2,Fabric Quality,627.9,Approved
1677,9146,1923,2024-12-09 17:26:00,2,Changed Mind,837.9,Approved
1678,9156,1888,2024-11-27 12:41:00,1,Wrong Size,943.95,Approved
1679,9156,426,2024-11-27 12:41:00,1,Fabric Quality,313.95,Approved
1680,9165,288,2026-02-16 11:07:00,1,Defective Stitching,754.11,Approved
1681,9166,1905,2025-06-29 18:12:00,1,Defective Stitching,418.95,Approved
1682,9166,211,2025-06-30 18:12:00,2,Fabric Quality,754.11,Approved
1683,9176,469,2024-05-06 11:44:00,1,Wrong Size,784.35,Approved
1684,9178,1729,2024-08-12 20:00:00,2,Wrong Size,2097.9,Approved
1685,9184,1550,2026-01-22 21:01:00,2,Changed Mind,2097.9,Approved
1686,9189,1933,2024-08-25 17:28:00,1,Defective Stitching,1256.85,Approved
1687,9189,1035,2024-08-28 17:28:00,2,Fabric Quality,1677.9,Approved
1688,9197,595,2025-01-22 15:14:00,3,Wrong Size,2201.85,Approved
1689,9205,680,2025-06-26 18:00:00,1,Wrong Size,944.06,Approved
1690,9212,875,2026-02-25 14:25:00,1,Defective Stitching,418.95,Approved
1691,9222,488,2025-08-09 16:43:00,1,Wrong Size,156.45,Approved
1692,9228,1113,2024-05-28 12:40:00,1,Color Bled,313.95,Approved
1693,9230,144,2024-05-13 18:00:00,2,Changed Mind,941.85,Approved
1694,9231,10,2026-03-13 18:16:00,3,Wrong Size,941.85,Approved
1695,9234,1243,2025-01-26 13:04:00,1,Fabric Quality,313.95,Approved
1696,9239,1077,2026-04-16 14:23:00,2,Wrong Size,417.9,Approved
1697,9249,653,2026-02-16 13:06:00,1,Fabric Quality,755.06,Approved
1698,9266,1649,2024-06-02 19:00:00,1,Wrong Size,943.95,Approved
1699,9270,1389,2024-03-02 18:34:00,2,Changed Mind,1888.11,Approved
1700,9272,1715,2024-06-29 21:56:00,1,Color Bled,627.9,Approved
1701,9274,775,2026-04-03 21:57:00,1,Changed Mind,261.45,Approved
1702,9274,1836,2026-04-08 21:57:00,1,Changed Mind,1467.9,Approved
1703,9278,1014,2024-01-13 14:18:00,2,Wrong Size,2831.85,Approved
1704,9280,1725,2025-10-23 15:00:00,2,Wrong Size,223.97,Approved
1705,9294,397,2025-05-31 15:19:00,3,Fabric Quality,248.85,Approved
1706,9299,1675,2024-08-19 21:58:00,3,Wrong Size,1886.85,Approved
1707,9314,1433,2026-02-14 19:14:00,1,Wrong Size,755.06,Approved
1708,9319,1750,2025-02-10 18:49:00,1,Defective Stitching,943.95,Approved
1709,9323,1893,2024-08-21 15:45:00,2,Fabric Quality,626.85,Approved
1710,9323,1834,2024-08-19 15:45:00,1,Wrong Size,471.56,Approved
1711,9332,503,2025-04-22 12:12:00,3,Fabric Quality,3146.85,Approved
1712,9336,442,2025-06-30 17:51:00,1,Fabric Quality,208.95,Approved
1713,9338,905,2025-09-27 17:00:00,2,Wrong Size,626.85,Approved
1714,9340,591,2026-06-29 19:10:00,2,Changed Mind,1571.85,Approved
1715,9361,1116,2025-11-21 17:41:00,1,Fabric Quality,417.9,Approved
1716,9365,966,2026-04-29 16:00:00,2,Color Bled,943.11,Approved
1717,9379,1833,2025-06-08 11:04:00,1,Wrong Size,733.95,Approved
1718,9380,1892,2024-03-23 17:59:00,1,Defective Stitching,733.95,Approved
1719,9399,1954,2024-08-13 13:09:00,2,Changed Mind,1257.9,Approved
1720,9409,464,2026-01-11 10:10:00,1,Wrong Size,733.95,Approved
1721,9425,733,2025-04-29 21:21:00,2,Changed Mind,626.85,Approved
1722,9426,1036,2024-04-01 17:00:00,1,Color Bled,838.95,Approved
1723,9429,228,2024-09-13 19:24:00,3,Wrong Size,1256.85,Approved
1724,9442,806,2024-09-25 18:39:00,3,Changed Mind,2548.66,Approved
1725,9450,220,2026-07-06 19:20:00,1,Color Bled,838.95,Approved
1726,9456,1910,2026-01-04 18:46:00,1,Wrong Size,208.95,Approved
1727,9457,1399,2024-02-11 20:46:00,1,Wrong Size,312.9,Approved
1728,9467,1045,2025-08-08 20:19:00,1,Changed Mind,755.06,Approved
1729,9470,1065,2024-10-11 17:08:00,1,Defective Stitching,207.9,Approved
1730,9490,934,2024-08-09 11:31:00,1,Color Bled,522.9,Approved
1731,9499,1492,2025-02-10 16:46:00,1,Defective Stitching,248.85,Approved
1732,9503,1166,2024-02-25 17:45:00,2,Color Bled,417.9,Approved
1733,9507,1341,2025-01-22 22:11:00,1,Color Bled,417.9,Approved
1734,9527,1355,2025-07-10 14:25:00,2,Defective Stitching,1131.16,Approved
1735,9528,726,2025-02-26 20:42:00,1,Fabric Quality,943.11,Approved
1736,9539,1246,2024-03-23 17:27:00,1,Wrong Size,628.95,Approved
1737,9542,15,2025-08-23 12:50:00,1,Fabric Quality,784.35,Approved
1738,9558,685,2025-08-04 17:49:00,2,Changed Mind,376.11,Approved
1739,9559,1817,2026-04-14 13:34:00,2,Color Bled,1467.9,Approved
1740,9562,641,2026-06-25 16:20:00,2,Color Bled,565.11,Approved
1741,9563,1933,2025-03-03 20:10:00,1,Defective Stitching,837.9,Approved
1742,9572,873,2026-03-07 11:55:00,1,Defective Stitching,418.95,Approved
1743,9576,1063,2024-11-08 17:38:00,1,Color Bled,523.95,Approved
1744,9581,1771,2024-08-09 17:44:00,1,Fabric Quality,2097.9,Approved
1745,9587,757,2025-09-10 15:59:00,2,Color Bled,1256.85,Approved
1746,9592,1413,2025-03-26 13:12:00,3,Color Bled,1571.85,Approved
1747,9593,1226,2024-04-15 12:00:00,2,Color Bled,1256.85,Approved
1748,9594,1280,2024-03-06 17:24:00,3,Wrong Size,3146.85,Approved
1749,9597,1898,2025-05-11 22:00:00,1,Color Bled,628.95,Approved
1750,9597,1055,2025-05-05 22:00:00,1,Wrong Size,208.95,Approved
1751,9600,1295,2024-01-29 14:18:00,1,Color Bled,660.56,Approved
1752,9606,890,2024-02-22 18:56:00,1,Wrong Size,470.61,Approved
1753,9611,1473,2024-05-29 21:09:00,1,Defective Stitching,417.9,Approved
1754,9615,1080,2025-01-13 12:16:00,1,Defective Stitching,705.92,Approved
1755,9623,866,2025-07-11 15:03:00,3,Wrong Size,941.85,Approved
1756,9623,1898,2025-07-14 15:03:00,1,Defective Stitching,1886.85,Approved
1757,9636,699,2026-06-05 15:57:00,1,Wrong Size,261.45,Approved
1758,9646,943,2025-09-29 12:24:00,2,Defective Stitching,754.11,Approved
1759,9646,955,2025-09-23 12:24:00,3,Color Bled,2516.85,Approved
1760,9651,370,2024-07-20 12:06:00,1,Wrong Size,1887.9,Approved
1761,9657,556,2024-02-25 21:55:00,2,Wrong Size,627.9,Approved
1762,9665,876,2025-08-09 14:13:00,1,Changed Mind,838.95,Approved
1763,9667,1449,2025-10-15 21:22:00,1,Changed Mind,1257.9,Approved
1764,9668,1227,2026-02-15 22:42:00,2,Fabric Quality,2097.9,Approved
1765,9672,1655,2025-08-15 15:51:00,2,Defective Stitching,627.9,Approved
1766,9673,1285,2024-11-14 13:21:00,1,Defective Stitching,313.95,Approved
1767,9673,241,2024-11-11 13:21:00,1,Color Bled,1257.9,Approved
1768,9677,592,2025-08-17 12:29:00,1,Wrong Size,156.45,Approved
1769,9678,773,2025-10-29 17:38:00,1,Color Bled,313.95,Approved
1770,9678,1079,2025-10-28 17:38:00,3,Changed Mind,2832.16,Approved
1771,9678,900,2025-10-29 17:38:00,1,Changed Mind,941.85,Approved
1772,9679,1642,2026-01-03 12:50:00,1,Changed Mind,2201.85,Approved
1773,9695,1424,2024-09-05 11:19:00,1,Changed Mind,733.95,Approved
1774,9701,751,2025-01-27 18:28:00,2,Defective Stitching,1886.85,Approved
1775,9703,1416,2024-10-21 14:55:00,3,Fabric Quality,941.85,Approved
1776,9709,1845,2025-07-14 12:35:00,3,Changed Mind,2201.85,Approved
1777,9721,1322,2026-06-14 11:34:00,1,Changed Mind,2516.85,Approved
1778,9728,319,2024-03-05 11:36:00,1,Wrong Size,261.45,Approved
1779,9728,1033,2024-03-06 11:36:00,1,Changed Mind,313.95,Approved
1780,9729,1792,2025-12-06 19:24:00,1,Fabric Quality,628.95,Approved
1781,9730,1825,2024-11-21 16:29:00,2,Wrong Size,2265.16,Approved
1782,9733,24,2025-07-13 11:44:00,1,Defective Stitching,660.56,Approved
1783,9734,123,2024-01-21 20:07:00,1,Wrong Size,1048.95,Approved
1784,9754,1225,2026-05-11 15:08:00,1,Defective Stitching,838.95,Approved
1785,9756,1441,2024-12-11 10:00:00,1,Wrong Size,417.9,Approved
1786,9762,1531,2025-02-22 12:48:00,1,Defective Stitching,235.31,Approved
1787,9772,930,2025-06-04 13:20:00,2,Changed Mind,565.11,Approved
1788,9774,1241,2024-07-16 20:45:00,3,Fabric Quality,1131.16,Approved
1789,9776,1022,2024-03-02 16:54:00,1,Defective Stitching,784.35,Approved
1790,9777,1141,2024-03-13 18:56:00,1,Fabric Quality,1677.9,Approved
1791,9783,1839,2025-07-26 22:52:00,1,Color Bled,208.95,Approved
1792,9785,460,2025-01-03 13:00:00,1,Color Bled,103.95,Approved
1793,9791,347,2024-04-06 21:20:00,1,Color Bled,627.9,Approved
1794,9800,1068,2025-02-06 11:17:00,1,Changed Mind,208.95,Approved
1795,9807,211,2026-05-27 18:57:00,2,Defective Stitching,1256.85,Approved
1796,9808,92,2025-02-09 20:07:00,2,Fabric Quality,522.9,Approved
1797,9808,1005,2025-02-11 20:07:00,1,Wrong Size,313.95,Approved
1798,9812,583,2025-07-25 20:19:00,1,Defective Stitching,156.45,Approved
1799,9822,1570,2024-09-25 18:18:00,2,Wrong Size,469.35,Approved
1800,9824,1341,2025-09-22 17:30:00,1,Fabric Quality,564.17,Approved
1801,9826,1719,2025-03-19 10:01:00,2,Defective Stitching,417.9,Approved
1802,9827,1762,2024-03-29 15:34:00,1,Defective Stitching,156.45,Approved
1803,9828,1589,2024-04-10 11:33:00,2,Defective Stitching,784.35,Approved
1804,9828,1422,2024-04-09 11:33:00,2,Color Bled,941.85,Approved
1805,9832,499,2024-01-07 22:55:00,1,Changed Mind,261.45,Approved
1806,9853,258,2025-03-12 10:17:00,2,Fabric Quality,1131.16,Approved
1807,9864,1903,2024-03-27 15:55:00,2,Wrong Size,1257.9,Approved
1808,9865,1328,2024-05-03 14:19:00,1,Fabric Quality,941.85,Approved
1809,9865,1340,2024-05-07 14:19:00,1,Fabric Quality,943.95,Approved
1810,9876,1744,2026-02-11 15:40:00,2,Color Bled,847.67,Approved
1811,9879,155,2024-03-27 12:00:00,2,Wrong Size,1981.66,Approved
1812,9881,1661,2024-07-02 12:55:00,1,Fabric Quality,2265.16,Approved
1813,9887,592,2026-02-05 22:00:00,3,Color Bled,469.35,Approved
1814,9888,1186,2025-07-06 16:27:00,1,Color Bled,188.06,Approved
1815,9890,1406,2025-03-14 16:42:00,1,Fabric Quality,82.95,Approved
1816,9896,925,2026-04-02 11:58:00,2,Changed Mind,1131.16,Approved
1817,9896,1172,2026-03-29 11:58:00,2,Fabric Quality,1257.9,Approved
1818,9898,22,2024-02-23 17:02:00,3,Wrong Size,248.85,Approved
1819,9904,1669,2025-05-27 15:18:00,2,Changed Mind,1256.85,Approved
1820,9907,408,2026-02-11 17:36:00,3,Wrong Size,311.85,Approved
1821,9910,535,2025-09-28 22:13:00,1,Fabric Quality,943.95,Approved
1822,9913,1485,2024-10-10 22:16:00,1,Color Bled,377.06,Approved
1823,9915,554,2025-02-12 12:19:00,1,Color Bled,566.06,Approved
1824,9919,77,2026-06-22 10:02:00,1,Changed Mind,838.95,Approved
1825,9926,941,2025-02-15 15:00:00,1,Color Bled,627.9,Approved
1826,9932,16,2025-06-28 18:00:00,1,Color Bled,838.95,Approved
1827,9933,564,2026-03-03 20:55:00,3,Defective Stitching,2831.85,Approved
1828,9935,924,2024-05-16 16:25:00,1,Changed Mind,733.95,Approved
1829,9942,1683,2025-03-23 15:16:00,1,Changed Mind,627.9,Approved
1830,9955,1788,2024-10-20 16:13:00,1,Color Bled,418.95,Approved
1831,9957,1860,2025-10-08 10:10:00,1,Defective Stitching,1886.85,Approved
1832,9958,884,2024-01-11 11:00:00,1,Defective Stitching,1886.85,Approved
1833,9973,1230,2025-04-26 16:58:00,2,Changed Mind,1047.9,Approved
1834,9976,156,2024-01-10 10:17:00,2,Defective Stitching,1571.85,Approved
1835,9976,1187,2024-01-06 10:17:00,1,Defective Stitching,1047.9,Approved
1836,9993,1178,2026-04-07 16:10:00,3,Defective Stitching,2516.85,Approved
1837,9997,827,2026-01-09 14:49:00,1,Color Bled,417.9,Approved
1838,9998,1203,2025-09-04 20:53:00,1,Defective Stitching,628.95,Approved
1839,10009,1764,2025-07-23 20:00:00,1,Wrong Size,2516.85,Approved
1840,10013,369,2025-02-28 21:28:00,2,Wrong Size,2831.85,Approved
1841,10014,836,2025-03-26 14:52:00,1,Wrong Size,1047.9,Approved
1842,10016,1764,2025-12-21 20:54:00,1,Fabric Quality,838.95,Approved
1843,10016,533,2025-12-23 20:54:00,3,Changed Mind,941.85,Approved
1844,10016,981,2025-12-24 20:54:00,1,Defective Stitching,523.95,Approved
1845,10024,1980,2024-06-08 10:26:00,1,Fabric Quality,261.45,Approved
1846,10024,1533,2024-06-11 10:26:00,3,Defective Stitching,2831.85,Approved
1847,10035,132,2025-08-13 18:07:00,1,Wrong Size,208.95,Approved
1848,10039,1528,2024-03-05 13:41:00,2,Changed Mind,1132.11,Approved
1849,10040,1057,2024-08-30 11:39:00,2,Defective Stitching,2097.9,Approved
1850,10043,854,2024-11-02 20:44:00,1,Defective Stitching,941.85,Approved
1851,10043,1344,2024-11-04 20:44:00,2,Fabric Quality,1414.66,Approved
1852,10046,1582,2025-03-08 21:09:00,2,Wrong Size,312.9,Approved
1853,10048,1425,2026-01-21 13:00:00,1,Wrong Size,733.95,Approved
1854,10049,1807,2025-07-21 19:08:00,1,Fabric Quality,418.95,Approved
1855,10051,118,2026-02-11 20:58:00,1,Wrong Size,566.06,Approved
1856,10063,251,2024-05-21 10:27:00,2,Color Bled,1321.11,Approved
1857,10077,1812,2025-10-29 22:10:00,1,Defective Stitching,733.95,Approved
1858,10081,1779,2025-08-08 16:45:00,1,Fabric Quality,208.95,Approved
1859,10091,1902,2025-11-03 19:53:00,1,Color Bled,313.95,Approved
1860,10093,1924,2024-07-12 22:00:00,1,Wrong Size,523.95,Approved
1861,10097,780,2025-06-17 21:28:00,3,Defective Stitching,2831.85,Approved
1862,10107,785,2025-08-23 12:57:00,3,Wrong Size,1571.85,Approved
1863,10121,1294,2025-11-29 12:44:00,1,Changed Mind,1047.9,Approved
1864,10124,1134,2024-07-21 10:41:00,1,Color Bled,1467.9,Approved
1865,10132,623,2026-04-22 18:58:00,3,Wrong Size,847.67,Approved
1866,10140,1254,2025-03-19 19:00:00,1,Wrong Size,1257.9,Approved
1867,10165,1624,2025-07-11 10:47:00,1,Defective Stitching,1321.11,Approved
1868,10168,1019,2024-02-12 11:23:00,2,Wrong Size,1571.85,Approved
1869,10174,854,2024-11-06 19:32:00,1,Defective Stitching,282.56,Approved
1870,10180,1835,2024-11-09 19:10:00,2,Changed Mind,1131.16,Approved
1871,10186,1622,2024-12-12 14:17:00,1,Wrong Size,943.95,Approved
1872,10187,1260,2024-03-23 14:08:00,2,Fabric Quality,1047.9,Approved
1873,10187,125,2024-03-23 14:08:00,1,Changed Mind,1699.11,Approved
1874,10189,692,2025-01-30 16:19:00,2,Color Bled,1467.9,Approved
1875,10190,1640,2024-05-29 18:00:00,2,Fabric Quality,627.9,Approved
1876,10196,638,2024-07-20 16:37:00,2,Wrong Size,627.9,Approved
1877,10201,1973,2024-05-13 18:42:00,1,Color Bled,140.81,Approved
1878,10210,1796,2025-01-24 18:21:00,1,Defective Stitching,626.85,Approved
1879,10210,369,2025-01-27 18:21:00,1,Wrong Size,2831.85,Approved
1880,10210,1009,2025-01-25 18:21:00,1,Fabric Quality,1131.16,Approved
1881,10221,1064,2024-03-24 10:24:00,1,Changed Mind,1571.85,Approved
1882,10222,1175,2024-05-02 12:50:00,1,Fabric Quality,941.85,Approved
1883,10222,1072,2024-05-01 12:50:00,2,Color Bled,626.85,Approved
1884,10225,891,2024-07-02 13:00:00,1,Fabric Quality,943.95,Approved
1885,10232,928,2024-12-25 16:28:00,2,Wrong Size,1414.66,Approved
1886,10233,1349,2024-02-22 15:45:00,1,Changed Mind,523.95,Approved
1887,10233,663,2024-02-25 15:45:00,2,Fabric Quality,941.85,Approved
1888,10233,1424,2024-02-28 15:45:00,1,Color Bled,733.95,Approved
1889,10243,1944,2025-05-02 16:52:00,2,Defective Stitching,1677.9,Approved
1890,10247,268,2024-01-16 18:46:00,1,Wrong Size,626.85,Approved
1891,10249,1285,2026-03-23 16:56:00,2,Fabric Quality,565.11,Approved
1892,10259,1229,2025-06-08 15:37:00,2,Changed Mind,941.85,Approved
1893,10262,1630,2026-01-14 12:06:00,2,Wrong Size,2097.9,Approved
1894,10267,341,2025-08-18 21:39:00,1,Fabric Quality,522.9,Approved
1895,10276,230,2025-06-12 13:31:00,2,Defective Stitching,522.9,Approved
1896,10281,420,2024-07-21 11:00:00,1,Fabric Quality,566.06,Approved
1897,10289,804,2025-07-24 11:09:00,2,Defective Stitching,2097.9,Approved
1898,10292,1649,2025-01-28 12:00:00,1,Changed Mind,2831.85,Approved
1899,10296,392,2025-03-15 19:26:00,2,Wrong Size,1256.85,Approved
1900,10298,30,2025-07-16 18:49:00,1,Fabric Quality,418.95,Approved
1901,10317,304,2024-01-23 20:25:00,2,Fabric Quality,1571.85,Approved
1902,10324,1599,2025-03-03 22:21:00,1,Color Bled,627.9,Approved
1903,10324,211,2025-03-05 22:21:00,2,Defective Stitching,837.9,Approved
1904,10333,1431,2025-04-18 21:23:00,1,Changed Mind,156.45,Approved
1905,10337,1124,2025-03-06 17:06:00,1,Fabric Quality,156.45,Approved
1906,10362,784,2024-04-02 18:43:00,2,Changed Mind,1571.85,Approved
1907,10364,1355,2026-01-16 17:38:00,2,Defective Stitching,1131.16,Approved
1908,10379,522,2026-01-27 21:15:00,1,Wrong Size,627.9,Approved
1909,10380,58,2025-11-05 13:15:00,1,Color Bled,156.45,Approved
1910,10381,156,2024-01-19 21:46:00,1,Color Bled,1571.85,Approved
1911,10389,441,2025-08-02 15:13:00,3,Defective Stitching,626.85,Approved
1912,10412,1963,2024-03-17 10:38:00,2,Changed Mind,312.9,Approved
1913,10417,765,2024-04-15 14:33:00,1,Color Bled,838.95,Approved
1914,10427,1059,2025-08-28 13:00:00,1,Color Bled,313.95,Approved
1915,10429,1743,2026-04-02 20:05:00,3,Defective Stitching,469.35,Approved
1916,10430,1125,2025-09-16 13:48:00,1,Color Bled,943.11,Approved
1917,10431,1427,2025-02-27 17:11:00,2,Changed Mind,2201.85,Approved
1918,10433,1927,2024-06-17 19:26:00,3,Changed Mind,311.85,Approved
1919,10433,255,2024-06-18 19:26:00,1,Fabric Quality,156.45,Approved
1920,10434,445,2024-01-10 22:40:00,1,Changed Mind,627.9,Approved
1921,10446,275,2025-01-15 10:38:00,1,Color Bled,156.45,Approved
1922,10448,431,2024-11-07 15:31:00,2,Defective Stitching,941.85,Approved
1923,10451,1033,2025-11-28 16:00:00,1,Color Bled,941.85,Approved
1924,10455,34,2024-03-16 10:37:00,1,Changed Mind,944.06,Approved
1925,10461,281,2026-01-05 10:30:00,1,Fabric Quality,784.35,Approved
1926,10465,1385,2024-04-05 14:44:00,2,Color Bled,1698.16,Approved
1927,10467,1313,2025-06-24 20:52:00,2,Wrong Size,2201.85,Approved
1928,10469,470,2024-04-08 21:36:00,2,Fabric Quality,1257.9,Approved
1929,10472,1738,2024-08-17 12:35:00,2,Changed Mind,1257.9,Approved
1930,10474,1122,2026-05-03 18:14:00,1,Wrong Size,565.11,Approved
1931,10474,447,2026-05-02 18:14:00,1,Defective Stitching,1047.9,Approved
1932,10485,1233,2024-08-21 11:04:00,1,Defective Stitching,156.45,Approved
1933,10487,1428,2024-08-24 22:05:00,1,Fabric Quality,1467.9,Approved
1934,10489,1114,2025-07-13 19:49:00,1,Changed Mind,943.95,Approved
1935,10501,578,2025-12-03 11:34:00,1,Defective Stitching,156.45,Approved
1936,10511,1659,2024-12-21 12:29:00,3,Wrong Size,2831.85,Approved
1937,10511,811,2024-12-24 12:29:00,2,Wrong Size,149.31,Approved
1938,10519,608,2025-02-23 12:12:00,3,Changed Mind,2548.66,Approved
1939,10528,1065,2024-08-22 19:08:00,1,Fabric Quality,311.85,Approved
1940,10544,1058,2025-01-15 10:00:00,3,Changed Mind,1886.85,Approved
1941,10547,1548,2026-06-28 18:49:00,2,Fabric Quality,417.9,Approved
1942,10549,487,2024-03-09 20:29:00,1,Color Bled,522.9,Approved
1943,10559,1210,2025-01-12 16:03:00,1,Defective Stitching,156.45,Approved
1944,10560,294,2025-08-01 11:53:00,2,Wrong Size,626.85,Approved
1945,10572,1693,2024-12-31 22:00:00,1,Wrong Size,837.9,Approved
1946,10588,965,2025-09-26 16:28:00,3,Color Bled,2831.85,Approved
1947,10600,1109,2024-08-14 21:00:00,1,Changed Mind,943.95,Approved
1948,10602,443,2025-09-16 20:53:00,1,Changed Mind,261.45,Approved
1949,10603,1444,2025-11-08 11:26:00,1,Defective Stitching,261.45,Approved
1950,10604,1084,2025-04-05 12:01:00,1,Color Bled,470.61,Approved
1951,10608,812,2025-09-07 11:42:00,1,Changed Mind,733.95,Approved
1952,10610,1567,2024-08-01 19:00:00,3,Wrong Size,1414.66,Approved
1953,10622,695,2024-05-05 15:31:00,1,Color Bled,628.95,Approved
1954,10624,1907,2024-11-14 16:41:00,3,Changed Mind,1414.66,Approved
1955,10629,214,2026-05-04 22:30:00,3,Color Bled,941.85,Approved
1956,10630,1186,2026-02-12 11:48:00,1,Fabric Quality,188.06,Approved
1957,10630,1922,2026-02-10 11:48:00,2,Color Bled,1698.16,Approved
1958,10633,1461,2024-02-07 10:11:00,1,Fabric Quality,82.95,Approved
1959,10639,966,2024-03-13 11:25:00,1,Wrong Size,523.95,Approved
1960,10653,265,2024-06-22 21:33:00,2,Color Bled,2201.85,Approved
1961,10658,1996,2026-05-26 20:53:00,2,Wrong Size,2832.16,Approved
1962,10665,1405,2025-07-31 16:56:00,3,Wrong Size,2831.85,Approved
1963,10672,1638,2024-02-15 21:56:00,3,Wrong Size,941.85,Approved
1964,10677,550,2025-01-09 17:12:00,2,Color Bled,943.11,Approved
1965,10677,75,2025-01-08 17:12:00,2,Changed Mind,2516.85,Approved
1966,10687,1055,2024-04-17 13:00:00,1,Fabric Quality,208.95,Approved
1967,10687,1634,2024-04-16 13:00:00,2,Color Bled,626.85,Approved
1968,10687,148,2024-04-15 13:00:00,1,Changed Mind,627.9,Approved
1969,10692,1451,2024-11-15 14:25:00,1,Changed Mind,313.95,Approved
1970,10694,106,2024-09-12 22:20:00,2,Color Bled,784.35,Approved
1971,10695,1778,2025-11-24 10:00:00,1,Wrong Size,82.95,Approved
1972,10698,882,2025-01-09 16:22:00,2,Fabric Quality,1886.85,Approved
1973,10718,1152,2025-12-13 20:20:00,1,Color Bled,82.95,Approved
1974,10724,1099,2024-08-07 11:15:00,3,Color Bled,847.67,Approved
1975,10727,1098,2025-11-09 13:32:00,2,Defective Stitching,1886.85,Approved
1976,10731,917,2024-07-23 13:31:00,2,Wrong Size,1047.9,Approved
1977,10735,902,2026-02-18 15:26:00,2,Defective Stitching,1256.85,Approved
1978,10750,1009,2026-06-29 22:39:00,2,Fabric Quality,837.9,Approved
1979,10759,70,2026-05-14 22:47:00,1,Defective Stitching,3146.85,Approved
1980,10764,1301,2025-12-18 14:02:00,1,Color Bled,2201.85,Approved
1981,10778,65,2024-11-13 21:56:00,1,Defective Stitching,208.95,Approved
1982,10779,1343,2026-06-27 18:11:00,3,Color Bled,422.42,Approved
1983,10780,710,2025-06-28 10:59:00,1,Wrong Size,471.56,Approved
1984,10800,1534,2024-03-20 10:53:00,1,Fabric Quality,627.9,Approved
1985,10820,1149,2026-02-27 12:17:00,1,Wrong Size,523.95,Approved
1986,10822,640,2024-06-13 21:22:00,1,Defective Stitching,208.95,Approved
1987,10842,281,2024-01-23 18:17:00,1,Defective Stitching,470.61,Approved
1988,10846,784,2025-08-06 19:23:00,2,Color Bled,943.11,Approved
1989,10848,511,2024-01-18 19:40:00,1,Fabric Quality,838.95,Approved
1990,10850,633,2026-03-15 16:26:00,1,Changed Mind,418.95,Approved
1991,10853,1465,2024-04-06 12:28:00,1,Color Bled,417.9,Approved
1992,10856,979,2025-01-17 12:14:00,3,Wrong Size,1256.85,Approved
1993,10870,1943,2024-05-04 17:21:00,2,Wrong Size,837.9,Approved
1994,10870,726,2024-04-30 17:21:00,2,Changed Mind,1414.66,Approved
1995,10877,940,2024-07-23 22:04:00,1,Fabric Quality,208.95,Approved
1996,10885,1861,2025-07-19 12:10:00,1,Defective Stitching,2831.85,Approved
1997,10897,141,2024-03-19 16:35:00,1,Defective Stitching,733.95,Approved
1998,10904,1427,2024-02-11 20:50:00,3,Defective Stitching,2201.85,Approved
1999,10910,1435,2024-04-10 19:19:00,1,Color Bled,208.95,Approved
2000,10912,1398,2026-03-01 20:09:00,1,Color Bled,1886.85,Approved
2001,10923,1799,2025-11-15 19:28:00,3,Fabric Quality,1886.85,Approved
2002,10924,1390,2026-05-01 21:47:00,1,Defective Stitching,261.45,Approved
2003,10929,1667,2024-03-31 16:41:00,1,Wrong Size,838.95,Approved
2004,10937,1563,2024-11-02 21:17:00,1,Fabric Quality,1887.9,Approved
2005,10940,1072,2026-01-04 12:16:00,1,Wrong Size,208.95,Approved
2006,10944,1662,2024-03-05 14:34:00,1,Changed Mind,627.9,Approved
2007,10948,732,2024-11-17 19:03:00,1,Wrong Size,941.85,Approved
2008,10950,1902,2024-02-08 19:00:00,1,Color Bled,941.85,Approved
2009,10950,1813,2024-02-12 19:00:00,2,Changed Mind,1886.85,Approved
2010,10951,1546,2024-02-14 13:59:00,1,Fabric Quality,1698.16,Approved
2011,10956,1303,2024-05-23 20:43:00,2,Fabric Quality,784.35,Approved
2012,10961,1048,2026-02-04 13:07:00,1,Fabric Quality,627.9,Approved
2013,10962,684,2025-11-01 14:18:00,1,Color Bled,1571.85,Approved
2014,10965,1698,2024-01-04 14:48:00,2,Defective Stitching,626.85,Approved
2015,10969,1497,2026-06-14 14:57:00,2,Changed Mind,837.9,Approved
2016,10971,1515,2025-01-08 13:19:00,1,Defective Stitching,565.11,Approved
2017,10974,1236,2025-08-16 13:00:00,2,Wrong Size,627.9,Approved
2018,10979,963,2026-04-24 16:14:00,1,Fabric Quality,733.95,Approved
2019,10997,1526,2025-06-15 15:44:00,2,Defective Stitching,1257.9,Approved
2020,11004,1785,2025-01-21 10:38:00,1,Color Bled,188.06,Approved
2021,11007,433,2025-06-22 10:43:00,1,Fabric Quality,1256.85,Approved
2022,11009,96,2024-01-13 10:19:00,2,Wrong Size,2832.16,Approved
2023,11013,200,2025-05-11 16:53:00,2,Changed Mind,1047.9,Approved
2024,11016,966,2024-01-22 13:00:00,1,Defective Stitching,523.95,Approved
2025,11020,1656,2024-11-05 13:51:00,3,Defective Stitching,311.85,Approved
2026,11021,1266,2024-01-18 15:11:00,1,Fabric Quality,1257.9,Approved
2027,11032,707,2025-09-06 21:39:00,1,Color Bled,313.95,Approved
2028,11034,1693,2025-12-07 13:00:00,1,Defective Stitching,418.95,Approved
2029,11036,583,2025-05-21 14:34:00,2,Wrong Size,312.9,Approved
2030,11039,315,2024-05-02 15:53:00,2,Color Bled,165.9,Approved
2031,11039,57,2024-05-07 15:53:00,1,Defective Stitching,156.45,Approved
2032,11043,1033,2026-03-04 13:11:00,1,Changed Mind,313.95,Approved
2033,11053,1444,2024-06-13 21:46:00,1,Wrong Size,261.45,Approved
2034,11058,1352,2025-04-23 22:47:00,1,Defective Stitching,188.06,Approved
2035,11061,476,2024-10-13 20:50:00,2,Color Bled,311.85,Approved
2036,11061,263,2024-10-14 20:50:00,3,Color Bled,1571.85,Approved
2037,11063,1058,2024-01-26 11:53:00,1,Fabric Quality,628.95,Approved
2038,11068,589,2024-09-14 18:23:00,1,Fabric Quality,282.56,Approved
2039,11069,522,2026-05-27 11:18:00,1,Fabric Quality,313.95,Approved
2040,11069,1250,2026-05-27 11:18:00,1,Changed Mind,208.95,Approved
2041,11075,1117,2025-07-01 20:01:00,2,Fabric Quality,837.9,Approved
2042,11079,230,2024-02-06 11:33:00,1,Fabric Quality,261.45,Approved
2043,11085,1178,2024-01-10 12:59:00,1,Defective Stitching,1677.9,Approved
2044,11085,503,2024-01-11 12:59:00,1,Defective Stitching,1048.95,Approved
2045,11092,836,2025-02-09 14:38:00,1,Changed Mind,523.95,Approved
2046,11094,972,2024-06-05 12:34:00,2,Defective Stitching,165.9,Approved
2047,11095,59,2024-05-28 11:36:00,1,Color Bled,733.95,Approved
2048,11104,1329,2026-03-20 13:22:00,1,Wrong Size,418.95,Approved
2049,11105,1598,2024-12-23 22:13:00,1,Defective Stitching,2516.85,Approved
2050,11117,369,2025-11-04 21:29:00,1,Wrong Size,1887.9,Approved
2051,11118,601,2025-08-08 22:25:00,1,Defective Stitching,1256.85,Approved
2052,11121,1156,2024-12-20 11:18:00,1,Wrong Size,943.95,Approved
2053,11125,1523,2026-05-21 15:30:00,1,Defective Stitching,628.95,Approved
2054,11126,298,2025-06-12 14:29:00,1,Changed Mind,733.95,Approved
2055,11138,738,2026-01-31 18:23:00,1,Defective Stitching,1048.95,Approved
2056,11139,1992,2025-02-13 21:02:00,1,Defective Stitching,837.9,Approved
2057,11147,1969,2024-04-30 18:43:00,1,Wrong Size,313.95,Approved
2058,11150,454,2026-01-19 16:24:00,2,Defective Stitching,1047.9,Approved
2059,11153,1159,2024-05-27 22:59:00,1,Wrong Size,156.45,Approved
2060,11158,1032,2026-06-26 21:50:00,2,Color Bled,2831.85,Approved
2061,11165,1588,2025-03-18 22:38:00,2,Defective Stitching,2097.9,Approved
2062,11178,646,2024-10-03 18:07:00,1,Defective Stitching,838.95,Approved
2063,11182,1773,2024-03-01 16:45:00,2,Defective Stitching,1256.85,Approved
2064,11190,717,2026-03-05 14:33:00,1,Color Bled,628.95,Approved
2065,11193,1736,2024-08-23 20:35:00,3,Defective Stitching,311.85,Approved
2066,11194,1197,2024-02-13 20:15:00,2,Defective Stitching,754.11,Approved
2067,11197,1907,2025-09-27 14:52:00,3,Defective Stitching,1571.85,Approved
2068,11198,647,2026-02-12 19:26:00,3,Wrong Size,1256.85,Approved
2069,11200,1424,2024-04-10 12:00:00,2,Defective Stitching,2201.85,Approved
2070,11209,269,2025-04-26 14:50:00,2,Color Bled,1257.9,Approved
2071,11219,1735,2026-06-22 12:07:00,1,Color Bled,628.95,Approved
2072,11220,397,2024-11-21 19:27:00,1,Fabric Quality,248.85,Approved
2073,11237,264,2025-09-01 20:02:00,2,Fabric Quality,1677.9,Approved
2074,11245,1729,2025-09-29 22:38:00,1,Changed Mind,1048.95,Approved
2075,11249,1043,2024-09-14 16:16:00,3,Changed Mind,941.85,Approved
2076,11251,92,2024-07-17 18:14:00,1,Defective Stitching,261.45,Approved
2077,11252,1727,2024-09-18 21:04:00,2,Color Bled,1510.11,Approved
2078,11266,394,2025-06-14 16:28:00,1,Changed Mind,943.95,Approved
2079,11266,1215,2025-06-20 16:28:00,3,Wrong Size,2201.85,Approved
2080,11268,1461,2024-02-02 13:12:00,1,Fabric Quality,82.95,Approved
2081,11268,874,2024-02-02 13:12:00,1,Defective Stitching,733.95,Approved
2082,11279,1624,2024-04-23 13:01:00,2,Color Bled,1467.9,Approved
2083,11279,1697,2024-04-18 13:01:00,1,Wrong Size,1467.9,Approved
2084,11281,550,2025-08-10 16:30:00,1,Changed Mind,1571.85,Approved
2085,11284,509,2026-01-25 12:00:00,1,Wrong Size,208.95,Approved
2086,11293,1587,2025-07-15 19:40:00,1,Fabric Quality,313.95,Approved
2087,11296,899,2024-12-09 20:41:00,1,Color Bled,235.31,Approved
2088,11299,62,2024-05-25 21:36:00,2,Changed Mind,1467.9,Approved
2089,11307,1180,2025-02-17 10:04:00,1,Fabric Quality,1131.16,Approved
2090,11311,1606,2025-07-04 13:21:00,2,Wrong Size,1132.11,Approved
2091,11327,1860,2025-07-12 14:16:00,1,Color Bled,566.06,Approved
2092,11339,387,2025-08-12 12:21:00,1,Defective Stitching,565.11,Approved
2093,11339,1276,2025-08-12 12:21:00,1,Defective Stitching,261.45,Approved
2094,11342,1152,2025-10-28 11:21:00,3,Defective Stitching,248.85,Approved
2095,11356,1182,2026-01-03 16:11:00,1,Color Bled,261.45,Approved
2096,11356,1918,2025-12-28 16:11:00,1,Wrong Size,837.9,Approved
2097,11357,1658,2025-05-31 16:00:00,1,Defective Stitching,838.95,Approved
2098,11364,948,2024-05-19 19:43:00,1,Color Bled,2201.85,Approved
2099,11388,631,2024-01-12 12:59:00,1,Fabric Quality,1257.9,Approved
2100,11395,1354,2025-12-07 17:04:00,2,Defective Stitching,565.11,Approved
2101,11397,1624,2024-11-02 10:26:00,1,Wrong Size,1467.9,Approved
2102,11418,373,2025-09-09 22:40:00,2,Wrong Size,1571.85,Approved
2103,11419,237,2024-12-30 17:09:00,1,Defective Stitching,417.9,Approved
2104,11433,1113,2025-02-06 12:19:00,2,Defective Stitching,941.85,Approved
2105,11441,1109,2025-07-11 15:18:00,1,Changed Mind,943.95,Approved
2106,11451,441,2026-06-11 19:03:00,1,Color Bled,208.95,Approved
2107,11453,124,2024-02-20 12:05:00,2,Defective Stitching,626.85,Approved
2108,11464,1253,2025-10-09 13:00:00,2,Changed Mind,1677.9,Approved
2109,11465,1575,2025-04-14 19:31:00,1,Color Bled,261.45,Approved
2110,11485,1240,2025-01-22 21:00:00,1,Changed Mind,208.95,Approved
2111,11490,1325,2025-04-29 19:24:00,3,Wrong Size,2201.85,Approved
2112,11495,1332,2026-01-07 17:58:00,3,Color Bled,3146.85,Approved
2113,11503,1477,2025-09-15 14:19:00,1,Wrong Size,566.06,Approved
2114,11507,1483,2025-08-09 15:00:00,1,Defective Stitching,837.9,Approved
2115,11522,447,2024-12-27 22:07:00,1,Color Bled,1047.9,Approved
2116,11525,872,2025-07-25 17:17:00,1,Color Bled,660.56,Approved
2117,11528,1096,2025-07-03 15:09:00,1,Color Bled,837.9,Approved
2118,11531,1310,2025-09-04 16:45:00,2,Fabric Quality,2201.85,Approved
2119,11535,59,2025-11-11 13:38:00,1,Wrong Size,1321.11,Approved
2120,11540,541,2024-12-02 18:39:00,1,Fabric Quality,1467.9,Approved
2121,11541,1357,2025-07-01 16:31:00,1,Defective Stitching,313.95,Approved
2122,11542,469,2026-01-21 20:53:00,1,Color Bled,705.92,Approved
2123,11559,1390,2026-05-04 12:37:00,1,Defective Stitching,261.45,Approved
2124,11568,911,2024-08-09 16:55:00,2,Changed Mind,565.11,Approved
2125,11574,1484,2024-12-29 13:11:00,1,Fabric Quality,261.45,Approved
2126,11578,1540,2026-04-19 20:00:00,1,Fabric Quality,261.45,Approved
2127,11578,1918,2026-04-20 20:00:00,2,Changed Mind,754.11,Approved
2128,11585,1765,2024-04-08 17:34:00,1,Color Bled,523.95,Approved
2129,11588,1790,2026-01-23 11:00:00,2,Fabric Quality,941.85,Approved
2130,11590,1580,2024-08-19 11:10:00,1,Changed Mind,208.95,Approved
2131,11608,1838,2025-01-22 14:14:00,2,Defective Stitching,311.85,Approved
2132,11608,614,2025-01-24 14:14:00,2,Changed Mind,522.9,Approved
2133,11609,1872,2024-10-31 16:55:00,1,Wrong Size,312.9,Approved
2134,11612,1844,2024-12-02 15:35:00,1,Color Bled,156.45,Approved
2135,11613,1466,2024-02-14 10:30:00,1,Fabric Quality,837.9,Approved
2136,11620,876,2024-03-06 17:42:00,2,Defective Stitching,2516.85,Approved
2137,11623,361,2025-12-14 18:48:00,1,Wrong Size,313.95,Approved
2138,11623,541,2025-12-13 18:48:00,1,Color Bled,1321.11,Approved
2139,11628,234,2026-06-30 14:43:00,1,Wrong Size,207.9,Approved
2140,11637,977,2025-04-27 18:07:00,2,Fabric Quality,2201.85,Approved
2141,11639,894,2025-03-28 10:35:00,3,Changed Mind,2201.85,Approved
2142,11644,1666,2024-07-03 20:00:00,1,Color Bled,156.45,Approved
2143,11644,1087,2024-07-05 20:00:00,1,Wrong Size,311.85,Approved
2144,11652,188,2026-02-11 16:00:00,3,Defective Stitching,941.85,Approved
2145,11660,108,2025-09-22 17:32:00,3,Color Bled,1256.85,Approved
2146,11661,787,2026-04-28 13:08:00,2,Color Bled,469.35,Approved
2147,11664,301,2024-06-19 12:42:00,1,Wrong Size,1887.9,Approved
2148,11679,1824,2024-06-02 10:41:00,1,Defective Stitching,522.9,Approved
2149,11686,233,2025-08-13 13:05:00,1,Wrong Size,1467.9,Approved
2150,11696,1562,2024-04-29 22:35:00,2,Fabric Quality,1047.9,Approved
2151,11698,857,2025-07-06 10:22:00,2,Fabric Quality,1321.11,Approved
2152,11701,752,2024-06-26 10:00:00,1,Color Bled,1886.85,Approved
2153,11702,1504,2024-12-13 13:16:00,1,Wrong Size,208.95,Approved
2154,11714,555,2025-11-28 12:51:00,1,Wrong Size,418.95,Approved
2155,11716,1961,2026-06-06 18:02:00,2,Wrong Size,311.85,Approved
2156,11720,1141,2026-05-21 20:04:00,1,Wrong Size,1677.9,Approved
2157,11726,1586,2026-06-02 19:01:00,2,Wrong Size,1047.9,Approved
2158,11728,1185,2026-01-03 14:45:00,1,Wrong Size,2097.9,Approved
2159,11728,1732,2025-12-31 14:45:00,2,Changed Mind,3146.85,Approved
2160,11733,161,2025-03-28 13:37:00,1,Wrong Size,261.45,Approved
2161,11738,708,2024-01-06 13:53:00,1,Color Bled,2097.9,Approved
2162,11740,1642,2024-10-13 18:33:00,1,Fabric Quality,1467.9,Approved
2163,11749,1550,2025-09-19 22:41:00,2,Fabric Quality,3146.85,Approved
2164,11752,1930,2024-09-30 20:04:00,2,Wrong Size,2831.85,Approved
2165,11753,678,2026-03-18 17:00:00,2,Fabric Quality,837.9,Approved
2166,11754,829,2024-12-27 20:13:00,3,Changed Mind,784.35,Approved
2167,11758,1610,2024-02-21 22:54:00,1,Color Bled,522.9,Approved
2168,11760,516,2026-02-21 13:48:00,3,Fabric Quality,248.85,Approved
2169,11767,1529,2026-06-07 19:09:00,2,Defective Stitching,422.42,Approved
2170,11770,1190,2025-11-08 14:50:00,3,Fabric Quality,1886.85,Approved
2171,11784,578,2024-09-05 20:44:00,1,Color Bled,156.45,Approved
2172,11796,1497,2026-01-17 10:53:00,2,Fabric Quality,837.9,Approved
2173,11804,253,2026-06-09 13:25:00,1,Changed Mind,235.31,Approved
2174,11805,1410,2024-09-23 14:57:00,1,Fabric Quality,837.9,Approved
2175,11808,542,2025-10-21 20:42:00,2,Fabric Quality,784.35,Approved
2176,11813,66,2024-09-29 13:57:00,1,Changed Mind,1047.9,Approved
2177,11827,590,2024-01-11 12:36:00,2,Defective Stitching,417.9,Approved
2178,11841,916,2025-03-01 14:09:00,1,Defective Stitching,1414.66,Approved
2179,11845,1927,2025-05-12 14:42:00,2,Fabric Quality,311.85,Approved
2180,11846,911,2024-02-08 21:30:00,1,Changed Mind,313.95,Approved
2181,11850,1820,2025-01-18 19:48:00,1,Fabric Quality,1048.95,Approved
2182,11853,67,2025-02-13 21:46:00,1,Wrong Size,261.45,Approved
2183,11864,116,2025-04-14 18:46:00,1,Wrong Size,2831.85,Approved
2184,11866,499,2026-01-01 20:13:00,1,Changed Mind,261.45,Approved
2185,11867,304,2025-10-20 21:23:00,3,Defective Stitching,1571.85,Approved
2186,11872,1818,2024-02-04 17:12:00,1,Fabric Quality,755.06,Approved
2187,11872,956,2024-02-05 17:12:00,1,Fabric Quality,261.45,Approved
2188,11873,696,2024-05-22 14:30:00,1,Changed Mind,733.95,Approved
2189,11874,1585,2024-11-02 18:06:00,1,Color Bled,1047.9,Approved
2190,11876,1478,2024-01-24 17:19:00,1,Color Bled,522.9,Approved
2191,11889,978,2025-01-18 11:34:00,1,Wrong Size,1677.9,Approved
2192,11890,1361,2024-01-14 22:56:00,1,Color Bled,417.9,Approved
2193,11892,1448,2024-09-08 12:19:00,2,Color Bled,207.9,Approved
2194,11894,760,2025-05-31 22:27:00,3,Defective Stitching,784.35,Approved
2195,11898,1431,2026-04-26 20:29:00,1,Wrong Size,156.45,Approved
2196,11904,1860,2026-04-21 20:47:00,1,Changed Mind,628.95,Approved
2197,11905,180,2026-05-18 18:18:00,1,Changed Mind,313.95,Approved
2198,11912,1799,2024-01-26 20:07:00,1,Fabric Quality,628.95,Approved
2199,11917,86,2024-02-13 18:02:00,1,Changed Mind,2831.85,Approved
2200,11923,366,2025-08-20 11:56:00,1,Color Bled,82.95,Approved
2201,11927,702,2024-03-13 10:14:00,3,Defective Stitching,941.85,Approved
2202,11928,1023,2024-03-14 16:41:00,2,Wrong Size,626.85,Approved
2203,11936,1859,2026-05-26 18:33:00,1,Wrong Size,282.56,Approved
2204,11938,1452,2024-03-25 18:25:00,1,Wrong Size,1887.9,Approved
2205,11939,24,2026-02-07 20:23:00,1,Wrong Size,2201.85,Approved
2206,11939,1000,2026-02-01 20:23:00,2,Defective Stitching,1257.9,Approved
2207,11954,1977,2025-09-19 20:00:00,1,Color Bled,261.45,Approved
2208,11954,156,2025-09-24 20:00:00,2,Wrong Size,1047.9,Approved
2209,11954,14,2025-09-21 20:00:00,1,Fabric Quality,1257.9,Approved
2210,11956,725,2026-04-11 17:39:00,1,Fabric Quality,943.95,Approved
2211,11966,537,2026-01-30 18:56:00,1,Defective Stitching,733.95,Approved
2212,11972,1845,2024-04-04 21:48:00,1,Color Bled,660.56,Approved
2213,11978,1161,2025-02-03 15:52:00,2,Defective Stitching,1257.9,Approved
2214,11978,350,2025-02-05 15:52:00,3,Changed Mind,626.85,Approved
2215,11982,1964,2024-01-25 14:32:00,1,Defective Stitching,2201.85,Approved
2216,11985,895,2024-01-16 17:57:00,1,Changed Mind,282.56,Approved
2217,11992,1985,2026-07-02 20:15:00,1,Defective Stitching,469.35,Approved
2218,12002,1279,2024-03-29 11:59:00,2,Wrong Size,705.92,Approved
2219,12003,607,2024-02-05 17:54:00,2,Wrong Size,1467.9,Approved
2220,12006,1618,2026-03-19 12:01:00,1,Color Bled,313.95,Approved
2221,12017,1786,2025-06-30 20:12:00,2,Fabric Quality,1047.9,Approved
2222,12022,901,2024-02-29 17:54:00,1,Wrong Size,208.95,Approved
2223,12023,1866,2024-07-28 21:17:00,1,Color Bled,377.06,Approved
2224,12031,1455,2026-03-15 10:26:00,1,Changed Mind,1571.85,Approved
2225,12032,556,2026-03-04 13:54:00,2,Fabric Quality,627.9,Approved
2226,12032,88,2026-03-08 13:54:00,1,Fabric Quality,705.92,Approved
2227,12034,1657,2024-09-15 12:40:00,1,Changed Mind,627.9,Approved
2228,12038,1710,2024-08-17 12:00:00,1,Wrong Size,837.9,Approved
2229,12039,1471,2025-04-16 17:38:00,1,Changed Mind,281.61,Approved
2230,12055,1695,2026-04-25 14:10:00,3,Fabric Quality,1571.85,Approved
2231,12066,1692,2024-07-14 16:54:00,2,Fabric Quality,837.9,Approved
2232,12068,700,2024-09-17 16:15:00,1,Fabric Quality,627.9,Approved
2233,12077,168,2024-12-12 12:10:00,3,Color Bled,2201.85,Approved
2234,12086,1335,2026-06-20 21:51:00,2,Defective Stitching,1257.9,Approved
2235,12088,1546,2025-01-16 19:34:00,1,Fabric Quality,628.95,Approved
2236,12092,1755,2024-04-05 17:02:00,1,Color Bled,82.95,Approved
2237,12093,835,2024-06-03 21:57:00,1,Defective Stitching,522.9,Approved
2238,12093,847,2024-05-31 21:57:00,1,Fabric Quality,523.95,Approved
2239,12103,1982,2025-09-14 16:32:00,1,Wrong Size,261.45,Approved
2240,12113,1012,2024-05-25 18:53:00,1,Changed Mind,261.45,Approved
2241,12128,682,2024-05-02 17:01:00,1,Color Bled,2831.85,Approved
2242,12132,1175,2026-04-06 12:07:00,3,Color Bled,941.85,Approved
2243,12135,748,2025-05-29 13:00:00,2,Wrong Size,784.35,Approved
2244,12136,301,2025-11-23 15:23:00,2,Color Bled,1887.9,Approved
2245,12138,1784,2024-05-05 14:30:00,1,Changed Mind,165.9,Approved
2246,12145,188,2026-03-01 20:05:00,1,Fabric Quality,313.95,Approved
2247,12145,1911,2026-02-28 20:05:00,2,Defective Stitching,1257.9,Approved
2248,12145,1687,2026-03-06 20:05:00,2,Defective Stitching,1047.9,Approved
2249,12146,1488,2025-05-16 17:24:00,1,Wrong Size,261.45,Approved
2250,12150,388,2024-11-10 19:04:00,1,Wrong Size,523.95,Approved
2251,12153,1617,2025-05-13 17:23:00,1,Fabric Quality,628.95,Approved
2252,12158,1072,2026-03-31 17:28:00,1,Wrong Size,188.06,Approved
2253,12161,688,2024-03-09 15:00:00,1,Color Bled,837.9,Approved
2254,12161,1121,2024-03-05 15:00:00,2,Color Bled,627.9,Approved
2255,12165,1344,2025-09-24 12:35:00,2,Changed Mind,1414.66,Approved
2256,12165,43,2025-09-30 12:35:00,2,Fabric Quality,2548.66,Approved
2257,12167,1351,2025-07-20 16:45:00,2,Fabric Quality,2516.85,Approved
2258,12167,1334,2025-07-20 16:45:00,1,Changed Mind,2516.85,Approved
2259,12168,1798,2025-12-06 11:14:00,1,Color Bled,156.45,Approved
2260,12181,1735,2026-06-06 20:26:00,3,Fabric Quality,1698.16,Approved
2261,12183,562,2024-08-20 19:00:00,3,Changed Mind,248.85,Approved
2262,12187,1489,2026-03-03 20:03:00,1,Defective Stitching,628.95,Approved
2263,12189,1273,2025-03-15 22:57:00,1,Fabric Quality,417.9,Approved
2264,12197,1570,2024-05-25 19:18:00,1,Defective Stitching,422.42,Approved
2265,12198,104,2024-01-19 11:46:00,1,Wrong Size,1886.85,Approved
2266,12204,332,2025-12-03 12:42:00,2,Wrong Size,165.9,Approved
2267,12214,1233,2024-03-07 18:39:00,2,Color Bled,469.35,Approved
2268,12216,330,2025-05-28 14:12:00,2,Fabric Quality,1257.9,Approved
2269,12216,185,2025-05-29 14:12:00,1,Wrong Size,943.95,Approved
2270,12221,837,2026-04-13 19:14:00,1,Changed Mind,628.95,Approved
2271,12225,1085,2025-09-17 22:00:00,2,Defective Stitching,3146.85,Approved
2272,12226,1494,2025-12-16 16:00:00,2,Defective Stitching,1699.11,Approved
2273,12228,1988,2025-01-17 17:35:00,1,Wrong Size,261.45,Approved
2274,12232,1994,2024-03-27 16:16:00,1,Defective Stitching,418.95,Approved
2275,12239,1738,2024-02-29 15:02:00,1,Wrong Size,1257.9,Approved
2276,12254,1306,2024-07-19 12:43:00,2,Defective Stitching,522.9,Approved
2277,12261,1156,2024-04-29 21:00:00,2,Color Bled,1887.9,Approved
2278,12261,1464,2024-04-26 21:00:00,1,Changed Mind,628.95,Approved
2279,12262,1073,2026-03-31 10:40:00,1,Color Bled,418.95,Approved
2280,12262,1998,2026-03-29 10:40:00,3,Defective Stitching,1131.16,Approved
2281,12264,600,2025-05-26 13:00:00,1,Fabric Quality,660.56,Approved
2282,12264,535,2025-05-23 13:00:00,1,Defective Stitching,1887.9,Approved
2283,12265,1884,2026-06-02 11:00:00,2,Wrong Size,627.9,Approved
2284,12270,1533,2025-06-10 11:14:00,1,Wrong Size,943.95,Approved
2285,12286,1863,2026-06-27 11:07:00,1,Color Bled,82.95,Approved
2286,12290,921,2026-03-09 11:54:00,1,Fabric Quality,235.31,Approved
2287,12295,1868,2025-03-24 15:44:00,1,Changed Mind,1048.95,Approved
2288,12306,1193,2025-06-13 17:12:00,1,Defective Stitching,418.95,Approved
2289,12307,101,2025-07-03 19:04:00,1,Color Bled,208.95,Approved
2290,12314,965,2024-09-10 12:00:00,2,Color Bled,1887.9,Approved
2291,12329,1122,2025-07-30 20:00:00,2,Fabric Quality,627.9,Approved
2292,12336,1793,2026-03-22 11:04:00,2,Changed Mind,627.9,Approved
2293,12338,1560,2024-09-06 10:46:00,1,Fabric Quality,523.95,Approved
2294,12343,959,2024-04-13 13:30:00,2,Defective Stitching,522.9,Approved
2295,12359,90,2026-02-18 11:00:00,1,Defective Stitching,837.9,Approved
2296,12366,1197,2025-07-09 19:19:00,1,Fabric Quality,1256.85,Approved
2297,12371,1371,2024-11-24 10:16:00,1,Changed Mind,2201.85,Approved
2298,12379,1193,2026-04-03 17:48:00,1,Fabric Quality,418.95,Approved
2299,12380,1358,2024-03-22 12:33:00,2,Changed Mind,784.35,Approved
2300,12389,1235,2026-06-12 21:50:00,1,Defective Stitching,1887.9,Approved
2301,12393,552,2025-02-16 14:00:00,3,Defective Stitching,1256.85,Approved
2302,12394,873,2024-02-17 12:58:00,1,Fabric Quality,1256.85,Approved
2303,12399,187,2026-05-24 11:39:00,2,Fabric Quality,1981.66,Approved
2304,12413,750,2024-03-09 18:02:00,1,Fabric Quality,838.95,Approved
2305,12414,725,2025-10-26 20:37:00,2,Fabric Quality,2831.85,Approved
2306,12420,1553,2025-04-20 11:27:00,2,Fabric Quality,1887.9,Approved
2307,12424,1089,2026-01-18 16:00:00,2,Defective Stitching,1886.85,Approved
2308,12426,1985,2026-03-10 19:42:00,1,Fabric Quality,469.35,Approved
2309,12429,355,2024-03-26 21:37:00,1,Wrong Size,733.95,Approved
2310,12435,1195,2024-04-09 13:11:00,1,Changed Mind,2516.85,Approved
2311,12435,1764,2024-04-11 13:11:00,3,Changed Mind,2516.85,Approved
2312,12438,1532,2025-03-01 17:21:00,1,Changed Mind,1698.16,Approved
2313,12440,324,2026-06-29 13:41:00,3,Color Bled,784.35,Approved
2314,12446,236,2025-12-25 10:07:00,2,Defective Stitching,837.9,Approved
2315,12447,320,2024-02-05 22:18:00,1,Color Bled,943.95,Approved
2316,12449,1012,2026-02-27 11:10:00,2,Changed Mind,522.9,Approved
2317,12451,204,2025-02-06 11:30:00,1,Fabric Quality,1887.9,Approved
2318,12458,1757,2024-08-23 15:42:00,1,Defective Stitching,1414.66,Approved
2319,12461,819,2024-01-24 13:00:00,2,Defective Stitching,1047.9,Approved
2320,12465,750,2025-09-03 13:14:00,3,Color Bled,2516.85,Approved
2321,12466,1115,2025-08-31 20:43:00,1,Defective Stitching,2516.85,Approved
2322,12475,1303,2024-07-14 10:41:00,2,Color Bled,784.35,Approved
2323,12481,931,2026-02-25 20:24:00,1,Fabric Quality,838.95,Approved
2324,12491,412,2025-12-28 21:41:00,1,Defective Stitching,156.45,Approved
2325,12504,987,2025-08-20 12:11:00,1,Wrong Size,377.06,Approved
2326,12508,444,2025-07-16 14:04:00,3,Defective Stitching,941.85,Approved
2327,12521,1734,2025-07-01 17:16:00,1,Changed Mind,261.45,Approved
2328,12526,1435,2026-06-26 15:01:00,2,Wrong Size,626.85,Approved
2329,12531,1029,2025-11-10 16:41:00,1,Color Bled,849.56,Approved
2330,12540,68,2025-05-20 19:24:00,1,Changed Mind,1048.95,Approved
2331,12545,1964,2026-05-08 22:32:00,2,Fabric Quality,2201.85,Approved
2332,12547,707,2025-10-30 14:00:00,2,Fabric Quality,627.9,Approved
2333,12550,333,2026-05-08 15:39:00,1,Changed Mind,565.11,Approved
2334,12550,1287,2026-05-07 15:39:00,2,Fabric Quality,1887.9,Approved
2335,12557,67,2025-10-24 11:54:00,1,Wrong Size,784.35,Approved
2336,12561,1749,2025-06-11 11:51:00,3,Defective Stitching,705.92,Approved
2337,12565,942,2024-07-30 14:00:00,1,Wrong Size,660.56,Approved
2338,12566,1123,2025-12-25 22:05:00,2,Fabric Quality,207.9,Approved
2339,12570,1436,2024-04-28 13:46:00,1,Wrong Size,1048.95,Approved
2340,12573,247,2025-04-11 12:24:00,2,Fabric Quality,1047.9,Approved
2341,12573,1450,2025-04-09 12:24:00,1,Color Bled,838.95,Approved
2342,12576,1343,2024-04-29 20:16:00,1,Wrong Size,156.45,Approved
2343,12579,1753,2024-06-16 18:17:00,1,Defective Stitching,784.35,Approved
2344,12582,1339,2024-03-04 14:59:00,1,Fabric Quality,1698.16,Approved
2345,12586,1766,2024-07-27 12:41:00,2,Wrong Size,784.35,Approved
2346,12588,1758,2024-12-30 16:20:00,1,Color Bled,165.9,Approved
2347,12591,1980,2026-03-22 15:29:00,1,Changed Mind,235.31,Approved
2348,12593,1462,2024-02-22 17:31:00,1,Fabric Quality,733.95,Approved
2349,12594,1616,2024-04-08 16:25:00,1,Fabric Quality,313.95,Approved
2350,12595,253,2025-01-14 13:22:00,1,Changed Mind,784.35,Approved
2351,12596,1832,2024-07-13 12:13:00,1,Color Bled,74.66,Approved
2352,12599,223,2024-11-02 19:00:00,3,Color Bled,2516.85,Approved
2353,12603,1273,2025-08-03 17:49:00,1,Fabric Quality,417.9,Approved
2354,12609,942,2025-09-09 10:40:00,2,Color Bled,1467.9,Approved
2355,12612,587,2025-03-26 11:47:00,1,Wrong Size,2097.9,Approved
2356,12623,1151,2025-01-05 11:45:00,2,Fabric Quality,2516.85,Approved
2357,12625,1826,2026-04-18 17:07:00,1,Wrong Size,849.56,Approved
2358,12637,1117,2026-07-07 15:47:00,1,Wrong Size,1256.85,Approved
2359,12640,420,2024-04-12 13:09:00,1,Changed Mind,628.95,Approved
2360,12643,1067,2025-09-28 19:08:00,3,Color Bled,705.92,Approved
2361,12645,1768,2024-08-01 22:07:00,1,Wrong Size,208.95,Approved
2362,12657,353,2025-07-05 18:01:00,1,Changed Mind,628.95,Approved
2363,12659,556,2024-04-09 21:00:00,1,Wrong Size,941.85,Approved
2364,12661,884,2024-11-10 15:29:00,2,Wrong Size,1257.9,Approved
2365,12670,497,2025-08-06 12:19:00,2,Color Bled,784.35,Approved
2366,12672,355,2026-01-18 17:14:00,1,Wrong Size,733.95,Approved
2367,12672,772,2026-01-19 17:14:00,1,Fabric Quality,628.95,Approved
2368,12677,347,2025-04-02 18:30:00,1,Changed Mind,941.85,Approved
2369,12690,1774,2025-09-13 20:01:00,1,Fabric Quality,943.95,Approved
2370,12698,1601,2025-08-03 22:08:00,1,Defective Stitching,1256.85,Approved
2371,12699,1068,2026-04-09 21:46:00,1,Defective Stitching,208.95,Approved
2372,12701,556,2025-12-13 20:12:00,1,Wrong Size,313.95,Approved
2373,12709,340,2025-04-11 19:50:00,1,Color Bled,523.95,Approved
2374,12723,1330,2024-08-08 13:23:00,1,Fabric Quality,784.35,Approved
2375,12728,1540,2024-06-15 19:17:00,3,Defective Stitching,784.35,Approved
2376,12742,250,2025-01-25 21:27:00,2,Color Bled,627.9,Approved
2377,12743,1311,2025-03-14 12:12:00,2,Defective Stitching,784.35,Approved
2378,12744,1292,2025-10-29 14:41:00,1,Wrong Size,261.45,Approved
2379,12748,653,2024-07-09 14:34:00,1,Defective Stitching,838.95,Approved
2380,12753,408,2024-08-13 20:21:00,2,Wrong Size,207.9,Approved
2381,12762,1979,2024-11-11 13:12:00,1,Fabric Quality,313.95,Approved
2382,12778,1552,2024-06-20 14:07:00,1,Defective Stitching,74.66,Approved
2383,12787,1430,2026-06-11 17:31:00,1,Color Bled,376.11,Approved
2384,12788,344,2026-05-10 14:44:00,2,Fabric Quality,1257.9,Approved
2385,12801,1577,2025-06-28 22:17:00,1,Color Bled,565.11,Approved
2386,12807,284,2024-08-03 12:23:00,2,Color Bled,1886.85,Approved
2387,12813,614,2024-05-11 11:00:00,1,Defective Stitching,705.92,Approved
2388,12814,1054,2024-06-21 22:01:00,1,Fabric Quality,523.95,Approved
2389,12815,636,2026-05-02 10:25:00,2,Fabric Quality,626.85,Approved
2390,12815,1963,2026-05-02 10:25:00,1,Color Bled,156.45,Approved
2391,12828,450,2025-09-25 18:55:00,2,Defective Stitching,626.85,Approved
2392,12833,980,2024-11-26 22:38:00,1,Wrong Size,1131.16,Approved
2393,12835,1970,2025-06-29 18:00:00,3,Changed Mind,2516.85,Approved
2394,12841,838,2024-02-22 12:11:00,1,Wrong Size,2201.85,Approved
2395,12854,1636,2025-03-03 14:52:00,3,Changed Mind,2201.85,Approved
2396,12856,1173,2025-04-04 18:43:00,1,Color Bled,849.56,Approved
2397,12858,770,2025-09-17 19:00:00,1,Defective Stitching,523.95,Approved
2398,12858,469,2025-09-22 19:00:00,1,Wrong Size,261.45,Approved
2399,12873,990,2024-11-05 13:49:00,2,Changed Mind,837.9,Approved
2400,12875,1817,2025-06-02 14:01:00,1,Fabric Quality,1467.9,Approved
2401,12879,215,2024-12-14 20:32:00,2,Fabric Quality,522.9,Approved
2402,12881,97,2024-02-01 12:12:00,1,Color Bled,156.45,Approved
2403,12883,1587,2025-04-20 10:13:00,1,Wrong Size,313.95,Approved
2404,12887,1427,2024-09-27 10:27:00,3,Wrong Size,1981.66,Approved
2405,12898,705,2025-08-10 16:20:00,1,Color Bled,1257.9,Approved
2406,12898,686,2025-08-05 16:20:00,2,Color Bled,784.35,Approved
2407,12898,121,2025-08-07 16:20:00,1,Changed Mind,313.95,Approved
2408,12913,974,2024-06-02 14:17:00,1,Changed Mind,93.56,Approved
2409,12923,1422,2025-08-11 15:18:00,1,Fabric Quality,282.56,Approved
2410,12926,667,2026-02-06 19:06:00,1,Defective Stitching,628.95,Approved
2411,12933,75,2024-08-18 16:02:00,1,Wrong Size,1677.9,Approved
2412,12933,851,2024-08-21 16:02:00,1,Defective Stitching,82.95,Approved
2413,12934,924,2024-05-20 16:46:00,1,Fabric Quality,733.95,Approved
2414,12939,1905,2024-08-23 12:39:00,1,Color Bled,837.9,Approved
2415,12945,413,2024-01-07 11:20:00,1,Color Bled,627.9,Approved
2416,12950,1761,2025-09-19 10:03:00,1,Color Bled,469.35,Approved
2417,12950,826,2025-09-13 10:03:00,2,Defective Stitching,1047.9,Approved
2418,12953,1586,2025-07-17 10:12:00,1,Defective Stitching,1571.85,Approved
2419,12955,1381,2024-04-24 14:52:00,1,Fabric Quality,2201.85,Approved
2420,12963,958,2025-07-29 18:48:00,1,Wrong Size,523.95,Approved
2421,12970,1253,2026-04-13 13:23:00,2,Defective Stitching,2516.85,Approved
2422,12971,575,2024-06-18 16:40:00,1,Color Bled,523.95,Approved
2423,12977,623,2024-03-16 14:22:00,2,Color Bled,941.85,Approved
2424,12981,602,2024-10-13 13:45:00,2,Wrong Size,1887.9,Approved
2425,12999,1122,2025-03-14 14:07:00,1,Color Bled,313.95,Approved
2426,13009,1906,2026-04-08 22:00:00,1,Fabric Quality,522.9,Approved
2427,13020,633,2024-10-14 14:22:00,2,Defective Stitching,1131.16,Approved
2428,13026,581,2025-04-14 14:09:00,1,Wrong Size,2201.85,Approved
2429,13026,1271,2025-04-17 14:09:00,1,Color Bled,627.9,Approved
2430,13031,702,2026-02-25 18:16:00,2,Fabric Quality,627.9,Approved
2431,13031,1556,2026-02-22 18:16:00,1,Defective Stitching,566.06,Approved
2432,13037,856,2024-07-03 17:03:00,1,Changed Mind,1048.95,Approved
2433,13038,513,2025-09-12 16:45:00,2,Fabric Quality,2832.16,Approved
2434,13039,771,2024-12-22 17:39:00,1,Color Bled,82.95,Approved
2435,13053,555,2025-11-14 17:17:00,2,Color Bled,837.9,Approved
2436,13055,1064,2025-04-06 12:00:00,1,Changed Mind,1571.85,Approved
2437,13064,1378,2025-10-12 19:39:00,1,Color Bled,208.95,Approved
2438,13064,1645,2025-10-06 19:39:00,1,Defective Stitching,2516.85,Approved
2439,13065,1683,2024-03-05 20:38:00,2,Fabric Quality,941.85,Approved
2440,13070,1957,2024-07-16 14:30:00,1,Defective Stitching,566.06,Approved
2441,13073,1602,2024-06-16 15:16:00,1,Defective Stitching,733.95,Approved
2442,13073,1555,2024-06-13 15:16:00,1,Wrong Size,733.95,Approved
2443,13075,165,2024-12-23 14:45:00,2,Wrong Size,417.9,Approved
2444,13077,367,2026-01-25 14:20:00,1,Defective Stitching,376.11,Approved
2445,13079,1520,2025-09-23 22:37:00,3,Fabric Quality,784.35,Approved
2446,13081,1823,2024-03-18 10:48:00,2,Changed Mind,1467.9,Approved
2447,13083,540,2025-07-29 13:12:00,3,Defective Stitching,3146.85,Approved
2448,13100,549,2025-12-21 19:21:00,2,Color Bled,469.35,Approved
2449,13100,804,2025-12-15 19:21:00,1,Fabric Quality,2097.9,Approved
2450,13111,1116,2026-02-13 18:08:00,1,Defective Stitching,208.95,Approved
2451,13112,295,2024-06-14 17:43:00,1,Changed Mind,626.85,Approved
2452,13125,1089,2024-03-17 16:53:00,1,Color Bled,628.95,Approved
2453,13128,646,2024-08-17 14:21:00,1,Defective Stitching,755.06,Approved
2454,13137,1651,2025-05-04 17:27:00,2,Changed Mind,187.11,Approved
2455,13138,503,2026-02-16 18:29:00,1,Defective Stitching,2097.9,Approved
2456,13138,1762,2026-02-19 18:29:00,1,Fabric Quality,312.9,Approved
2457,13142,1168,2025-02-15 14:58:00,1,Defective Stitching,1467.9,Approved
2458,13142,1296,2025-02-15 14:58:00,1,Defective Stitching,628.95,Approved
2459,13166,1087,2024-11-13 13:40:00,2,Defective Stitching,311.85,Approved
2460,13168,537,2026-05-07 22:27:00,3,Wrong Size,2201.85,Approved
2461,13169,623,2025-01-27 11:54:00,2,Changed Mind,941.85,Approved
2462,13186,663,2026-05-13 15:13:00,2,Fabric Quality,941.85,Approved
2463,13190,179,2025-01-20 17:52:00,2,Wrong Size,417.9,Approved
2464,13190,692,2025-01-25 17:52:00,1,Color Bled,660.56,Approved
2465,13198,1169,2026-03-17 22:32:00,1,Color Bled,784.35,Approved
2466,13198,996,2026-03-19 22:32:00,3,Color Bled,941.85,Approved
2467,13202,1924,2026-04-02 14:30:00,1,Changed Mind,523.95,Approved
2468,13216,632,2025-08-17 15:55:00,3,Defective Stitching,1256.85,Approved
2469,13218,1781,2024-06-14 17:23:00,1,Defective Stitching,313.95,Approved
2470,13230,290,2025-06-25 15:00:00,2,Color Bled,1467.9,Approved
2471,13231,1838,2024-01-14 19:53:00,2,Changed Mind,311.85,Approved
2472,13241,424,2025-11-19 15:32:00,1,Color Bled,261.45,Approved
2473,13246,617,2024-08-09 15:32:00,2,Wrong Size,417.9,Approved
2474,13248,1040,2024-12-21 12:09:00,1,Changed Mind,838.95,Approved
2475,13249,636,2025-01-29 17:57:00,1,Changed Mind,208.95,Approved
2476,13257,722,2026-06-17 19:00:00,1,Changed Mind,2831.85,Approved
2477,13259,1918,2026-01-19 22:43:00,1,Defective Stitching,418.95,Approved
2478,13262,134,2026-04-30 10:30:00,2,Changed Mind,565.11,Approved
2479,13262,1218,2026-05-02 10:30:00,2,Defective Stitching,1887.9,Approved
2480,13266,635,2024-09-25 18:23:00,2,Defective Stitching,165.9,Approved
2481,13281,1842,2025-09-09 22:25:00,3,Changed Mind,1414.66,Approved
2482,13282,329,2026-07-06 16:10:00,2,Changed Mind,469.35,Approved
2483,13283,1435,2024-09-11 16:08:00,2,Color Bled,564.17,Approved
2484,13296,1953,2024-05-12 17:00:00,3,Color Bled,1981.66,Approved
2485,13302,1140,2024-09-04 15:09:00,1,Fabric Quality,208.95,Approved
2486,13317,89,2025-08-16 10:01:00,1,Defective Stitching,1047.9,Approved
2487,13323,11,2025-10-19 18:11:00,1,Defective Stitching,261.45,Approved
2488,13326,57,2024-01-18 15:58:00,3,Fabric Quality,469.35,Approved
2489,13342,1224,2024-11-17 20:03:00,2,Color Bled,847.67,Approved
2490,13345,825,2025-03-15 11:07:00,1,Wrong Size,1467.9,Approved
2491,13345,764,2025-03-13 11:07:00,1,Defective Stitching,943.95,Approved
2492,13356,1330,2025-09-16 16:16:00,1,Fabric Quality,235.31,Approved
2493,13357,783,2024-12-02 17:00:00,1,Defective Stitching,1047.9,Approved
2494,13364,979,2025-05-21 14:58:00,1,Defective Stitching,377.06,Approved
2495,13369,1948,2024-02-19 14:50:00,1,Wrong Size,2097.9,Approved
2496,13373,852,2025-02-06 19:39:00,2,Color Bled,1699.11,Approved
2497,13374,668,2025-09-20 11:24:00,2,Wrong Size,2516.85,Approved
2498,13380,1427,2025-03-30 19:46:00,1,Color Bled,660.56,Approved
2499,13383,734,2024-03-22 12:52:00,2,Fabric Quality,2831.85,Approved
2500,13385,597,2024-09-16 13:17:00,1,Wrong Size,628.95,Approved
2501,13397,610,2025-02-12 14:46:00,1,Defective Stitching,838.95,Approved
2502,13399,408,2025-11-26 14:59:00,1,Fabric Quality,103.95,Approved
2503,13400,299,2024-09-04 15:08:00,1,Wrong Size,628.95,Approved
2504,13408,195,2025-03-28 21:13:00,1,Changed Mind,103.95,Approved
2505,13409,1429,2025-04-01 10:22:00,1,Changed Mind,156.45,Approved
2506,13413,553,2026-05-08 17:40:00,1,Fabric Quality,566.06,Approved
2507,13428,965,2026-03-24 19:00:00,1,Wrong Size,1887.9,Approved
2508,13439,1378,2025-06-25 16:00:00,2,Defective Stitching,376.11,Approved
2509,13442,244,2024-02-15 11:35:00,2,Wrong Size,1887.9,Approved
2510,13447,1327,2025-10-15 16:40:00,1,Changed Mind,626.85,Approved
2511,13456,674,2026-02-26 20:54:00,1,Fabric Quality,628.95,Approved
2512,13472,1107,2026-05-21 10:19:00,1,Changed Mind,313.95,Approved
2513,13480,1500,2024-07-23 22:55:00,1,Color Bled,628.95,Approved
2514,13481,889,2025-04-02 15:47:00,1,Fabric Quality,628.95,Approved
2515,13483,775,2025-06-18 13:21:00,1,Color Bled,261.45,Approved
2516,13497,1140,2024-08-14 22:27:00,2,Color Bled,417.9,Approved
2517,13500,326,2024-08-11 21:00:00,1,Color Bled,261.45,Approved
2518,13503,510,2025-03-14 17:00:00,1,Changed Mind,2097.9,Approved
2519,13510,512,2026-02-16 21:48:00,1,Changed Mind,733.95,Approved
2520,13510,1205,2026-02-16 21:48:00,1,Wrong Size,837.9,Approved
2521,13514,910,2025-07-29 16:17:00,1,Wrong Size,755.06,Approved
2522,13515,1097,2024-11-11 22:03:00,3,Wrong Size,941.85,Approved
2523,13520,334,2024-05-11 15:00:00,2,Color Bled,2201.85,Approved
2524,13522,1134,2025-08-09 15:25:00,3,Wrong Size,2201.85,Approved
2525,13523,828,2025-09-25 14:22:00,1,Defective Stitching,1571.85,Approved
2526,13530,90,2024-03-14 17:04:00,1,Color Bled,418.95,Approved
2527,13530,329,2024-03-15 17:04:00,1,Wrong Size,156.45,Approved
2528,13533,1477,2024-10-31 11:09:00,2,Wrong Size,1132.11,Approved
2529,13547,319,2024-04-25 14:31:00,2,Defective Stitching,522.9,Approved
2530,13550,501,2024-06-01 18:00:00,1,Fabric Quality,165.9,Approved
2531,13558,1360,2026-01-17 12:51:00,3,Fabric Quality,469.35,Approved
2532,13561,1106,2025-10-07 22:42:00,1,Color Bled,156.45,Approved
2533,13562,1854,2024-06-04 20:49:00,2,Wrong Size,565.11,Approved
2534,13569,203,2025-09-10 19:29:00,2,Defective Stitching,3146.85,Approved
2535,13573,551,2026-01-30 12:04:00,2,Defective Stitching,705.92,Approved
2536,13585,1027,2026-06-24 22:00:00,1,Changed Mind,660.56,Approved
2537,13587,1546,2026-06-19 22:42:00,1,Color Bled,1886.85,Approved
2538,13587,653,2026-06-19 22:42:00,1,Wrong Size,838.95,Approved
2539,13602,1306,2025-03-20 20:37:00,1,Defective Stitching,261.45,Approved
2540,13609,1450,2024-01-13 16:43:00,1,Changed Mind,2516.85,Approved
2541,13613,42,2025-06-07 14:48:00,1,Color Bled,156.45,Approved
2542,13613,1971,2025-06-08 14:48:00,1,Color Bled,522.9,Approved
2543,13621,366,2025-12-21 20:57:00,1,Fabric Quality,82.95,Approved
2544,13621,1618,2025-12-18 20:57:00,2,Changed Mind,627.9,Approved
2545,13623,1702,2025-02-13 12:37:00,2,Changed Mind,1257.9,Approved
2546,13624,464,2025-04-15 12:49:00,3,Changed Mind,2201.85,Approved
2547,13641,1639,2024-06-17 18:00:00,3,Wrong Size,2201.85,Approved
2548,13641,1208,2024-06-15 18:00:00,2,Color Bled,837.9,Approved
2549,13648,277,2026-07-04 22:00:00,1,Fabric Quality,941.85,Approved
2550,13653,606,2025-02-11 19:55:00,1,Color Bled,261.45,Approved
2551,13657,767,2025-12-14 16:36:00,1,Defective Stitching,755.06,Approved
2552,13660,1190,2025-01-06 13:57:00,1,Defective Stitching,1257.9,Approved
2553,13666,231,2025-04-06 19:07:00,1,Wrong Size,2265.16,Approved
2554,13668,587,2025-08-03 17:38:00,1,Wrong Size,2832.16,Approved
2555,13671,1960,2024-11-11 11:41:00,2,Defective Stitching,207.9,Approved
2556,13671,423,2024-11-12 11:41:00,1,Defective Stitching,469.35,Approved
2557,13672,145,2025-02-16 15:45:00,1,Fabric Quality,208.95,Approved
2558,13673,1370,2025-05-22 14:00:00,1,Changed Mind,523.95,Approved
2559,13677,1921,2025-03-10 17:46:00,1,Changed Mind,1048.95,Approved
2560,13683,477,2026-06-20 10:29:00,2,Color Bled,837.9,Approved
2561,13688,1543,2025-03-11 18:44:00,2,Color Bled,522.9,Approved
2562,13698,1106,2024-04-29 19:33:00,1,Fabric Quality,156.45,Approved
2563,13702,1792,2024-07-24 16:28:00,1,Defective Stitching,628.95,Approved
2564,13704,1305,2024-12-12 17:53:00,1,Changed Mind,1887.9,Approved
2565,13719,1214,2025-02-13 15:24:00,2,Color Bled,627.9,Approved
2566,13724,1650,2024-10-30 19:00:00,1,Changed Mind,261.45,Approved
2567,13726,7,2025-05-13 11:22:00,2,Color Bled,837.9,Approved
2568,13727,179,2026-03-12 11:03:00,1,Fabric Quality,626.85,Approved
2569,13757,71,2024-03-15 19:03:00,1,Fabric Quality,313.95,Approved
2570,13760,672,2024-02-24 10:28:00,1,Changed Mind,140.81,Approved
2571,13767,540,2025-12-21 20:11:00,1,Color Bled,1048.95,Approved
2572,13769,998,2025-02-16 21:16:00,3,Defective Stitching,2201.85,Approved
2573,13777,1512,2025-08-08 18:40:00,1,Fabric Quality,1257.9,Approved
2574,13778,1381,2024-06-24 18:00:00,2,Changed Mind,2201.85,Approved
2575,13778,753,2024-06-22 18:00:00,2,Defective Stitching,705.92,Approved
2576,13784,170,2024-02-09 11:52:00,1,Fabric Quality,523.95,Approved
2577,13788,805,2025-02-09 12:01:00,1,Color Bled,1467.9,Approved
2578,13788,1236,2025-02-10 12:01:00,1,Fabric Quality,627.9,Approved
2579,13792,129,2024-02-14 17:54:00,1,Color Bled,418.95,Approved
2580,13792,988,2024-02-13 17:54:00,1,Defective Stitching,261.45,Approved
2581,13799,1920,2024-10-05 17:26:00,1,Wrong Size,627.9,Approved
2582,13800,198,2024-06-20 14:29:00,3,Wrong Size,1886.85,Approved
2583,13803,1887,2026-04-27 11:19:00,1,Color Bled,261.45,Approved
2584,13806,1828,2025-08-29 13:00:00,2,Changed Mind,837.9,Approved
2585,13806,811,2025-09-01 13:00:00,1,Defective Stitching,165.9,Approved
2586,13824,1664,2025-04-16 21:00:00,2,Changed Mind,207.9,Approved
2587,13831,174,2024-01-12 13:38:00,3,Defective Stitching,1886.85,Approved
2588,13835,405,2025-01-14 22:00:00,2,Color Bled,312.9,Approved
2589,13837,1457,2024-08-17 21:09:00,2,Color Bled,522.9,Approved
2590,13837,1701,2024-08-15 21:09:00,1,Fabric Quality,1414.66,Approved
2591,13844,761,2025-04-19 16:28:00,3,Wrong Size,3146.85,Approved
2592,13846,111,2024-08-29 19:01:00,1,Fabric Quality,156.45,Approved
2593,13849,911,2024-03-17 17:17:00,3,Defective Stitching,941.85,Approved
2594,13864,423,2025-03-14 16:27:00,2,Changed Mind,469.35,Approved
2595,13875,1247,2025-07-01 16:21:00,2,Changed Mind,626.85,Approved
2596,13878,1542,2024-01-20 21:00:00,2,Color Bled,1887.9,Approved
2597,13887,1866,2024-08-25 13:34:00,2,Fabric Quality,1256.85,Approved
2598,13887,1040,2024-08-21 13:34:00,2,Fabric Quality,1677.9,Approved
2599,13891,1503,2024-11-14 13:40:00,1,Color Bled,82.95,Approved
2600,13891,469,2024-11-19 13:40:00,1,Color Bled,261.45,Approved
2601,13893,1105,2025-11-12 20:33:00,3,Changed Mind,847.67,Approved
2602,13893,535,2025-11-12 20:33:00,1,Color Bled,1887.9,Approved
2603,13895,996,2024-04-21 12:01:00,1,Defective Stitching,941.85,Approved
2604,13900,146,2026-01-24 19:49:00,2,Defective Stitching,3146.85,Approved
2605,13903,304,2026-05-14 22:00:00,3,Wrong Size,1571.85,Approved
2606,13903,1379,2026-05-14 22:00:00,1,Defective Stitching,1047.9,Approved
2607,13907,410,2025-12-05 20:17:00,2,Color Bled,2831.85,Approved
2608,13914,1002,2025-04-13 18:55:00,1,Changed Mind,1414.66,Approved
2609,13916,1807,2025-10-17 12:10:00,1,Color Bled,418.95,Approved
2610,13921,1378,2024-06-03 15:00:00,1,Changed Mind,626.85,Approved
2611,13921,503,2024-05-30 15:00:00,1,Changed Mind,1048.95,Approved
2612,13928,52,2024-06-07 16:03:00,2,Defective Stitching,1256.85,Approved
2613,13931,997,2025-03-29 19:10:00,2,Color Bled,1047.9,Approved
2614,13933,1727,2026-06-14 15:51:00,2,Wrong Size,2516.85,Approved
2615,13938,955,2024-05-15 19:00:00,1,Changed Mind,1677.9,Approved
2616,13938,396,2024-05-19 19:00:00,1,Color Bled,313.95,Approved
2617,13940,340,2025-02-28 20:53:00,2,Wrong Size,943.11,Approved
2618,13946,743,2025-02-27 22:11:00,1,Wrong Size,312.9,Approved
2619,13946,483,2025-02-26 22:11:00,2,Wrong Size,312.9,Approved
2620,13951,363,2026-02-01 17:51:00,1,Defective Stitching,1571.85,Approved
2621,13953,1841,2024-02-06 22:15:00,2,Wrong Size,1257.9,Approved
2622,13953,1334,2024-02-03 22:15:00,1,Color Bled,838.95,Approved
2623,13956,1019,2024-05-02 22:57:00,1,Wrong Size,523.95,Approved
2624,13957,519,2025-09-30 16:42:00,2,Wrong Size,627.9,Approved
2625,13972,100,2024-10-08 12:00:00,2,Wrong Size,417.9,Approved
2626,13986,1946,2026-04-08 22:34:00,1,Color Bled,628.95,Approved
2627,13988,238,2024-09-21 13:08:00,1,Color Bled,313.95,Approved
2628,13991,277,2025-09-22 14:23:00,2,Wrong Size,941.85,Approved
2629,13993,340,2024-07-15 16:48:00,3,Fabric Quality,1571.85,Approved
2630,13997,1264,2026-04-16 20:19:00,3,Changed Mind,1886.85,Approved
2631,13997,213,2026-04-21 20:19:00,3,Color Bled,248.85,Approved
2632,14001,286,2026-01-05 16:01:00,1,Wrong Size,943.95,Approved
2633,14005,1961,2026-06-10 19:40:00,2,Changed Mind,207.9,Approved
2634,14011,1007,2026-02-16 15:40:00,1,Fabric Quality,566.06,Approved
2635,14014,1882,2025-03-03 22:30:00,2,Wrong Size,2831.85,Approved
2636,14039,389,2026-02-17 15:55:00,1,Defective Stitching,1887.9,Approved
2637,14040,889,2026-02-02 12:20:00,2,Fabric Quality,1886.85,Approved
2638,14042,1376,2024-08-06 22:46:00,1,Color Bled,208.95,Approved
2639,14046,1757,2024-03-31 15:00:00,1,Color Bled,1047.9,Approved
2640,14049,381,2026-05-25 13:00:00,1,Wrong Size,626.85,Approved
2641,14050,742,2026-05-26 10:59:00,1,Wrong Size,418.95,Approved
2642,14052,1223,2024-08-31 22:05:00,2,Defective Stitching,1677.9,Approved
2643,14057,1260,2026-03-16 13:47:00,1,Changed Mind,1047.9,Approved
2644,14057,167,2026-03-15 13:47:00,3,Defective Stitching,1981.66,Approved
2645,14062,1076,2026-02-04 17:29:00,3,Color Bled,469.35,Approved
2646,14066,15,2025-09-08 14:44:00,1,Fabric Quality,784.35,Approved
2647,14077,1596,2024-01-19 20:04:00,1,Defective Stitching,312.9,Approved
2648,14081,1362,2026-01-07 15:38:00,1,Fabric Quality,523.95,Approved
2649,14098,1447,2025-11-09 22:00:00,1,Defective Stitching,627.9,Approved
2650,14099,1141,2025-03-14 16:00:00,1,Fabric Quality,1677.9,Approved
2651,14105,1132,2024-11-16 22:51:00,2,Defective Stitching,2201.85,Approved
2652,14110,825,2025-02-21 22:14:00,1,Wrong Size,1467.9,Approved
2653,14115,833,2026-02-26 11:14:00,1,Defective Stitching,943.95,Approved
2654,14119,1748,2024-09-21 14:42:00,1,Changed Mind,313.95,Approved
2655,14130,725,2025-03-22 16:43:00,1,Color Bled,1699.11,Approved
2656,14132,1513,2025-03-06 12:59:00,3,Wrong Size,2201.85,Approved
2657,14137,1268,2026-01-29 10:59:00,1,Defective Stitching,1887.9,Approved
2658,14142,1994,2025-04-08 11:53:00,1,Fabric Quality,377.06,Approved
2659,14156,359,2026-02-16 22:29:00,2,Wrong Size,2097.9,Approved
2660,14166,306,2026-03-23 17:51:00,1,Fabric Quality,1981.66,Approved
2661,14169,463,2025-05-04 10:53:00,1,Defective Stitching,784.35,Approved
2662,14170,1541,2024-03-12 14:58:00,3,Color Bled,626.85,Approved
2663,14178,1934,2024-12-15 15:34:00,1,Changed Mind,628.95,Approved
2664,14180,1156,2025-08-31 16:25:00,1,Fabric Quality,943.95,Approved
2665,14185,699,2024-09-10 20:51:00,1,Color Bled,261.45,Approved
2666,14188,406,2025-01-20 18:48:00,2,Fabric Quality,311.85,Approved
2667,14197,1305,2024-06-05 17:46:00,1,Fabric Quality,943.95,Approved
2668,14201,1064,2024-06-20 22:45:00,3,Fabric Quality,1571.85,Approved
2669,14201,1386,2024-06-21 22:45:00,1,Color Bled,733.95,Approved
2670,14203,31,2025-07-09 20:15:00,1,Wrong Size,628.95,Approved
2671,14207,833,2025-03-25 18:25:00,2,Wrong Size,1887.9,Approved
2672,14215,315,2026-06-21 11:23:00,1,Color Bled,82.95,Approved
2673,14224,1696,2025-09-09 13:43:00,1,Defective Stitching,1886.85,Approved
2674,14228,1146,2025-05-14 19:21:00,1,Wrong Size,733.95,Approved
2675,14235,569,2025-09-25 12:01:00,1,Color Bled,1677.9,Approved
2676,14241,1829,2024-03-24 16:09:00,1,Wrong Size,754.11,Approved
2677,14241,1981,2024-03-18 16:09:00,1,Wrong Size,93.56,Approved
2678,14246,208,2025-12-03 10:58:00,1,Changed Mind,943.95,Approved
2679,14247,859,2025-09-05 19:00:00,1,Changed Mind,313.95,Approved
2680,14257,1980,2024-07-20 17:09:00,1,Color Bled,261.45,Approved
2681,14267,542,2024-09-16 12:00:00,3,Fabric Quality,784.35,Approved
2682,14270,980,2025-09-28 22:32:00,1,Wrong Size,377.06,Approved
2683,14274,1301,2025-12-09 16:00:00,1,Defective Stitching,2201.85,Approved
2684,14278,779,2024-02-18 17:25:00,1,Defective Stitching,943.95,Approved
2685,14291,1791,2025-10-26 11:14:00,1,Defective Stitching,522.9,Approved
2686,14294,304,2026-01-01 21:41:00,1,Fabric Quality,1414.66,Approved
2687,14306,1913,2025-07-23 14:25:00,1,Defective Stitching,627.9,Approved
2688,14310,547,2024-01-30 15:53:00,2,Changed Mind,1257.9,Approved
2689,14312,956,2026-03-14 12:34:00,1,Color Bled,784.35,Approved
2690,14318,1187,2026-05-10 10:53:00,2,Wrong Size,1571.85,Approved
2691,14322,1206,2024-09-22 12:05:00,1,Fabric Quality,784.35,Approved
2692,14324,422,2024-12-31 18:51:00,1,Fabric Quality,261.45,Approved
2693,14333,1287,2025-11-04 22:15:00,1,Changed Mind,1699.11,Approved
2694,14338,1340,2024-06-25 20:29:00,2,Wrong Size,2831.85,Approved
2695,14338,1944,2024-06-27 20:29:00,2,Changed Mind,1677.9,Approved
2696,14344,42,2024-09-02 22:29:00,2,Wrong Size,312.9,Approved
2697,14347,213,2026-06-16 19:19:00,1,Wrong Size,223.97,Approved
2698,14352,461,2024-01-06 11:17:00,2,Defective Stitching,417.9,Approved
2699,14359,416,2024-02-15 10:40:00,2,Wrong Size,627.9,Approved
2700,14362,490,2025-04-20 16:37:00,1,Fabric Quality,156.45,Approved
2701,14363,1077,2025-07-24 13:00:00,1,Wrong Size,208.95,Approved
2702,14369,868,2024-05-21 18:59:00,2,Fabric Quality,847.67,Approved
2703,14380,811,2026-02-23 22:15:00,2,Changed Mind,165.9,Approved
2704,14381,557,2024-12-28 14:31:00,1,Wrong Size,1256.85,Approved
2705,14381,920,2024-12-29 14:31:00,1,Wrong Size,1677.9,Approved
2706,14382,283,2026-06-17 10:07:00,1,Fabric Quality,280.67,Approved
2707,14382,1247,2026-06-16 10:07:00,3,Color Bled,626.85,Approved
2708,14399,1142,2026-01-22 13:50:00,1,Fabric Quality,418.95,Approved
2709,14418,1583,2024-04-23 15:41:00,2,Changed Mind,417.9,Approved
2710,14429,1731,2025-11-05 19:09:00,1,Color Bled,626.85,Approved
2711,14434,556,2025-08-29 11:21:00,1,Changed Mind,313.95,Approved
2712,14440,303,2025-01-19 16:00:00,2,Changed Mind,3146.85,Approved
2713,14444,18,2025-03-22 20:04:00,1,Fabric Quality,82.95,Approved
2714,14446,597,2025-08-01 21:35:00,2,Wrong Size,1257.9,Approved
2715,14449,253,2025-03-31 11:28:00,1,Changed Mind,522.9,Approved
2716,14469,579,2024-10-24 14:10:00,2,Defective Stitching,941.85,Approved
2717,14470,1115,2026-04-10 22:00:00,1,Wrong Size,838.95,Approved
2718,14474,1067,2026-02-19 12:00:00,1,Wrong Size,522.9,Approved
2719,14479,1332,2025-12-02 11:52:00,2,Defective Stitching,2097.9,Approved
2720,14482,778,2026-06-28 20:46:00,1,Wrong Size,837.9,Approved
2721,14487,558,2025-02-15 13:07:00,1,Changed Mind,93.56,Approved
2722,14507,1462,2025-04-25 17:58:00,1,Defective Stitching,1321.11,Approved
2723,14508,1752,2024-01-25 10:23:00,1,Changed Mind,837.9,Approved
2724,14521,992,2024-09-27 16:27:00,3,Changed Mind,2831.85,Approved
2725,14521,124,2024-09-29 16:27:00,1,Defective Stitching,208.95,Approved
2726,14523,1792,2025-05-05 16:58:00,1,Changed Mind,628.95,Approved
2727,14527,653,2025-08-13 19:00:00,3,Fabric Quality,2516.85,Approved
2728,14532,1571,2025-07-19 18:21:00,3,Defective Stitching,784.35,Approved
2729,14533,1706,2025-08-09 13:01:00,2,Fabric Quality,1510.11,Approved
2730,14536,314,2025-09-21 10:04:00,3,Wrong Size,1256.85,Approved
2731,14538,1425,2026-03-10 14:44:00,2,Changed Mind,1321.11,Approved
2732,14541,181,2024-08-24 12:54:00,3,Changed Mind,1256.85,Approved
2733,14546,164,2025-08-26 18:00:00,3,Defective Stitching,847.67,Approved
2734,14559,1459,2025-09-02 16:34:00,2,Changed Mind,941.85,Approved
2735,14566,786,2026-05-07 21:36:00,1,Fabric Quality,1887.9,Approved
2736,14584,447,2026-04-25 14:40:00,1,Wrong Size,1047.9,Approved
2737,14586,874,2025-05-05 11:17:00,1,Color Bled,1981.66,Approved
2738,14588,128,2024-06-17 18:54:00,1,Changed Mind,522.9,Approved
2739,14592,1325,2025-07-04 15:29:00,3,Defective Stitching,2201.85,Approved
2740,14600,1619,2025-07-03 20:56:00,2,Fabric Quality,1132.11,Approved
2741,14605,1979,2025-11-13 19:00:00,1,Fabric Quality,627.9,Approved
2742,14610,380,2024-02-05 10:25:00,1,Fabric Quality,471.56,Approved
2743,14612,1834,2025-02-22 19:35:00,1,Color Bled,471.56,Approved
2744,14624,1829,2026-01-12 11:30:00,1,Defective Stitching,418.95,Approved
2745,14625,488,2024-04-30 19:00:00,1,Defective Stitching,469.35,Approved
2746,14625,504,2024-04-29 19:00:00,3,Defective Stitching,784.35,Approved
2747,14632,132,2024-06-27 13:58:00,1,Changed Mind,208.95,Approved
2748,14640,723,2024-08-04 15:33:00,1,Color Bled,523.95,Approved
2749,14642,1230,2024-01-28 16:35:00,1,Fabric Quality,943.11,Approved
2750,14645,230,2024-07-07 20:37:00,1,Color Bled,522.9,Approved
2751,14646,1437,2025-10-01 17:00:00,2,Changed Mind,207.9,Approved
2752,14649,189,2024-06-12 17:31:00,2,Defective Stitching,1047.9,Approved
2753,14656,729,2026-06-04 11:23:00,1,Defective Stitching,837.9,Approved
2754,14659,1283,2025-11-27 12:16:00,1,Wrong Size,1887.9,Approved
2755,14672,1542,2024-12-26 17:40:00,1,Fabric Quality,2831.85,Approved
2756,14673,513,2025-12-19 12:16:00,2,Changed Mind,1888.11,Approved
2757,14675,186,2026-03-14 14:39:00,1,Fabric Quality,523.95,Approved
2758,14676,1073,2024-04-28 11:00:00,1,Defective Stitching,837.9,Approved
2759,14687,801,2026-03-04 12:15:00,3,Fabric Quality,3146.85,Approved
2760,14694,976,2026-03-20 21:48:00,2,Fabric Quality,565.11,Approved
2761,14699,407,2026-01-20 16:37:00,1,Changed Mind,208.95,Approved
2762,14701,1365,2024-02-26 17:34:00,2,Defective Stitching,627.9,Approved
2763,14713,895,2025-09-13 21:23:00,1,Wrong Size,313.95,Approved
2764,14716,1917,2024-08-19 20:49:00,1,Changed Mind,1256.85,Approved
2765,14730,1095,2024-02-27 19:16:00,1,Color Bled,1677.9,Approved
2766,14731,669,2024-08-07 12:26:00,2,Wrong Size,207.9,Approved
2767,14743,759,2025-01-17 22:09:00,1,Color Bled,208.95,Approved
2768,14744,1797,2024-04-09 21:00:00,1,Fabric Quality,208.95,Approved
2769,14746,1358,2024-12-06 12:40:00,1,Defective Stitching,261.45,Approved
2770,14748,12,2026-01-20 14:40:00,1,Changed Mind,837.9,Approved
2771,14749,919,2024-05-31 10:22:00,1,Color Bled,1677.9,Approved
2772,14767,172,2024-04-21 21:09:00,1,Color Bled,1886.85,Approved
2773,14769,3,2025-05-11 11:27:00,1,Wrong Size,1677.9,Approved
2774,14769,1220,2025-05-11 11:27:00,3,Wrong Size,2201.85,Approved
2775,14774,1640,2024-06-23 19:34:00,1,Wrong Size,627.9,Approved
2776,14785,452,2024-05-12 16:11:00,2,Changed Mind,1257.9,Approved
2777,14790,247,2026-05-21 10:42:00,2,Wrong Size,1047.9,Approved
2778,14796,616,2025-12-11 18:10:00,3,Fabric Quality,2201.85,Approved
2779,14808,1054,2025-11-03 11:24:00,2,Wrong Size,1571.85,Approved
2780,14814,1141,2026-04-13 14:00:00,1,Color Bled,2516.85,Approved
2781,14815,1089,2025-11-05 15:24:00,1,Wrong Size,1132.11,Approved
2782,14824,1884,2024-09-24 21:56:00,3,Fabric Quality,941.85,Approved
2783,14831,1978,2025-04-10 10:03:00,1,Changed Mind,626.85,Approved
2784,14834,1716,2025-06-23 10:43:00,3,Changed Mind,941.85,Approved
2785,14835,243,2025-02-07 14:30:00,1,Color Bled,627.9,Approved
2786,14836,481,2025-01-01 19:00:00,1,Color Bled,523.95,Approved
2787,14841,524,2024-11-04 10:00:00,2,Defective Stitching,207.9,Approved
2788,14848,1282,2026-01-21 22:39:00,1,Fabric Quality,418.95,Approved
2789,14863,1516,2024-04-10 19:00:00,2,Defective Stitching,312.9,Approved
2790,14866,283,2025-12-11 15:47:00,1,Wrong Size,93.56,Approved
2791,14867,703,2025-06-19 15:07:00,2,Changed Mind,626.85,Approved
2792,14867,856,2025-06-21 15:07:00,2,Fabric Quality,2097.9,Approved
2793,14871,1948,2026-03-05 16:38:00,1,Wrong Size,2097.9,Approved
2794,14888,1597,2024-08-14 21:32:00,2,Color Bled,207.9,Approved
2795,14891,1041,2025-08-23 10:40:00,1,Defective Stitching,156.45,Approved
2796,14892,1622,2026-05-20 17:11:00,2,Wrong Size,2831.85,Approved
2797,14921,945,2026-02-12 15:35:00,2,Fabric Quality,941.85,Approved
2798,14923,1682,2025-01-30 17:50:00,2,Changed Mind,149.31,Approved
2799,14926,1304,2024-06-21 21:42:00,1,Wrong Size,313.95,Approved
2800,14930,1025,2026-05-20 10:23:00,1,Defective Stitching,523.95,Approved
2801,14935,1810,2024-03-26 21:54:00,1,Defective Stitching,941.85,Approved
2802,14941,1854,2024-11-16 16:00:00,2,Wrong Size,941.85,Approved
2803,14946,1533,2025-10-14 18:38:00,1,Fabric Quality,2831.85,Approved
2804,14954,1962,2025-08-29 19:49:00,2,Changed Mind,2097.9,Approved
2805,14965,1276,2025-07-23 20:28:00,1,Wrong Size,261.45,Approved
2806,14973,1012,2025-10-06 12:00:00,2,Defective Stitching,784.35,Approved
2807,14977,792,2024-08-20 14:46:00,1,Changed Mind,103.95,Approved
2808,14997,1817,2025-07-27 11:07:00,1,Fabric Quality,1321.11,Approved
2809,14999,928,2024-02-11 18:36:00,2,Defective Stitching,1571.85,Approved
2810,15007,997,2024-09-07 19:37:00,1,Wrong Size,1047.9,Approved
2811,15011,1910,2026-02-08 17:06:00,3,Defective Stitching,626.85,Approved
2812,15014,1938,2024-03-26 16:47:00,2,Defective Stitching,1257.9,Approved
2813,15025,1020,2024-09-12 10:02:00,1,Color Bled,564.17,Approved
2814,15033,1173,2024-07-02 13:00:00,1,Fabric Quality,849.56,Approved
2815,15041,629,2026-04-09 15:25:00,2,Color Bled,417.9,Approved
2816,15054,1368,2025-02-16 11:07:00,1,Changed Mind,208.95,Approved
2817,15054,797,2025-02-17 11:07:00,2,Defective Stitching,1467.9,Approved
2818,15057,1458,2024-06-12 19:09:00,1,Changed Mind,754.11,Approved
2819,15057,1188,2024-06-09 19:09:00,1,Wrong Size,313.95,Approved
2820,15065,410,2024-12-01 12:08:00,3,Color Bled,2831.85,Approved
2821,15070,1883,2026-06-08 16:48:00,2,Color Bled,837.9,Approved
2822,15071,510,2025-06-02 19:02:00,2,Wrong Size,2097.9,Approved
2823,15079,148,2025-04-25 19:09:00,2,Changed Mind,847.67,Approved
2824,15085,1000,2025-01-20 18:24:00,1,Wrong Size,1257.9,Approved
2825,15085,905,2025-01-16 18:24:00,1,Defective Stitching,417.9,Approved
2826,15086,1769,2025-02-18 22:46:00,1,Wrong Size,208.95,Approved
2827,15092,178,2024-12-16 22:00:00,1,Fabric Quality,522.9,Approved
2828,15093,1080,2024-12-19 11:00:00,2,Defective Stitching,522.9,Approved
2829,15111,283,2025-01-17 14:41:00,2,Color Bled,311.85,Approved
2830,15129,1920,2026-04-05 18:29:00,1,Color Bled,282.56,Approved
2831,15135,1753,2025-07-30 22:13:00,2,Wrong Size,470.61,Approved
2832,15137,522,2025-09-27 13:06:00,1,Defective Stitching,313.95,Approved
2833,15138,1311,2025-10-02 22:55:00,3,Defective Stitching,784.35,Approved
2834,15140,536,2025-02-15 21:30:00,1,Wrong Size,313.95,Approved
2835,15148,6,2024-04-23 19:43:00,1,Defective Stitching,417.9,Approved
2836,15155,1931,2024-09-04 15:20:00,2,Wrong Size,784.35,Approved
2837,15156,139,2025-01-08 22:22:00,1,Defective Stitching,1047.9,Approved
2838,15163,1783,2024-02-01 22:00:00,3,Changed Mind,469.35,Approved
2839,15165,508,2025-02-06 11:27:00,1,Defective Stitching,837.9,Approved
2840,15172,216,2024-07-25 18:35:00,1,Defective Stitching,523.95,Approved
2841,15176,506,2026-02-15 10:04:00,1,Color Bled,628.95,Approved
2842,15176,1163,2026-02-19 10:04:00,1,Changed Mind,82.95,Approved
2843,15180,1363,2025-01-04 18:40:00,1,Defective Stitching,754.11,Approved
2844,15190,1862,2025-05-27 14:36:00,1,Color Bled,784.35,Approved
2845,15190,500,2025-05-28 14:36:00,2,Changed Mind,1131.16,Approved
2846,15195,1477,2026-02-09 18:22:00,1,Changed Mind,628.95,Approved
2847,15202,370,2024-09-16 20:34:00,2,Defective Stitching,2548.66,Approved
2848,15206,300,2024-03-17 10:15:00,3,Fabric Quality,469.35,Approved
2849,15212,417,2026-01-08 21:02:00,2,Defective Stitching,417.9,Approved
2850,15228,374,2025-07-26 12:05:00,1,Color Bled,1698.16,Approved
2851,15236,1345,2024-09-24 10:13:00,1,Defective Stitching,523.95,Approved
2852,15237,356,2024-05-16 20:14:00,1,Changed Mind,417.9,Approved
2853,15248,254,2026-02-17 13:02:00,1,Fabric Quality,1047.9,Approved
2854,15259,655,2024-10-02 11:32:00,2,Fabric Quality,705.92,Approved
2855,15267,1947,2024-06-12 17:28:00,2,Wrong Size,1571.85,Approved
2856,15271,592,2026-04-23 20:19:00,2,Defective Stitching,422.42,Approved
2857,15273,976,2024-04-23 12:42:00,1,Color Bled,941.85,Approved
2858,15286,807,2025-01-16 15:06:00,1,Fabric Quality,2831.85,Approved
2859,15290,454,2024-08-30 12:35:00,1,Defective Stitching,943.11,Approved
2860,15292,311,2025-02-04 13:49:00,1,Defective Stitching,523.95,Approved
2861,15300,1327,2026-03-28 17:49:00,1,Fabric Quality,208.95,Approved
2862,15302,616,2025-12-28 22:06:00,1,Wrong Size,733.95,Approved
2863,15306,1579,2024-02-22 15:37:00,1,Fabric Quality,261.45,Approved
2864,15306,1917,2024-02-18 15:37:00,1,Defective Stitching,1131.16,Approved
2865,15309,870,2026-01-02 21:44:00,1,Changed Mind,417.9,Approved
2866,15317,564,2024-12-18 21:00:00,2,Defective Stitching,2831.85,Approved
2867,15320,605,2024-12-11 21:05:00,1,Changed Mind,522.9,Approved
2868,15325,1680,2025-07-08 21:16:00,1,Color Bled,418.95,Approved
2869,15332,1599,2026-01-11 13:36:00,2,Changed Mind,941.85,Approved
2870,15334,558,2024-02-28 14:00:00,2,Wrong Size,311.85,Approved
2871,15335,1009,2025-10-13 12:12:00,1,Fabric Quality,418.95,Approved
2872,15346,1423,2025-01-04 18:04:00,3,Fabric Quality,2201.85,Approved
2873,15353,417,2025-03-29 17:50:00,1,Changed Mind,208.95,Approved
2874,15355,274,2026-03-04 10:48:00,1,Defective Stitching,943.95,Approved
2875,15362,549,2024-02-22 11:48:00,1,Color Bled,312.9,Approved
2876,15372,337,2024-06-08 19:37:00,3,Color Bled,1886.85,Approved
2877,15383,1340,2025-12-25 17:24:00,1,Defective Stitching,943.95,Approved
2878,15389,1120,2025-05-26 17:00:00,3,Changed Mind,1981.66,Approved
2879,15404,864,2025-07-16 16:00:00,2,Fabric Quality,522.9,Approved
2880,15407,950,2024-10-28 12:36:00,1,Defective Stitching,2831.85,Approved
2881,15425,1243,2025-10-30 11:09:00,2,Fabric Quality,941.85,Approved
2882,15428,1521,2024-03-22 17:21:00,1,Color Bled,82.95,Approved
2883,15430,1431,2025-09-25 19:33:00,2,Wrong Size,312.9,Approved
2884,15432,317,2025-01-16 12:21:00,1,Fabric Quality,627.9,Approved
2885,15441,186,2024-05-12 10:43:00,2,Color Bled,1571.85,Approved
2886,15449,1196,2025-06-18 21:53:00,1,Defective Stitching,74.66,Approved
2887,15470,1071,2024-04-22 10:08:00,1,Wrong Size,837.9,Approved
2888,15472,1736,2025-10-18 21:33:00,2,Changed Mind,207.9,Approved
2889,15491,1655,2026-04-12 22:13:00,1,Fabric Quality,313.95,Approved
2890,15492,49,2024-07-15 16:12:00,3,Color Bled,2831.85,Approved
2891,15499,54,2025-12-30 17:42:00,1,Wrong Size,943.95,Approved
2892,15501,861,2026-03-09 13:59:00,2,Fabric Quality,1677.9,Approved
2893,15501,1505,2026-03-03 13:59:00,3,Color Bled,1571.85,Approved
2894,15514,122,2025-03-18 13:00:00,1,Wrong Size,660.56,Approved
2895,15514,1533,2025-03-20 13:00:00,2,Fabric Quality,2831.85,Approved
2896,15519,1258,2024-05-17 12:52:00,3,Defective Stitching,564.17,Approved
2897,15535,646,2025-12-14 19:00:00,3,Fabric Quality,2516.85,Approved
2898,15536,1051,2025-09-08 21:28:00,2,Defective Stitching,2516.85,Approved
2899,15539,1497,2025-01-28 11:43:00,2,Color Bled,1256.85,Approved
2900,15542,1399,2026-04-20 18:06:00,1,Color Bled,312.9,Approved
2901,15552,640,2025-03-21 12:50:00,1,Wrong Size,208.95,Approved
2902,15555,1348,2024-05-20 19:59:00,1,Changed Mind,313.95,Approved
2903,15556,1414,2025-10-09 14:00:00,1,Changed Mind,103.95,Approved
2904,15557,424,2024-07-13 17:23:00,2,Changed Mind,705.92,Approved
2905,15573,1136,2024-04-08 15:00:00,2,Color Bled,1887.9,Approved
2906,15574,1481,2024-08-10 15:31:00,1,Fabric Quality,1571.85,Approved
2907,15574,1467,2024-08-13 15:31:00,2,Defective Stitching,626.85,Approved
2908,15575,659,2025-05-28 15:34:00,1,Changed Mind,208.95,Approved
2909,15581,1252,2025-08-06 10:21:00,1,Defective Stitching,1047.9,Approved
2910,15595,340,2026-04-20 12:49:00,2,Color Bled,1571.85,Approved
2911,15602,741,2026-06-26 14:21:00,2,Color Bled,1321.11,Approved
2912,15602,1590,2026-06-30 14:21:00,1,Wrong Size,943.95,Approved
2913,15604,301,2025-12-17 11:14:00,1,Defective Stitching,943.95,Approved
2914,15614,769,2024-06-16 21:35:00,2,Fabric Quality,1467.9,Approved
2915,15631,118,2024-10-22 17:54:00,3,Defective Stitching,1886.85,Approved
2916,15633,112,2025-09-10 19:19:00,2,Fabric Quality,312.9,Approved
2917,15642,409,2024-10-05 17:49:00,2,Defective Stitching,1257.9,Approved
2918,15644,1661,2024-06-06 20:38:00,2,Color Bled,2516.85,Approved
2919,15654,1322,2026-02-23 12:52:00,3,Fabric Quality,2516.85,Approved
2920,15661,581,2024-07-31 21:53:00,1,Color Bled,1467.9,Approved
2921,15676,1485,2026-03-20 16:55:00,2,Color Bled,1256.85,Approved
2922,15677,804,2025-04-27 11:45:00,2,Defective Stitching,2097.9,Approved
2923,15681,784,2025-03-17 15:30:00,1,Wrong Size,1571.85,Approved
2924,15685,1881,2024-08-24 21:05:00,3,Fabric Quality,3146.85,Approved
2925,15691,396,2024-07-21 11:36:00,2,Defective Stitching,627.9,Approved
2926,15698,1641,2026-06-19 20:01:00,2,Wrong Size,943.11,Approved
2927,15702,2,2026-03-02 10:25:00,1,Color Bled,2831.85,Approved
2928,15714,1920,2026-06-29 19:19:00,1,Color Bled,313.95,Approved
2929,15717,1403,2024-02-15 13:27:00,3,Color Bled,2265.16,Approved
2930,15731,1301,2026-02-14 20:47:00,2,Changed Mind,2201.85,Approved
2931,15732,1264,2025-07-31 17:45:00,1,Wrong Size,628.95,Approved
2932,15734,1543,2024-01-09 14:13:00,3,Color Bled,705.92,Approved
2933,15742,857,2026-06-23 20:19:00,2,Changed Mind,1467.9,Approved
2934,15746,480,2025-09-07 19:38:00,3,Changed Mind,626.85,Approved
2935,15746,565,2025-09-08 19:38:00,1,Color Bled,261.45,Approved
2936,15752,270,2026-06-22 21:56:00,3,Fabric Quality,2201.85,Approved
2937,15756,993,2025-08-09 15:39:00,3,Fabric Quality,1981.66,Approved
2938,15757,930,2025-10-29 22:05:00,2,Fabric Quality,627.9,Approved
2939,15764,302,2024-01-16 22:43:00,3,Fabric Quality,1886.85,Approved
2940,15766,1704,2024-03-03 17:10:00,1,Fabric Quality,784.35,Approved
2941,15766,14,2024-02-29 17:10:00,2,Defective Stitching,1698.16,Approved
2942,15768,1791,2025-01-18 17:33:00,1,Defective Stitching,522.9,Approved
2943,15768,1264,2025-01-21 17:33:00,1,Defective Stitching,628.95,Approved
2944,15769,1853,2024-07-19 22:44:00,1,Changed Mind,523.95,Approved
2945,15777,659,2025-01-21 16:23:00,1,Color Bled,417.9,Approved
2946,15783,4,2026-03-20 17:51:00,3,Defective Stitching,469.35,Approved
2947,15787,1143,2025-01-22 13:05:00,1,Wrong Size,523.95,Approved
2948,15801,567,2025-12-01 14:32:00,2,Wrong Size,784.35,Approved
2949,15802,980,2025-09-11 16:50:00,2,Color Bled,837.9,Approved
2950,15804,1585,2025-11-24 14:20:00,3,Changed Mind,1571.85,Approved
2951,15814,1508,2026-04-03 10:16:00,1,Fabric Quality,1256.85,Approved
2952,15828,1426,2025-05-23 15:00:00,2,Wrong Size,2097.9,Approved
2953,15830,1441,2025-09-17 10:17:00,2,Color Bled,626.85,Approved
2954,15837,1050,2026-01-17 17:36:00,2,Changed Mind,522.9,Approved
2955,15846,1810,2024-11-24 22:00:00,1,Defective Stitching,313.95,Approved
2956,15846,1158,2024-11-27 22:00:00,1,Wrong Size,755.06,Approved
2957,15846,425,2024-11-23 22:00:00,1,Fabric Quality,313.95,Approved
2958,15852,134,2025-05-15 12:11:00,2,Fabric Quality,565.11,Approved
2959,15858,1142,2026-06-29 10:29:00,2,Fabric Quality,837.9,Approved
2960,15865,1606,2024-09-21 11:49:00,1,Fabric Quality,1698.16,Approved
2961,15866,773,2024-03-29 17:00:00,1,Color Bled,941.85,Approved
2962,15870,105,2026-06-15 15:11:00,1,Defective Stitching,705.92,Approved
2963,15871,150,2024-09-14 13:00:00,3,Defective Stitching,3146.85,Approved
2964,15877,1514,2025-11-30 13:00:00,2,Wrong Size,1467.9,Approved
2965,15878,474,2024-02-23 11:25:00,1,Color Bled,1677.9,Approved
2966,15878,869,2024-02-20 11:25:00,1,Fabric Quality,1048.95,Approved
2967,15882,1727,2026-02-22 17:47:00,1,Defective Stitching,838.95,Approved
2968,15885,1943,2026-03-05 10:19:00,1,Changed Mind,377.06,Approved
2969,15909,1787,2024-08-16 14:36:00,1,Changed Mind,1887.9,Approved
2970,15912,49,2024-01-31 16:00:00,1,Changed Mind,2548.66,Approved
2971,15916,1469,2026-05-10 20:52:00,2,Color Bled,3146.85,Approved
2972,15919,812,2025-07-13 12:47:00,1,Defective Stitching,660.56,Approved
2973,15930,1703,2024-05-22 14:29:00,3,Defective Stitching,941.85,Approved
2974,15930,1572,2024-05-17 14:29:00,2,Changed Mind,2831.85,Approved
2975,15931,355,2024-02-18 16:01:00,2,Defective Stitching,1321.11,Approved
2976,15949,1054,2025-03-12 12:37:00,1,Wrong Size,523.95,Approved
2977,15955,380,2025-11-09 20:00:00,1,Defective Stitching,1571.85,Approved
2978,15964,1264,2024-07-29 19:16:00,1,Changed Mind,1698.16,Approved
2979,15966,1842,2025-07-07 13:35:00,1,Defective Stitching,1047.9,Approved
2980,15972,1236,2025-08-02 16:43:00,1,Color Bled,941.85,Approved
2981,15982,1467,2025-10-29 19:26:00,1,Color Bled,188.06,Approved
2982,15987,182,2024-06-12 19:12:00,2,Wrong Size,522.9,Approved
2983,15992,870,2026-01-18 16:23:00,3,Changed Mind,626.85,Approved
2984,15997,143,2024-11-03 18:31:00,1,Changed Mind,941.85,Approved
2985,16000,353,2025-07-16 17:17:00,1,Wrong Size,1886.85,Approved
2986,16002,170,2025-02-15 17:31:00,2,Fabric Quality,1047.9,Approved
2987,16007,663,2024-06-25 12:01:00,1,Fabric Quality,313.95,Approved
2988,16012,461,2026-04-16 15:56:00,2,Defective Stitching,417.9,Approved
2989,16017,1717,2024-08-18 17:40:00,2,Changed Mind,312.9,Approved
2990,16020,1185,2025-02-28 11:46:00,1,Wrong Size,2097.9,Approved
2991,16021,985,2026-03-28 22:33:00,2,Color Bled,207.9,Approved
2992,16026,99,2024-03-04 17:28:00,3,Defective Stitching,1414.66,Approved
2993,16027,1337,2024-07-04 10:50:00,1,Fabric Quality,838.95,Approved
2994,16029,1326,2025-06-24 20:19:00,1,Color Bled,313.95,Approved
2995,16036,4,2025-03-05 14:58:00,2,Fabric Quality,422.42,Approved
2996,16037,465,2026-02-24 22:02:00,1,Fabric Quality,943.95,Approved
2997,16045,1991,2026-06-17 11:00:00,1,Changed Mind,1699.11,Approved
2998,16057,647,2026-07-06 14:29:00,1,Defective Stitching,754.11,Approved
2999,16065,200,2024-02-06 11:14:00,1,Color Bled,471.56,Approved
3000,16075,612,2025-11-28 17:00:00,1,Color Bled,1048.95,Approved
3001,16082,1802,2024-03-20 16:09:00,1,Color Bled,1257.9,Approved
3002,16084,1821,2024-07-15 16:18:00,1,Defective Stitching,628.95,Approved
3003,16085,261,2025-02-06 11:22:00,1,Changed Mind,103.95,Approved
3004,16086,1164,2024-01-24 20:00:00,3,Defective Stitching,248.85,Approved
3005,16096,1153,2024-08-17 15:00:00,1,Fabric Quality,628.95,Approved
3006,16097,1214,2024-05-30 14:00:00,2,Defective Stitching,565.11,Approved
3007,16130,1668,2026-04-07 19:41:00,2,Color Bled,1257.9,Approved
3008,16132,1302,2025-06-08 16:52:00,3,Wrong Size,941.85,Approved
3009,16133,871,2025-07-16 13:07:00,1,Fabric Quality,838.95,Approved
3010,16136,1099,2025-06-20 17:27:00,2,Wrong Size,565.11,Approved
3011,16136,1355,2025-06-23 17:27:00,3,Wrong Size,1256.85,Approved
3012,16138,298,2025-06-21 20:18:00,2,Fabric Quality,1467.9,Approved
3013,16139,927,2024-09-08 10:05:00,2,Color Bled,784.35,Approved
3014,16142,350,2024-05-03 20:03:00,1,Color Bled,208.95,Approved
3015,16143,1808,2024-09-11 17:57:00,1,Defective Stitching,313.95,Approved
3016,16145,1499,2024-06-09 15:00:00,1,Wrong Size,628.95,Approved
3017,16162,1883,2024-02-16 10:54:00,1,Color Bled,1256.85,Approved
3018,16163,1013,2024-05-27 20:00:00,1,Wrong Size,838.95,Approved
3019,16166,8,2024-02-03 21:00:00,1,Defective Stitching,838.95,Approved
3020,16166,1271,2024-01-31 21:00:00,1,Defective Stitching,941.85,Approved
3021,16175,338,2025-01-19 16:20:00,1,Fabric Quality,1257.9,Approved
3022,16177,1511,2026-01-06 14:45:00,1,Changed Mind,261.45,Approved
3023,16190,1977,2025-04-13 17:09:00,1,Changed Mind,261.45,Approved
3024,16193,242,2026-04-25 19:46:00,3,Color Bled,2201.85,Approved
3025,16194,130,2025-03-02 15:11:00,1,Changed Mind,313.95,Approved
3026,16194,1253,2025-03-01 15:11:00,2,Changed Mind,2516.85,Approved
3027,16196,152,2026-01-27 12:30:00,1,Color Bled,248.85,Approved
3028,16203,904,2025-01-06 19:50:00,1,Wrong Size,1677.9,Approved
3029,16209,1863,2024-02-07 16:35:00,1,Changed Mind,165.9,Approved
3030,16213,270,2024-07-09 16:01:00,1,Fabric Quality,660.56,Approved
3031,16219,1712,2025-07-16 17:59:00,2,Defective Stitching,627.9,Approved
3032,16219,1852,2025-07-16 17:59:00,1,Defective Stitching,1132.11,Approved
3033,16220,1682,2025-03-21 21:01:00,1,Changed Mind,74.66,Approved
3034,16221,28,2025-07-26 21:54:00,2,Fabric Quality,784.35,Approved
3035,16222,1035,2024-08-30 13:24:00,1,Wrong Size,755.06,Approved
3036,16226,190,2024-07-11 16:00:00,2,Color Bled,2201.85,Approved
3037,16232,423,2024-05-06 10:26:00,2,Changed Mind,312.9,Approved
3038,16239,695,2024-03-23 11:50:00,1,Defective Stitching,1257.9,Approved
3039,16240,1493,2024-07-09 20:29:00,1,Changed Mind,140.81,Approved
3040,16245,1604,2026-05-24 15:00:00,1,Wrong Size,261.45,Approved
3041,16245,380,2026-05-27 15:00:00,1,Fabric Quality,1047.9,Approved
3042,16250,128,2024-03-19 10:30:00,1,Color Bled,522.9,Approved
3043,16253,973,2026-02-23 13:03:00,3,Defective Stitching,784.35,Approved
3044,16255,1181,2026-02-07 18:17:00,2,Fabric Quality,837.9,Approved
3045,16257,524,2025-02-03 18:55:00,3,Changed Mind,311.85,Approved
3046,16270,1170,2024-07-20 17:00:00,2,Changed Mind,941.85,Approved
3047,16270,79,2024-07-18 17:00:00,1,Wrong Size,626.85,Approved
3048,16273,575,2026-05-04 21:32:00,1,Changed Mind,523.95,Approved
3049,16276,1467,2024-09-10 10:39:00,1,Wrong Size,417.9,Approved
3050,16287,1303,2025-03-30 19:06:00,1,Defective Stitching,261.45,Approved
3051,16289,1234,2024-10-18 13:22:00,2,Defective Stitching,941.85,Approved
3052,16295,1907,2024-06-16 14:38:00,3,Defective Stitching,1571.85,Approved
3053,16296,509,2026-06-12 22:56:00,1,Color Bled,188.06,Approved
3054,16311,464,2026-06-13 20:50:00,3,Wrong Size,2201.85,Approved
3055,16316,175,2024-03-23 12:11:00,1,Changed Mind,733.95,Approved
3056,16317,113,2025-02-20 20:25:00,3,Defective Stitching,626.85,Approved
3057,16317,1021,2025-02-21 20:25:00,2,Color Bled,2516.85,Approved
3058,16328,692,2025-10-24 17:16:00,1,Defective Stitching,1467.9,Approved
3059,16339,357,2026-06-22 10:33:00,1,Color Bled,941.85,Approved
3060,16342,1619,2026-03-15 16:41:00,1,Color Bled,1698.16,Approved
3061,16349,1112,2025-12-16 15:28:00,3,Defective Stitching,784.35,Approved
3062,16354,771,2024-04-10 19:17:00,1,Fabric Quality,223.97,Approved
3063,16356,163,2026-01-09 15:01:00,1,Color Bled,471.56,Approved
3064,16361,982,2026-04-01 14:25:00,2,Color Bled,2097.9,Approved
3065,16365,746,2025-11-03 21:28:00,1,Wrong Size,2201.85,Approved
3066,16374,1830,2025-09-20 15:58:00,2,Wrong Size,1257.9,Approved
3067,16378,1594,2024-03-05 17:47:00,1,Color Bled,418.95,Approved
3068,16384,833,2026-02-11 13:50:00,1,Wrong Size,943.95,Approved
3069,16393,80,2024-05-18 10:06:00,3,Defective Stitching,2516.85,Approved
3070,16396,618,2026-06-11 11:00:00,2,Color Bled,1256.85,Approved
3071,16396,1158,2026-06-11 11:00:00,1,Fabric Quality,2516.85,Approved
3072,16418,1703,2024-12-13 20:55:00,1,Color Bled,941.85,Approved
3073,16421,579,2024-01-26 21:10:00,1,Wrong Size,941.85,Approved
3074,16424,1308,2025-06-28 18:42:00,1,Defective Stitching,627.9,Approved
3075,16430,1685,2024-08-20 16:16:00,3,Wrong Size,311.85,Approved
3076,16434,321,2025-11-07 13:13:00,2,Fabric Quality,1257.9,Approved
3077,16435,579,2024-09-28 17:00:00,1,Fabric Quality,847.67,Approved
3078,16441,1311,2024-06-18 10:02:00,1,Defective Stitching,784.35,Approved
3079,16464,1580,2026-06-20 10:22:00,1,Changed Mind,376.11,Approved
3080,16466,162,2024-07-14 17:00:00,2,Wrong Size,1467.9,Approved
3081,16475,923,2026-05-30 17:30:00,1,Wrong Size,417.9,Approved
3082,16475,511,2026-05-30 17:30:00,2,Fabric Quality,1677.9,Approved
3083,16484,113,2025-07-08 21:43:00,2,Fabric Quality,417.9,Approved
3084,16492,1779,2026-04-14 22:38:00,1,Changed Mind,208.95,Approved
3085,16492,385,2026-04-13 22:38:00,1,Fabric Quality,417.9,Approved
3086,16497,982,2025-10-08 19:43:00,2,Changed Mind,2832.16,Approved
3087,16509,1004,2024-06-03 17:08:00,1,Wrong Size,1677.9,Approved
3088,16512,1889,2024-07-06 17:18:00,1,Changed Mind,849.56,Approved
3089,16515,1597,2025-08-18 14:51:00,1,Color Bled,103.95,Approved
3090,16519,532,2026-01-07 22:10:00,2,Color Bled,626.85,Approved
3091,16529,1621,2025-11-05 16:52:00,1,Fabric Quality,660.56,Approved
3092,16531,625,2026-05-13 14:43:00,1,Wrong Size,627.9,Approved
3093,16532,1953,2024-01-17 20:00:00,1,Color Bled,660.56,Approved
3094,16536,1956,2025-01-09 10:34:00,1,Changed Mind,628.95,Approved
3095,16540,732,2024-05-06 19:00:00,2,Defective Stitching,627.9,Approved
3096,16541,258,2024-04-08 22:00:00,2,Wrong Size,837.9,Approved
3097,16545,655,2025-05-24 16:53:00,1,Defective Stitching,261.45,Approved
3098,16547,151,2025-07-02 11:30:00,1,Defective Stitching,626.85,Approved
3099,16549,1725,2026-03-08 20:28:00,1,Fabric Quality,165.9,Approved
3100,16557,165,2026-03-17 10:35:00,2,Color Bled,626.85,Approved
3101,16558,1592,2024-09-05 11:51:00,1,Fabric Quality,837.9,Approved
3102,16580,1567,2024-02-29 20:51:00,2,Color Bled,1047.9,Approved
3103,16580,818,2024-02-29 20:51:00,2,Fabric Quality,1677.9,Approved
3104,16583,1213,2024-03-15 12:49:00,2,Color Bled,1698.16,Approved
3105,16585,1270,2025-03-22 17:12:00,2,Wrong Size,564.17,Approved
3106,16593,464,2024-05-03 20:21:00,2,Fabric Quality,2201.85,Approved
3107,16606,613,2026-04-08 20:59:00,1,Changed Mind,628.95,Approved
3108,16613,18,2025-06-26 16:52:00,1,Color Bled,82.95,Approved
3109,16619,1786,2026-04-25 14:00:00,1,Color Bled,1047.9,Approved
3110,16622,1826,2025-09-02 12:25:00,2,Changed Mind,1887.9,Approved
3111,16623,1818,2024-08-16 14:32:00,1,Fabric Quality,2516.85,Approved
3112,16623,539,2024-08-18 14:32:00,3,Changed Mind,2516.85,Approved
3113,16631,1781,2025-08-10 18:37:00,1,Wrong Size,282.56,Approved
3114,16632,1717,2025-02-05 10:10:00,2,Wrong Size,312.9,Approved
3115,16634,911,2025-06-21 17:15:00,1,Defective Stitching,313.95,Approved
3116,16634,1778,2025-06-25 17:15:00,2,Color Bled,248.85,Approved
3117,16638,722,2025-01-19 15:27:00,1,Fabric Quality,943.95,Approved
3118,16642,539,2026-04-09 13:06:00,3,Wrong Size,2516.85,Approved
3119,16642,494,2026-04-05 13:06:00,2,Defective Stitching,2831.85,Approved
3120,16642,1825,2026-04-06 13:06:00,3,Color Bled,2516.85,Approved
3121,16644,1392,2026-02-26 19:50:00,1,Color Bled,165.9,Approved
3122,16644,381,2026-02-27 19:50:00,1,Wrong Size,208.95,Approved
3123,16655,501,2025-08-21 18:00:00,1,Color Bled,82.95,Approved
3124,16661,1938,2024-07-09 15:07:00,2,Fabric Quality,1257.9,Approved
3125,16663,414,2026-04-05 13:50:00,2,Fabric Quality,565.11,Approved
3126,16665,912,2024-11-07 21:16:00,2,Fabric Quality,1047.9,Approved
3127,16665,1248,2024-11-06 21:16:00,3,Color Bled,248.85,Approved
3128,16666,219,2024-08-02 22:23:00,1,Fabric Quality,103.95,Approved
3129,16669,211,2026-07-04 16:59:00,3,Color Bled,1131.16,Approved
3130,16670,782,2024-09-08 11:21:00,1,Fabric Quality,1048.95,Approved
3131,16671,672,2024-08-04 11:26:00,1,Wrong Size,156.45,Approved
3132,16671,1853,2024-08-10 11:26:00,1,Defective Stitching,471.56,Approved
3133,16674,1174,2025-06-15 21:10:00,3,Defective Stitching,941.85,Approved
3134,16677,148,2025-04-13 19:02:00,1,Wrong Size,313.95,Approved
3135,16691,571,2026-02-14 18:32:00,1,Changed Mind,1887.9,Approved
3136,16693,1351,2024-02-03 21:22:00,2,Fabric Quality,2265.16,Approved
3137,16700,1961,2026-01-04 13:00:00,1,Wrong Size,187.11,Approved
3138,16708,940,2025-05-03 12:16:00,3,Defective Stitching,626.85,Approved
3139,16717,703,2025-04-30 12:39:00,2,Changed Mind,417.9,Approved
3140,16719,1096,2024-05-16 17:41:00,1,Defective Stitching,418.95,Approved
3141,16727,821,2025-01-24 12:41:00,1,Wrong Size,261.45,Approved
3142,16729,1201,2025-10-07 21:01:00,1,Wrong Size,941.85,Approved
3143,16732,226,2025-06-04 13:41:00,1,Changed Mind,418.95,Approved
3144,16735,1724,2025-02-17 17:00:00,3,Fabric Quality,626.85,Approved
3145,16741,1752,2025-04-07 16:16:00,1,Defective Stitching,377.06,Approved
3146,16742,1495,2024-08-18 16:22:00,3,Defective Stitching,469.35,Approved
3147,16745,1461,2024-05-17 16:48:00,1,Color Bled,248.85,Approved
3148,16745,456,2024-05-14 16:48:00,1,Defective Stitching,941.85,Approved
3149,16746,978,2024-06-18 12:34:00,1,Fabric Quality,838.95,Approved
3150,16747,716,2026-05-08 13:49:00,1,Color Bled,156.45,Approved
3151,16760,1688,2026-01-04 16:54:00,3,Defective Stitching,1571.85,Approved
3152,16761,745,2025-10-26 22:00:00,1,Wrong Size,261.45,Approved
3153,16769,917,2026-04-02 11:56:00,1,Defective Stitching,471.56,Approved
3154,16773,1473,2024-09-18 18:42:00,2,Changed Mind,417.9,Approved
3155,16783,1133,2025-08-03 11:01:00,1,Color Bled,523.95,Approved
3156,16787,186,2024-02-04 20:14:00,1,Color Bled,523.95,Approved
3157,16788,647,2026-02-05 13:17:00,1,Fabric Quality,837.9,Approved
3158,16796,1531,2026-04-25 12:04:00,1,Fabric Quality,470.61,Approved
3159,16802,522,2025-02-24 22:32:00,3,Fabric Quality,941.85,Approved
3160,16813,1431,2025-03-28 13:20:00,1,Color Bled,312.9,Approved
3161,16817,369,2024-08-27 22:31:00,1,Wrong Size,2831.85,Approved
3162,16830,371,2024-08-19 22:44:00,2,Fabric Quality,1887.9,Approved
3163,16842,321,2025-04-28 12:40:00,3,Changed Mind,1886.85,Approved
3164,16847,1983,2024-12-31 12:05:00,1,Defective Stitching,1048.95,Approved
3165,16851,949,2026-02-14 16:17:00,1,Color Bled,1886.85,Approved
3166,16856,158,2025-02-16 20:16:00,1,Wrong Size,943.95,Approved
3167,16873,1860,2025-07-26 16:33:00,3,Defective Stitching,1886.85,Approved
3168,16873,1700,2025-07-22 16:33:00,1,Color Bled,733.95,Approved
3169,16873,1455,2025-07-21 16:33:00,1,Changed Mind,523.95,Approved
3170,16893,121,2024-09-01 20:51:00,1,Changed Mind,565.11,Approved
3171,16904,1809,2026-02-18 21:25:00,2,Color Bled,165.9,Approved
3172,16905,915,2025-09-25 11:06:00,1,Color Bled,140.81,Approved
3173,16912,1817,2025-10-23 11:07:00,1,Defective Stitching,1467.9,Approved
3174,16915,1126,2025-04-02 13:35:00,1,Fabric Quality,1677.9,Approved
3175,16923,1797,2025-01-25 17:16:00,3,Defective Stitching,564.17,Approved
3176,16928,1815,2025-02-24 21:23:00,3,Changed Mind,1571.85,Approved
3177,16934,389,2024-03-17 19:44:00,1,Color Bled,943.95,Approved
3178,16941,1501,2025-02-13 18:15:00,2,Color Bled,312.9,Approved
3179,16942,1360,2025-06-01 14:43:00,2,Fabric Quality,312.9,Approved
3180,16944,795,2024-10-29 10:00:00,1,Wrong Size,660.56,Approved
3181,16948,1706,2024-08-31 10:12:00,1,Changed Mind,1677.9,Approved
3182,16957,648,2025-02-08 21:50:00,1,Changed Mind,733.95,Approved
3183,16968,1588,2024-03-13 13:42:00,1,Wrong Size,944.06,Approved
3184,16970,213,2024-04-11 12:33:00,2,Fabric Quality,248.85,Approved
3185,16986,356,2025-03-06 14:29:00,1,Defective Stitching,626.85,Approved
3186,16989,36,2026-03-19 22:14:00,1,Fabric Quality,418.95,Approved
3187,16992,1642,2025-07-16 11:29:00,2,Wrong Size,2201.85,Approved
3188,17003,413,2025-07-29 19:14:00,3,Changed Mind,941.85,Approved
3189,17005,1504,2025-11-22 11:24:00,2,Color Bled,417.9,Approved
3190,17009,1646,2025-10-14 14:00:00,2,Changed Mind,311.85,Approved
3191,17013,1345,2025-10-01 18:29:00,1,Changed Mind,523.95,Approved
3192,17031,1462,2025-12-22 10:00:00,1,Color Bled,733.95,Approved
3193,17047,942,2024-04-07 17:00:00,1,Defective Stitching,733.95,Approved
3194,17054,1086,2024-08-18 11:50:00,2,Fabric Quality,312.9,Approved
3195,17055,129,2024-08-26 17:01:00,2,Changed Mind,1256.85,Approved
3196,17058,1012,2024-12-31 12:00:00,1,Defective Stitching,784.35,Approved
3197,17064,1784,2025-03-24 13:06:00,3,Wrong Size,248.85,Approved
3198,17064,1470,2025-03-25 13:06:00,1,Changed Mind,2097.9,Approved
3199,17065,1772,2024-12-16 14:48:00,1,Color Bled,156.45,Approved
3200,17067,1610,2026-02-01 20:04:00,3,Changed Mind,784.35,Approved
3201,17069,1143,2024-01-10 20:34:00,3,Color Bled,1571.85,Approved
3202,17070,1000,2025-03-29 14:29:00,2,Wrong Size,1886.85,Approved
3203,17074,984,2025-01-08 14:51:00,2,Fabric Quality,2831.85,Approved
3204,17086,662,2025-11-24 17:27:00,1,Changed Mind,313.95,Approved
3205,17088,3,2025-03-25 12:36:00,1,Color Bled,838.95,Approved
3206,17093,1775,2024-09-25 13:08:00,3,Color Bled,2516.85,Approved
3207,17104,561,2024-07-25 16:00:00,1,Defective Stitching,1257.9,Approved
3208,17108,1386,2024-10-31 21:28:00,1,Color Bled,1467.9,Approved
3209,17115,621,2024-10-31 19:21:00,1,Wrong Size,261.45,Approved
3210,17117,667,2025-07-22 16:34:00,1,Wrong Size,628.95,Approved
3211,17119,1958,2025-11-01 17:34:00,2,Defective Stitching,469.35,Approved
3212,17121,1696,2024-01-19 22:00:00,1,Color Bled,1257.9,Approved
3213,17134,827,2024-02-08 18:25:00,1,Wrong Size,417.9,Approved
3214,17143,1903,2026-03-11 11:37:00,1,Wrong Size,628.95,Approved
3215,17145,454,2025-05-07 16:04:00,2,Defective Stitching,1047.9,Approved
3216,17153,1377,2024-05-01 11:54:00,1,Color Bled,1888.11,Approved
3217,17154,1525,2025-02-15 10:00:00,1,Changed Mind,1047.9,Approved
3218,17155,1728,2026-03-30 17:13:00,1,Wrong Size,2201.85,Approved
3219,17159,641,2026-04-26 16:00:00,2,Color Bled,941.85,Approved
3220,17160,1170,2024-03-14 11:25:00,1,Defective Stitching,313.95,Approved
3221,17162,1493,2026-06-06 18:52:00,1,Defective Stitching,156.45,Approved
3222,17186,1721,2025-01-26 13:27:00,1,Color Bled,208.95,Approved
3223,17189,1555,2024-07-17 17:59:00,1,Changed Mind,1467.9,Approved
3224,17190,737,2025-07-28 11:51:00,1,Wrong Size,1414.66,Approved
3225,17191,1246,2025-07-29 15:14:00,2,Wrong Size,1257.9,Approved
3226,17198,524,2025-06-18 20:16:00,1,Color Bled,311.85,Approved
3227,17208,1108,2026-01-09 10:06:00,1,Fabric Quality,1571.85,Approved
3228,17214,1045,2026-06-23 19:49:00,1,Defective Stitching,755.06,Approved
3229,17214,1486,2026-06-24 19:49:00,1,Fabric Quality,1047.9,Approved
3230,17215,943,2025-09-22 15:10:00,2,Color Bled,837.9,Approved
3231,17218,400,2025-09-10 22:26:00,2,Color Bled,470.61,Approved
3232,17218,449,2025-09-11 22:26:00,1,Fabric Quality,1886.85,Approved
3233,17220,638,2024-05-02 20:19:00,1,Defective Stitching,313.95,Approved
3234,17238,1729,2026-02-17 20:08:00,3,Fabric Quality,3146.85,Approved
3235,17265,1559,2026-04-22 11:22:00,1,Color Bled,627.9,Approved
3236,17267,1029,2024-09-19 14:51:00,2,Defective Stitching,1887.9,Approved
3237,17268,165,2026-05-30 16:56:00,2,Fabric Quality,564.17,Approved
3238,17271,1983,2024-05-21 11:46:00,1,Fabric Quality,1048.95,Approved
3239,17272,716,2024-03-21 19:16:00,1,Fabric Quality,312.9,Approved
3240,17287,162,2026-01-25 12:32:00,1,Wrong Size,1467.9,Approved
3241,17288,739,2025-09-09 11:23:00,3,Wrong Size,784.35,Approved
3242,17289,1614,2024-02-07 18:23:00,1,Wrong Size,523.95,Approved
3243,17306,1930,2024-08-11 22:37:00,1,Color Bled,849.56,Approved
3244,17313,1297,2026-06-26 16:27:00,1,Defective Stitching,523.95,Approved
3245,17314,331,2025-12-09 22:07:00,1,Fabric Quality,74.66,Approved
3246,17320,583,2024-12-24 10:25:00,1,Defective Stitching,156.45,Approved
3247,17330,186,2024-05-24 22:55:00,2,Fabric Quality,1571.85,Approved
3248,17333,478,2025-06-09 21:56:00,2,Color Bled,1887.9,Approved
3249,17335,1888,2024-04-02 12:00:00,1,Fabric Quality,1887.9,Approved
3250,17335,1290,2024-04-04 12:00:00,1,Color Bled,187.11,Approved
3251,17336,83,2024-03-08 12:01:00,2,Wrong Size,470.61,Approved
3252,17339,36,2026-06-28 17:35:00,2,Changed Mind,837.9,Approved
3253,17349,1409,2024-08-09 19:00:00,1,Fabric Quality,312.9,Approved
3254,17359,1642,2024-05-05 21:09:00,1,Changed Mind,733.95,Approved
3255,17361,153,2025-04-28 11:34:00,1,Fabric Quality,418.95,Approved
3256,17362,1218,2026-06-19 14:38:00,3,Color Bled,2831.85,Approved
3257,17365,362,2025-02-12 14:31:00,1,Fabric Quality,838.95,Approved
3258,17368,572,2024-05-17 11:39:00,1,Color Bled,2201.85,Approved
3259,17373,914,2024-12-04 21:30:00,3,Wrong Size,2831.85,Approved
3260,17378,303,2024-06-29 16:27:00,2,Fabric Quality,2097.9,Approved
3261,17380,1530,2024-06-26 12:26:00,2,Color Bled,207.9,Approved
3262,17384,134,2025-03-10 21:24:00,1,Color Bled,627.9,Approved
3263,17408,1564,2025-03-22 18:00:00,1,Wrong Size,943.11,Approved
3264,17409,863,2024-03-28 14:41:00,2,Defective Stitching,522.9,Approved
3265,17415,1507,2024-07-19 20:43:00,2,Changed Mind,2201.85,Approved
3266,17419,1065,2024-03-16 10:44:00,1,Defective Stitching,103.95,Approved
3267,17422,62,2025-08-20 17:00:00,1,Fabric Quality,733.95,Approved
3268,17431,70,2024-04-06 21:10:00,2,Wrong Size,2097.9,Approved
3269,17447,1565,2025-08-13 13:00:00,1,Wrong Size,103.95,Approved
3270,17464,38,2025-12-22 18:23:00,3,Wrong Size,2516.85,Approved
3271,17481,1415,2026-07-01 20:14:00,1,Wrong Size,837.9,Approved
3272,17481,1587,2026-07-02 20:14:00,2,Defective Stitching,627.9,Approved
3273,17492,305,2025-03-04 22:00:00,1,Defective Stitching,837.9,Approved
3274,17494,533,2025-03-13 10:41:00,1,Fabric Quality,941.85,Approved
3275,17497,1954,2026-01-04 18:36:00,1,Color Bled,566.06,Approved
3276,17499,667,2026-01-20 16:28:00,2,Fabric Quality,1698.16,Approved
3277,17504,1094,2025-07-27 15:46:00,1,Color Bled,1047.9,Approved
3278,17512,1990,2024-03-21 20:48:00,1,Wrong Size,1257.9,Approved
3279,17515,1369,2025-05-16 14:57:00,1,Changed Mind,235.31,Approved
3280,17516,52,2026-03-16 22:51:00,1,Color Bled,837.9,Approved
3281,17518,1526,2024-10-19 17:00:00,1,Changed Mind,1886.85,Approved
3282,17526,1866,2024-11-20 18:37:00,2,Wrong Size,837.9,Approved
3283,17527,1130,2024-06-14 17:41:00,1,Defective Stitching,208.95,Approved
3284,17535,1567,2025-06-26 15:05:00,1,Changed Mind,523.95,Approved
3285,17542,792,2025-11-13 20:10:00,1,Defective Stitching,207.9,Approved
3286,17543,587,2026-03-21 13:09:00,1,Changed Mind,3146.85,Approved
3287,17547,1561,2026-01-29 20:00:00,1,Changed Mind,523.95,Approved
3288,17547,1313,2026-01-24 20:00:00,1,Fabric Quality,733.95,Approved
3289,17552,1941,2024-11-11 15:42:00,3,Defective Stitching,469.35,Approved
3290,17553,1768,2024-01-16 11:45:00,3,Color Bled,626.85,Approved
3291,17557,1316,2024-08-25 20:53:00,3,Wrong Size,941.85,Approved
3292,17560,163,2026-04-26 11:40:00,2,Changed Mind,1571.85,Approved
3293,17583,984,2025-05-16 21:12:00,1,Changed Mind,1699.11,Approved
3294,17589,491,2025-05-13 12:30:00,2,Fabric Quality,522.9,Approved
3295,17591,1547,2025-08-04 14:49:00,2,Color Bled,2097.9,Approved
3296,17594,27,2024-03-21 13:13:00,1,Fabric Quality,82.95,Approved
3297,17597,1963,2025-03-19 12:35:00,1,Defective Stitching,469.35,Approved
3298,17600,961,2026-07-07 18:33:00,1,Defective Stitching,1887.9,Approved
3299,17603,1543,2024-01-13 14:18:00,1,Changed Mind,261.45,Approved
3300,17608,1444,2026-01-06 10:02:00,2,Defective Stitching,470.61,Approved
3301,17660,1926,2024-11-22 22:29:00,1,Defective Stitching,626.85,Approved
3302,17661,689,2025-03-22 16:13:00,1,Fabric Quality,1886.85,Approved
3303,17661,787,2025-03-21 16:13:00,1,Wrong Size,156.45,Approved
3304,17665,1010,2026-05-28 16:00:00,1,Changed Mind,2097.9,Approved
3305,17666,1255,2024-11-16 14:31:00,3,Wrong Size,2548.66,Approved
3306,17667,244,2024-04-22 17:36:00,3,Wrong Size,2831.85,Approved
3307,17676,1236,2026-06-22 21:13:00,1,Wrong Size,282.56,Approved
3308,17679,1372,2025-05-18 10:26:00,3,Changed Mind,2201.85,Approved
3309,17691,1488,2025-07-11 14:59:00,2,Wrong Size,522.9,Approved
3310,17694,996,2024-10-19 13:52:00,1,Color Bled,941.85,Approved
3311,17696,1055,2026-01-29 21:20:00,1,Fabric Quality,417.9,Approved
3312,17701,1161,2026-06-10 10:16:00,2,Wrong Size,1886.85,Approved
3313,17701,579,2026-06-11 10:16:00,1,Wrong Size,627.9,Approved
3314,17703,885,2026-05-01 15:00:00,1,Wrong Size,418.95,Approved
3315,17707,185,2024-01-10 15:52:00,1,Wrong Size,1887.9,Approved
3316,17713,631,2024-12-15 12:33:00,1,Color Bled,628.95,Approved
3317,17734,89,2026-01-25 13:31:00,3,Wrong Size,1414.66,Approved
3318,17742,1665,2025-08-01 15:58:00,2,Wrong Size,564.17,Approved
3319,17756,1561,2026-03-03 15:17:00,1,Fabric Quality,523.95,Approved
3320,17760,1907,2025-03-29 10:21:00,3,Fabric Quality,1571.85,Approved
3321,17770,1704,2024-12-16 17:28:00,2,Changed Mind,705.92,Approved
3322,17778,900,2024-08-21 13:00:00,2,Color Bled,941.85,Approved
3323,17783,1703,2025-01-18 11:00:00,1,Wrong Size,847.67,Approved
3324,17797,1831,2025-05-15 13:00:00,3,Color Bled,564.17,Approved
3325,17813,459,2025-07-24 16:44:00,3,Wrong Size,248.85,Approved
3326,17815,322,2025-12-28 19:57:00,1,Changed Mind,2097.9,Approved
3327,17819,404,2026-06-24 11:00:00,1,Fabric Quality,261.45,Approved
3328,17824,1717,2025-09-24 14:06:00,1,Defective Stitching,156.45,Approved
3329,17830,1678,2024-01-18 17:03:00,1,Changed Mind,522.9,Approved
3330,17834,1823,2025-05-11 20:54:00,2,Fabric Quality,1467.9,Approved
3331,17847,23,2026-02-01 16:02:00,1,Changed Mind,418.95,Approved
3332,17854,1698,2025-03-14 13:03:00,1,Fabric Quality,417.9,Approved
3333,17857,112,2025-10-02 22:23:00,1,Defective Stitching,312.9,Approved
3334,17858,121,2025-05-10 21:12:00,1,Wrong Size,627.9,Approved
3335,17859,1223,2024-03-03 22:51:00,3,Changed Mind,2516.85,Approved
3336,17860,1147,2026-01-29 21:03:00,2,Fabric Quality,1886.85,Approved
3337,17870,45,2025-07-22 19:14:00,1,Color Bled,313.95,Approved
3338,17873,1506,2024-12-21 12:12:00,1,Wrong Size,1256.85,Approved
3339,17887,1550,2025-02-22 19:00:00,1,Defective Stitching,2097.9,Approved
3340,17890,29,2026-05-27 17:30:00,3,Color Bled,784.35,Approved
3341,17890,1895,2026-05-29 17:30:00,1,Wrong Size,523.95,Approved
3342,17891,1483,2024-02-19 11:13:00,1,Wrong Size,418.95,Approved
3343,17893,565,2025-03-26 13:18:00,2,Fabric Quality,784.35,Approved
3344,17896,526,2024-06-26 16:04:00,1,Defective Stitching,943.95,Approved
3345,17898,1253,2024-01-04 16:07:00,3,Color Bled,2516.85,Approved
3346,17898,1974,2024-01-06 16:07:00,1,Color Bled,313.95,Approved
3347,17904,41,2025-12-05 15:00:00,3,Defective Stitching,469.35,Approved
3348,17912,486,2024-09-23 15:50:00,1,Defective Stitching,313.95,Approved
3349,17925,176,2025-09-10 14:27:00,3,Wrong Size,469.35,Approved
3350,17933,725,2024-05-05 15:14:00,2,Color Bled,2831.85,Approved
3351,17936,1221,2024-10-13 13:56:00,1,Defective Stitching,627.9,Approved
3352,17937,861,2024-03-14 16:29:00,1,Changed Mind,838.95,Approved
3353,17958,689,2024-01-16 12:20:00,1,Color Bled,628.95,Approved
3354,17969,1648,2026-05-01 22:55:00,2,Changed Mind,2516.85,Approved
3355,17974,1106,2025-06-18 13:47:00,1,Color Bled,156.45,Approved
3356,17975,337,2024-05-27 11:36:00,2,Fabric Quality,1886.85,Approved
3357,17990,1343,2024-01-23 17:26:00,2,Color Bled,312.9,Approved
3358,18001,575,2024-05-24 17:26:00,1,Fabric Quality,1047.9,Approved
3359,18003,1901,2026-03-30 11:00:00,2,Wrong Size,2831.85,Approved
3360,18003,300,2026-03-28 11:00:00,1,Color Bled,312.9,Approved
3361,18011,946,2025-08-12 10:19:00,1,Wrong Size,837.9,Approved
3362,18014,580,2025-01-24 22:13:00,1,Wrong Size,2516.85,Approved
3363,18017,1298,2024-02-27 15:55:00,2,Fabric Quality,1047.9,Approved
3364,18018,632,2025-07-24 22:40:00,1,Defective Stitching,1256.85,Approved
3365,18020,708,2025-01-09 10:27:00,2,Color Bled,2097.9,Approved
3366,18021,614,2026-01-27 17:53:00,2,Wrong Size,470.61,Approved
3367,18024,1405,2025-07-07 20:13:00,1,Changed Mind,943.95,Approved
3368,18033,228,2025-08-27 15:17:00,1,Defective Stitching,377.06,Approved
3369,18034,1523,2024-12-18 15:34:00,1,Fabric Quality,1257.9,Approved
3370,18046,1377,2025-03-30 11:43:00,2,Color Bled,2097.9,Approved
3371,18050,1213,2024-09-30 10:42:00,3,Changed Mind,1886.85,Approved
3372,18051,1059,2026-02-21 16:19:00,1,Defective Stitching,313.95,Approved
3373,18051,831,2026-02-22 16:19:00,1,Defective Stitching,377.06,Approved
3374,18055,1187,2024-05-03 12:15:00,1,Fabric Quality,1047.9,Approved
3375,18055,1988,2024-05-03 12:15:00,2,Fabric Quality,705.92,Approved
3376,18061,1119,2026-04-26 12:36:00,1,Wrong Size,208.95,Approved
3377,18072,462,2026-01-26 20:56:00,1,Defective Stitching,1047.9,Approved
3378,18079,510,2024-04-05 14:15:00,1,Wrong Size,1048.95,Approved
3379,18086,1881,2024-05-24 15:00:00,1,Changed Mind,1048.95,Approved
3380,18088,884,2024-08-05 15:40:00,1,Fabric Quality,566.06,Approved
3381,18090,1996,2026-02-18 16:16:00,1,Wrong Size,2097.9,Approved
3382,18111,423,2025-04-26 21:30:00,2,Fabric Quality,312.9,Approved
3383,18114,133,2024-07-20 19:00:00,1,Fabric Quality,2831.85,Approved
3384,18116,1394,2024-03-30 12:16:00,1,Defective Stitching,943.95,Approved
3385,18116,460,2024-04-01 12:16:00,3,Changed Mind,311.85,Approved
3386,18117,842,2024-07-07 11:07:00,1,Changed Mind,627.9,Approved
3387,18127,188,2024-05-14 20:05:00,3,Color Bled,941.85,Approved
3388,18129,1060,2025-07-22 14:02:00,1,Defective Stitching,208.95,Approved
3389,18131,1748,2024-10-26 14:09:00,1,Changed Mind,627.9,Approved
3390,18143,1255,2026-05-03 13:33:00,1,Color Bled,943.95,Approved
3391,18148,1571,2024-06-24 12:03:00,1,Fabric Quality,261.45,Approved
3392,18152,49,2024-11-22 10:52:00,1,Color Bled,943.95,Approved
3393,18156,944,2026-04-29 12:47:00,1,Changed Mind,156.45,Approved
3394,18163,1663,2024-04-09 18:59:00,1,Color Bled,312.9,Approved
3395,18166,1922,2024-08-05 11:38:00,1,Fabric Quality,628.95,Approved
3396,18176,981,2026-03-05 10:05:00,1,Defective Stitching,943.11,Approved
3397,18186,1614,2026-02-25 11:31:00,1,Fabric Quality,523.95,Approved
3398,18201,573,2024-03-19 16:11:00,2,Wrong Size,1047.9,Approved
3399,18215,1223,2025-04-04 18:45:00,1,Fabric Quality,838.95,Approved
3400,18220,434,2024-01-04 19:10:00,1,Wrong Size,733.95,Approved
3401,18222,1254,2024-11-27 20:11:00,2,Fabric Quality,1257.9,Approved
3402,18226,825,2024-07-21 15:59:00,1,Changed Mind,660.56,Approved
3403,18230,1627,2025-06-05 20:05:00,3,Changed Mind,248.85,Approved
3404,18241,1874,2025-12-21 12:22:00,1,Fabric Quality,628.95,Approved
3405,18244,499,2024-12-25 19:29:00,1,Defective Stitching,261.45,Approved
3406,18260,1941,2025-02-21 12:51:00,1,Fabric Quality,469.35,Approved
3407,18276,1551,2026-03-03 11:10:00,1,Changed Mind,1048.95,Approved
3408,18295,1873,2025-08-05 11:28:00,2,Changed Mind,1047.9,Approved
3409,18310,1472,2024-05-21 17:29:00,2,Wrong Size,2516.85,Approved
3410,18314,1717,2024-07-22 12:11:00,1,Wrong Size,156.45,Approved
3411,18321,643,2025-04-08 16:35:00,2,Changed Mind,2831.85,Approved
3412,18329,508,2025-09-27 14:42:00,1,Fabric Quality,837.9,Approved
3413,18332,864,2025-08-06 13:47:00,1,Defective Stitching,261.45,Approved
3414,18336,1332,2026-04-12 11:50:00,1,Color Bled,2097.9,Approved
3415,18342,478,2026-03-12 21:22:00,2,Wrong Size,1887.9,Approved
3416,18343,1365,2026-02-20 22:00:00,1,Changed Mind,313.95,Approved
3417,18346,1618,2025-12-16 21:50:00,2,Fabric Quality,627.9,Approved
3418,18349,1349,2024-02-14 16:24:00,3,Defective Stitching,1571.85,Approved
3419,18354,1435,2025-04-14 18:00:00,1,Wrong Size,417.9,Approved
3420,18358,1622,2024-07-17 15:00:00,1,Color Bled,1887.9,Approved
3421,18362,1609,2026-01-09 10:43:00,1,Defective Stitching,523.95,Approved
3422,18368,1992,2025-12-20 10:20:00,1,Wrong Size,377.06,Approved
3423,18375,633,2024-01-25 17:00:00,1,Changed Mind,418.95,Approved
3424,18378,836,2025-08-04 14:53:00,1,Wrong Size,523.95,Approved
3425,18378,269,2025-08-06 14:53:00,2,Color Bled,1886.85,Approved
3426,18387,1588,2026-03-14 11:45:00,2,Wrong Size,2097.9,Approved
3427,18390,131,2024-03-27 13:49:00,2,Wrong Size,784.35,Approved
3428,18399,586,2024-02-22 22:55:00,1,Wrong Size,2831.85,Approved
3429,18400,554,2024-05-27 11:00:00,1,Color Bled,628.95,Approved
3430,18401,769,2025-12-15 19:00:00,2,Wrong Size,2201.85,Approved
3431,18403,1753,2024-08-09 10:59:00,1,Fabric Quality,235.31,Approved
3432,18405,1462,2025-08-06 18:05:00,2,Defective Stitching,2201.85,Approved
3433,18407,1338,2025-02-03 21:56:00,3,Color Bled,1256.85,Approved
3434,18409,488,2025-03-21 21:25:00,1,Wrong Size,469.35,Approved
3435,18442,715,2024-05-30 22:40:00,1,Defective Stitching,838.95,Approved
3436,18451,1166,2025-06-04 12:01:00,1,Fabric Quality,208.95,Approved
3437,18451,853,2025-06-03 12:01:00,2,Defective Stitching,376.11,Approved
3438,18483,508,2026-06-18 10:00:00,2,Defective Stitching,837.9,Approved
3439,18483,395,2026-06-16 10:00:00,1,Fabric Quality,944.06,Approved
3440,18487,714,2025-07-29 16:09:00,1,Wrong Size,733.95,Approved
3441,18492,758,2025-03-23 17:11:00,1,Color Bled,82.95,Approved
3442,18498,492,2025-09-08 19:51:00,2,Color Bled,1257.9,Approved
3443,18504,404,2026-01-24 22:17:00,1,Fabric Quality,235.31,Approved
3444,18506,611,2024-07-31 13:00:00,1,Wrong Size,837.9,Approved
3445,18513,7,2024-03-04 13:27:00,1,Defective Stitching,1131.16,Approved
3446,18525,1422,2025-07-01 18:27:00,2,Fabric Quality,847.67,Approved
3447,18526,1907,2024-03-23 20:00:00,2,Fabric Quality,1571.85,Approved
3448,18543,136,2025-07-02 20:35:00,1,Color Bled,523.95,Approved
3449,18544,1592,2024-06-19 16:48:00,2,Color Bled,837.9,Approved
3450,18545,1608,2024-05-25 12:56:00,3,Color Bled,2831.85,Approved
3451,18547,305,2025-03-12 21:00:00,2,Wrong Size,754.11,Approved
3452,18551,946,2026-04-27 16:19:00,1,Wrong Size,418.95,Approved
3453,18551,200,2026-04-29 16:19:00,1,Color Bled,523.95,Approved
3454,18561,858,2026-04-07 21:12:00,1,Defective Stitching,261.45,Approved
3455,18563,540,2026-06-07 20:15:00,1,Color Bled,1048.95,Approved
3456,18565,1639,2026-04-01 17:04:00,1,Fabric Quality,733.95,Approved
3457,18568,371,2026-06-03 19:52:00,3,Wrong Size,2831.85,Approved
3458,18568,1433,2026-06-03 19:52:00,1,Fabric Quality,838.95,Approved
3459,18575,550,2024-10-07 13:54:00,1,Defective Stitching,523.95,Approved
3460,18580,1225,2024-03-24 13:15:00,2,Defective Stitching,1677.9,Approved
3461,18585,490,2024-05-06 14:16:00,3,Changed Mind,469.35,Approved
3462,18589,711,2024-11-26 13:00:00,2,Fabric Quality,1256.85,Approved
3463,18611,451,2024-07-20 10:33:00,1,Wrong Size,838.95,Approved
3464,18621,1097,2024-02-05 21:27:00,2,Changed Mind,627.9,Approved
3465,18632,617,2026-03-28 20:08:00,2,Defective Stitching,417.9,Approved
3466,18645,850,2024-12-25 20:24:00,1,Color Bled,660.56,Approved
3467,18650,1882,2025-06-20 15:21:00,2,Wrong Size,1699.11,Approved
3468,18650,893,2025-06-16 15:21:00,1,Fabric Quality,261.45,Approved
3469,18652,894,2025-09-11 16:00:00,2,Color Bled,1467.9,Approved
3470,18653,708,2024-06-30 18:01:00,1,Defective Stitching,2097.9,Approved
3471,18655,326,2024-01-30 11:23:00,2,Changed Mind,522.9,Approved
3472,18656,802,2024-07-31 18:36:00,2,Changed Mind,1677.9,Approved
3473,18657,1931,2025-07-25 11:10:00,1,Color Bled,261.45,Approved
3474,18658,842,2024-08-26 16:30:00,1,Defective Stitching,565.11,Approved
3475,18682,466,2024-01-16 22:35:00,1,Wrong Size,733.95,Approved
3476,18686,1518,2024-01-10 21:58:00,1,Wrong Size,313.95,Approved
3477,18688,1109,2025-04-28 14:16:00,1,Defective Stitching,943.95,Approved
3478,18705,1155,2025-03-30 12:36:00,2,Changed Mind,847.67,Approved
3479,18711,62,2025-05-16 11:50:00,3,Wrong Size,2201.85,Approved
3480,18713,1589,2025-06-25 11:31:00,2,Changed Mind,522.9,Approved
3481,18713,1580,2025-06-21 11:31:00,2,Color Bled,417.9,Approved
3482,18730,1615,2025-01-25 15:47:00,1,Color Bled,522.9,Approved
3483,18731,1813,2026-07-02 12:55:00,1,Fabric Quality,1257.9,Approved
3484,18732,1154,2024-12-27 16:45:00,1,Changed Mind,523.95,Approved
3485,18743,916,2024-10-14 10:00:00,3,Defective Stitching,1571.85,Approved
3486,18748,1053,2025-08-09 20:00:00,1,Fabric Quality,628.95,Approved
3487,18752,1201,2026-01-23 10:03:00,1,Changed Mind,313.95,Approved
3488,18753,595,2026-02-03 16:00:00,3,Defective Stitching,2201.85,Approved
3489,18768,961,2024-01-11 15:30:00,1,Changed Mind,943.95,Approved
3490,18777,159,2024-11-28 21:06:00,1,Wrong Size,2831.85,Approved
3491,18778,85,2024-01-22 21:02:00,1,Changed Mind,628.95,Approved
3492,18783,521,2025-12-27 11:29:00,1,Fabric Quality,628.95,Approved
3493,18785,694,2026-01-15 19:57:00,1,Wrong Size,1257.9,Approved
3494,18788,748,2025-12-24 14:00:00,3,Changed Mind,784.35,Approved
3495,18799,1611,2024-08-10 15:39:00,2,Fabric Quality,941.85,Approved
3496,18810,1205,2025-12-04 13:36:00,2,Color Bled,1256.85,Approved
3497,18811,1904,2024-06-29 14:32:00,2,Changed Mind,3146.85,Approved
3498,18820,417,2025-04-13 22:00:00,2,Changed Mind,564.17,Approved
3499,18823,1571,2026-02-22 14:12:00,1,Wrong Size,235.31,Approved
3500,18826,611,2025-04-16 21:32:00,1,Changed Mind,418.95,Approved
3501,18829,1014,2025-09-20 20:11:00,1,Fabric Quality,943.95,Approved
3502,18839,1315,2025-07-11 17:08:00,1,Fabric Quality,628.95,Approved
3503,18843,511,2024-08-07 12:00:00,1,Fabric Quality,838.95,Approved
3504,18848,1245,2024-10-11 13:04:00,1,Color Bled,1677.9,Approved
3505,18851,314,2024-04-24 13:58:00,1,Fabric Quality,418.95,Approved
3506,18858,426,2026-07-02 11:00:00,1,Color Bled,313.95,Approved
3507,18876,260,2025-01-27 22:00:00,1,Changed Mind,313.95,Approved
3508,18888,1905,2024-02-16 14:55:00,2,Wrong Size,1256.85,Approved
3509,18891,1238,2024-08-18 18:00:00,1,Color Bled,784.35,Approved
3510,18894,346,2025-07-15 22:23:00,1,Defective Stitching,784.35,Approved
3511,18894,1421,2025-07-15 22:23:00,1,Fabric Quality,2516.85,Approved
3512,18900,706,2025-05-14 17:17:00,1,Changed Mind,261.45,Approved
3513,18915,651,2025-08-30 15:10:00,1,Wrong Size,418.95,Approved
3514,18915,1538,2025-08-28 15:10:00,1,Changed Mind,627.9,Approved
3515,18918,224,2024-03-17 10:11:00,2,Color Bled,1257.9,Approved
3516,18918,711,2024-03-20 10:11:00,1,Wrong Size,418.95,Approved
3517,18932,334,2025-12-29 22:02:00,3,Fabric Quality,2201.85,Approved
3518,18937,1633,2024-08-26 22:01:00,1,Defective Stitching,2831.85,Approved
3519,18941,1103,2024-04-17 19:21:00,2,Fabric Quality,165.9,Approved
3520,18942,439,2024-04-03 18:17:00,1,Changed Mind,1047.9,Approved
3521,18946,1068,2025-09-20 13:03:00,3,Changed Mind,626.85,Approved
3522,18949,172,2024-09-23 15:28:00,3,Wrong Size,1886.85,Approved
3523,18952,1181,2024-09-12 12:36:00,3,Color Bled,1256.85,Approved
3524,18952,1471,2024-09-12 12:36:00,2,Fabric Quality,469.35,Approved
3525,18958,1785,2024-03-06 22:19:00,1,Fabric Quality,188.06,Approved
3526,18960,954,2025-08-11 16:11:00,2,Defective Stitching,1256.85,Approved
3527,18963,1800,2024-09-09 13:15:00,1,Fabric Quality,733.95,Approved
3528,18964,1398,2025-11-23 22:00:00,2,Fabric Quality,1886.85,Approved
3529,18965,1902,2024-06-14 12:47:00,1,Defective Stitching,313.95,Approved
3530,18969,1775,2025-07-23 18:31:00,1,Wrong Size,838.95,Approved
3531,18976,1680,2025-02-26 14:34:00,1,Changed Mind,1256.85,Approved
3532,18985,1317,2025-01-11 14:06:00,2,Defective Stitching,1256.85,Approved
3533,18986,478,2024-09-19 15:30:00,1,Changed Mind,943.95,Approved
3534,18988,1397,2026-01-06 17:29:00,1,Wrong Size,208.95,Approved
3535,18988,881,2026-01-05 17:29:00,3,Changed Mind,1571.85,Approved
3536,19004,1726,2025-03-06 20:26:00,1,Wrong Size,628.95,Approved
3537,19007,83,2025-06-07 10:09:00,2,Color Bled,784.35,Approved
3538,19011,487,2024-01-18 21:36:00,1,Color Bled,261.45,Approved
3539,19012,1456,2026-05-06 14:50:00,2,Wrong Size,627.9,Approved
3540,19014,1750,2025-12-15 20:36:00,1,Color Bled,1887.9,Approved
3541,19018,1631,2024-05-01 22:43:00,1,Fabric Quality,1257.9,Approved
3542,19028,1638,2025-03-19 19:49:00,1,Wrong Size,313.95,Approved
3543,19029,259,2026-06-20 19:25:00,1,Defective Stitching,627.9,Approved
3544,19031,766,2025-01-08 18:26:00,1,Fabric Quality,261.45,Approved
3545,19047,1449,2024-12-30 15:54:00,2,Color Bled,1257.9,Approved
3546,19048,1313,2024-06-19 16:00:00,3,Defective Stitching,2201.85,Approved
3547,19062,460,2024-03-30 14:16:00,1,Color Bled,187.11,Approved
3548,19078,1620,2026-04-14 13:20:00,1,Wrong Size,754.11,Approved
3549,19083,281,2024-10-15 13:00:00,1,Defective Stitching,261.45,Approved
3550,19083,1154,2024-10-18 13:00:00,3,Wrong Size,1414.66,Approved
3551,19089,127,2024-06-22 20:56:00,2,Wrong Size,1132.11,Approved
3552,19101,1794,2024-01-13 11:35:00,1,Color Bled,1886.85,Approved
3553,19105,1906,2025-10-15 22:40:00,1,Defective Stitching,522.9,Approved
3554,19110,606,2025-04-11 16:04:00,2,Fabric Quality,522.9,Approved
3555,19110,1017,2025-04-10 16:04:00,1,Defective Stitching,705.92,Approved
3556,19114,1320,2024-05-01 12:00:00,1,Defective Stitching,417.9,Approved
3557,19117,1032,2025-07-13 11:31:00,1,Fabric Quality,2831.85,Approved
3558,19118,761,2024-01-14 13:32:00,1,Fabric Quality,1888.11,Approved
3559,19119,1583,2025-12-08 20:18:00,3,Defective Stitching,626.85,Approved
3560,19120,1408,2024-04-09 11:11:00,1,Wrong Size,82.95,Approved
3561,19127,1878,2025-05-25 17:21:00,1,Fabric Quality,784.35,Approved
3562,19129,1958,2024-01-04 15:58:00,1,Fabric Quality,156.45,Approved
3563,19129,1547,2024-01-08 15:58:00,3,Fabric Quality,3146.85,Approved
3564,19133,1144,2025-01-07 12:06:00,1,Fabric Quality,1256.85,Approved
3565,19150,524,2025-01-10 22:17:00,1,Changed Mind,311.85,Approved
3566,19153,522,2024-09-22 19:16:00,1,Wrong Size,313.95,Approved
3567,19160,965,2024-05-31 15:00:00,2,Fabric Quality,1887.9,Approved
3568,19167,1012,2025-04-13 14:24:00,1,Changed Mind,261.45,Approved
3569,19168,1860,2024-06-10 10:22:00,1,Color Bled,628.95,Approved
3570,19169,1480,2024-08-27 17:41:00,1,Defective Stitching,1981.66,Approved
3571,19175,13,2024-09-20 18:07:00,1,Changed Mind,1677.9,Approved
3572,19181,691,2024-03-02 16:30:00,1,Fabric Quality,261.45,Approved
3573,19186,1995,2024-06-10 12:28:00,2,Wrong Size,1886.85,Approved
3574,19192,1155,2026-03-24 18:07:00,1,Wrong Size,941.85,Approved
3575,19200,859,2024-09-16 20:00:00,1,Defective Stitching,627.9,Approved
3576,19210,919,2024-06-13 20:43:00,2,Color Bled,1510.11,Approved
3577,19211,91,2024-09-15 21:49:00,1,Wrong Size,208.95,Approved
3578,19212,688,2026-02-15 21:00:00,2,Wrong Size,837.9,Approved
3579,19213,1608,2024-09-18 16:10:00,3,Wrong Size,2831.85,Approved
3580,19216,1381,2025-04-27 12:48:00,1,Color Bled,2201.85,Approved
3581,19220,371,2024-01-27 10:52:00,1,Wrong Size,2831.85,Approved
3582,19228,909,2026-03-19 20:43:00,1,Color Bled,377.06,Approved
3583,19236,558,2026-05-13 10:53:00,1,Fabric Quality,103.95,Approved
3584,19237,1512,2025-05-15 22:16:00,2,Defective Stitching,1698.16,Approved
3585,19239,198,2024-07-07 10:56:00,2,Fabric Quality,1886.85,Approved
3586,19243,231,2024-09-21 14:16:00,2,Changed Mind,1677.9,Approved
3587,19257,1477,2024-07-25 20:40:00,1,Fabric Quality,1886.85,Approved
3588,19264,1213,2026-06-08 10:55:00,1,Fabric Quality,1886.85,Approved
3589,19264,263,2026-06-08 10:55:00,1,Fabric Quality,1571.85,Approved
3590,19268,979,2026-02-02 20:38:00,3,Fabric Quality,1256.85,Approved
3591,19274,1743,2025-11-24 19:40:00,1,Changed Mind,469.35,Approved
3592,19277,1062,2025-09-06 13:35:00,1,Defective Stitching,282.56,Approved
3593,19287,1813,2024-02-13 17:51:00,2,Changed Mind,1257.9,Approved
3594,19290,610,2025-02-20 22:23:00,3,Wrong Size,2265.16,Approved
3595,19291,1102,2025-01-15 14:16:00,1,Color Bled,3146.85,Approved
3596,19291,788,2025-01-10 14:16:00,1,Color Bled,417.9,Approved
3597,19296,1280,2024-03-14 21:38:00,1,Wrong Size,1048.95,Approved
3598,19300,84,2024-08-14 12:00:00,2,Changed Mind,2832.16,Approved
3599,19303,1837,2026-07-01 21:44:00,1,Defective Stitching,523.95,Approved
3600,19316,1462,2025-01-23 10:25:00,1,Defective Stitching,660.56,Approved
3601,19324,1394,2024-11-29 20:41:00,1,Wrong Size,2831.85,Approved
3602,19328,1815,2025-06-18 21:00:00,2,Fabric Quality,943.11,Approved
3603,19330,1591,2025-07-19 12:57:00,1,Color Bled,156.45,Approved
3604,19338,1673,2024-09-12 16:00:00,2,Defective Stitching,470.61,Approved
3605,19339,1203,2024-08-04 15:47:00,1,Color Bled,1257.9,Approved
3606,19340,657,2024-07-29 21:07:00,2,Fabric Quality,2516.85,Approved
3607,19353,441,2024-08-29 16:39:00,1,Defective Stitching,626.85,Approved
3608,19354,674,2026-02-15 18:04:00,1,Changed Mind,566.06,Approved
3609,19357,1121,2024-02-06 17:03:00,1,Changed Mind,313.95,Approved
3610,19357,137,2024-02-03 17:03:00,1,Color Bled,208.95,Approved
3611,19360,562,2025-02-02 13:00:00,3,Fabric Quality,248.85,Approved
3612,19361,1013,2024-02-08 15:28:00,1,Wrong Size,838.95,Approved
3613,19375,964,2024-04-03 21:27:00,2,Wrong Size,784.35,Approved
3614,19376,385,2026-03-22 22:00:00,1,Wrong Size,417.9,Approved
3615,19381,1285,2026-02-13 10:29:00,2,Fabric Quality,627.9,Approved
3616,19391,947,2025-01-15 22:27:00,2,Defective Stitching,1886.85,Approved
3617,19394,760,2025-09-21 20:55:00,1,Changed Mind,261.45,Approved
3618,19396,1194,2025-10-11 20:54:00,1,Defective Stitching,943.95,Approved
3619,19403,797,2025-05-24 18:59:00,1,Defective Stitching,1321.11,Approved
3620,19405,1399,2024-02-16 15:11:00,2,Wrong Size,312.9,Approved
3621,19412,1583,2024-08-23 15:30:00,1,Fabric Quality,208.95,Approved
3622,19415,1547,2025-01-22 19:37:00,2,Defective Stitching,2097.9,Approved
3623,19416,1639,2024-06-12 18:44:00,1,Defective Stitching,2201.85,Approved
3624,19422,1776,2025-11-19 20:51:00,1,Wrong Size,523.95,Approved
3625,19426,681,2025-08-20 12:40:00,1,Changed Mind,944.06,Approved
3626,19427,1639,2024-03-06 15:58:00,1,Color Bled,1467.9,Approved
3627,19431,350,2024-10-20 21:00:00,2,Wrong Size,417.9,Approved
3628,19439,1853,2026-01-19 11:12:00,1,Color Bled,1047.9,Approved
3629,19441,1315,2026-05-14 18:05:00,1,Fabric Quality,628.95,Approved
3630,19448,1407,2025-04-10 13:58:00,1,Changed Mind,1571.85,Approved
3631,19452,1361,2026-04-27 14:27:00,1,Color Bled,417.9,Approved
3632,19455,589,2024-09-29 18:55:00,1,Color Bled,313.95,Approved
3633,19460,1983,2024-06-23 22:15:00,1,Color Bled,2097.9,Approved
3634,19462,1552,2025-03-24 13:20:00,1,Fabric Quality,82.95,Approved
3635,19463,266,2024-09-13 10:21:00,3,Changed Mind,784.35,Approved
3636,19478,1575,2025-05-01 18:38:00,2,Wrong Size,522.9,Approved
3637,19492,795,2024-06-12 19:20:00,3,Fabric Quality,2201.85,Approved
3638,19494,1654,2026-07-01 11:00:00,2,Wrong Size,522.9,Approved
3639,19495,1614,2025-03-15 12:08:00,1,Color Bled,1047.9,Approved
3640,19498,264,2025-07-20 15:42:00,1,Changed Mind,1677.9,Approved
3641,19502,15,2025-05-10 15:33:00,2,Wrong Size,522.9,Approved
3642,19504,1585,2024-08-18 10:00:00,1,Wrong Size,523.95,Approved
3643,19542,1069,2024-11-30 17:26:00,1,Color Bled,1467.9,Approved
3644,19560,1889,2024-11-02 21:31:00,2,Defective Stitching,2831.85,Approved
3645,19568,965,2024-05-02 22:00:00,1,Changed Mind,2831.85,Approved
3646,19568,650,2024-05-06 22:00:00,1,Fabric Quality,941.85,Approved
3647,19570,997,2025-09-19 17:22:00,2,Color Bled,1571.85,Approved
3648,19573,1824,2024-07-03 10:13:00,1,Wrong Size,261.45,Approved
3649,19575,556,2025-08-14 14:54:00,1,Wrong Size,627.9,Approved
3650,19579,221,2025-09-12 19:59:00,2,Changed Mind,1256.85,Approved
3651,19585,703,2024-05-03 20:21:00,2,Color Bled,376.11,Approved
3652,19586,878,2024-02-06 13:47:00,2,Defective Stitching,564.17,Approved
3653,19589,1574,2026-03-10 18:08:00,1,Fabric Quality,313.95,Approved
3654,19594,660,2024-07-27 13:27:00,1,Wrong Size,522.9,Approved
3655,19600,272,2025-04-02 10:57:00,1,Fabric Quality,2201.85,Approved
3656,19600,312,2025-04-08 10:57:00,3,Changed Mind,1886.85,Approved
3657,19600,342,2025-04-02 10:57:00,3,Defective Stitching,2516.85,Approved
3658,19602,1533,2025-09-11 12:00:00,1,Color Bled,943.95,Approved
3659,19603,1928,2025-11-16 13:32:00,1,Wrong Size,281.61,Approved
3660,19603,1688,2025-11-21 13:32:00,2,Wrong Size,1571.85,Approved
3661,19608,1888,2024-10-22 22:00:00,1,Changed Mind,943.95,Approved
3662,19612,1596,2025-10-10 22:12:00,1,Changed Mind,156.45,Approved
3663,19615,773,2025-09-15 21:00:00,1,Defective Stitching,847.67,Approved
3664,19616,1433,2025-06-11 22:57:00,1,Color Bled,2265.16,Approved
3665,19616,1354,2025-06-08 22:57:00,1,Color Bled,313.95,Approved
3666,19640,538,2025-09-20 20:15:00,2,Wrong Size,784.35,Approved
3667,19651,278,2024-10-14 10:16:00,1,Wrong Size,417.9,Approved
3668,19666,183,2025-11-11 12:31:00,1,Wrong Size,2832.16,Approved
3669,19677,728,2025-07-09 15:55:00,1,Changed Mind,417.9,Approved
3670,19683,167,2025-06-18 17:17:00,1,Changed Mind,1321.11,Approved
3671,19691,412,2024-03-09 20:46:00,2,Wrong Size,469.35,Approved
3672,19698,930,2024-05-17 14:38:00,3,Changed Mind,941.85,Approved
3673,19717,442,2026-06-28 21:13:00,1,Fabric Quality,417.9,Approved
3674,19722,275,2026-07-07 14:00:00,1,Color Bled,156.45,Approved
3675,19725,950,2025-11-29 15:45:00,1,Color Bled,1887.9,Approved
3676,19725,1162,2025-12-01 15:45:00,1,Defective Stitching,376.11,Approved
3677,19738,1144,2024-02-02 13:45:00,1,Wrong Size,1256.85,Approved
3678,19743,1126,2025-12-18 19:32:00,2,Wrong Size,2516.85,Approved
3679,19747,1485,2024-02-02 21:52:00,2,Wrong Size,1256.85,Approved
3680,19749,1912,2025-06-09 21:46:00,1,Defective Stitching,628.95,Approved
3681,19756,1863,2024-09-09 15:46:00,2,Changed Mind,149.31,Approved
3682,19758,1341,2024-06-28 10:33:00,3,Changed Mind,626.85,Approved
3683,19760,1071,2024-10-16 20:56:00,2,Changed Mind,837.9,Approved
3684,19765,901,2024-01-25 12:00:00,1,Changed Mind,208.95,Approved
3685,19767,331,2024-10-24 18:34:00,3,Wrong Size,248.85,Approved
3686,19769,655,2026-02-24 10:35:00,1,Defective Stitching,261.45,Approved
3687,19777,1961,2024-12-13 12:10:00,1,Color Bled,103.95,Approved
3688,19779,1192,2024-11-10 18:34:00,1,Wrong Size,418.95,Approved
3689,19784,718,2026-01-16 11:00:00,3,Color Bled,3146.85,Approved
3690,19793,70,2025-04-30 15:34:00,1,Changed Mind,1048.95,Approved
3691,19793,970,2025-04-30 15:34:00,1,Fabric Quality,523.95,Approved
3692,19796,32,2024-09-08 10:00:00,1,Color Bled,1886.85,Approved
3693,19798,194,2025-09-10 13:27:00,2,Wrong Size,1467.9,Approved
3694,19811,1734,2026-06-04 22:21:00,1,Changed Mind,470.61,Approved
3695,19814,1610,2025-04-15 12:27:00,1,Wrong Size,522.9,Approved
3696,19817,1380,2026-03-12 14:00:00,1,Changed Mind,208.95,Approved
3697,19818,329,2025-11-26 18:35:00,2,Fabric Quality,312.9,Approved
3698,19822,950,2025-09-16 20:27:00,1,Fabric Quality,943.95,Approved
3699,19824,1643,2024-08-31 15:20:00,1,Changed Mind,626.85,Approved
3700,19829,1537,2024-04-22 16:36:00,1,Wrong Size,1886.85,Approved
3701,19831,1209,2024-07-04 10:58:00,2,Color Bled,626.85,Approved
3702,19835,215,2025-12-05 11:11:00,3,Changed Mind,784.35,Approved
3703,19842,1494,2026-03-02 12:00:00,1,Color Bled,849.56,Approved
3704,19854,895,2024-06-12 14:47:00,1,Changed Mind,313.95,Approved
3705,19866,1330,2026-02-23 22:07:00,1,Changed Mind,261.45,Approved
3706,19869,916,2025-04-16 18:22:00,2,Defective Stitching,1571.85,Approved
3707,19874,1876,2024-06-16 16:32:00,2,Wrong Size,1047.9,Approved
3708,19875,31,2026-02-27 19:03:00,1,Defective Stitching,628.95,Approved
3709,19875,714,2026-02-25 19:03:00,1,Changed Mind,1321.11,Approved
3710,19876,504,2026-03-20 10:08:00,1,Wrong Size,261.45,Approved
3711,19879,769,2025-04-11 17:45:00,2,Color Bled,1321.11,Approved
3712,19885,1436,2026-02-17 12:59:00,1,Color Bled,2097.9,Approved
3713,19887,359,2025-08-23 10:28:00,1,Defective Stitching,1048.95,Approved
3714,19891,681,2025-11-02 10:09:00,1,Color Bled,2097.9,Approved
3715,19895,1762,2026-04-14 10:55:00,3,Defective Stitching,469.35,Approved
3716,19902,464,2024-03-31 18:06:00,2,Color Bled,1467.9,Approved
3717,19929,1403,2025-08-06 17:04:00,1,Fabric Quality,838.95,Approved
3718,19931,1975,2026-01-20 19:25:00,1,Fabric Quality,417.9,Approved
3719,19932,493,2026-05-13 22:34:00,2,Color Bled,626.85,Approved
3720,19934,432,2026-03-08 19:33:00,1,Defective Stitching,627.9,Approved
3721,19935,620,2024-08-27 13:00:00,2,Defective Stitching,417.9,Approved
3722,19936,1539,2025-08-19 17:05:00,1,Changed Mind,1677.9,Approved
3723,19945,545,2026-01-10 13:35:00,2,Color Bled,522.9,Approved
3724,19950,624,2024-08-04 10:54:00,3,Changed Mind,2548.66,Approved
3725,19963,1333,2025-01-07 22:00:00,1,Wrong Size,156.45,Approved
3726,19970,765,2025-02-18 13:56:00,1,Defective Stitching,2516.85,Approved
3727,19973,1688,2024-02-14 20:58:00,1,Defective Stitching,943.11,Approved
3728,19975,716,2025-08-03 10:00:00,1,Color Bled,140.81,Approved
3729,19977,325,2025-05-25 22:31:00,1,Defective Stitching,628.95,Approved
3730,19979,821,2025-01-11 22:36:00,1,Fabric Quality,522.9,Approved
3731,19982,875,2025-03-30 16:23:00,1,Fabric Quality,418.95,Approved
3732,19983,747,2025-01-15 13:24:00,1,Color Bled,422.42,Approved
3733,19986,1497,2026-01-23 16:46:00,3,Fabric Quality,1131.16,Approved
3734,19986,1052,2026-01-19 16:46:00,1,Wrong Size,140.81,Approved
3735,19986,1300,2026-01-18 16:46:00,1,Color Bled,522.9,Approved
3736,19989,109,2025-09-18 18:52:00,1,Fabric Quality,1571.85,Approved
3737,20002,421,2024-01-12 12:56:00,1,Wrong Size,944.06,Approved
3738,20003,245,2025-04-09 22:19:00,1,Wrong Size,838.95,Approved
3739,20009,1505,2025-03-20 11:05:00,1,Color Bled,523.95,Approved
3740,20009,1746,2025-03-22 11:05:00,1,Wrong Size,313.95,Approved
3741,20020,919,2024-06-16 22:07:00,2,Fabric Quality,1677.9,Approved
3742,20021,1074,2024-04-18 20:42:00,2,Fabric Quality,312.9,Approved
3743,20022,1509,2025-06-18 14:58:00,1,Changed Mind,627.9,Approved
3744,20031,189,2025-07-19 17:57:00,1,Fabric Quality,471.56,Approved
3745,20036,1491,2025-02-06 15:50:00,2,Wrong Size,417.9,Approved
3746,20040,706,2025-08-25 14:07:00,1,Wrong Size,784.35,Approved
3747,20044,1912,2025-02-08 18:23:00,1,Defective Stitching,1698.16,Approved
3748,20047,1961,2025-02-01 17:08:00,1,Changed Mind,280.67,Approved
3749,20049,134,2024-09-14 18:16:00,1,Fabric Quality,313.95,Approved
3750,20053,377,2025-01-28 13:03:00,1,Color Bled,838.95,Approved
3751,20063,842,2025-07-17 21:14:00,2,Color Bled,847.67,Approved
3752,20068,585,2024-01-13 18:00:00,1,Wrong Size,208.95,Approved
3753,20068,1897,2024-01-10 18:00:00,1,Fabric Quality,755.06,Approved
3754,20101,3,2025-02-10 14:11:00,1,Color Bled,838.95,Approved
3755,20102,887,2025-12-05 19:28:00,1,Fabric Quality,523.95,Approved
3756,20104,97,2025-11-12 20:45:00,1,Color Bled,140.81,Approved
3757,20106,1814,2024-08-21 11:31:00,1,Fabric Quality,784.35,Approved
3758,20110,747,2024-02-26 13:51:00,1,Wrong Size,156.45,Approved
3759,20122,1621,2025-08-30 15:17:00,1,Changed Mind,733.95,Approved
3760,20126,251,2024-03-27 12:04:00,1,Fabric Quality,1467.9,Approved
3761,20131,167,2024-02-08 19:11:00,2,Color Bled,2201.85,Approved
3762,20132,278,2026-02-19 22:00:00,2,Color Bled,417.9,Approved
3763,20146,1103,2024-07-14 21:06:00,1,Defective Stitching,165.9,Approved
3764,20154,450,2025-06-15 10:48:00,2,Color Bled,626.85,Approved
3765,20157,1481,2024-04-24 21:41:00,3,Changed Mind,1571.85,Approved
3766,20165,575,2026-03-17 22:00:00,1,Changed Mind,1047.9,Approved
3767,20169,107,2025-06-28 19:16:00,2,Wrong Size,522.9,Approved
3768,20183,1786,2025-06-22 13:16:00,2,Color Bled,943.11,Approved
3769,20187,1258,2024-03-10 11:14:00,1,Fabric Quality,417.9,Approved
3770,20191,197,2025-08-05 11:00:00,1,Color Bled,1131.16,Approved
3771,20207,1155,2025-06-26 19:00:00,2,Wrong Size,627.9,Approved
3772,20212,1583,2025-12-28 22:12:00,2,Defective Stitching,564.17,Approved
3773,20220,119,2025-01-11 20:37:00,1,Changed Mind,261.45,Approved
3774,20231,1783,2026-04-23 13:34:00,2,Changed Mind,469.35,Approved
3775,20239,668,2025-08-02 16:12:00,2,Color Bled,1677.9,Approved
3776,20239,417,2025-08-04 16:12:00,2,Fabric Quality,417.9,Approved
3777,20239,1481,2025-08-06 16:12:00,2,Defective Stitching,1047.9,Approved
3778,20240,214,2024-07-10 12:50:00,1,Changed Mind,565.11,Approved
3779,20241,1197,2025-02-21 16:41:00,2,Color Bled,837.9,Approved
3780,20256,714,2025-09-04 17:50:00,1,Changed Mind,733.95,Approved
3781,20257,814,2024-10-04 21:38:00,1,Fabric Quality,261.45,Approved
3782,20261,1375,2025-05-26 21:34:00,3,Defective Stitching,847.67,Approved
3783,20265,563,2024-01-18 19:00:00,2,Changed Mind,522.9,Approved
3784,20266,264,2026-01-02 13:00:00,1,Defective Stitching,1510.11,Approved
3785,20267,1729,2026-06-21 17:53:00,1,Changed Mind,3146.85,Approved
3786,20273,254,2024-02-04 17:09:00,2,Fabric Quality,943.11,Approved
3787,20273,1353,2024-02-07 17:09:00,1,Wrong Size,156.45,Approved
3788,20277,1340,2025-03-20 15:40:00,1,Fabric Quality,2831.85,Approved
3789,20280,1446,2024-12-26 15:08:00,2,Changed Mind,522.9,Approved
3790,20283,347,2026-05-09 22:00:00,1,Wrong Size,313.95,Approved
3791,20283,1500,2026-05-03 22:00:00,1,Fabric Quality,628.95,Approved
3792,20286,1882,2024-07-22 15:13:00,1,Wrong Size,1887.9,Approved
3793,20300,1079,2025-01-07 10:17:00,2,Color Bled,2097.9,Approved
3794,20316,1820,2024-02-16 21:01:00,2,Wrong Size,1888.11,Approved
3795,20320,1060,2024-02-04 14:57:00,1,Fabric Quality,208.95,Approved
3796,20324,374,2026-07-07 16:39:00,1,Fabric Quality,1257.9,Approved
3797,20325,403,2026-06-08 22:00:00,1,Wrong Size,627.9,Approved
3798,20325,1892,2026-06-03 22:00:00,1,Defective Stitching,1467.9,Approved
3799,20327,1135,2024-03-19 15:10:00,1,Defective Stitching,660.56,Approved
3800,20334,1940,2025-10-21 10:22:00,2,Defective Stitching,1699.11,Approved
3801,20338,1906,2026-02-07 22:51:00,1,Fabric Quality,784.35,Approved
3802,20340,471,2025-11-27 15:56:00,3,Changed Mind,311.85,Approved
3803,20345,886,2025-04-01 16:56:00,2,Wrong Size,1047.9,Approved
3804,20349,183,2025-08-03 12:12:00,3,Defective Stitching,3146.85,Approved
3805,20352,1380,2025-08-31 15:59:00,1,Wrong Size,188.06,Approved
3806,20353,1475,2025-08-21 19:51:00,1,Color Bled,1571.85,Approved
3807,20356,1173,2026-02-21 10:36:00,1,Changed Mind,2831.85,Approved
3808,20371,901,2024-11-20 10:34:00,1,Defective Stitching,208.95,Approved
3809,20375,1242,2024-08-29 19:15:00,1,Wrong Size,943.11,Approved
3810,20378,1422,2024-07-02 12:01:00,3,Changed Mind,847.67,Approved
3811,20380,365,2024-12-28 14:29:00,1,Wrong Size,565.11,Approved
3812,20381,180,2026-06-24 10:23:00,3,Defective Stitching,847.67,Approved
3813,20382,544,2025-03-30 11:40:00,1,Changed Mind,943.95,Approved
3814,20383,676,2025-03-10 22:21:00,1,Wrong Size,1571.85,Approved
3815,20388,1568,2024-10-17 12:43:00,1,Wrong Size,733.95,Approved
3816,20390,1606,2025-07-06 19:00:00,1,Wrong Size,1132.11,Approved
3817,20391,681,2024-08-06 22:05:00,1,Defective Stitching,944.06,Approved
3818,20401,1581,2025-01-12 20:29:00,2,Changed Mind,564.17,Approved
3819,20401,1500,2025-01-12 20:29:00,2,Changed Mind,1257.9,Approved
3820,20421,982,2025-03-30 11:28:00,1,Fabric Quality,1048.95,Approved
3821,20431,1119,2026-03-26 17:58:00,1,Changed Mind,417.9,Approved
3822,20433,1418,2025-11-20 14:52:00,2,Color Bled,3146.85,Approved
3823,20438,1656,2024-06-01 17:13:00,3,Fabric Quality,311.85,Approved
3824,20445,837,2024-05-12 19:00:00,3,Wrong Size,1886.85,Approved
3825,20446,1589,2024-03-21 11:53:00,2,Fabric Quality,522.9,Approved
3826,20447,1389,2024-07-29 13:23:00,2,Changed Mind,3146.85,Approved
3827,20456,1292,2024-01-28 14:21:00,1,Changed Mind,261.45,Approved
3828,20459,724,2024-09-30 21:46:00,1,Wrong Size,156.45,Approved
3829,20464,303,2025-09-05 14:26:00,1,Changed Mind,1048.95,Approved
3830,20465,1152,2024-03-06 18:09:00,1,Defective Stitching,248.85,Approved
3831,20469,147,2025-08-08 21:55:00,1,Wrong Size,1698.16,Approved
3832,20479,503,2025-02-15 10:07:00,2,Fabric Quality,1888.11,Approved
3833,20491,1508,2025-02-11 18:13:00,1,Wrong Size,418.95,Approved
3834,20498,665,2024-06-22 17:19:00,2,Defective Stitching,2201.85,Approved
3835,20509,25,2025-12-14 14:49:00,1,Changed Mind,208.95,Approved
3836,20512,451,2025-12-24 21:36:00,1,Wrong Size,838.95,Approved
3837,20516,535,2025-07-11 14:00:00,1,Color Bled,1699.11,Approved
3838,20529,582,2024-03-14 10:10:00,1,Defective Stitching,628.95,Approved
3839,20535,1380,2024-08-15 10:53:00,1,Wrong Size,564.17,Approved
3840,20552,1607,2024-10-04 13:00:00,1,Color Bled,564.17,Approved
3841,20556,1905,2024-12-25 10:00:00,2,Fabric Quality,1256.85,Approved
3842,20557,1377,2026-01-25 17:07:00,3,Wrong Size,3146.85,Approved
3843,20564,370,2024-09-22 15:15:00,1,Fabric Quality,1887.9,Approved
3844,20565,1114,2026-06-28 16:49:00,2,Defective Stitching,2548.66,Approved
3845,20579,663,2024-07-04 17:51:00,1,Defective Stitching,313.95,Approved
3846,20581,929,2025-06-20 19:29:00,3,Wrong Size,2548.66,Approved
3847,20584,867,2024-10-25 22:56:00,2,Color Bled,943.11,Approved
3848,20598,529,2026-03-08 19:47:00,3,Changed Mind,2265.16,Approved
3849,20599,565,2024-02-29 21:24:00,2,Color Bled,784.35,Approved
3850,20606,1290,2024-04-05 13:39:00,3,Defective Stitching,280.67,Approved
3851,20607,264,2024-03-06 11:38:00,1,Fabric Quality,2516.85,Approved
3852,20614,459,2025-02-07 13:37:00,1,Wrong Size,248.85,Approved
3853,20623,805,2026-05-20 17:15:00,1,Wrong Size,733.95,Approved
3854,20625,115,2024-03-14 22:27:00,2,Defective Stitching,1677.9,Approved
3855,20629,1930,2026-05-21 20:00:00,1,Color Bled,1887.9,Approved
3856,20634,1558,2024-01-30 15:18:00,1,Defective Stitching,1048.95,Approved
3857,20638,1713,2026-01-13 10:12:00,2,Wrong Size,1886.85,Approved
3858,20646,876,2025-04-09 18:18:00,1,Defective Stitching,755.06,Approved
3859,20649,1859,2024-04-11 17:34:00,1,Changed Mind,627.9,Approved
3860,20659,1541,2024-12-10 13:36:00,1,Color Bled,417.9,Approved
3861,20681,1201,2024-10-26 19:39:00,1,Fabric Quality,282.56,Approved
3862,20681,1919,2024-10-22 19:39:00,2,Changed Mind,1887.9,Approved
3863,20682,327,2025-02-08 12:00:00,3,Changed Mind,1571.85,Approved
3864,20692,215,2026-02-10 20:39:00,1,Fabric Quality,261.45,Approved
3865,20700,1146,2025-03-23 11:04:00,1,Fabric Quality,2201.85,Approved
3866,20701,939,2026-03-03 19:20:00,1,Color Bled,1048.95,Approved
3867,20726,562,2024-06-27 10:43:00,1,Fabric Quality,165.9,Approved
3868,20731,1527,2026-06-10 12:42:00,2,Color Bled,470.61,Approved
3869,20741,512,2024-03-13 17:13:00,3,Color Bled,2201.85,Approved
3870,20742,1839,2024-02-24 16:43:00,1,Fabric Quality,626.85,Approved
3871,20749,324,2025-07-29 18:00:00,1,Fabric Quality,261.45,Approved
3872,20752,601,2024-07-28 10:29:00,2,Defective Stitching,837.9,Approved
3873,20756,1286,2025-06-10 13:05:00,1,Fabric Quality,3146.85,Approved
3874,20770,1859,2025-09-04 10:39:00,1,Defective Stitching,627.9,Approved
3875,20776,1758,2026-01-23 19:58:00,1,Fabric Quality,223.97,Approved
3876,20787,1173,2025-09-11 17:22:00,2,Defective Stitching,1887.9,Approved
3877,20787,459,2025-09-11 17:22:00,2,Defective Stitching,223.97,Approved
3878,20790,192,2024-12-24 11:00:00,1,Color Bled,628.95,Approved
3879,20790,891,2024-12-28 11:00:00,1,Changed Mind,943.95,Approved
3880,20791,25,2024-06-17 18:07:00,3,Wrong Size,564.17,Approved
3881,20803,1458,2024-09-24 14:00:00,1,Wrong Size,418.95,Approved
3882,20807,995,2026-06-15 12:33:00,1,Defective Stitching,847.67,Approved
3883,20808,727,2025-07-23 10:00:00,1,Changed Mind,943.95,Approved
3884,20813,363,2025-07-28 11:00:00,2,Changed Mind,1047.9,Approved
3885,20813,1711,2025-07-28 11:00:00,2,Color Bled,1677.9,Approved
3886,20829,1018,2024-01-04 15:00:00,1,Color Bled,628.95,Approved
3887,20832,277,2025-09-10 12:27:00,1,Color Bled,627.9,Approved
3888,20838,1632,2025-09-17 20:16:00,1,Color Bled,1887.9,Approved
3889,20849,1589,2025-04-29 17:10:00,2,Color Bled,784.35,Approved
3890,20862,1466,2025-07-31 13:05:00,1,Color Bled,418.95,Approved
3891,20865,1220,2026-07-05 19:30:00,3,Defective Stitching,2201.85,Approved
3892,20873,1094,2025-03-10 18:43:00,1,Changed Mind,1571.85,Approved
3893,20881,1775,2025-03-20 20:00:00,1,Wrong Size,755.06,Approved
3894,20882,1041,2024-08-25 13:50:00,2,Wrong Size,469.35,Approved
3895,20891,1904,2025-07-14 16:08:00,1,Fabric Quality,3146.85,Approved
3896,20892,1511,2025-01-30 12:32:00,1,Fabric Quality,784.35,Approved
3897,20897,757,2025-08-29 21:00:00,1,Fabric Quality,418.95,Approved
3898,20900,1258,2026-02-15 12:46:00,1,Wrong Size,188.06,Approved
3899,20905,976,2025-11-06 19:51:00,2,Changed Mind,627.9,Approved
3900,20905,1704,2025-11-08 19:51:00,1,Changed Mind,261.45,Approved
3901,20913,205,2026-02-13 15:25:00,1,Wrong Size,282.56,Approved
3902,20914,220,2025-06-08 11:39:00,1,Fabric Quality,1677.9,Approved
3903,20915,1650,2025-02-16 17:53:00,1,Defective Stitching,261.45,Approved
3904,20941,1260,2025-06-24 15:02:00,2,Defective Stitching,1571.85,Approved
3905,20944,60,2024-11-20 18:21:00,1,Wrong Size,1888.11,Approved
3906,20945,137,2025-06-18 13:39:00,3,Color Bled,564.17,Approved
3907,20948,1674,2026-05-15 13:18:00,2,Fabric Quality,2516.85,Approved
3908,20948,1802,2026-05-17 13:18:00,2,Color Bled,1698.16,Approved
3909,20955,1418,2025-03-16 13:49:00,1,Changed Mind,1048.95,Approved
3910,20960,1598,2025-04-27 12:44:00,1,Changed Mind,838.95,Approved
3911,20963,1379,2025-02-27 16:33:00,1,Defective Stitching,523.95,Approved
3912,20965,109,2024-08-27 12:26:00,1,Changed Mind,523.95,Approved
3913,20972,1891,2026-04-04 20:33:00,1,Wrong Size,312.9,Approved
3914,20977,1165,2024-07-16 14:48:00,3,Color Bled,1256.85,Approved
3915,20989,901,2024-09-17 12:21:00,2,Wrong Size,417.9,Approved
3916,21002,573,2026-02-08 22:15:00,1,Wrong Size,523.95,Approved
3917,21010,1918,2025-06-21 18:50:00,1,Color Bled,418.95,Approved
3918,21011,1577,2025-01-15 20:00:00,2,Defective Stitching,627.9,Approved
3919,21012,503,2024-06-18 21:10:00,1,Wrong Size,1048.95,Approved
3920,21024,1176,2025-08-28 18:19:00,1,Wrong Size,261.45,Approved
3921,21027,459,2024-02-21 14:40:00,2,Changed Mind,248.85,Approved
3922,21028,1111,2025-06-18 11:41:00,1,Color Bled,418.95,Approved
3923,21036,646,2024-05-27 20:01:00,1,Defective Stitching,2516.85,Approved
3924,21052,399,2025-10-17 13:38:00,1,Defective Stitching,1048.95,Approved
3925,21052,232,2025-10-17 13:38:00,2,Wrong Size,470.61,Approved
3926,21053,384,2025-06-16 18:17:00,1,Changed Mind,941.85,Approved
3927,21058,683,2025-08-15 11:32:00,1,Fabric Quality,628.95,Approved
3928,21061,1030,2026-05-12 13:33:00,2,Fabric Quality,417.9,Approved
3929,21066,425,2025-05-13 19:54:00,2,Defective Stitching,627.9,Approved
3930,21067,754,2024-10-15 14:30:00,2,Color Bled,417.9,Approved
3931,21069,1958,2026-05-06 21:40:00,1,Defective Stitching,156.45,Approved
3932,21078,167,2024-12-16 21:07:00,2,Changed Mind,1467.9,Approved
3933,21089,803,2024-11-13 14:25:00,1,Wrong Size,943.95,Approved
3934,21109,989,2024-01-20 22:05:00,1,Fabric Quality,838.95,Approved
3935,21111,1403,2024-06-02 22:25:00,1,Defective Stitching,838.95,Approved
3936,21115,430,2024-09-21 13:00:00,1,Fabric Quality,838.95,Approved
3937,21120,75,2025-08-24 22:27:00,1,Changed Mind,755.06,Approved
3938,21121,509,2024-08-07 10:23:00,2,Defective Stitching,417.9,Approved
3939,21123,407,2026-03-19 17:03:00,1,Color Bled,208.95,Approved
3940,21124,1320,2026-01-10 10:34:00,1,Color Bled,208.95,Approved
3941,21125,1537,2026-04-01 17:34:00,3,Wrong Size,1886.85,Approved
3942,21128,44,2026-05-19 22:37:00,1,Changed Mind,628.95,Approved
3943,21132,1040,2025-05-06 15:02:00,3,Color Bled,2265.16,Approved
3944,21132,224,2025-05-06 15:02:00,1,Fabric Quality,1257.9,Approved
3945,21141,1775,2025-01-04 20:00:00,1,Changed Mind,1677.9,Approved
3946,21151,549,2026-01-13 18:53:00,1,Color Bled,156.45,Approved
3947,21153,75,2025-08-21 14:57:00,1,Color Bled,2516.85,Approved
3948,21166,1016,2025-02-07 20:57:00,1,Fabric Quality,82.95,Approved
3949,21180,1596,2025-02-03 11:41:00,1,Defective Stitching,156.45,Approved
3950,21182,1926,2024-02-29 13:41:00,1,Fabric Quality,208.95,Approved
3951,21190,197,2024-06-08 10:29:00,2,Wrong Size,837.9,Approved
3952,21197,782,2026-06-04 16:39:00,1,Wrong Size,3146.85,Approved
3953,21198,1444,2025-12-11 12:21:00,1,Color Bled,522.9,Approved
3954,21205,1841,2025-06-10 17:08:00,1,Wrong Size,1886.85,Approved
3955,21212,251,2024-04-29 20:39:00,3,Wrong Size,2201.85,Approved
3956,21213,760,2026-04-05 11:37:00,3,Defective Stitching,705.92,Approved
3957,21217,750,2025-06-05 16:21:00,2,Fabric Quality,1677.9,Approved
3958,21220,1756,2025-04-06 22:57:00,1,Changed Mind,838.95,Approved
3959,21220,460,2025-04-04 22:57:00,1,Defective Stitching,311.85,Approved
3960,21222,674,2025-04-19 18:51:00,1,Color Bled,1886.85,Approved
3961,21225,1982,2024-12-17 13:00:00,1,Wrong Size,261.45,Approved
3962,21227,1465,2024-08-08 13:35:00,3,Wrong Size,564.17,Approved
3963,21232,1806,2024-06-18 22:40:00,1,Color Bled,188.06,Approved
3964,21241,662,2024-07-15 14:33:00,1,Color Bled,627.9,Approved
3965,21252,789,2025-03-09 10:44:00,2,Wrong Size,1467.9,Approved
3966,21262,1576,2024-03-12 13:27:00,1,Changed Mind,235.31,Approved
3967,21264,476,2024-04-05 16:58:00,1,Color Bled,103.95,Approved
3968,21267,1524,2025-03-31 17:30:00,1,Wrong Size,837.9,Approved
3969,21267,1437,2025-04-02 17:30:00,2,Defective Stitching,311.85,Approved
3970,21276,213,2024-10-01 19:51:00,1,Color Bled,165.9,Approved
3971,21278,27,2024-12-30 22:58:00,2,Color Bled,248.85,Approved
3972,21282,1943,2025-04-30 14:43:00,2,Defective Stitching,837.9,Approved
3973,21314,778,2025-03-11 16:51:00,1,Defective Stitching,418.95,Approved
3974,21318,138,2024-01-29 12:36:00,1,Changed Mind,1677.9,Approved
3975,21321,1384,2025-10-07 19:36:00,1,Wrong Size,628.95,Approved
3976,21325,1791,2025-05-18 14:54:00,1,Wrong Size,261.45,Approved
3977,21326,1960,2024-01-09 20:55:00,2,Changed Mind,311.85,Approved
3978,21332,431,2025-02-03 22:16:00,1,Color Bled,941.85,Approved
3979,21336,1285,2025-10-16 17:37:00,1,Wrong Size,627.9,Approved
3980,21344,1383,2025-10-01 22:32:00,1,Color Bled,733.95,Approved
3981,21350,1727,2026-01-19 11:21:00,2,Defective Stitching,2265.16,Approved
3982,21358,1886,2024-04-11 22:21:00,1,Wrong Size,943.95,Approved
3983,21363,1702,2024-05-14 11:21:00,1,Wrong Size,628.95,Approved
3984,21369,161,2025-02-20 17:14:00,2,Color Bled,522.9,Approved
3985,21388,1459,2026-01-26 22:33:00,1,Changed Mind,313.95,Approved
3986,21388,1322,2026-01-27 22:33:00,1,Fabric Quality,2516.85,Approved
3987,21395,1886,2025-08-21 14:29:00,1,Wrong Size,943.95,Approved
3988,21399,1448,2026-06-13 18:42:00,1,Fabric Quality,103.95,Approved
3989,21411,1424,2024-02-07 14:49:00,1,Fabric Quality,733.95,Approved
3990,21417,1136,2024-06-07 19:04:00,2,Changed Mind,1887.9,Approved
3991,21417,159,2024-06-02 19:04:00,2,Wrong Size,2831.85,Approved
3992,21419,894,2025-07-07 14:00:00,1,Fabric Quality,2201.85,Approved
3993,21419,950,2025-07-07 14:00:00,1,Color Bled,943.95,Approved
3994,21420,1818,2025-09-18 13:05:00,2,Wrong Size,1510.11,Approved
3995,21428,1560,2024-04-29 20:51:00,1,Color Bled,1571.85,Approved
3996,21431,1732,2025-04-04 18:56:00,1,Defective Stitching,1048.95,Approved
3997,21435,762,2024-06-01 12:42:00,1,Color Bled,165.9,Approved
3998,21439,1317,2025-11-06 12:00:00,1,Changed Mind,418.95,Approved
3999,21439,173,2025-11-02 12:00:00,2,Wrong Size,1257.9,Approved
4000,21439,1995,2025-11-06 12:00:00,1,Fabric Quality,628.95,Approved
4001,21441,638,2024-09-14 15:44:00,2,Changed Mind,627.9,Approved
4002,21441,78,2024-09-18 15:44:00,2,Fabric Quality,1677.9,Approved
4003,21450,218,2025-06-13 17:49:00,1,Color Bled,261.45,Approved
4004,21460,1807,2024-09-04 16:00:00,1,Defective Stitching,1131.16,Approved
4005,21461,626,2026-02-02 15:10:00,2,Fabric Quality,2831.85,Approved
4006,21473,617,2025-03-25 17:41:00,2,Wrong Size,417.9,Approved
4007,21523,1727,2025-07-14 14:51:00,1,Wrong Size,838.95,Approved
4008,21525,1672,2025-08-25 10:42:00,1,Defective Stitching,838.95,Approved
4009,21530,618,2025-01-29 22:46:00,2,Changed Mind,837.9,Approved
4010,21534,1129,2024-12-04 14:37:00,1,Color Bled,376.11,Approved
4011,21547,1615,2026-06-05 17:52:00,1,Changed Mind,522.9,Approved
4012,21549,1586,2024-12-02 22:14:00,3,Wrong Size,1571.85,Approved
4013,21553,1773,2024-03-30 14:46:00,2,Color Bled,1131.16,Approved
4014,21560,1596,2024-10-07 14:59:00,1,Defective Stitching,312.9,Approved
4015,21571,1696,2026-04-17 21:58:00,2,Changed Mind,1257.9,Approved
4016,21580,1104,2025-03-21 17:40:00,1,Color Bled,103.95,Approved
4017,21584,1397,2024-09-11 17:08:00,1,Wrong Size,208.95,Approved
4018,21589,701,2026-01-08 18:47:00,1,Defective Stitching,418.95,Approved
4019,21590,1615,2025-03-18 16:44:00,1,Color Bled,522.9,Approved
4020,21593,504,2024-08-16 17:16:00,1,Fabric Quality,261.45,Approved
4021,21605,1907,2025-10-05 20:18:00,1,Wrong Size,523.95,Approved
4022,21613,680,2026-02-02 15:40:00,2,Color Bled,2097.9,Approved
4023,21613,897,2026-02-04 15:40:00,2,Color Bled,1047.9,Approved
4024,21614,1108,2026-04-11 22:15:00,2,Color Bled,1571.85,Approved
4025,21616,712,2026-06-10 13:33:00,1,Defective Stitching,733.95,Approved
4026,21621,462,2025-07-31 16:44:00,2,Color Bled,1571.85,Approved
4027,21625,799,2026-02-08 16:13:00,2,Changed Mind,417.9,Approved
4028,21628,310,2024-06-01 17:34:00,1,Color Bled,1698.16,Approved
4029,21632,408,2026-06-21 18:47:00,1,Color Bled,103.95,Approved
4030,21653,690,2024-02-18 22:56:00,2,Wrong Size,312.9,Approved
4031,21661,1249,2024-01-31 14:06:00,1,Fabric Quality,313.95,Approved
4032,21665,1190,2024-06-29 18:49:00,2,Wrong Size,1257.9,Approved
4033,21669,58,2024-04-28 22:44:00,3,Changed Mind,469.35,Approved
4034,21677,1142,2024-10-22 17:06:00,3,Defective Stitching,1256.85,Approved
4035,21686,1933,2024-04-10 10:57:00,1,Defective Stitching,1256.85,Approved
4036,21690,590,2025-08-28 10:20:00,1,Color Bled,208.95,Approved
4037,21696,892,2025-04-18 11:30:00,1,Color Bled,522.9,Approved
4038,21699,703,2025-08-15 11:08:00,1,Defective Stitching,417.9,Approved
4039,21705,481,2025-08-23 15:29:00,2,Changed Mind,1047.9,Approved
4040,21706,805,2025-02-25 19:17:00,1,Wrong Size,2201.85,Approved
4041,21709,1461,2025-04-09 22:07:00,2,Wrong Size,248.85,Approved
4042,21710,1009,2026-05-20 12:19:00,3,Wrong Size,1256.85,Approved
4043,21712,1790,2024-10-16 21:10:00,1,Wrong Size,627.9,Approved
4044,21712,1488,2024-10-15 21:10:00,1,Changed Mind,784.35,Approved
4045,21726,1352,2024-02-20 15:00:00,3,Defective Stitching,564.17,Approved
4046,21729,401,2024-01-12 15:56:00,1,Fabric Quality,208.95,Approved
4047,21747,230,2024-08-13 16:06:00,1,Wrong Size,522.9,Approved
4048,21749,1026,2024-11-17 13:28:00,1,Changed Mind,1256.85,Approved
4049,21752,11,2026-06-07 14:17:00,1,Wrong Size,522.9,Approved
4050,21761,1888,2024-07-21 19:15:00,2,Color Bled,1887.9,Approved
4051,21771,876,2024-01-16 10:00:00,1,Fabric Quality,838.95,Approved
4052,21775,1390,2025-02-18 19:15:00,1,Changed Mind,261.45,Approved
4053,21787,1336,2024-03-23 11:53:00,3,Defective Stitching,1571.85,Approved
4054,21797,499,2025-03-23 15:00:00,1,Changed Mind,470.61,Approved
4055,21799,154,2025-10-18 20:59:00,1,Fabric Quality,261.45,Approved
4056,21800,1242,2025-03-26 11:27:00,1,Defective Stitching,471.56,Approved
4057,21803,1822,2026-01-04 14:52:00,2,Fabric Quality,2516.85,Approved
4058,21805,1644,2025-11-03 12:52:00,1,Changed Mind,312.9,Approved
4059,21809,366,2024-02-15 10:31:00,1,Changed Mind,82.95,Approved
4060,21814,1960,2025-09-30 15:44:00,1,Wrong Size,311.85,Approved
4061,21819,250,2026-04-05 12:54:00,1,Changed Mind,941.85,Approved
4062,21821,1772,2025-04-07 15:00:00,2,Fabric Quality,469.35,Approved
4063,21821,917,2025-04-05 15:00:00,1,Wrong Size,1047.9,Approved
4064,21831,1960,2024-07-01 12:10:00,2,Color Bled,207.9,Approved
4065,21843,768,2024-08-19 16:28:00,2,Color Bled,417.9,Approved
4066,21849,1261,2025-12-17 11:48:00,1,Defective Stitching,261.45,Approved
4067,21850,874,2026-03-28 22:13:00,2,Color Bled,1467.9,Approved
4068,21856,1421,2026-05-03 21:49:00,3,Defective Stitching,2516.85,Approved
4069,21863,117,2025-03-26 12:09:00,1,Fabric Quality,248.85,Approved
4070,21866,246,2025-08-17 21:00:00,1,Fabric Quality,377.06,Approved
4071,21868,415,2024-03-22 17:29:00,1,Defective Stitching,313.95,Approved
4072,21882,1499,2024-08-05 12:07:00,2,Changed Mind,1257.9,Approved
4073,21896,418,2024-06-27 10:05:00,1,Color Bled,733.95,Approved
4074,21898,1739,2025-04-12 20:25:00,1,Defective Stitching,1467.9,Approved
4075,21906,1161,2024-09-11 20:14:00,1,Fabric Quality,1257.9,Approved
4076,21910,1731,2024-03-19 18:00:00,3,Fabric Quality,626.85,Approved
4077,21911,279,2024-05-26 20:57:00,2,Color Bled,1047.9,Approved
4078,21914,1872,2025-04-14 18:34:00,1,Defective Stitching,469.35,Approved
4079,21926,614,2024-10-20 20:51:00,2,Fabric Quality,470.61,Approved
4080,21928,381,2024-08-14 20:40:00,2,Changed Mind,417.9,Approved
4081,21929,737,2024-01-22 17:52:00,1,Defective Stitching,1571.85,Approved
4082,21930,745,2024-12-21 22:03:00,1,Changed Mind,261.45,Approved
4083,21948,945,2025-01-13 20:13:00,2,Wrong Size,627.9,Approved
4084,21948,1966,2025-01-13 20:13:00,1,Fabric Quality,418.95,Approved
4085,21954,1156,2026-07-02 16:30:00,2,Wrong Size,1699.11,Approved
4086,21964,1053,2026-01-20 13:00:00,2,Wrong Size,1698.16,Approved
4087,21969,865,2025-01-25 14:15:00,1,Changed Mind,282.56,Approved
4088,21972,1522,2024-04-08 18:15:00,1,Wrong Size,1677.9,Approved
4089,21974,1567,2024-10-13 20:57:00,1,Fabric Quality,1047.9,Approved
4090,21975,1595,2025-11-12 22:40:00,1,Color Bled,2097.9,Approved
4091,21977,994,2025-11-05 20:47:00,3,Color Bled,469.35,Approved
4092,21979,1882,2025-02-14 12:00:00,1,Defective Stitching,849.56,Approved
4093,21995,457,2026-05-08 18:42:00,1,Fabric Quality,2201.85,Approved
4094,22049,506,2026-03-21 19:40:00,1,Defective Stitching,628.95,Approved
4095,22049,485,2026-03-16 19:40:00,2,Changed Mind,1256.85,Approved
4096,22054,239,2024-03-01 16:07:00,1,Changed Mind,208.95,Approved
4097,22054,1981,2024-02-28 16:07:00,2,Changed Mind,207.9,Approved
4098,22059,100,2024-02-11 12:09:00,2,Fabric Quality,417.9,Approved
4099,22059,1189,2024-02-12 12:09:00,3,Defective Stitching,784.35,Approved
4100,22064,870,2026-02-12 22:25:00,2,Changed Mind,626.85,Approved
4101,22067,1590,2024-07-30 21:44:00,2,Fabric Quality,1699.11,Approved
4102,22073,958,2024-09-26 17:54:00,1,Changed Mind,523.95,Approved
4103,22083,444,2025-10-04 20:51:00,2,Changed Mind,627.9,Approved
4104,22083,1419,2025-10-03 20:51:00,3,Fabric Quality,3146.85,Approved
4105,22087,1951,2024-10-18 18:26:00,1,Defective Stitching,1047.9,Approved
4106,22090,425,2025-07-01 19:39:00,1,Wrong Size,313.95,Approved
4107,22095,1708,2026-01-06 12:38:00,1,Changed Mind,313.95,Approved
4108,22101,1821,2025-10-05 21:00:00,1,Changed Mind,628.95,Approved
4109,22102,496,2026-04-12 16:51:00,1,Color Bled,2831.85,Approved
